data;horario;n_da_ocorrencia;tipo_de_ocorrencia;km;trecho;sentido;tipo_de_acidente;automovel;bicicleta;caminhao;moto;onibus;outros;tracao_animal;transporte_de_cargas_especiais;trator_maquinas;utilitarios;ilesos;levemente_feridos;moderadamente_feridos;gravemente_feridos;mortos
"08/11/2010";"14:45:00";"639";"com vítima";"127,400";"BR-116/PR";"Sul";"Queda de Moto";0;0;0;1;0;0;0;0;0;0;0;1;0;0;0
"09/11/2010";"13:46:00";"717";"com vítima";"222,300";"BR-116/SC";"Norte";"Colisão Frontal";2;0;1;0;0;0;0;0;0;0;1;3;1;0;1
"09/11/2010";"15:58:00";"734";"com vítima";"119";"BR-116/PR";"Sul";"Queda de Moto";0;0;0;1;0;0;0;0;0;0;0;1;0;0;0
"09/11/2010";"19:36:00";"755";"sem vítima";"124";"BR-116/PR";"Norte";"Queda de Moto";0;0;0;1;0;0;0;0;0;0;1;0;0;0;0
"09/11/2010";"20:03:00";"763";"com vítima";"119,900";"BR-116/PR";"Norte";"Colisão Traseira";1;0;0;1;0;0;0;0;0;0;1;1;0;0;0
"09/11/2010";"20:06:00";"764";"com vítima";"142";"BR-116/PR";"Sul";"Atropelamento - Morador";0;0;0;0;1;0;0;0;0;0;13;1;0;0;0
"10/11/2010";"05:18:00";"789";"com vítima";"206,100";"BR-116/PR";"Norte";"Colisão Lateral";1;0;1;0;0;0;0;0;0;0;1;0;1;0;0
"10/11/2010";"09:59:00";"808";"sem vítima";"182";"BR-116/PR";"Norte";"Objeto lançado contra veículo";0;0;1;0;0;0;0;0;0;0;1;0;0;0;0
"10/11/2010";"11:08:00";"812";"sem vítima";"122,800";"BR-116/SC";"Norte";"Objeto lançado contra veículo";1;0;0;0;0;0;0;0;0;0;1;0;0;0;0
"10/11/2010";"14:43:00";"829";"com vítima";"153,600";"BR-116/PR";"Sul";"Colisão Transversal";2;0;1;0;0;0;0;0;0;0;1;1;1;1;0
"10/11/2010";"15:36:00";"832";"com vítima";"120,699";"BR-116/PR";"Sul";"Colisão Transversal";1;0;0;1;0;0;0;0;0;0;2;1;0;0;0
"10/11/2010";"15:52:00";"833";"sem vítima";"152";"BR-116/SC";"Norte";"Colisão Traseira";1;0;1;0;0;0;0;0;0;0;6;0;0;0;0
"10/11/2010";"18:45:00";"846";"sem vítima";"152,5";"BR-116/PR";"Sul";"Colisão Lateral";2;0;0;0;0;0;0;0;0;0;2;0;0;0;0
"10/11/2010";"19:51:00";"852";"com vítima";"234,300";"BR-116/SC";"Norte";"Saida de Pista";0;0;0;0;1;0;0;0;0;0;0;1;0;0;0
"10/11/2010";"20:48:00";"855";"sem vítima";"141,399";"BR-116/SC";"Norte";"Saida de Pista";1;0;0;0;0;0;0;0;0;0;2;0;0;0;0
"10/11/2010";"21:24:00";"860";"com vítima";"220,5";"BR-116/SC";"Norte";"Colisão Transversal";2;0;0;0;0;0;0;0;0;0;1;1;0;0;0
"11/11/2010";"00:50:00";"871";"com vítima";"127";"BR-116/PR";"Norte";"Capotamento";1;0;0;0;0;0;0;0;0;0;3;1;0;0;0
"11/11/2010";"08:17:00";"885";"sem vítima";"125,900";"BR-116/PR";"Norte";"Choque - Veiculo parado na pista";1;0;1;0;0;0;0;0;0;0;2;0;0;0;0
"11/11/2010";"11:38:00";"903";"sem vítima";"42";"BR-116/SC";"Norte";"Objeto lançado contra veículo";0;0;0;0;0;0;0;0;0;1;1;0;0;0;0
"11/11/2010";"12:58:00";"907";"sem vítima";"174,800";"BR-116/SC";"Norte";"Colisão Lateral";1;0;0;1;0;0;0;0;0;0;3;0;0;0;0
"11/11/2010";"14:32:00";"913";"sem vítima";"155,5";"BR-116/SC";"Norte";"Objeto lançado contra veículo";0;0;1;0;0;0;0;0;0;0;1;0;0;0;0
"11/11/2010";"15:33:00";"919";"sem vítima";"120,800";"BR-116/PR";"Sul";"Colisão Transversal";2;0;2;0;0;0;0;0;0;0;6;0;0;0;0
"11/11/2010";"15:42:00";"921";"sem vítima";"94,6999";"BR-116/SC";"Sul";"Saida de Pista";1;0;0;0;0;0;0;0;0;0;2;0;0;0;0
"11/11/2010";"17:53:00";"933";"sem vítima";"17,2999";"BR-116/SC";"Norte";"Objeto lançado contra veículo";1;0;0;0;0;0;0;0;0;0;1;0;0;0;0
"11/11/2010";"22:52:00";"959";"sem vítima";"132";"BR-116/PR";"Sul";"Choque - Objeto não identificado";0;0;0;0;0;0;0;0;0;1;1;0;0;0;0
"12/11/2010";"11:45:00";"997";"sem vítima";"195";"BR-116/PR";"Sul";"Saida de Pista";0;0;1;0;0;0;0;0;0;0;1;0;0;0;0
"12/11/2010";"14:16:00";"1004";"sem vítima";"191";"BR-116/SC";"Sul";"Atropelamento de Animal";1;0;0;0;0;0;0;0;0;0;2;0;0;0;0
"12/11/2010";"17:40:00";"1027";"com vítima";"141,199";"BR-116/PR";"Norte";"Colisão Transversal";1;0;0;1;0;0;0;0;0;0;1;0;0;0;1
"13/11/2010";"05:51:00";"1069";"com vítima";"118,300";"BR-116/PR";"Norte";"Colisão Frontal";2;0;0;0;0;0;0;0;0;0;3;2;0;0;0
"13/11/2010";"10:08:00";"1082";"sem vítima";"12,3000";"BR-116/SC";"Sul";"Colisão Transversal";2;0;0;0;0;0;0;0;0;0;5;0;0;0;0
"13/11/2010";"10:40:00";"1085";"sem vítima";"93,1999";"BR-116/SC";"Sul";"Colisão Lateral";1;0;1;0;0;0;0;0;0;0;3;0;0;0;0
"13/11/2010";"13:33:00";"1097";"com vítima";"143,580";"BR-116/SC";"Sul";"Saida de Pista";1;0;0;0;0;0;0;0;0;0;0;2;0;0;0
"13/11/2010";"20:27:00";"1137";"com vítima";"54,5";"BR-116/SC";"Norte";"Colisão Frontal";2;0;0;0;0;0;0;0;0;0;3;3;0;0;0
"13/11/2010";"21:26:00";"1140";"com vítima";"54,7999";"BR-116/SC";"Sul";"Colisão Transversal";1;0;0;1;0;0;0;0;0;0;1;2;0;0;0
"13/11/2010";"22:44:00";"1148";"sem vítima";"145,699";"BR-116/PR";"Norte";"Saida de Pista";1;0;0;0;0;0;0;0;0;0;1;0;0;0;0
"14/11/2010";"00:40:00";"1159";"com vítima";"121,599";"BR-116/PR";"Norte";"Colisão Frontal";3;0;1;0;0;0;0;0;0;0;4;2;0;2;1
"14/11/2010";"03:19:00";"1165";"sem vítima";"172,600";"BR-116/SC";"Norte";"Choque - Defensa, barreira ou "submarino"";1;0;0;0;0;0;0;0;0;0;6;0;0;0;0
"14/11/2010";"05:52:00";"1173";"com vítima";"255,199";"BR-116/SC";"Norte";"Queda de Moto";0;0;0;1;0;0;0;0;0;0;0;1;0;1;0
"14/11/2010";"06:35:00";"1175";"com vítima";"200,800";"BR-116/PR";"Sul";"Saida de Pista";1;0;0;0;0;0;0;0;0;0;0;0;1;0;0
"14/11/2010";"07:57:00";"1183";"sem vítima";"214";"BR-116/SC";"Norte";"Saida de Pista";1;0;0;0;0;0;0;0;0;0;1;0;0;0;0
"14/11/2010";"11:54:00";"1196";"com vítima";"121";"BR-116/PR";"Sul";"Colisão Traseira";2;0;0;0;0;0;0;0;0;0;2;1;0;0;0
"14/11/2010";"21:32:00";"1248";"sem vítima";"130";"BR-116/PR";"Norte";"Objeto lançado contra veículo";0;0;1;0;0;0;0;0;0;0;1;0;0;0;0
"14/11/2010";"22:30:00";"1251";"sem vítima";"165,5";"BR-116/SC";"Sul";"Saida de Pista";1;0;0;0;0;0;0;0;0;0;1;0;0;0;0
"15/11/2010";"02:26:00";"1265";"com vítima";"18,2999";"BR-116/SC";"Norte";"Saida de Pista";1;0;0;0;0;0;0;0;0;0;0;0;1;0;0
"15/11/2010";"13:24:00";"1297";"sem vítima";"106";"BR-116/SC";"Norte";"Queda de Moto";0;0;0;1;0;0;0;0;0;0;1;0;0;0;0
"15/11/2010";"14:37:00";"1304";"sem vítima";"21,5";"BR-116/SC";"Norte";"Saida de Pista";2;0;0;0;0;0;0;0;0;0;5;0;0;0;0
"15/11/2010";"14:48:00";"1307";"com vítima";"120";"BR-116/PR";"Norte";"Colisão Traseira";1;0;0;1;0;0;0;0;0;0;1;1;0;0;0
"15/11/2010";"15:01:00";"1309";"com vítima";"123,699";"BR-116/SC";"Sul";"Colisão Traseira";2;0;0;0;0;0;0;0;0;0;5;1;0;0;0
"15/11/2010";"16:58:00";"1328";"sem vítima";"124";"BR-116/PR";"Norte";"Colisão Traseira";2;0;0;0;0;0;0;0;0;0;4;0;0;0;0
"15/11/2010";"19:40:00";"1350";"sem vítima";"245,399";"BR-116/SC";"Sul";"Colisão Traseira";1;0;1;0;0;0;0;0;0;0;4;0;0;0;0
"15/11/2010";"19:58:00";"1349";"sem vítima";"167,5";"BR-116/PR";"Norte";"Colisão Traseira";1;0;1;0;0;0;0;0;0;0;6;0;0;0;0
"15/11/2010";"22:13:00";"1360";"com vítima";"129,5";"BR-116/PR";"Norte";"Colisão Transversal";0;0;0;1;1;0;0;0;0;0;6;0;1;0;0
"16/11/2010";"10:28:00";"1388";"com vítima";"202";"BR-116/PR";"Sul";"Colisão Lateral";2;0;1;0;0;0;0;0;0;0;3;2;0;0;0
"16/11/2010";"11:16:00";"1394";"sem vítima";"264,5";"BR-116/SC";"Sul";"Colisão Lateral";0;0;2;0;0;0;0;0;0;0;2;0;0;0;0
"16/11/2010";"11:16:00";"1393";"sem vítima";"87";"BR-116/SC";"Norte";"Objeto lançado contra veículo";0;0;1;0;0;0;0;0;0;0;1;0;0;0;0
"16/11/2010";"14:07:00";"1407";"sem vítima";"116";"BR-116/SC";"Sul";"Objeto lançado contra veículo";1;0;0;0;0;0;0;0;0;0;1;0;0;0;0
"16/11/2010";"14:14:00";"1408";"sem vítima";"245,5";"BR-116/SC";"Sul";"Colisão Transversal";2;0;0;0;0;0;0;0;0;0;2;0;0;0;0
"16/11/2010";"16:04:00";"1415";"sem vítima";"134,399";"BR-116/PR";"Sul";"Colisão Traseira";1;0;0;0;1;0;0;0;0;0;23;0;0;0;0
"16/11/2010";"18:16:00";"1425";"sem vítima";"195,300";"BR-116/PR";"Sul";"Colisão Lateral";1;0;1;0;1;0;0;0;0;0;3;0;0;0;0
"16/11/2010";"19:03:00";"1429";"com vítima";"195,399";"BR-116/PR";"Norte";"Saida de Pista";0;0;1;0;0;0;0;0;0;0;0;1;0;0;0
"16/11/2010";"19:19:00";"1431";"sem vítima";"248,199";"BR-116/SC";"Norte";"Colisão Traseira";0;0;2;0;0;0;0;0;0;0;2;0;0;0;0
"17/11/2010";"09:15:00";"1477";"sem vítima";"204";"BR-116/PR";"Sul";"Objeto lançado contra veículo";1;0;0;0;0;0;0;0;0;0;1;0;0;0;0
"17/11/2010";"12:41:00";"1495";"sem vítima";"268,299";"BR-116/SC";"Norte";"Colisão Traseira";2;0;0;0;0;0;0;0;0;0;4;0;0;0;0
"17/11/2010";"14:48:00";"1506";"sem vítima";"117,900";"BR-116/PR";"Norte";"Colisão Traseira";1;0;0;0;0;0;0;0;0;1;5;0;0;0;0
"17/11/2010";"18:19:00";"1516";"sem vítima";"281";"BR-116/SC";"Sul";;0;0;1;0;0;0;0;0;0;0;1;0;0;0;0
"18/11/2010";"01:49:00";"1547";"sem vítima";"211,300";"BR-116/SC";"Sul";"Saida de Pista";0;0;1;0;0;0;0;0;0;0;1;0;0;0;0
"18/11/2010";"06:13:00";"1556";"sem vítima";"132,600";"BR-116/PR";"Sul";"Saida de Pista";1;0;0;0;0;0;0;0;0;0;3;0;0;0;0
"18/11/2010";"18:13:00";"1621";"sem vítima";"53";"BR-116/SC";"Sul";"Colisão Traseira";0;0;1;0;0;0;0;0;0;1;3;0;0;0;0
"18/11/2010";"21:38:00";"1637";"sem vítima";"200,699";"BR-116/SC";"Norte";"Saida de Pista";0;0;1;0;0;0;0;0;0;0;1;0;0;0;0
"18/11/2010";"22:39:00";"1642";"sem vítima";"165,600";"BR-116/PR";"Norte";"Saida de Pista";0;0;0;0;0;0;0;0;0;1;2;0;0;0;0
"19/11/2010";"01:39:00";"1649";"sem vítima";"122,5";"BR-116/PR";"Norte";"Queda de Moto";0;0;0;1;0;0;0;0;0;0;2;0;0;0;0
"19/11/2010";"13:36:00";"1693";"sem vítima";"53,7999";"BR-116/SC";"Sul";"Colisão Traseira";2;0;0;0;0;0;0;0;0;0;2;0;0;0;0
"19/11/2010";"15:40:00";"1713";"sem vítima";"131,100";"BR-116/PR";"Sul";"Colisão Traseira";1;0;1;0;0;0;0;0;0;0;3;0;0;0;0
"19/11/2010";"16:55:00";"1729";"sem vítima";"116,800";"BR-116/SC";"Sul";"Choque - Objeto sobre a pista";0;0;1;0;0;0;0;0;0;0;1;0;0;0;0
"20/11/2010";"00:13:00";"1787";"com vítima";"11,1000";"BR-116/SC";"Norte";"Saida de Pista";1;0;0;0;0;0;0;0;0;0;0;0;0;1;1
"20/11/2010";"02:18:00";"1792";"sem vítima";"156,800";"BR-116/PR";"Norte";"Saida de Pista";1;0;0;0;0;0;0;0;0;0;1;0;0;0;0
"20/11/2010";"07:08:00";"1801";"sem vítima";"62,4799";"BR-116/SC";"Norte";"Atropelamento de Animal";1;0;0;0;0;0;0;0;0;0;2;0;0;0;0
"20/11/2010";"14:45:00";"1826";"sem vítima";"142,199";"BR-116/PR";"Sul";"Colisão Transversal";2;0;0;0;0;0;0;0;0;0;8;0;0;0;0
"20/11/2010";"19:09:00";"1849";"com vítima";"121,900";"BR-116/PR";"Norte";"Colisão Transversal";2;0;0;0;0;0;0;0;0;0;3;1;0;0;0
"20/11/2010";"21:32:00";"1865";"sem vítima";"126,199";"BR-116/PR";"Sul";"Colisão Lateral";2;0;0;0;0;0;0;0;0;0;4;0;0;0;0
"20/11/2010";"23:14:00";"1870";"com vítima";"152,399";"BR-116/PR";"Sul";"Colisão Transversal";1;0;0;1;0;0;0;0;0;0;3;0;2;0;0
"21/11/2010";"00:20:00";"1873";"com vítima";"163,600";"BR-116/SC";"Norte";"Saida de Pista";1;0;0;0;0;0;0;0;0;0;0;2;0;0;0
"21/11/2010";"06:13:00";"1877";"com vítima";"137,5";"BR-116/PR";"Sul";"Queda de Moto";0;0;0;1;0;0;0;0;0;0;0;1;0;0;0
"21/11/2010";"06:38:00";"1878";"sem vítima";"207,800";"BR-116/PR";"Sul";"Queda de Moto";0;0;0;1;0;0;0;0;0;0;1;0;0;0;0
"21/11/2010";"07:28:00";"1881";"sem vítima";"169,800";"BR-116/SC";"Norte";"Saida de Pista";0;0;0;1;0;0;0;0;0;0;1;0;0;0;0
"21/11/2010";"17:07:00";"1908";"com vítima";"117,300";"BR-116/PR";"Sul";"Atropelamento - Ciclista";1;1;0;0;0;0;0;0;0;0;1;1;0;0;0
"21/11/2010";"17:30:00";"1913";"com vítima";"117,5";"BR-116/SC";"Norte";"Tombamento";0;0;1;0;0;0;0;0;0;0;0;0;1;1;1
"21/11/2010";"17:40:00";"1915";"sem vítima";"123,400";"BR-116/PR";"Norte";"Colisão Traseira";1;0;0;0;0;0;0;0;0;1;2;0;0;0;0
"21/11/2010";"18:39:00";"1923";"sem vítima";"157";"BR-116/PR";"Norte";"Saida de Pista";1;0;0;0;0;0;0;0;0;0;1;0;0;0;0
"21/11/2010";"18:46:00";"1924";"sem vítima";"117,599";"BR-116/PR";"Sul";"Colisão Lateral";1;0;1;0;0;0;0;0;0;0;2;0;0;0;0
"21/11/2010";"21:55:00";"1945";"sem vítima";"85";"BR-116/SC";"Sul";"Atropelamento de Animal";1;0;0;0;0;0;0;0;0;0;2;0;0;0;0
"22/11/2010";"01:20:00";"1961";"com vítima";"131,100";"BR-116/SC";"Norte";"Colisão Lateral";1;0;1;0;0;0;0;0;0;0;1;0;1;0;1
"22/11/2010";"05:27:00";"1970";"sem vítima";"249,800";"BR-116/SC";"Norte";"Colisão Lateral";0;0;2;0;0;0;0;0;0;0;2;0;0;0;0
"22/11/2010";"05:54:00";"1972";"sem vítima";"217";"BR-116/SC";"Sul";"Atropelamento de Animal";1;0;0;0;0;0;0;0;0;0;5;0;0;0;0
"22/11/2010";"11:25:00";"1993";"com vítima";"195,300";"BR-116/PR";"Sul";"Saida de Pista";0;0;0;0;0;0;0;0;0;1;0;1;0;0;0
"22/11/2010";"20:21:00";"2039";"sem vítima";"99";"BR-116/SC";"Sul";"Atropelamento de Animal";1;0;0;0;0;0;0;0;0;0;1;0;0;0;0
"23/11/2010";"14:02:00";"2080";"sem vítima";"134";"BR-116/PR";"Norte";"Objeto lançado contra veículo";1;0;0;0;0;0;0;0;0;0;2;0;0;0;0
"23/11/2010";"18:35:00";"2104";"com vítima";"211,100";"BR-116/SC";"Norte";"Tombamento";0;0;1;0;0;0;0;0;0;0;0;1;0;0;0
"24/11/2010";"05:07:00";"2148";"sem vítima";"122";"BR-116/PR";"Sul";"Colisão Lateral";1;0;0;1;0;0;0;0;0;0;3;0;0;0;0
"24/11/2010";"06:59:00";"2152";"com vítima";"124,5";"BR-116/PR";"Norte";"Colisão Traseira";0;0;0;2;0;0;0;0;0;0;1;1;0;0;0
"24/11/2010";"08:40:00";"2158";"sem vítima";"192,399";"BR-116/PR";"Norte";"Saida de Pista";1;0;1;0;0;0;0;0;0;0;3;0;0;0;0
"24/11/2010";"13:47:00";"2174";"sem vítima";"124,599";"BR-116/PR";"Norte";"Choque - Veiculo parado na pista";0;0;1;0;0;0;0;0;0;1;2;0;0;0;0
"24/11/2010";"13:58:00";"2175";"sem vítima";"145,800";"BR-116/PR";"Norte";"Engavetamento";0;0;2;0;0;0;0;0;0;1;4;0;0;0;0
"24/11/2010";"14:19:00";"2176";"sem vítima";"146";"BR-116/PR";"Sul";"Saida de Pista";1;0;0;0;0;0;0;0;0;0;1;0;0;0;0
"24/11/2010";"18:59:00";"2195";"sem vítima";"118,800";"BR-116/PR";"Sul";"Colisão Traseira";2;0;0;0;0;0;0;0;0;0;3;0;0;0;0
"24/11/2010";"19:39:00";"2198";"sem vítima";"125,699";"BR-116/PR";"Sul";"Colisão Transversal";2;0;0;0;0;0;0;0;0;0;2;0;0;0;0
"24/11/2010";"20:54:00";"2202";"sem vítima";"184,5";"BR-116/SC";"Norte";"Colisão Transversal";1;0;1;0;0;0;0;0;0;0;2;0;0;0;0
"24/11/2010";"21:34:00";"2208";"sem vítima";"166,600";"BR-116/PR";"Norte";"Saida de Pista";0;0;1;0;0;0;0;0;0;0;1;0;0;0;0
"25/11/2010";"11:39:00";"2241";"sem vítima";"53,5999";"BR-116/SC";"Norte";"Choque - Veiculo parado na pista";1;0;1;0;0;0;0;0;0;0;2;0;0;0;0
"25/11/2010";"17:11:00";"2274";"com vítima";"12";"BR-116/SC";"Sul";"Colisão Transversal";1;0;0;1;0;0;0;0;0;0;1;2;0;0;0
"25/11/2010";"17:17:00";"2275";"com vítima";"22,2000";"BR-116/SC";"Norte";"Colisão Traseira";0;0;1;1;0;0;0;0;0;0;1;1;1;0;0
"26/11/2010";"10:13:00";"2343";"sem vítima";"184,300";"BR-116/SC";"Sul";"Colisão Traseira";1;0;1;0;0;0;0;0;0;0;5;0;0;0;0
"26/11/2010";"15:18:00";"2369";"com vítima";"246,100";"BR-116/SC";"Norte";"Colisão Lateral";1;0;0;1;0;0;0;0;0;0;2;1;0;0;0
"26/11/2010";"19:36:00";"2395";"sem vítima";"181,600";"BR-116/PR";"Sul";"Saida de Pista";1;0;0;0;0;0;0;0;0;0;2;0;0;0;0
"26/11/2010";"19:56:00";"2399";"sem vítima";"217,5";"BR-116/SC";"Sul";"Colisão Transversal";0;0;1;1;0;0;0;0;0;0;2;0;0;0;0
"26/11/2010";"20:43:00";"2404";"com vítima";"167,899";"BR-116/SC";"Sul";"Atropelamento - Sem Informação";0;0;0;0;0;1;0;0;0;0;1;0;0;0;1
"27/11/2010";"09:43:00";"2456";"sem vítima";"169";"BR-116/PR";"Norte";"Atropelamento de Animal";1;0;0;0;0;0;0;0;0;0;4;0;0;0;0
"27/11/2010";"14:52:00";"2478";"com vítima";"126";"BR-116/SC";"Sul";"Queda de Moto";0;0;0;1;0;0;0;0;0;0;0;1;0;0;0
"27/11/2010";"15:32:00";"2482";"com vítima";"129,699";"BR-116/PR";"Sul";"Colisão Transversal";1;1;0;0;0;0;0;0;0;0;4;0;1;0;0
"27/11/2010";"17:05:00";"2493";"com vítima";"107";"BR-116/SC";"Sul";"Colisão Lateral";0;0;1;0;0;1;0;0;0;0;1;1;0;0;0
"27/11/2010";"17:12:00";"2495";"sem vítima";"151";"BR-116/SC";"Sul";"Saida de Pista";1;0;0;0;0;0;0;0;0;0;2;0;0;0;0
"27/11/2010";"18:13:00";"2500";"sem vítima";"1,20000";"BR-116/SC";"Norte";"Colisão Transversal";1;0;0;0;0;1;0;0;0;0;3;0;0;0;0
"27/11/2010";"20:43:00";"2521";"com vítima";"118";"BR-116/PR";"Norte";"Choque - Veiculo parado na pista";2;0;0;0;0;0;0;0;0;0;3;1;0;1;0
"28/11/2010";"02:02:00";"2543";"com vítima";"116,900";"BR-116/PR";"Sul";"Choque - Defensa, barreira ou "submarino"";1;0;0;0;0;0;0;0;0;0;0;1;0;0;0
"28/11/2010";"06:13:00";"2551";"com vítima";"120,800";"BR-116/PR";"Sul";"Saida de Pista";1;0;0;0;0;0;0;0;0;0;2;1;1;0;0
"28/11/2010";"11:29:00";"2572";"com vítima";"57,5";"BR-116/SC";"Sul";"Colisão Transversal";2;0;0;0;0;0;0;0;0;0;3;2;0;0;0
"28/11/2010";"12:17:00";"2577";"com vítima";"168,399";"BR-116/PR";"Norte";"Engavetamento";0;0;3;0;0;0;0;0;0;0;3;0;0;1;0
"28/11/2010";"18:11:00";"2610";"com vítima";"82";"BR-116/SC";"Sul";"Saida de Pista";2;0;0;0;0;0;0;0;0;0;1;1;0;0;0
"28/11/2010";"20:56:00";"2627";"com vítima";"127";"BR-116/PR";"Norte";"Colisão Transversal";0;0;0;2;0;0;0;0;0;0;0;2;0;0;0
"29/11/2010";"00:02:00";"2639";"com vítima";"117,300";"BR-116/PR";"Sul";"Saida de Pista";1;0;0;0;0;0;0;0;0;0;0;2;0;0;0
"29/11/2010";"07:19:00";"2656";"com vítima";"129,5";"BR-116/PR";"Sul";"Colisão Transversal";1;0;0;1;0;0;0;0;0;0;1;1;0;0;0
"29/11/2010";"16:13:00";"2682";"com vítima";"140,699";"BR-116/SC";"Sul";"Colisão Frontal";1;0;1;0;0;0;0;0;0;0;0;0;2;1;0
"29/11/2010";"20:52:00";"2705";"com vítima";"124";"BR-116/PR";"Norte";"Colisão Transversal";2;0;0;0;0;0;0;0;0;0;3;1;1;0;0
"30/11/2010";"06:53:00";"2720";"com vítima";"119,400";"BR-116/PR";"Sul";"Colisão Transversal";1;0;1;0;0;0;0;0;0;0;2;2;0;0;0
"30/11/2010";"18:08:00";"2771";"com vítima";"13,1999";"BR-116/SC";"Norte";"Colisão Frontal";1;0;1;0;0;0;0;0;0;0;1;2;0;0;0
"01/12/2010";"07:36:00";"13";"sem vítima";"257,799";"BR-116/SC";"Norte";"Colisão Lateral";0;0;2;0;0;0;0;0;0;0;2;0;0;0;0
"01/12/2010";"11:38:00";"38";"sem vítima";"141,199";"BR-116/PR";"Sul";"Tombamento";0;0;1;0;0;0;0;0;0;0;1;0;0;0;0
"01/12/2010";"18:41:00";"77";"com vítima";"116,300";"BR-116/PR";"Norte";"Colisão Traseira";0;0;0;1;0;0;0;0;0;1;1;1;0;0;0
"01/12/2010";"22:07:00";"91";"com vítima";"122,5";"BR-116/PR";"Sul";"Colisão Transversal";1;0;0;1;0;0;0;0;0;0;1;0;1;0;0
"02/12/2010";"07:45:00";"106";"sem vítima";"120,400";"BR-116/PR";"Sul";"Colisão Lateral";1;0;1;0;0;0;0;0;0;0;2;0;0;0;0
"02/12/2010";"10:06:00";"122";"sem vítima";"141,699";"BR-116/PR";"Sul";"Colisão Lateral";1;0;1;0;0;0;0;0;0;0;3;0;0;0;0
"02/12/2010";"11:19:00";"128";"sem vítima";"55,0999";"BR-116/SC";"Sul";"Colisão Transversal";0;0;2;0;0;0;0;0;0;0;2;0;0;0;0
"03/12/2010";"06:09:00";"201";"sem vítima";"132,699";"BR-116/PR";"Norte";"Colisão Lateral";1;0;1;0;0;1;0;0;0;0;9;0;0;0;0
"03/12/2010";"15:42:00";"261";"sem vítima";"203,199";"BR-116/SC";"Norte";"Colisão Lateral";0;0;2;0;0;0;0;0;0;0;2;0;0;0;0
"03/12/2010";"15:56:00";"262";"com vítima";"134,600";"BR-116/PR";"Sul";"Choque - Veiculo parado na pista";0;0;1;0;0;0;0;0;0;1;1;0;0;0;1
"03/12/2010";"19:45:00";"282";"sem vítima";"149,199";"BR-116/SC";"Norte";"Colisão Lateral";1;0;1;0;0;0;0;0;0;0;2;0;0;0;0
"03/12/2010";"21:56:00";"293";"sem vítima";"129,199";"BR-116/PR";"Norte";"Colisão Transversal";1;0;0;0;0;0;0;0;0;1;5;0;0;0;0
"04/12/2010";"01:38:00";"309";"sem vítima";"119";"BR-116/PR";"Sul";"Colisão Transversal";2;0;0;0;0;0;0;0;0;0;6;0;0;0;0
"04/12/2010";"06:29:00";"323";"sem vítima";"308,799";"BR-116/SC";"Norte";"Saida de Pista";1;0;0;0;0;0;0;0;0;0;1;0;0;0;0
"04/12/2010";"11:42:00";"345";"sem vítima";"98,5";"BR-116/SC";"Norte";"Saida de Pista";1;0;0;0;0;0;0;0;0;0;1;0;0;0;0
"04/12/2010";"16:53:00";"367";"sem vítima";"154";"BR-116/PR";"Norte";"Saida de Pista";0;0;1;0;0;0;0;0;0;0;1;0;0;0;0
"04/12/2010";"17:29:00";"376";"com vítima";"12";"BR-116/SC";"Sul";"Colisão Transversal";1;0;1;0;0;0;0;0;0;0;1;3;0;0;0
"04/12/2010";"17:41:00";"379";"sem vítima";"142,100";"BR-116/PR";"Sul";"Colisão Transversal";1;0;0;0;0;1;0;0;0;0;2;0;0;0;0
"04/12/2010";"18:55:00";"388";"sem vítima";"170,699";"BR-116/PR";"Sul";"Queda de Moto";0;0;0;1;0;0;0;0;0;0;1;0;0;0;0
"04/12/2010";"20:18:00";"401";"com vítima";"35,5";"BR-116/SC";"Norte";"Colisão Frontal";1;0;1;0;0;0;0;0;0;0;1;1;0;0;0
"04/12/2010";"20:40:00";"403";"sem vítima";"128,100";"BR-116/PR";"Sul";"Colisão Transversal";1;0;0;0;0;1;0;0;0;0;3;0;0;0;0
"04/12/2010";"20:58:00";"404";"sem vítima";"133,199";"BR-116/SC";"Norte";"Saida de Pista";1;0;0;0;0;0;0;0;0;0;1;0;0;0;0
"04/12/2010";"22:45:00";"414";"sem vítima";"118,300";"BR-116/PR";"Norte";"Colisão Traseira";2;0;0;0;0;0;0;0;0;0;2;0;0;0;0
"04/12/2010";"23:08:00";"416";"sem vítima";"44";"BR-116/SC";"Sul";"Saida de Pista";0;0;1;0;0;0;0;0;0;0;1;0;0;0;0
"05/12/2010";"00:46:00";"423";"sem vítima";"197,399";"BR-116/PR";"Sul";"Saida de Pista";1;0;0;0;0;0;0;0;0;0;1;0;0;0;0
"05/12/2010";"05:28:00";"431";"com vítima";"122,599";"BR-116/PR";"Sul";"Colisão Lateral";0;0;0;1;0;1;0;0;0;0;1;1;0;0;0
"06/12/2010";"01:43:00";"498";"com vítima";"133";"BR-116/PR";"Sul";"Colisão Frontal";2;0;0;0;0;0;0;0;0;0;1;2;0;0;0
"06/12/2010";"04:29:00";"501";"sem vítima";"143,800";"BR-116/SC";"Norte";"Choque - Talude";1;0;0;0;0;0;0;0;0;0;1;0;0;0;0