data;horario;n_da_ocorrencia;tipo_de_ocorrencia;km;trecho;sentido;tipo_de_acidente;automovel;bicicleta;caminhao;moto;onibus;outros;tracao_animal;transporte_de_cargas_especiais;trator_maquinas;utilitarios;ilesos;levemente_feridos;moderadamente_feridos;gravemente_feridos;mortos
"06/02/2011";"15:21:00";"601";"sem vítima";"150,050";"BR-116/PR";"Norte";"Colisão Lateral";1;0;0;0;0;1;0;0;0;0;3;0;0;0;0
"06/02/2011";"19:33:00";"627";"sem vítima";"205";"BR-116/SC";"Norte";"Saida de Pista";0;0;1;0;0;0;0;0;0;0;1;0;0;0;0
"06/02/2011";"19:55:00";"629";"sem vítima";"1,5";"BR-116/SC";"Sul";"Choque - Defensa, barreira ou "submarino"";1;0;0;0;0;0;0;0;0;0;2;0;0;0;0
"06/02/2011";"20:23:00";"630";"com vítima";"149,5";"BR-116/PR";"Sul";"Colisão Transversal";2;0;0;0;0;0;0;0;0;0;1;3;0;0;0
"07/02/2011";"00:52:00";"653";"com vítima";"211,399";"BR-116/PR";"Norte";"Saida de Pista";1;0;0;0;0;0;0;0;0;0;0;4;0;0;0
"07/02/2011";"03:48:00";"657";"com vítima";"130,949";"BR-116/PR";"Norte";"Colisão Frontal";1;0;1;0;0;0;0;0;0;0;0;2;0;0;1
"07/02/2011";"06:59:00";"667";"com vítima";"149,440";"BR-116/PR";"Sul";"Saida de Pista";1;0;0;0;0;0;0;0;0;0;0;0;1;0;1
"07/02/2011";"17:22:00";"708";"com vítima";"174";"BR-116/PR";"Sul";"Colisão Transversal";1;0;1;0;0;0;0;0;0;0;0;0;1;0;1
"07/02/2011";"18:23:00";"714";"sem vítima";"174,100";"BR-116/PR";"Sul";"Colisão Traseira";2;0;0;0;0;0;0;0;0;0;2;0;0;0;0
"07/02/2011";"21:05:00";"725";"com vítima";"306,700";"BR-116/SC";"Sul";"Saida de Pista";0;0;1;0;0;0;0;0;0;0;0;1;0;0;0
"07/02/2011";"22:36:00";"729";"com vítima";"85,5";"BR-116/SC";"Sul";"Atropelamento de Animal";0;0;0;1;0;0;0;0;0;0;0;1;0;0;0
"08/02/2011";"10:10:00";"762";"sem vítima";"159";"BR-116/PR";"Norte";"Saida de Pista";1;0;0;0;0;0;0;0;0;0;2;0;0;0;0
"08/02/2011";"16:42:00";"792";"sem vítima";"233";"BR-116/SC";"Norte";"Colisão Traseira";1;0;1;0;0;0;0;0;0;0;3;0;0;0;0
"08/02/2011";"16:43:00";"793";"com vítima";"144,199";"BR-116/PR";"Norte";"Saida de Pista";1;0;0;0;0;0;0;0;0;0;0;1;0;0;0
"08/02/2011";"18:22:00";"807";"sem vítima";"167";"BR-116/PR";"Norte";"Colisão Traseira";2;0;0;0;0;0;0;0;0;0;3;0;0;0;0
"08/02/2011";"21:04:00";"818";"com vítima";"33,5";"BR-116/SC";"Sul";"Atropelamento de Animal";0;0;0;1;0;0;0;0;0;0;0;1;0;0;0
"09/02/2011";"03:07:00";"843";"com vítima";"123,5";"BR-116/PR";"Norte";"Saida de Pista";1;0;0;0;0;0;0;0;0;0;3;3;0;0;0
"09/02/2011";"07:37:00";"855";"sem vítima";"73,4000";"BR-116/SC";"Norte";"Atropelamento de Animal";1;0;0;0;0;0;0;0;0;0;1;0;0;0;0
"09/02/2011";"14:05:00";"886";"com vítima";"104,400";"BR-116/SC";"Sul";"Colisão Transversal";1;0;1;0;0;1;0;0;0;0;2;0;0;0;1
"09/02/2011";"15:59:00";"900";"com vítima";"122";"BR-116/PR";"Sul";"Queda de Moto";0;0;0;1;0;0;0;0;0;0;0;1;0;0;0
"09/02/2011";"20:30:00";"923";"sem vítima";"228,800";"BR-116/SC";"Norte";"Saida de Pista";1;0;0;0;0;0;0;0;0;0;4;0;0;0;0
"10/02/2011";"09:25:00";"967";"sem vítima";"126";"BR-116/PR";"Sul";"Choque - Veiculo parado no acostamento";1;0;0;0;1;0;0;0;0;0;2;0;0;0;0
"10/02/2011";"11:41:00";"980";"sem vítima";"115";"BR-116/PR";"Norte";"Colisão Lateral";1;0;1;1;0;0;0;0;0;0;3;0;0;0;0
"10/02/2011";"23:08:00";"1045";"sem vítima";"90";"BR-116/SC";"Norte";"Colisão Traseira";1;0;1;0;0;0;0;0;0;0;2;0;0;0;0
"11/02/2011";"16:23:00";"1098";"com vítima";"22,0499";"BR-116/SC";"Norte";"Saida de Pista";0;0;1;0;0;0;0;0;0;0;0;1;0;0;0
"11/02/2011";"18:09:00";"1111";"sem vítima";"119,300";"BR-116/PR";"Norte";"Colisão Transversal";2;0;0;0;0;0;0;0;0;0;2;0;0;0;0
"11/02/2011";"18:56:00";"1113";"sem vítima";"210,199";"BR-116/SC";"Sul";"Saida de Pista";1;0;0;0;0;0;0;0;0;0;1;0;0;0;0
"11/02/2011";"19:59:00";"1124";"com vítima";"117,5";"BR-116/PR";"Sul";"Colisão Traseira";1;0;0;0;1;0;0;0;0;0;1;2;0;0;0
"12/02/2011";"17:55:00";"1232";"sem vítima";"127,5";"BR-116/PR";"Sul";"Choque - Veiculo parado na pista";0;0;1;0;0;1;0;0;0;0;2;0;0;0;0
"12/02/2011";"20:55:00";"1254";"com vítima";"261,200";"BR-116/SC";"Norte";"Colisão Lateral";2;0;0;0;0;0;0;0;0;0;4;2;0;0;0
"13/02/2011";"05:25:00";"1283";"sem vítima";"134,600";"BR-116/SC";"Norte";"Saida de Pista";0;0;1;0;0;0;0;0;0;0;1;0;0;0;0
"13/02/2011";"20:18:00";"1365";"com vítima";"118,5";"BR-116/PR";"Sul";"Atropelamento - Morador";0;0;0;0;0;1;0;0;0;0;1;1;0;0;0
"13/02/2011";"20:19:00";"1366";"com vítima";"130";"BR-116/PR";"Norte";"Colisão Transversal";0;0;0;1;0;1;0;0;0;0;1;0;0;1;0
"13/02/2011";"22:06:00";"1381";"sem vítima";"210,300";"BR-116/SC";"Sul";"Saida de Pista";0;0;1;0;0;0;0;0;0;0;1;0;0;0;0
"14/02/2011";"08:49:00";"1412";"com vítima";"52,5";"BR-116/SC";"Sul";"Colisão Traseira";1;0;1;0;0;0;0;0;0;0;3;3;0;0;0
"14/02/2011";"10:24:00";"1421";"com vítima";"166,899";"BR-116/PR";"Sul";"Colisão Transversal";1;0;0;1;0;0;0;0;0;0;1;1;0;0;0
"14/02/2011";"13:04:00";"1431";"sem vítima";"247";"BR-116/SC";"Sul";"Colisão Lateral";1;0;1;0;0;0;0;0;0;0;2;0;0;0;0
"15/02/2011";"07:44:00";"1505";"sem vítima";"122";"BR-116/PR";"Sul";"Queda de Moto";0;0;0;1;0;0;0;0;0;0;1;0;0;0;0
"15/02/2011";"11:17:00";"1523";"sem vítima";"128";"BR-116/PR";"Norte";"Colisão Lateral";1;0;2;0;0;0;0;0;0;0;3;0;0;0;0
"15/02/2011";"17:52:00";"1547";"com vítima";"258,399";"BR-116/SC";"Norte";"Saida de Pista";1;0;0;0;0;0;0;0;0;0;0;1;0;0;0
"15/02/2011";"21:39:00";"1576";"sem vítima";"172,600";"BR-116/PR";"Norte";"Colisão Lateral";1;0;1;0;0;0;0;0;0;0;2;0;0;0;0
"16/02/2011";"01:17:00";"1587";"sem vítima";"127,800";"BR-116/PR";"Norte";"Colisão Transversal";1;0;1;0;0;0;0;0;0;0;2;0;0;0;0
"16/02/2011";"10:39:00";"1626";"com vítima";"121";"BR-116/PR";"Sul";"Colisão Lateral";0;0;0;1;0;0;0;0;0;1;1;1;0;0;0
"16/02/2011";"13:31:00";"1635";"sem vítima";"266";"BR-116/SC";"Norte";"Tombamento";0;0;1;0;0;0;0;0;0;0;1;0;0;0;0
"16/02/2011";"14:05:00";"1638";"sem vítima";"308,799";"BR-116/SC";"Norte";"Saida de Pista";1;0;0;0;0;0;0;0;0;0;1;0;0;0;0
"16/02/2011";"21:15:00";"1691";"sem vítima";"131,100";"BR-116/PR";"Sul";"Colisão Transversal";2;0;0;0;0;0;0;0;0;0;3;0;0;0;0
"17/02/2011";"04:44:00";"1711";"com vítima";"233";"BR-116/SC";"Norte";"Choque - Defensa, barreira ou "submarino"";1;0;0;0;0;0;0;0;0;0;1;1;0;2;0
"17/02/2011";"08:51:00";"1724";"sem vítima";"116,5";"BR-116/PR";"Norte";"Colisão Lateral";1;0;1;0;0;0;0;0;0;0;3;0;0;0;0
"17/02/2011";"09:39:00";"1728";"com vítima";"277";"BR-116/SC";"Norte";"Colisão Traseira";1;0;1;0;0;0;0;0;0;0;4;1;0;0;0
"17/02/2011";"10:28:00";"1730";"sem vítima";"115";"BR-116/PR";"Sul";"Colisão Traseira";0;0;2;0;0;0;0;0;0;1;3;0;0;0;0
"17/02/2011";"14:21:00";"1746";"sem vítima";"128";"BR-116/PR";"Sul";"Choque - Veiculo parado na pista";0;0;2;0;0;0;0;0;0;0;3;0;0;0;0
"17/02/2011";"18:49:00";"1770";"com vítima";"184,5";"BR-116/SC";"Norte";"Colisão Transversal";0;0;1;1;0;0;0;0;0;0;2;2;0;0;0
"17/02/2011";"23:09:00";"1800";"com vítima";"125";"BR-116/PR";"Sul";"Atropelamento - Morador";1;0;0;0;0;0;0;0;0;0;2;0;0;1;0
"18/02/2011";"09:14:00";"1832";"sem vítima";"189,100";"BR-116/PR";"Norte";"Saida de Pista";0;0;1;0;0;0;0;0;0;0;1;0;0;0;0
"18/02/2011";"11:23:00";"1844";"com vítima";"134";"BR-116/PR";"Sul";"Colisão Traseira";2;0;0;0;0;0;0;0;0;0;2;1;0;0;0
"18/02/2011";"15:06:00";"1864";"com vítima";"105,800";"BR-116/SC";"Norte";"Tombamento";0;0;1;0;0;0;0;0;0;0;0;0;1;0;0
"19/02/2011";"21:50:00";"2024";"sem vítima";"131,800";"BR-116/PR";"Sul";"Colisão Lateral";2;0;0;0;0;0;0;0;0;0;2;0;0;0;0
"19/02/2011";"21:58:00";"2026";"com vítima";"125,099";"BR-116/PR";"Sul";"Colisão Frontal";2;0;0;0;0;0;0;0;0;0;3;1;0;0;0
"20/02/2011";"06:58:00";"2055";"sem vítima";"122,400";"BR-116/PR";"Norte";"Colisão Transversal";0;0;1;0;0;1;0;0;0;0;2;0;0;0;0
"20/02/2011";"08:10:00";"2059";"sem vítima";"161";"BR-116/PR";"Norte";"Saida de Pista";2;0;0;0;0;0;0;0;0;0;4;0;0;0;0
"20/02/2011";"11:08:00";"2074";"com vítima";"0,89999";"BR-116/SC";"Sul";"Colisão Transversal";1;0;0;1;0;0;0;0;0;0;2;1;0;0;0
"20/02/2011";"15:50:00";"2100";"sem vítima";"150";"BR-116/SC";"Norte";"Colisão Traseira";1;0;0;0;0;0;0;0;0;1;2;0;0;0;0
"20/02/2011";"18:57:00";"2126";"sem vítima";"122,099";"BR-116/PR";"Norte";"Colisão Traseira";2;0;0;0;0;0;0;0;0;0;2;0;0;0;0
"20/02/2011";"20:37:00";"2142";"com vítima";"6,59999";"BR-116/SC";"Sul";"Colisão Lateral";0;0;0;1;0;1;0;0;0;0;1;0;0;1;0
"21/02/2011";"07:32:00";"2176";"sem vítima";"119,5";"BR-116/PR";"Norte";"Colisão Traseira";1;0;1;0;0;0;0;0;0;0;2;0;0;0;0
"21/02/2011";"19:09:00";"2252";"com vítima";"145,5";"BR-116/PR";"Sul";"Colisão Lateral";0;0;0;0;0;0;0;0;0;2;3;1;0;0;0
"22/02/2011";"06:28:00";"2285";"sem vítima";"135";"BR-116/SC";"Norte";"Colisão Lateral";1;0;0;0;0;1;0;0;0;0;4;0;0;0;0
"22/02/2011";"12:56:00";"2319";"sem vítima";"119";"BR-116/PR";"Sul";"Colisão Lateral";1;0;1;0;1;0;0;0;0;0;3;0;0;0;0
"23/02/2011";"07:56:00";"2417";"com vítima";"116,400";"BR-116/PR";"Norte";"Engavetamento";2;0;0;0;0;0;0;0;0;1;5;1;0;0;0
"23/02/2011";"12:24:00";"2440";"sem vítima";"119";"BR-116/SC";"Norte";"Saida de Pista";1;0;0;0;0;1;0;0;0;0;2;0;0;0;0
"23/02/2011";"12:28:00";"2441";"sem vítima";"236";"BR-116/SC";"Norte";"Colisão Lateral";0;0;1;1;0;0;0;0;0;0;2;0;0;0;0
"23/02/2011";"17:46:00";"2476";"sem vítima";"53,5999";"BR-116/SC";"Sul";"Saida de Pista";1;0;0;0;0;0;0;0;0;0;1;0;0;0;0
"23/02/2011";"17:56:00";"2480";"sem vítima";"243";"BR-116/SC";"Norte";"Saida de Pista";1;0;0;0;0;0;0;0;0;0;2;0;0;0;0
"23/02/2011";"18:15:00";"2482";"sem vítima";"6";"BR-116/SC";"Norte";"Colisão Transversal";2;0;0;0;0;0;0;0;0;0;2;0;0;0;0
"23/02/2011";"18:56:00";"2487";"com vítima";"184,199";"BR-116/PR";"Norte";"Saida de Pista";0;0;1;0;0;0;0;0;0;0;0;1;0;0;0
"23/02/2011";"19:43:00";"2492";"sem vítima";"78,0999";"BR-116/SC";"Sul";"Saida de Pista";1;0;0;0;0;1;0;0;0;0;2;0;0;0;0
"23/02/2011";"20:47:00";"2502";"com vítima";"58";"BR-116/SC";"Norte";"Colisão Transversal";1;0;0;0;1;0;0;0;0;0;23;1;0;0;0
"24/02/2011";"00:11:00";"2513";"sem vítima";"308,799";"BR-116/SC";"Norte";"Saida de Pista";0;0;1;0;0;0;0;0;0;0;1;0;0;0;0
"24/02/2011";"06:55:00";"2536";"sem vítima";"126,300";"BR-116/PR";"Norte";"Colisão Traseira";2;0;0;0;0;0;0;0;0;0;2;0;0;0;0
"24/02/2011";"08:07:00";"2544";"com vítima";"126,300";"BR-116/PR";"Norte";"Choque - Veiculo parado na pista";1;0;0;1;0;0;0;0;0;0;2;1;0;0;0
"24/02/2011";"15:56:00";"2593";"com vítima";"162,199";"BR-116/PR";"Norte";"Saida de Pista";1;0;0;0;0;0;0;0;0;0;0;1;2;1;0
"24/02/2011";"17:26:00";"2602";"com vítima";"141";"BR-116/PR";"Norte";"Colisão Transversal";0;0;1;1;0;0;0;0;0;0;1;0;0;0;1
"24/02/2011";"20:34:00";"2624";"com vítima";"266";"BR-116/SC";"Sul";"Saida de Pista";1;0;0;0;0;0;0;0;0;0;0;1;0;0;0
"25/02/2011";"08:50:00";"2668";"sem vítima";"7";"BR-116/SC";"Norte";"Colisão Transversal";2;0;0;0;0;0;0;0;0;0;3;0;0;0;0
"25/02/2011";"18:07:00";"2714";"com vítima";"128,100";"BR-116/PR";"Norte";"Colisão Transversal";1;0;1;0;0;0;0;0;0;0;1;2;0;0;0
"25/02/2011";"19:39:00";"2725";"com vítima";"116";"BR-116/PR";"Sul";"Atropelamento - Morador";1;0;0;0;0;0;0;0;0;0;1;0;1;0;0
"25/02/2011";"20:01:00";"2728";"sem vítima";"141,5";"BR-116/PR";"Sul";"Colisão Lateral";1;0;1;0;0;0;0;0;0;0;2;0;0;0;0
"25/02/2011";"21:24:00";"2736";"sem vítima";"145,899";"BR-116/PR";"Norte";"Saida de Pista";1;0;0;0;0;0;0;0;0;0;2;0;0;0;0
"25/02/2011";"21:49:00";"2739";"sem vítima";"1,20000";"BR-116/SC";"Sul";"Saida de Pista";0;0;1;0;0;0;0;0;0;0;1;0;0;0;0
"26/02/2011";"07:17:00";"2765";"sem vítima";"119,300";"BR-116/PR";"Norte";"Choque - Veiculo parado na pista";1;0;1;0;0;0;0;0;0;0;5;0;0;0;0
"26/02/2011";"10:57:00";"2778";"com vítima";"218,5";"BR-116/SC";"Norte";"Colisão Lateral";2;0;0;0;0;0;0;0;0;0;3;0;2;0;0
"26/02/2011";"13:41:00";"2790";"sem vítima";"117";"BR-116/PR";"Sul";"Colisão Lateral";1;0;1;0;0;0;0;0;0;0;2;0;0;0;0
"26/02/2011";"14:50:00";"2796";"sem vítima";"125,900";"BR-116/PR";"Norte";"Choque - Veiculo parado na pista";0;0;1;0;0;0;0;0;0;1;3;0;0;0;0
"26/02/2011";"14:51:00";"2797";"sem vítima";"264,399";"BR-116/SC";"Norte";"Saida de Pista";0;0;0;0;0;0;0;0;0;1;3;0;0;0;0
"26/02/2011";"16:28:00";"2810";"com vítima";"206,5";"BR-116/SC";"Sul";"Saida de Pista";1;0;0;0;0;0;0;0;0;0;0;2;0;1;0
"26/02/2011";"21:06:00";"2837";"sem vítima";"8";"BR-116/SC";"Norte";"Saida de Pista";1;0;0;0;0;0;0;0;0;0;1;0;0;0;0
"26/02/2011";"23:13:00";"2850";"sem vítima";"119,400";"BR-116/PR";"Norte";"Colisão Transversal";0;0;2;0;0;0;0;0;0;0;2;0;0;0;0
"27/02/2011";"04:05:00";"2862";"sem vítima";"190,300";"BR-116/SC";"Sul";"Saida de Pista";1;0;0;0;0;0;0;0;0;0;1;0;0;0;0
"27/02/2011";"15:14:00";"2907";"sem vítima";"107,900";"BR-116/SC";"Sul";"Colisão Lateral";1;0;1;0;0;0;0;0;0;0;3;0;0;0;0
"27/02/2011";"19:11:00";"2936";"sem vítima";"82";"BR-116/SC";"Sul";"Colisão Transversal";2;0;0;0;0;0;0;0;0;0;2;0;0;0;0
"28/02/2011";"07:43:00";"2963";"sem vítima";"5,69999";"BR-116/SC";"Sul";"Colisão Transversal";1;0;1;0;0;0;0;0;0;0;2;0;0;0;0
"01/03/2011";"08:03:00";"16";"sem vítima";"107,800";"BR-116/SC";"Norte";"Tombamento";0;0;1;0;0;0;0;0;0;0;1;0;0;0;0
"01/03/2011";"14:54:00";"59";"com vítima";"170,449";"BR-116/SC";"Sul";"Saida de Pista";1;0;0;0;0;0;0;0;0;0;3;4;0;0;0
"01/03/2011";"18:59:00";"87";"sem vítima";"120";"BR-116/PR";"Sul";"Colisão Transversal";1;0;0;0;1;0;0;0;0;0;2;0;0;0;0
"02/03/2011";"19:29:00";"209";"sem vítima";"119,300";"BR-116/PR";"Sul";"Colisão Traseira";2;0;0;0;0;0;0;0;0;0;3;0;0;0;0
"03/03/2011";"00:11:00";"229";"sem vítima";"133";"BR-116/SC";"Sul";"Colisão Lateral";1;0;0;0;0;1;0;0;0;0;3;0;0;0;0
"03/03/2011";"14:24:00";"278";"com vítima";"105,300";"BR-116/SC";"Norte";"Colisão Lateral";0;0;0;1;0;0;0;0;0;1;1;1;0;0;0
"03/03/2011";"18:44:00";"308";"sem vítima";"115,199";"BR-116/PR";"Sul";"Colisão Lateral";1;0;1;0;0;0;0;0;0;0;2;0;0;0;0
"03/03/2011";"20:41:00";"321";"sem vítima";"115";"BR-116/PR";"Sul";"Colisão Traseira";2;0;0;0;0;0;0;0;0;0;2;0;0;0;0
"03/03/2011";"22:42:00";"329";"sem vítima";"226";"BR-116/SC";"Norte";"Objeto lançado contra veículo";1;0;1;0;0;0;0;0;0;0;2;0;0;0;0
"04/03/2011";"02:38:00";"334";"sem vítima";"117";"BR-116/PR";"Norte";"Colisão Traseira";1;0;1;0;0;0;0;0;0;0;2;0;0;0;0
"04/03/2011";"11:15:00";"379";"sem vítima";"63";"BR-116/SC";"Norte";"Colisão Lateral";0;0;2;0;0;0;0;0;0;0;2;0;0;0;0
"04/03/2011";"11:27:00";"382";"sem vítima";"134";"BR-116/PR";"Sul";"Colisão Traseira";0;0;2;0;0;0;0;0;0;0;2;0;0;0;0
"04/03/2011";"16:51:00";"411";"com vítima";"116,199";"BR-116/PR";"Sul";"Colisão Transversal";1;0;0;1;0;0;0;0;0;0;1;1;0;0;0
"04/03/2011";"19:42:00";"438";"com vítima";"139,199";"BR-116/PR";"Sul";"Colisão Frontal";0;0;0;1;1;0;0;0;0;0;41;0;0;0;1
"04/03/2011";"21:36:00";"451";"sem vítima";"116";"BR-116/PR";"Norte";"Saida de Pista";0;0;1;0;0;0;0;0;0;0;1;0;0;0;0
"04/03/2011";"22:02:00";"454";"sem vítima";"121";"BR-116/PR";"Norte";"Colisão Transversal";2;0;0;0;0;0;0;0;0;0;2;0;0;0;0
"05/03/2011";"02:12:00";"471";"com vítima";"19,6000";"BR-116/SC";"Norte";"Colisão Frontal";1;0;1;0;0;0;0;0;0;0;1;0;1;0;0
"05/03/2011";"05:18:00";"486";"com vítima";"115,900";"BR-116/PR";"Norte";"Colisão Transversal";2;0;0;0;0;0;0;0;0;0;1;1;0;0;0
"05/03/2011";"05:42:00";"490";"com vítima";"246";"BR-116/SC";"Norte";"Colisão Lateral";0;0;0;1;0;1;0;0;0;0;1;1;0;0;0
"05/03/2011";"06:37:00";"493";"sem vítima";"63,4000";"BR-116/SC";"Sul";"Saida de Pista";1;0;0;0;0;0;0;0;0;0;1;0;0;0;0
"05/03/2011";"07:59:00";"510";"com vítima";"180,800";"BR-116/PR";"Sul";"Saida de Pista";1;0;0;0;0;0;0;0;0;0;0;0;0;0;2
"05/03/2011";"09:40:00";"531";"sem vítima";"44";"BR-116/SC";"Sul";"Engavetamento";3;0;0;0;0;0;0;0;0;0;7;0;0;0;0
"05/03/2011";"18:01:00";"597";"com vítima";"123";"BR-116/PR";"Norte";"Colisão Frontal";1;0;0;1;0;0;0;0;0;0;5;1;0;0;0
"05/03/2011";"18:14:00";"599";"com vítima";"153,800";"BR-116/PR";"Sul";"Atropelamento - Morador";0;0;0;0;0;1;0;0;0;0;1;1;0;0;0
"05/03/2011";"20:42:00";"611";"com vítima";"119,599";"BR-116/PR";"Sul";"Choque - Veiculo parado na pista";2;0;1;0;0;0;0;0;0;0;4;1;0;0;0
"05/03/2011";"21:14:00";"616";"sem vítima";"119,599";"BR-116/PR";"Sul";"Choque - Veiculo parado na pista";3;0;0;0;0;0;0;0;0;0;3;0;0;0;0
"05/03/2011";"22:33:00";"625";"com vítima";"59,2000";"BR-116/SC";"Norte";"Saida de Pista";1;0;0;0;0;0;0;0;0;0;1;3;0;0;0
"06/03/2011";"03:39:00";"640";"com vítima";"126,5";"BR-116/PR";"Sul";"Colisão Traseira";2;0;0;0;0;0;0;0;0;0;1;3;0;0;0
"06/03/2011";"04:59:00";"646";"sem vítima";"206,300";"BR-116/PR";"Norte";"Saida de Pista";1;0;0;0;0;0;0;0;0;0;2;0;0;0;0
"06/03/2011";"07:46:00";"658";"sem vítima";"143,949";"BR-116/PR";"Sul";"Saida de Pista";1;0;0;0;0;0;0;0;0;0;1;0;0;0;0
"06/03/2011";"10:12:00";"667";"sem vítima";"116,300";"BR-116/PR";"Sul";"Colisão Lateral";1;0;1;0;0;0;0;0;0;0;4;0;0;0;0
"06/03/2011";"20:07:00";"712";"sem vítima";"115,800";"BR-116/PR";"Sul";"Engavetamento";3;0;0;0;0;0;0;0;0;0;3;0;0;0;0
"06/03/2011";"21:24:00";"718";"sem vítima";"194";"BR-116/SC";"Sul";"Atropelamento de Animal";1;0;0;0;0;0;0;0;0;0;1;0;0;0;0
"06/03/2011";"21:51:00";"723";"sem vítima";"179,199";"BR-116/SC";"Sul";"Saida de Pista";1;0;0;0;0;0;0;0;0;0;2;0;0;0;0
"08/03/2011";"17:21:00";"886";"sem vítima";"119,599";"BR-116/PR";"Norte";"Choque - Veiculo parado na pista";2;0;0;0;0;0;0;0;0;0;2;0;0;0;0
"08/03/2011";"17:35:00";"888";"sem vítima";"121,900";"BR-116/PR";"Norte";"Engavetamento";5;0;0;0;0;1;0;0;0;0;6;0;0;0;0
"08/03/2011";"21:28:00";"911";"com vítima";"135,100";"BR-116/SC";"Norte";"Saida de Pista";1;0;0;0;0;0;0;0;0;0;1;1;0;0;0
"08/03/2011";"21:58:00";"913";"sem vítima";"180,800";"BR-116/SC";"Sul";"Objeto lançado contra veículo";0;0;2;0;0;0;0;0;0;0;3;0;0;0;0
"09/03/2011";"05:56:00";"936";"sem vítima";"128,100";"BR-116/PR";"Norte";"Colisão Traseira";1;0;0;0;1;0;0;0;0;0;54;0;0;0;0
"09/03/2011";"10:11:00";"965";"sem vítima";"83,0999";"BR-116/SC";"Sul";"Saida de Pista";1;0;0;0;0;0;0;0;0;0;1;0;0;0;0
"09/03/2011";"11:40:00";"973";"sem vítima";"129,399";"BR-116/PR";"Norte";"Saida de Pista";1;0;0;0;0;0;0;0;0;0;1;0;0;0;0
"09/03/2011";"14:23:00";"989";"sem vítima";"12";"BR-116/SC";"Norte";"Saida de Pista";1;0;1;0;0;0;0;0;0;0;2;0;0;0;0
"09/03/2011";"15:57:00";"999";"sem vítima";"118,900";"BR-116/PR";"Norte";"Colisão Traseira";1;0;0;0;0;1;0;0;0;0;2;0;0;0;0
"09/03/2011";"18:15:00";"1014";"sem vítima";"23,7999";"BR-116/SC";"Norte";"Colisão Traseira";2;0;0;0;0;0;0;0;0;0;2;0;0;0;0
"09/03/2011";"18:19:00";"1015";"com vítima";"23,7999";"BR-116/SC";"Sul";"Colisão Lateral";1;0;0;0;0;0;0;0;0;1;1;1;0;0;0
"09/03/2011";"20:17:00";"1024";"sem vítima";"233,100";"BR-116/SC";"Norte";"Choque - Outros";1;0;0;0;0;0;0;0;0;0;1;0;0;0;0
"09/03/2011";"23:08:00";"1037";"sem vítima";"184,5";"BR-116/PR";"Norte";"Saida de Pista";1;0;0;0;0;0;0;0;0;0;1;0;0;0;0
"10/03/2011";"00:08:00";"1039";"com vítima";"119,5";"BR-116/PR";"Sul";"Colisão Transversal";2;0;0;0;0;0;0;0;0;0;0;2;2;1;0
"10/03/2011";"06:57:00";"1058";"sem vítima";"75";"BR-116/SC";"Norte";"Colisão Traseira";2;0;0;0;0;0;0;0;0;0;6;0;0;0;0
"10/03/2011";"08:23:00";"1065";"sem vítima";"29,8999";"BR-116/SC";"Norte";"Colisão Traseira";1;0;1;0;0;0;0;0;0;0;2;0;0;0;0
"10/03/2011";"10:40:00";"1086";"com vítima";"93,0999";"BR-116/SC";"Norte";"Colisão Frontal";2;0;0;0;0;0;0;0;0;0;0;3;0;0;0
"10/03/2011";"17:58:00";"1134";"sem vítima";"132,100";"BR-116/PR";"Norte";"Colisão Transversal";1;0;0;1;0;0;0;0;0;0;2;0;0;0;0
"10/03/2011";"18:18:00";"1138";"sem vítima";"5,80000";"BR-116/SC";"Sul";"Colisão Transversal";0;0;0;2;0;0;0;0;0;0;2;0;0;0;0
"10/03/2011";"22:29:00";"1151";"com vítima";"132,199";"BR-116/PR";"Sul";"Saida de Pista";0;0;1;0;0;0;0;0;0;0;0;0;1;0;0
"11/03/2011";"10:18:00";"1181";"com vítima";"117,150";"BR-116/PR";"Sul";"Colisão Lateral";2;0;0;0;0;0;0;0;0;0;4;1;0;0;0
"11/03/2011";"10:45:00";"1183";"sem vítima";"212";"BR-116/SC";"Norte";"Saida de Pista";1;0;0;0;0;0;0;0;0;0;2;0;0;0;0
"11/03/2011";"18:34:00";"1229";"com vítima";"130";"BR-116/PR";"Norte";"Colisão Transversal";1;0;0;1;0;0;0;0;0;0;1;1;0;0;0
"11/03/2011";"20:15:00";"1244";"sem vítima";"231";"BR-116/SC";"Norte";"Saida de Pista";1;0;0;0;0;0;0;0;0;0;2;0;0;0;0
"11/03/2011";"22:10:00";"1256";"sem vítima";"180,5";"BR-116/PR";"Sul";"Colisão Traseira";1;0;0;0;0;1;0;0;0;0;2;0;0;0;0
"11/03/2011";"23:53:00";"1260";"com vítima";"116,199";"BR-116/PR";"Sul";"Colisão Transversal";2;0;0;0;0;0;0;0;0;0;1;1;2;0;0
"12/03/2011";"10:23:00";"1317";"sem vítima";"132,100";"BR-116/PR";"Sul";"Colisão Traseira";1;0;1;0;0;0;0;0;0;0;2;0;0;0;0
"12/03/2011";"12:13:00";"1323";"com vítima";"129,300";"BR-116/PR";"Norte";"Colisão Transversal";1;1;0;0;0;0;0;0;0;0;1;1;0;0;0
"12/03/2011";"13:28:00";"1327";"sem vítima";"147,100";"BR-116/PR";"Sul";"Colisão Traseira";1;0;1;0;0;0;0;0;0;1;5;0;0;0;0