data;horario;n_da_ocorrencia;tipo_de_ocorrencia;km;trecho;sentido;tipo_de_acidente;automovel;bicicleta;caminhao;moto;onibus;outros;tracao_animal;transporte_de_cargas_especiais;trator_maquinas;utilitarios;ilesos;levemente_feridos;moderadamente_feridos;gravemente_feridos;mortos
"05/06/2011";"06:37:00";"423";"sem vítima";"134,899";"BR-116/SC";"Norte";"Saida de Pista";1;0;0;0;0;0;0;0;0;0;1;0;0;0;0
"05/06/2011";"09:37:00";"439";"sem vítima";"116";"BR-116/PR";"Norte";"Queda de Moto";1;0;0;1;0;0;0;0;0;0;2;0;0;0;0
"05/06/2011";"17:58:00";"485";"com vítima";"130";"BR-116/PR";"Norte";"Colisão Traseira";1;0;0;0;0;0;0;0;0;1;5;3;1;0;0
"05/06/2011";"19:25:00";"495";"sem vítima";"57,7000";"BR-116/SC";"Norte";"Colisão Traseira";0;0;1;0;0;0;0;0;0;1;4;0;0;0;0
"05/06/2011";"21:30:00";"509";"com vítima";"266";"BR-116/SC";"Norte";"Capotamento";1;0;0;0;0;0;0;0;0;0;0;2;0;0;0
"06/06/2011";"07:40:00";"530";"sem vítima";"201,399";"BR-116/PR";"Sul";"Colisão Traseira";0;0;0;0;0;1;0;0;0;1;2;0;0;0;0
"06/06/2011";"11:43:00";"553";"sem vítima";"125,5";"BR-116/PR";"Sul";"Choque - Veiculo parado na pista";0;0;1;0;0;0;0;0;0;1;2;0;0;0;0
"06/06/2011";"13:09:00";"556";"sem vítima";"127,5";"BR-116/PR";"Norte";"Choque - Veiculo parado na pista";1;0;1;0;0;0;0;0;0;0;2;0;0;0;0
"06/06/2011";"15:46:00";"569";"sem vítima";"111";"BR-116/SC";"Norte";"Colisão Lateral";0;0;1;0;0;1;0;0;0;0;5;0;0;0;0
"06/06/2011";"18:41:00";"590";"com vítima";"39,25";"BR-116/SC";"Norte";"Colisão Lateral";1;0;2;0;0;0;0;0;0;0;1;0;0;1;1
"07/06/2011";"11:12:00";"624";"com vítima";"147,970";"BR-116/PR";"Norte";"Colisão Frontal";0;0;1;0;0;0;0;0;0;1;0;0;0;1;1
"07/06/2011";"11:18:00";"626";"sem vítima";"75";"BR-116/SC";"Sul";"Colisão Traseira";1;0;1;0;0;0;0;0;0;0;3;0;0;0;0
"07/06/2011";"12:15:00";"630";"sem vítima";"167";"BR-116/PR";"Norte";"Saida de Pista";0;0;0;0;0;0;0;0;0;1;1;0;0;0;0
"07/06/2011";"16:35:00";"658";"sem vítima";"115";"BR-116/PR";"Sul";"Colisão Transversal";1;0;0;0;0;1;0;0;0;0;2;0;0;0;0
"07/06/2011";"20:39:00";"682";"com vítima";"134,800";"BR-116/SC";"Norte";"Saida de Pista";0;0;1;0;0;0;0;0;0;0;1;1;0;0;0
"08/06/2011";"07:48:00";"706";"com vítima";"141,5";"BR-116/PR";"Norte";"Queda de Moto";0;0;1;1;0;0;0;0;0;0;1;1;0;0;0
"08/06/2011";"08:19:00";"709";"com vítima";"1,20000";"BR-116/SC";"Sul";"Colisão Transversal";0;0;0;1;0;0;0;0;0;1;1;1;0;0;0
"08/06/2011";"17:55:00";"755";"com vítima";"4,5";"BR-116/SC";"Sul";"Queda de Moto";0;0;0;1;0;0;0;0;0;0;0;1;0;0;0
"08/06/2011";"18:41:00";"762";"com vítima";"211,5";"BR-116/PR";"Sul";"Atropelamento - Morador";1;0;0;0;0;0;0;0;0;0;4;1;0;0;0
"09/06/2011";"01:47:00";"781";"com vítima";"123";"BR-116/PR";"Sul";"Colisão Traseira";1;0;0;0;1;0;0;0;0;0;20;3;0;0;0
"09/06/2011";"06:29:00";"785";"sem vítima";"186";"BR-116/PR";"Sul";"Colisão Lateral";0;0;2;0;0;0;0;0;0;0;2;0;0;0;0
"09/06/2011";"07:16:00";"787";"sem vítima";"139,300";"BR-116/PR";"Norte";"Colisão Transversal";2;0;0;0;0;0;0;0;0;0;2;0;0;0;0
"09/06/2011";"09:50:00";"797";"sem vítima";"157,600";"BR-116/PR";"Norte";"Objeto lançado contra veículo";0;0;2;0;0;0;0;0;0;0;2;0;0;0;0
"09/06/2011";"16:46:00";"823";"sem vítima";"203,199";"BR-116/SC";"Norte";"Colisão Lateral";1;0;0;0;0;1;0;0;0;0;3;0;0;0;0
"09/06/2011";"20:21:00";"842";"sem vítima";"202";"BR-116/PR";"Sul";"Colisão Lateral";0;0;1;0;0;1;0;0;0;0;2;0;0;0;0
"09/06/2011";"21:30:00";"845";"com vítima";"246,300";"BR-116/SC";"Sul";"Colisão Frontal";1;0;1;0;0;0;0;0;0;0;3;0;0;1;0
"10/06/2011";"16:25:00";"903";"sem vítima";"118,800";"BR-116/PR";"Sul";"Colisão Traseira";1;0;1;0;0;0;0;0;0;0;2;0;0;0;0
"10/06/2011";"16:50:00";"905";"com vítima";"7";"BR-116/SC";"Norte";"Colisão Transversal";2;0;0;0;0;0;0;0;0;0;2;1;0;0;0
"10/06/2011";"18:55:00";"914";"com vítima";"4,5";"BR-116/SC";"Norte";"Colisão Transversal";0;0;0;2;0;0;0;0;0;0;1;2;0;0;0
"10/06/2011";"19:42:00";"921";"com vítima";"119";"BR-116/PR";"Sul";"Colisão Transversal";1;0;0;0;0;1;0;0;0;0;2;1;0;0;0
"11/06/2011";"05:27:00";"953";"sem vítima";"124,5";"BR-116/PR";"Sul";"Colisão Traseira";1;0;0;0;0;1;0;0;0;0;2;0;0;0;0
"11/06/2011";"12:01:00";"971";"sem vítima";"42";"BR-116/SC";"Sul";"Colisão Lateral";1;0;1;0;0;0;0;0;0;0;3;0;0;0;0
"11/06/2011";"16:42:00";"992";"com vítima";"211,300";"BR-116/SC";"Sul";"Tombamento";0;0;1;0;0;0;0;0;0;0;0;1;0;0;0
"11/06/2011";"17:53:00";"1000";"com vítima";"119,099";"BR-116/PR";"Sul";"Colisão Frontal";2;0;1;0;0;0;0;0;0;0;7;0;3;0;0
"11/06/2011";"19:21:00";"1006";"sem vítima";"121,099";"BR-116/PR";"Norte";"Colisão Traseira";2;0;0;0;0;0;0;0;0;0;5;0;0;0;0
"12/06/2011";"00:34:00";"1023";"sem vítima";"124,5";"BR-116/PR";"Sul";;2;0;0;0;0;0;0;0;0;0;2;0;0;0;0
"12/06/2011";"03:19:00";"1030";"sem vítima";"146,100";"BR-116/PR";"Norte";"Saida de Pista";1;0;0;0;0;0;0;0;0;0;1;0;0;0;0
"12/06/2011";"05:28:00";"1032";"sem vítima";"127,5";"BR-116/PR";"Sul";"Saida de Pista";0;0;1;0;0;0;0;0;0;0;1;0;0;0;0
"12/06/2011";"05:36:00";"1033";"sem vítima";"122";"BR-116/SC";"Sul";"Saida de Pista";0;0;1;0;0;0;0;0;0;0;1;0;0;0;0
"12/06/2011";"05:42:00";"1034";"com vítima";"253,699";"BR-116/SC";"Sul";"Saida de Pista";1;0;0;0;0;0;0;0;0;0;0;0;1;0;0
"12/06/2011";"05:44:00";"1035";"sem vítima";"0,10000";"BR-116/SC";"Sul";"Saida de Pista";0;0;1;0;0;0;0;0;0;0;2;0;0;0;0
"12/06/2011";"05:56:00";"1036";"sem vítima";"115";"BR-116/SC";"Norte";"Saida de Pista";0;0;1;0;0;0;0;0;0;0;1;0;0;0;0
"12/06/2011";"16:41:00";"1076";"com vítima";"181,399";"BR-116/SC";"Norte";"Colisão Lateral";2;0;1;0;0;0;0;0;0;0;8;1;1;0;0
"12/06/2011";"17:56:00";"1081";"sem vítima";"179,399";"BR-116/SC";"Norte";"Colisão Lateral";2;0;0;0;0;0;0;0;0;1;9;0;0;0;0
"12/06/2011";"21:42:00";"1099";"sem vítima";"172,699";"BR-116/SC";"Sul";"Choque - Outros";1;0;0;0;0;0;0;0;0;0;3;0;0;0;0
"13/06/2011";"08:14:00";"1123";"sem vítima";"118,199";"BR-116/PR";"Sul";"Engavetamento";2;0;1;0;0;0;0;0;0;0;3;0;0;0;0
"13/06/2011";"10:03:00";"1136";"sem vítima";"11";"BR-116/SC";"Norte";"Saida de Pista";1;0;0;0;0;0;0;0;0;0;2;0;0;0;0
"13/06/2011";"14:25:00";"1158";"sem vítima";"115,800";"BR-116/PR";"Norte";"Colisão Traseira";0;0;2;0;0;0;0;0;0;0;2;0;0;0;0
"14/06/2011";"07:53:00";"1219";"com vítima";"124";"BR-116/PR";"Norte";"Choque - Veiculo parado na pista";1;0;1;0;0;0;0;0;0;0;1;2;1;0;0
"14/06/2011";"08:18:00";"1223";"sem vítima";"178,800";"BR-116/PR";"Sul";"Colisão Lateral";2;0;0;0;0;0;0;0;0;0;3;0;0;0;0
"14/06/2011";"14:34:00";"1260";"sem vítima";"177,899";"BR-116/SC";"Sul";"Colisão Lateral";0;0;1;0;0;0;0;0;0;1;2;0;0;0;0
"14/06/2011";"15:12:00";"1264";"com vítima";"126,800";"BR-116/PR";"Norte";"Atropelamento - Outros";0;0;1;0;0;0;0;0;0;0;1;1;0;0;0
"14/06/2011";"16:52:00";"1277";"sem vítima";"117,5";"BR-116/PR";"Sul";"Colisão Lateral";1;0;1;0;0;0;0;0;0;0;6;0;0;0;0
"14/06/2011";"21:27:00";"1301";"sem vítima";"116,800";"BR-116/PR";"Norte";"Colisão Lateral";1;0;0;0;0;1;0;0;0;0;5;0;0;0;0
"15/06/2011";"08:12:00";"1334";"sem vítima";"4,5";"BR-116/SC";"Sul";"Colisão Transversal";2;0;0;0;0;0;0;0;0;0;2;0;0;0;0
"15/06/2011";"16:23:00";"1361";"com vítima";"118,5";"BR-116/PR";"Sul";"Colisão Transversal";0;0;1;1;0;0;0;0;0;0;1;1;0;0;0
"15/06/2011";"17:47:00";"1367";"sem vítima";"135,5";"BR-116/SC";"Sul";"Colisão Traseira";0;0;2;0;0;0;0;0;0;0;2;0;0;0;0
"15/06/2011";"17:58:00";"1368";"sem vítima";"152,100";"BR-116/PR";"Norte";"Colisão Transversal";2;0;0;0;0;0;0;0;0;0;3;0;0;0;0
"15/06/2011";"18:08:00";"1369";"sem vítima";"220,5";"BR-116/SC";"Norte";"Colisão Lateral";2;0;0;0;0;0;0;0;0;0;3;0;0;0;0
"16/06/2011";"06:42:00";"1403";"com vítima";"125,5";"BR-116/PR";"Norte";"Atropelamento - Usuário";0;0;0;1;0;0;0;0;0;0;1;1;0;0;0
"16/06/2011";"07:56:00";"1407";"sem vítima";"211,5";"BR-116/SC";"Norte";"Saida de Pista";1;0;0;0;0;0;0;0;0;0;1;0;0;0;0
"16/06/2011";"10:55:00";"1422";"com vítima";"119";"BR-116/PR";"Norte";"Colisão Traseira";2;0;0;0;0;0;0;0;0;0;4;1;0;0;0
"16/06/2011";"18:29:00";"1461";"com vítima";"33,5";"BR-116/SC";"Norte";"Colisão Traseira";1;0;0;0;2;1;0;0;0;0;3;0;0;0;1
"17/06/2011";"00:34:00";"1480";"sem vítima";"235,800";"BR-116/SC";"Norte";"Colisão Lateral";0;0;1;0;0;1;0;0;0;0;2;0;0;0;0
"17/06/2011";"05:47:00";"1495";"sem vítima";"151,300";"BR-116/PR";"Sul";"Colisão Lateral";0;0;0;0;0;1;0;0;0;1;3;0;0;0;0
"17/06/2011";"12:53:00";"1526";"com vítima";"151";"BR-116/PR";"Sul";"Choque - Veiculo parado na pista";2;0;0;0;0;0;0;0;0;0;1;1;0;0;0
"17/06/2011";"16:37:00";"1540";"sem vítima";"179,050";"BR-116/PR";"Norte";"Choque - Defensa, barreira ou "submarino"";1;0;0;0;0;0;0;0;0;0;1;0;0;0;0
"17/06/2011";"17:52:00";"1548";"com vítima";"116,300";"BR-116/PR";"Sul";"Colisão Transversal";0;0;0;1;1;0;0;0;0;0;37;2;0;0;0
"17/06/2011";"18:15:00";"1551";"sem vítima";"115,199";"BR-116/PR";"Sul";"Colisão Traseira";2;0;0;0;0;0;0;0;0;0;5;0;0;0;0
"17/06/2011";"18:37:00";"1554";"sem vítima";"116,400";"BR-116/PR";"Sul";"Colisão Traseira";2;0;0;0;0;0;0;0;0;0;2;0;0;0;0
"18/06/2011";"00:33:00";"1577";"sem vítima";"116";"BR-116/PR";"Sul";"Choque - Veiculo parado na pista";2;0;0;0;0;0;0;0;0;0;2;0;0;0;0
"18/06/2011";"01:54:00";"1579";"com vítima";"202,399";"BR-116/SC";"Sul";"Saida de Pista";1;0;0;0;0;0;0;0;0;0;2;1;0;0;0
"18/06/2011";"04:07:00";"1581";"com vítima";"117";"BR-116/PR";"Norte";"Colisão Traseira";1;0;0;1;0;0;0;0;0;0;1;1;0;0;0
"18/06/2011";"09:10:00";"1593";"sem vítima";"119";"BR-116/PR";"Norte";"Choque - Veiculo parado na pista";3;0;0;0;0;0;0;0;0;0;8;0;0;0;0
"18/06/2011";"10:49:00";"1602";"sem vítima";"1";"BR-116/SC";"Sul";"Outros";0;0;1;0;0;0;0;0;0;0;1;0;0;0;0
"18/06/2011";"11:05:00";"1605";"sem vítima";"140,699";"BR-116/SC";"Sul";"Saida de Pista";1;0;0;0;0;0;0;0;0;0;1;0;0;0;0
"18/06/2011";"14:40:00";"1616";"sem vítima";"191";"BR-116/PR";"Sul";"Colisão Traseira";2;0;0;0;0;0;0;0;0;0;2;0;0;0;0
"18/06/2011";"23:18:00";"1657";"sem vítima";"135";"BR-116/SC";"Norte";"Saida de Pista";1;0;0;0;0;0;0;0;0;0;1;0;0;0;0
"19/06/2011";"00:21:00";"1663";"com vítima";"120";"BR-116/PR";"Norte";"Outros";0;1;0;0;0;0;0;0;0;0;0;1;0;0;0
"19/06/2011";"11:40:00";"1690";"sem vítima";"122";"BR-116/PR";"Norte";"Colisão Transversal";1;0;0;0;0;1;0;0;0;0;5;0;0;0;0
"19/06/2011";"12:03:00";"1694";"com vítima";"126,199";"BR-116/PR";"Norte";"Colisão Traseira";2;0;0;0;0;0;0;0;0;0;7;0;1;0;0
"19/06/2011";"15:45:00";"1708";"sem vítima";"245,600";"BR-116/SC";"Sul";"Colisão Transversal";1;0;1;0;0;0;0;0;0;0;2;0;0;0;0
"19/06/2011";"20:09:00";"1737";"com vítima";"72,6999";"BR-116/SC";"Sul";"Colisão Transversal";1;0;0;1;0;0;0;0;0;0;1;1;0;1;0
"19/06/2011";"22:38:00";"1743";"sem vítima";"236";"BR-116/SC";"Sul";"Saida de Pista";0;0;1;0;0;0;0;0;0;0;1;0;0;0;0
"20/06/2011";"08:45:00";"1757";"com vítima";"171,600";"BR-116/PR";"Norte";"Saida de Pista";1;0;0;0;0;0;0;0;0;0;0;0;0;1;0
"20/06/2011";"09:12:00";"1763";"sem vítima";"122,300";"BR-116/PR";"Sul";"Colisão Lateral";0;0;2;0;0;0;0;0;0;0;2;0;0;0;0
"20/06/2011";"12:31:00";"1778";"com vítima";"181";"BR-116/SC";"Sul";"Saida de Pista";0;0;1;1;0;0;0;0;0;0;1;1;0;0;0
"20/06/2011";"12:33:00";"1779";"sem vítima";"206,199";"BR-116/PR";"Norte";"Colisão Transversal";2;0;0;0;0;0;0;0;0;0;3;0;0;0;0
"20/06/2011";"13:51:00";"1784";"sem vítima";"118,699";"BR-116/SC";"Sul";"Choque - Talude";0;0;1;0;0;0;0;0;0;0;1;0;0;0;0
"20/06/2011";"20:17:00";"1811";"sem vítima";"116,199";"BR-116/PR";"Sul";"Saida de Pista";0;0;0;0;0;0;0;0;0;1;1;0;0;0;0
"21/06/2011";"06:32:00";"1836";"sem vítima";"218,5";"BR-116/SC";"Norte";"Saida de Pista";1;0;0;0;0;0;0;0;0;0;1;0;0;0;0
"21/06/2011";"07:13:00";"1838";"sem vítima";"130,5";"BR-116/SC";"Norte";"Saida de Pista";1;0;0;0;0;0;0;0;0;0;1;0;0;0;0
"21/06/2011";"07:53:00";"1842";"sem vítima";"118,5";"BR-116/PR";"Norte";"Colisão Transversal";2;0;0;0;0;0;0;0;0;0;4;0;0;0;0
"21/06/2011";"08:54:00";"1850";"com vítima";"124,900";"BR-116/PR";"Sul";"Choque - Defensa, barreira ou "submarino"";1;0;0;0;0;0;0;0;0;0;0;1;2;0;0
"21/06/2011";"12:10:00";"1864";"sem vítima";"117";"BR-116/PR";"Sul";"Colisão Lateral";1;0;1;0;0;0;0;0;0;0;3;0;0;0;0
"21/06/2011";"15:35:00";"1874";"com vítima";"4,69999";"BR-116/SC";"Sul";"Colisão Lateral";2;0;0;0;0;0;0;0;0;1;3;2;0;0;0
"21/06/2011";"17:38:00";"1885";"sem vítima";"172,800";"BR-116/PR";"Norte";"Choque - Veiculo parado na pista";2;0;0;0;1;0;0;0;0;0;4;0;0;0;0
"22/06/2011";"00:15:00";"1915";"com vítima";"24,5";"BR-116/SC";"Sul";"Saida de Pista";0;0;1;0;0;0;0;0;0;0;0;0;0;1;0
"22/06/2011";"07:35:00";"1931";"sem vítima";"159";"BR-116/PR";"Sul";"Colisão Transversal";1;0;1;0;0;0;0;0;0;0;2;0;0;0;0
"22/06/2011";"08:19:00";"1935";"sem vítima";"105,099";"BR-116/SC";"Norte";"Saida de Pista";1;0;0;0;0;0;0;0;0;0;1;0;0;0;0
"22/06/2011";"08:41:00";"1936";"sem vítima";"203,199";"BR-116/SC";"Norte";"Saida de Pista";1;0;0;0;0;0;0;0;0;0;1;0;0;0;0
"22/06/2011";"11:14:00";"1952";"sem vítima";"118";"BR-116/PR";"Norte";"Choque - Veiculo parado na pista";3;0;0;0;0;0;0;0;0;0;3;0;0;0;0
"22/06/2011";"11:24:00";"1954";"sem vítima";"245,600";"BR-116/SC";"Norte";"Colisão Transversal";2;0;0;0;0;0;0;0;0;0;4;0;0;0;0
"22/06/2011";"19:28:00";"2006";"sem vítima";"152";"BR-116/SC";"Sul";"Colisão Traseira";2;0;0;0;0;0;0;0;0;0;5;0;0;0;0
"22/06/2011";"20:58:00";"2015";"sem vítima";"115,900";"BR-116/PR";"Sul";"Choque - Veiculo parado na pista";2;0;0;0;0;0;0;0;0;0;2;0;0;0;0
"23/06/2011";"06:13:00";"2042";"sem vítima";"36";"BR-116/SC";"Sul";"Colisão Frontal";1;0;1;0;0;0;0;0;0;0;5;0;0;0;0
"23/06/2011";"14:30:00";"2080";"sem vítima";"115";"BR-116/SC";"Norte";"Colisão Lateral";1;0;1;0;0;0;0;0;0;0;6;0;0;0;0
"23/06/2011";"16:31:00";"2084";"sem vítima";"131,5";"BR-116/PR";"Norte";"Colisão Lateral";1;0;1;0;0;0;0;0;0;0;5;0;0;0;0
"24/06/2011";"18:39:00";"2159";"sem vítima";"1,60000";"BR-116/SC";"Sul";"Colisão Transversal";1;0;0;1;0;0;0;0;0;0;4;0;0;0;0
"25/06/2011";"05:37:00";"2200";"com vítima";"235,899";"BR-116/SC";"Norte";"Saida de Pista";1;0;0;0;0;0;0;0;0;0;2;0;1;2;0
"25/06/2011";"06:05:00";"2201";"sem vítima";"234,800";"BR-116/SC";"Sul";"Saida de Pista";1;0;0;0;0;0;0;0;0;0;1;0;0;0;0
"25/06/2011";"07:01:00";"2203";"sem vítima";"0,5";"BR-116/SC";"Sul";"Saida de Pista";1;0;0;0;0;0;0;0;0;0;2;0;0;0;0
"25/06/2011";"08:02:00";"2208";"sem vítima";"9";"BR-116/SC";"Norte";"Saida de Pista";0;0;1;0;0;0;0;0;0;0;1;0;0;0;0
"25/06/2011";"17:03:00";"2247";"com vítima";"119,5";"BR-116/PR";"Sul";"Colisão Transversal";3;0;0;0;0;0;0;0;0;0;1;4;0;0;0
"25/06/2011";"19:06:00";"2257";"com vítima";"171,5";"BR-116/PR";"Sul";"Saida de Pista";1;0;0;0;0;0;0;0;0;0;4;1;0;0;0
"26/06/2011";"01:25:00";"2273";"sem vítima";"217,399";"BR-116/SC";"Norte";"Colisão Traseira";1;0;1;0;0;0;0;0;0;0;2;0;0;0;0
"26/06/2011";"02:08:00";"2278";"com vítima";"229,300";"BR-116/SC";"Norte";"Saida de Pista";1;0;0;0;0;0;0;0;0;0;0;1;0;0;0
"26/06/2011";"05:53:00";"2279";"sem vítima";"132,300";"BR-116/PR";"Norte";"Colisão Lateral";1;0;1;0;0;0;0;0;0;0;3;0;0;0;0
"26/06/2011";"08:06:00";"2288";"sem vítima";"177,100";"BR-116/PR";"Norte";"Saida de Pista";0;0;1;0;0;0;0;0;0;0;1;0;0;0;0
"26/06/2011";"08:06:00";"2289";"sem vítima";"308,700";"BR-116/SC";"Sul";"Saida de Pista";1;0;0;0;0;0;0;0;0;0;1;0;0;0;0
"26/06/2011";"09:27:00";"2292";"com vítima";"20";"BR-116/SC";"Norte";"Queda de Moto";0;0;0;1;0;0;0;0;0;0;0;1;0;0;0
"26/06/2011";"12:24:00";"2306";"sem vítima";"103";"BR-116/SC";"Norte";"Saida de Pista";0;0;0;0;0;0;0;0;0;1;1;0;0;0;0
"26/06/2011";"13:34:00";"2312";"sem vítima";"1";"BR-116/SC";"Norte";"Choque - Defensa, barreira ou "submarino"";1;0;0;0;0;0;0;0;0;0;1;0;0;0;0
"26/06/2011";"16:42:00";"2331";"sem vítima";"115";"BR-116/PR";"Sul";"Saida de Pista";1;0;0;0;0;0;0;0;0;0;1;0;0;0;0
"26/06/2011";"17:48:00";"2338";"sem vítima";"265,200";"BR-116/SC";"Norte";"Saida de Pista";1;0;0;0;0;0;0;0;0;0;4;0;0;0;0
"26/06/2011";"17:50:00";"2339";"com vítima";"118,949";"BR-116/SC";"Sul";"Colisão Frontal";2;0;0;0;0;0;0;0;0;0;0;3;3;1;2
"26/06/2011";"19:02:00";"2342";"com vítima";"245,600";"BR-116/SC";"Norte";"Colisão Transversal";1;0;1;0;0;0;0;0;0;0;4;0;2;0;0
"27/06/2011";"13:48:00";"2423";"com vítima";"117,300";"BR-116/PR";"Sul";"Choque - Veiculo parado na pista";4;0;0;0;1;0;0;0;0;0;24;2;0;0;0
"27/06/2011";"14:21:00";"2428";"sem vítima";"117";"BR-116/PR";"Sul";"Colisão Traseira";1;0;0;1;0;0;0;0;0;0;2;0;0;0;0
"27/06/2011";"15:17:00";"2434";"sem vítima";"116,400";"BR-116/PR";"Sul";"Colisão Traseira";2;0;0;0;0;0;0;0;0;0;3;0;0;0;0
"27/06/2011";"22:40:00";"2474";"sem vítima";"126";"BR-116/PR";"Norte";"Colisão Lateral";0;0;1;0;0;1;0;0;0;0;3;0;0;0;0
"28/06/2011";"07:14:00";"2510";"sem vítima";"125,199";"BR-116/SC";"Sul";"Colisão Traseira";2;0;0;0;0;0;0;0;0;0;4;0;0;0;0
"28/06/2011";"11:11:00";"2553";"sem vítima";"147";"BR-116/PR";"Sul";"Saida de Pista";0;0;1;0;0;0;0;0;0;0;1;0;0;0;0
"28/06/2011";"15:22:00";"2574";"sem vítima";"119,5";"BR-116/PR";"Norte";"Choque - Veiculo parado na pista";1;0;2;0;0;0;0;0;0;0;4;0;0;0;0
"28/06/2011";"15:43:00";"2577";"com vítima";"117,199";"BR-116/PR";"Sul";"Atropelamento - Usuário";1;0;0;0;0;0;0;0;0;0;1;0;1;0;0
"28/06/2011";"15:52:00";"2579";"sem vítima";"127,5";"BR-116/PR";"Sul";"Colisão Transversal";2;0;0;0;0;0;0;0;0;0;2;0;0;0;0
"28/06/2011";"16:35:00";"2583";"sem vítima";"152";"BR-116/SC";"Norte";"Colisão Traseira";2;0;0;0;0;0;0;0;0;0;4;0;0;0;0
"28/06/2011";"19:35:00";"2599";"com vítima";"5,80000";"BR-116/SC";"Sul";"Colisão Transversal";1;0;1;0;0;0;0;0;0;0;1;1;0;1;0
"29/06/2011";"08:08:00";"2623";"sem vítima";"134,100";"BR-116/SC";"Norte";"Saida de Pista";1;0;0;0;0;0;0;0;0;0;1;0;0;0;0
"29/06/2011";"14:13:00";"2655";"sem vítima";"155,199";"BR-116/PR";"Sul";"Tombamento";1;0;0;0;0;0;0;0;0;0;1;0;0;0;0
"29/06/2011";"14:21:00";"2656";"sem vítima";"2,20000";"BR-116/SC";"Norte";"Colisão Traseira";0;0;2;0;0;0;0;0;0;0;2;0;0;0;0
"29/06/2011";"14:54:00";"2660";"sem vítima";"166,5";"BR-116/SC";"Sul";"Colisão Transversal";1;0;1;0;0;0;0;0;0;0;4;0;0;0;0
"29/06/2011";"15:25:00";"2662";"sem vítima";"119,5";"BR-116/PR";"Sul";"Choque - Veiculo parado na pista";1;0;1;0;0;0;0;0;0;0;2;0;0;0;0
"29/06/2011";"20:13:00";"2697";"sem vítima";"142";"BR-116/PR";"Norte";"Colisão Traseira";1;0;1;0;0;0;0;0;0;0;2;0;0;0;0
"29/06/2011";"22:01:00";"2703";"sem vítima";"207,699";"BR-116/SC";"Norte";"Saida de Pista";0;0;1;0;0;0;0;0;0;0;1;0;0;0;0
"30/06/2011";"11:08:00";"2738";"com vítima";"197,699";"BR-116/PR";"Norte";"Saida de Pista";1;0;0;0;0;0;0;0;0;0;0;1;0;0;0
"30/06/2011";"15:34:00";"2760";"com vítima";"198,199";"BR-116/PR";"Norte";"Saida de Pista";0;0;0;0;0;0;0;0;0;1;2;1;0;0;0
"30/06/2011";"15:41:00";"2762";"sem vítima";"153,199";"BR-116/PR";"Norte";"Colisão Traseira";2;0;0;0;0;0;0;0;0;0;2;0;0;0;0
"30/06/2011";"18:27:00";"2779";"sem vítima";"7";"BR-116/SC";"Sul";"Colisão Transversal";2;0;0;0;0;0;0;0;0;0;4;0;0;0;0
"30/06/2011";"19:54:00";"2788";"sem vítima";"182";"BR-116/PR";"Norte";"Saida de Pista";1;0;0;0;0;0;0;0;0;0;1;0;0;0;0
"30/06/2011";"20:43:00";"2790";"sem vítima";"124,400";"BR-116/PR";"Norte";"Saida de Pista";1;0;0;0;0;0;0;0;0;0;1;0;0;0;0
"30/06/2011";"20:46:00";"2791";"sem vítima";"72";"BR-116/SC";"Sul";"Saida de Pista";0;0;1;0;0;0;0;0;0;0;1;0;0;0;0
"01/07/2011";"07:50:00";"22";"sem vítima";"119,400";"BR-116/PR";"Norte";"Colisão Traseira";1;0;1;0;0;0;0;0;0;0;4;0;0;0;0
"01/07/2011";"09:24:00";"29";"sem vítima";"184,300";"BR-116/SC";"Norte";"Colisão Lateral";2;0;0;0;0;0;0;0;0;0;4;0;0;0;0
"01/07/2011";"16:24:00";"65";"com vítima";"129,199";"BR-116/PR";"Sul";"Colisão Transversal";2;0;0;0;0;0;0;0;0;0;2;1;0;0;0
"01/07/2011";"17:05:00";"68";"com vítima";"157,5";"BR-116/PR";"Sul";"Colisão Transversal";1;0;0;0;0;0;0;0;0;1;4;0;1;0;0
"01/07/2011";"19:12:00";"83";"com vítima";"119";"BR-116/PR";"Sul";"Engavetamento";2;0;1;0;0;0;0;0;0;0;4;1;0;0;0
"01/07/2011";"20:32:00";"89";"com vítima";"146,100";"BR-116/SC";"Sul";"Colisão Frontal";2;0;0;0;0;0;0;0;0;0;0;5;2;0;0
"01/07/2011";"22:21:00";"96";"sem vítima";"210,899";"BR-116/PR";"Norte";"Colisão Transversal";2;0;0;0;0;0;0;0;0;0;2;0;0;0;0
"02/07/2011";"13:16:00";"130";"sem vítima";"157,800";"BR-116/PR";"Sul";"Colisão Transversal";1;0;1;0;0;0;0;0;0;0;2;0;0;0;0
"02/07/2011";"18:44:00";"156";"sem vítima";"139,199";"BR-116/SC";"Sul";"Colisão Transversal";2;0;0;0;0;0;0;0;0;0;5;0;0;0;0
"02/07/2011";"19:17:00";"159";"com vítima";"46,9500";"BR-116/SC";"Sul";"Colisão Frontal";2;0;0;0;0;0;0;0;0;0;1;4;2;0;0
"02/07/2011";"22:00:00";"174";"com vítima";"130,199";"BR-116/SC";"Norte";"Choque - Veiculo parado no acostamento";0;0;2;0;0;0;0;0;0;0;1;1;0;0;0
"03/07/2011";"03:10:00";"185";"sem vítima";"205,5";"BR-116/PR";"Sul";"Saida de Pista";1;0;0;0;0;0;0;0;0;0;2;0;0;0;0