data;horario;n_da_ocorrencia;tipo_de_ocorrencia;km;trecho;sentido;tipo_de_acidente;automovel;bicicleta;caminhao;moto;onibus;outros;tracao_animal;transporte_de_cargas_especiais;trator_maquinas;utilitarios;ilesos;levemente_feridos;moderadamente_feridos;gravemente_feridos;mortos
"31/07/2011";"16:16:00";"2806";"sem vítima";"184,5";"BR-116/SC";"Sul";"Colisão Traseira";1;0;1;0;0;0;0;0;0;0;5;0;0;0;0
"31/07/2011";"18:02:00";"2819";"sem vítima";"125,099";"BR-116/PR";"Norte";"Colisão Traseira";2;0;0;0;0;0;0;0;0;0;3;0;0;0;0
"31/07/2011";"20:19:00";"2837";"sem vítima";"133";"BR-116/PR";"Sul";"Atropelamento de Animal";1;0;0;0;0;0;0;0;0;0;4;0;0;0;0
"31/07/2011";"20:19:00";"2836";"sem vítima";"133";"BR-116/PR";"Norte";"Atropelamento de Animal";1;0;0;0;0;0;0;0;0;0;1;0;0;0;0
"01/08/2011";"01:08:00";"2";"sem vítima";"72";"BR-116/SC";"Sul";"Saida de Pista";1;0;0;0;0;0;0;0;0;0;1;0;0;0;0
"01/08/2011";"08:34:00";"24";"sem vítima";"115,5";"BR-116/PR";"Norte";"Engavetamento";3;0;1;0;0;1;0;0;0;0;5;0;0;0;0
"01/08/2011";"16:00:00";"55";"sem vítima";"51,7000";"BR-116/SC";"Sul";"Saida de Pista";1;0;0;0;0;0;0;0;0;0;1;0;0;0;0
"01/08/2011";"16:10:00";"56";"sem vítima";"119,800";"BR-116/PR";"Norte";"Saida de Pista";0;0;1;0;0;0;0;0;0;0;1;0;0;0;0
"01/08/2011";"16:28:00";"58";"sem vítima";"197,399";"BR-116/PR";"Sul";"Saida de Pista";1;0;0;0;0;0;0;0;0;0;3;0;0;0;0
"01/08/2011";"16:54:00";"59";"sem vítima";"119,800";"BR-116/PR";"Sul";"Saida de Pista";0;0;1;0;0;0;0;0;0;0;4;0;0;0;0
"01/08/2011";"16:55:00";"60";"sem vítima";"119,800";"BR-116/PR";"Norte";"Saida de Pista";1;0;0;0;0;0;0;0;0;0;2;0;0;0;0
"01/08/2011";"17:28:00";"64";"com vítima";"116,199";"BR-116/PR";"Norte";"Colisão Transversal";2;0;0;0;0;0;0;0;0;0;2;1;0;0;0
"01/08/2011";"18:14:00";"70";"sem vítima";"119,800";"BR-116/PR";"Sul";"Colisão Traseira";1;0;1;0;0;0;0;0;0;0;2;0;0;0;0
"01/08/2011";"18:45:00";"73";"sem vítima";"117,800";"BR-116/PR";"Sul";"Colisão Lateral";0;0;1;0;0;0;0;0;0;1;4;0;0;0;0
"01/08/2011";"20:51:00";"84";"sem vítima";"211,100";"BR-116/PR";"Norte";"Colisão Lateral";1;0;1;0;0;0;0;0;0;0;2;0;0;0;0
"02/08/2011";"07:31:00";"114";"sem vítima";"209";"BR-116/PR";"Norte";"Colisão Transversal";2;0;0;0;0;0;0;0;0;0;4;0;0;0;0
"02/08/2011";"14:28:00";"148";"com vítima";"135,100";"BR-116/PR";"Norte";"Colisão Traseira";1;0;1;0;0;0;0;0;0;0;1;0;0;1;0
"02/08/2011";"18:32:00";"166";"com vítima";"124,800";"BR-116/PR";"Norte";"Queda de Moto";0;0;0;1;0;0;0;0;0;0;0;1;0;0;0
"02/08/2011";"19:42:00";"172";"sem vítima";"82";"BR-116/SC";"Sul";"Atropelamento de Animal";0;0;1;0;0;0;0;0;0;0;1;0;0;0;0
"03/08/2011";"08:43:00";"201";"sem vítima";"57,5";"BR-116/SC";"Norte";"Objeto lançado contra veículo";0;0;2;0;0;0;0;0;0;0;2;0;0;0;0
"03/08/2011";"10:18:00";"213";"sem vítima";"134,5";"BR-116/PR";"Norte";"Choque - Defensa, barreira ou "submarino"";0;0;1;0;0;0;0;0;0;0;1;0;0;0;0
"03/08/2011";"13:23:00";"227";"sem vítima";"41,5999";"BR-116/SC";"Norte";"Saida de Pista";0;0;1;0;0;0;0;0;0;0;1;0;0;0;0
"03/08/2011";"16:30:00";"242";"sem vítima";"126,5";"BR-116/PR";"Sul";"Colisão Traseira";2;0;1;0;0;0;0;0;0;0;3;0;0;0;0
"03/08/2011";"18:20:00";"258";"sem vítima";"13,5";"BR-116/SC";"Sul";"Queda de Moto";1;0;0;1;0;0;0;0;0;0;2;0;0;0;0
"04/08/2011";"03:00:00";"281";"sem vítima";"124";"BR-116/SC";"Sul";"Colisão Lateral";0;0;1;0;0;0;0;0;0;0;1;0;0;0;0
"04/08/2011";"09:19:00";"299";"sem vítima";"134";"BR-116/PR";"Norte";"Choque - Outros";0;0;1;0;0;0;0;0;0;0;1;0;0;0;0
"04/08/2011";"11:38:00";"309";"com vítima";"145";"BR-116/PR";"Sul";"Colisão Traseira";1;0;0;1;0;0;0;0;0;0;2;1;0;0;0
"04/08/2011";"18:59:00";"351";"com vítima";"141,600";"BR-116/PR";"Norte";"Queda de Moto";0;0;0;1;0;0;0;0;0;0;0;1;0;0;0
"04/08/2011";"19:19:00";"355";"sem vítima";"123,199";"BR-116/PR";"Norte";"Colisão Traseira";2;0;0;0;0;0;0;0;0;0;2;0;0;0;0
"04/08/2011";"20:49:00";"368";"sem vítima";"125";"BR-116/PR";"Norte";"Choque - Veiculo parado no acostamento";0;0;1;0;0;1;0;0;0;0;2;0;0;0;0
"05/08/2011";"03:54:00";"394";"com vítima";"57,7000";"BR-116/SC";"Norte";"Colisão Lateral";0;0;2;0;0;0;0;0;0;0;2;1;0;0;0
"05/08/2011";"06:26:00";"403";"com vítima";"118,099";"BR-116/PR";"Sul";"Colisão Lateral";1;0;0;1;0;0;0;0;0;0;1;1;0;0;0
"05/08/2011";"08:06:00";"414";"com vítima";"118,300";"BR-116/PR";"Norte";"Colisão Transversal";1;0;0;0;0;0;0;0;0;1;5;1;0;0;0
"05/08/2011";"11:28:00";"432";"sem vítima";"152,800";"BR-116/PR";"Norte";"Colisão Lateral";2;0;0;0;0;0;0;0;0;0;3;0;0;0;0
"05/08/2011";"11:38:00";"435";"com vítima";"94";"BR-116/SC";"Sul";"Saida de Pista";1;0;0;0;0;0;0;0;0;0;0;1;0;0;0
"05/08/2011";"15:41:00";"453";"sem vítima";"53,5";"BR-116/SC";"Sul";"Colisão Lateral";1;0;1;0;0;0;0;0;0;0;2;0;0;0;0
"05/08/2011";"17:07:00";"465";"sem vítima";"126,099";"BR-116/PR";"Sul";"Colisão Lateral";1;0;0;1;0;0;0;0;0;0;2;0;0;0;0
"05/08/2011";"18:44:00";"479";"sem vítima";"205,199";"BR-116/SC";"Norte";"Colisão Transversal";0;0;1;1;0;0;0;0;0;0;2;0;0;0;0
"05/08/2011";"21:16:00";"495";"sem vítima";"118,400";"BR-116/PR";"Norte";"Colisão Transversal";1;0;1;0;0;0;0;0;0;0;2;0;0;0;0
"06/08/2011";"08:08:00";"520";"com vítima";"233,300";"BR-116/SC";"Sul";"Colisão Transversal";1;0;0;0;0;0;0;0;0;1;3;2;0;0;0
"06/08/2011";"08:40:00";"522";"com vítima";"129,100";"BR-116/PR";"Norte";"Colisão Frontal";1;0;1;0;0;0;0;0;0;0;1;1;0;0;0
"06/08/2011";"10:11:00";"530";"sem vítima";"130";"BR-116/PR";"Sul";"Colisão Transversal";1;0;0;0;1;0;0;0;0;0;2;0;0;0;0
"06/08/2011";"11:22:00";"538";"sem vítima";"119,099";"BR-116/PR";"Norte";"Engavetamento";3;0;0;0;0;0;0;0;0;0;3;0;0;0;0
"06/08/2011";"13:31:00";"550";"com vítima";"119";"BR-116/PR";"Sul";"Colisão Traseira";1;0;1;0;0;0;0;0;0;0;2;1;1;1;0
"06/08/2011";"13:38:00";"551";"com vítima";"233";"BR-116/SC";"Norte";"Colisão Traseira";1;0;1;0;0;0;0;0;0;0;3;1;0;0;0
"06/08/2011";"14:39:00";"557";"sem vítima";"184,5";"BR-116/SC";"Sul";"Colisão Traseira";2;0;0;0;0;0;0;0;0;0;5;0;0;0;0
"06/08/2011";"14:53:00";"559";"sem vítima";"184,5";"BR-116/SC";"Norte";"Colisão Transversal";2;0;0;0;0;0;0;0;0;0;6;0;0;0;0
"06/08/2011";"19:11:00";"585";"com vítima";"115,5";"BR-116/PR";"Norte";"Atropelamento - Andarilho";1;0;0;0;0;0;0;0;0;0;1;1;0;0;0
"06/08/2011";"19:19:00";"586";"sem vítima";"120";"BR-116/PR";"Norte";"Colisão Traseira";2;0;0;0;0;0;0;0;0;0;4;0;0;0;0
"06/08/2011";"19:37:00";"590";"sem vítima";"192,100";"BR-116/SC";"Sul";"Saida de Pista";0;0;1;0;0;0;0;0;0;0;1;0;0;0;0
"06/08/2011";"21:18:00";"597";"sem vítima";"48,7000";"BR-116/SC";"Norte";"Colisão Transversal";2;0;0;0;0;0;0;0;0;0;2;0;0;0;0
"06/08/2011";"21:19:00";"598";"sem vítima";"16";"BR-116/SC";"Norte";"Colisão Lateral";1;0;0;0;0;1;0;0;0;0;3;0;0;0;0
"07/08/2011";"06:21:00";"619";"com vítima";"117,5";"BR-116/PR";"Norte";"Colisão Traseira";1;0;0;1;0;0;0;0;0;0;1;1;1;0;0
"07/08/2011";"07:58:00";"625";"com vítima";"121";"BR-116/SC";"Sul";"Colisão Frontal";1;0;1;0;0;0;0;0;0;0;0;0;2;0;3
"07/08/2011";"17:31:00";"675";"sem vítima";"129,199";"BR-116/PR";"Sul";"Colisão Transversal";2;0;0;0;0;0;0;0;0;0;6;0;0;0;0
"07/08/2011";"17:39:00";"679";"sem vítima";"254,800";"BR-116/SC";"Sul";"Saida de Pista";1;0;0;0;0;0;0;0;0;0;1;0;0;0;0
"07/08/2011";"19:59:00";"697";"sem vítima";"115,900";"BR-116/PR";"Norte";"Colisão Lateral";2;0;0;0;0;0;0;0;0;0;6;0;0;0;0
"07/08/2011";"21:11:00";"706";"sem vítima";"115,900";"BR-116/PR";"Norte";"Colisão Traseira";2;0;0;0;0;0;0;0;0;0;6;0;0;0;0
"08/08/2011";"01:54:00";"720";"sem vítima";"125";"BR-116/PR";"Norte";"Choque - Outros";1;0;0;0;0;0;0;0;0;0;1;0;0;0;0
"08/08/2011";"09:36:00";"733";"sem vítima";"107,900";"BR-116/SC";"Sul";"Colisão Traseira";2;0;1;0;0;0;0;0;0;0;5;0;0;0;0
"08/08/2011";"10:46:00";"737";"sem vítima";"245,600";"BR-116/SC";"Norte";"Colisão Transversal";2;0;0;0;0;0;0;0;0;0;3;0;0;0;0
"08/08/2011";"12:26:00";"749";"sem vítima";"180";"BR-116/SC";"Sul";"Colisão Lateral";2;0;0;0;0;0;0;0;0;0;4;0;0;0;0
"08/08/2011";"13:23:00";"755";"com vítima";"72";"BR-116/SC";"Sul";"Tombamento";0;1;0;0;0;0;0;0;0;0;0;1;0;0;0
"08/08/2011";"13:49:00";"756";"sem vítima";"252,899";"BR-116/SC";"Norte";"Colisão Traseira";2;0;0;0;0;0;0;0;0;0;7;0;0;0;0
"08/08/2011";"14:07:00";"758";"sem vítima";"216,899";"BR-116/SC";"Sul";"Choque - Defensa, barreira ou "submarino"";1;0;0;0;0;0;0;0;0;0;2;0;0;0;0
"08/08/2011";"14:43:00";"763";"sem vítima";"115,900";"BR-116/PR";"Norte";"Colisão Lateral";1;0;1;0;0;0;0;0;0;0;2;0;0;0;0
"08/08/2011";"14:56:00";"764";"sem vítima";"134";"BR-116/PR";"Norte";"Colisão Lateral";1;0;1;0;0;0;0;0;0;0;2;0;0;0;0
"09/08/2011";"01:04:00";"810";"sem vítima";"205,699";"BR-116/SC";"Sul";"Saida de Pista";0;0;1;0;0;0;0;0;0;0;1;0;0;0;0
"09/08/2011";"02:58:00";"814";"sem vítima";"161";"BR-116/PR";"Sul";"Saida de Pista";0;0;1;0;0;1;0;0;0;0;2;0;0;0;0
"09/08/2011";"05:41:00";"821";"sem vítima";"250";"BR-116/SC";"Sul";"Choque - Objeto sobre a pista";1;0;0;0;0;0;0;0;0;0;2;0;0;0;0
"09/08/2011";"06:47:00";"827";"sem vítima";"116,300";"BR-116/PR";"Norte";"Colisão Traseira";2;0;0;0;0;0;0;0;0;0;3;0;0;0;0
"09/08/2011";"07:37:00";"829";"sem vítima";"245,600";"BR-116/SC";"Sul";"Colisão Transversal";1;0;1;0;0;0;0;0;0;0;4;0;0;0;0
"09/08/2011";"07:53:00";"832";"com vítima";"210,800";"BR-116/PR";"Sul";"Colisão Transversal";1;0;0;0;1;0;0;0;0;0;1;1;0;0;0
"09/08/2011";"09:38:00";"848";"sem vítima";"29,7999";"BR-116/SC";"Norte";"Colisão Lateral";1;0;1;0;0;0;0;0;0;0;2;0;0;0;0
"09/08/2011";"16:13:00";"886";"sem vítima";"210";"BR-116/SC";"Sul";"Saida de Pista";0;0;1;0;0;0;0;0;0;0;1;0;0;0;0
"09/08/2011";"18:52:00";"906";"sem vítima";"119,5";"BR-116/PR";"Sul";"Colisão Transversal";1;0;1;0;0;0;0;0;0;0;2;0;0;0;0
"10/08/2011";"14:26:00";"985";"sem vítima";"174,100";"BR-116/PR";"Sul";"Choque - Defensa, barreira ou "submarino"";0;0;1;0;0;0;0;0;0;0;1;0;0;0;0
"11/08/2011";"05:22:00";"1040";"sem vítima";"278";"BR-116/SC";"Norte";"Atropelamento de Animal";1;0;0;0;0;0;0;0;0;0;1;0;0;0;0
"11/08/2011";"10:29:00";"1056";"com vítima";"152,199";"BR-116/PR";"Norte";"Colisão Transversal";1;0;1;0;0;0;0;0;0;0;1;0;0;1;0
"12/08/2011";"04:17:00";"1129";"sem vítima";"105,800";"BR-116/SC";"Norte";"Tombamento";0;0;1;0;0;0;0;0;0;0;3;0;0;0;0
"12/08/2011";"10:44:00";"1152";"sem vítima";"238,899";"BR-116/SC";"Sul";"Colisão Traseira";0;0;0;0;0;0;0;0;0;2;2;0;0;0;0
"12/08/2011";"14:53:00";"1169";"com vítima";"283,899";"BR-116/SC";"Norte";"Saida de Pista";1;0;0;0;0;0;0;0;0;0;1;2;0;1;0
"13/08/2011";"00:12:00";"1228";"com vítima";"117";"BR-116/PR";"Norte";"Saida de Pista";1;0;0;0;0;0;0;0;0;0;2;1;0;0;0
"13/08/2011";"00:41:00";"1229";"sem vítima";"127,5";"BR-116/PR";"Sul";"Colisão Transversal";1;0;1;0;0;0;0;0;0;0;2;0;0;0;0
"13/08/2011";"05:47:00";"1240";"com vítima";"116,099";"BR-116/PR";"Norte";"Atropelamento - Outros";1;0;0;1;0;0;0;0;0;0;4;1;0;0;0
"13/08/2011";"15:16:00";"1284";"sem vítima";"47";"BR-116/SC";"Sul";"Saida de Pista";0;0;0;0;0;0;0;0;0;1;1;0;0;0;0
"13/08/2011";"17:32:00";"1295";"com vítima";"245,600";"BR-116/SC";"Sul";"Choque - Outros";1;0;0;0;0;0;0;0;0;0;0;1;0;1;0
"13/08/2011";"20:30:00";"1313";"sem vítima";"124,5";"BR-116/PR";"Norte";"Choque - Defensa, barreira ou "submarino"";1;0;0;0;0;0;0;0;0;0;3;0;0;0;0
"13/08/2011";"22:38:00";"1318";"sem vítima";"200,600";"BR-116/PR";"Norte";"Saida de Pista";1;0;0;0;0;0;0;0;0;0;1;0;0;0;0
"14/08/2011";"02:27:00";"1325";"sem vítima";"139,899";"BR-116/PR";"Sul";"Colisão Transversal";2;0;0;0;0;0;0;0;0;0;4;0;0;0;0
"14/08/2011";"07:13:00";"1329";"com vítima";"305,299";"BR-116/SC";"Norte";"Colisão Lateral";1;0;1;0;0;0;0;0;0;0;1;2;0;0;0
"14/08/2011";"16:48:00";"1372";"sem vítima";"59,7999";"BR-116/SC";"Sul";"Colisão Frontal";2;0;0;0;0;0;0;0;0;0;5;0;0;0;0
"14/08/2011";"17:33:00";"1380";"com vítima";"126,099";"BR-116/PR";"Norte";"Saida de Pista";1;0;0;0;0;0;0;0;0;0;0;1;0;0;0
"14/08/2011";"18:27:00";"1388";"sem vítima";"152,399";"BR-116/PR";"Sul";"Colisão Transversal";3;0;0;0;0;0;0;0;0;0;7;0;0;0;0
"14/08/2011";"18:33:00";"1389";"sem vítima";"152,300";"BR-116/PR";"Norte";"Choque - Veiculo parado na pista";1;0;0;0;0;2;0;0;0;0;3;0;0;0;0
"14/08/2011";"19:10:00";"1396";"sem vítima";"122,800";"BR-116/PR";"Norte";"Choque - Veiculo parado na pista";3;0;0;0;0;0;0;0;0;0;8;0;0;0;0
"14/08/2011";"19:51:00";"1404";"sem vítima";"88";"BR-116/SC";"Norte";"Saida de Pista";1;0;1;0;0;0;0;0;0;0;3;0;0;0;0
"15/08/2011";"13:17:00";"1464";"com vítima";"119,400";"BR-116/PR";"Norte";"Colisão Frontal";1;0;1;0;0;0;0;0;0;0;1;0;1;0;0
"15/08/2011";"14:47:00";"1474";"sem vítima";"119,5";"BR-116/PR";"Norte";"Colisão Transversal";1;0;1;0;0;0;0;0;0;0;2;0;0;0;0
"15/08/2011";"16:29:00";"1485";"sem vítima";"117,199";"BR-116/PR";"Norte";"Colisão Transversal";1;0;0;1;0;0;0;0;0;0;2;0;0;0;0
"15/08/2011";"18:56:00";"1498";"sem vítima";"218,399";"BR-116/SC";"Norte";"Saida de Pista";1;0;0;0;0;0;0;0;0;0;6;0;0;0;0
"15/08/2011";"23:34:00";"1511";"sem vítima";"107,900";"BR-116/SC";"Norte";"Saida de Pista";1;0;0;0;0;0;0;0;0;0;2;0;0;0;0
"16/08/2011";"14:18:00";"1555";"sem vítima";"0,10000";"BR-116/SC";"Norte";"Colisão Traseira";2;0;0;0;0;0;0;0;0;0;3;0;0;0;0
"16/08/2011";"15:37:00";"1564";"com vítima";"174,100";"BR-116/SC";"Sul";"Colisão Lateral";1;0;0;1;0;0;0;0;0;0;1;1;0;0;0
"16/08/2011";"16:54:00";"1572";"sem vítima";"29,5";"BR-116/SC";"Norte";"Saida de Pista";1;0;0;0;0;0;0;0;0;0;1;0;0;0;0
"16/08/2011";"18:50:00";"1593";"sem vítima";"115,199";"BR-116/PR";"Sul";"Saida de Pista";0;0;1;0;0;0;0;0;0;0;1;0;0;0;0
"17/08/2011";"15:49:00";"1666";"sem vítima";"209";"BR-116/PR";"Norte";"Colisão Lateral";0;0;1;0;0;1;0;0;0;0;2;0;0;0;0
"17/08/2011";"20:12:00";"1685";"com vítima";"119,5";"BR-116/PR";"Sul";"Colisão Transversal";1;0;0;1;0;0;0;0;0;0;1;1;0;0;0
"18/08/2011";"10:11:00";"1715";"sem vítima";"209";"BR-116/PR";"Sul";"Colisão Transversal";2;0;0;0;0;0;0;0;0;0;4;0;0;0;0
"18/08/2011";"14:10:00";"1730";"sem vítima";"146";"BR-116/PR";"Norte";"Colisão Traseira";1;0;0;0;0;0;0;0;0;1;4;0;0;0;0
"18/08/2011";"18:54:00";"1757";"sem vítima";"86,1999";"BR-116/SC";"Sul";"Saida de Pista";1;0;0;0;0;0;0;0;0;0;1;0;0;0;0
"18/08/2011";"20:31:00";"1764";"sem vítima";"122,5";"BR-116/PR";"Norte";"Colisão Transversal";1;0;1;0;0;0;0;0;0;0;6;0;0;0;0
"19/08/2011";"14:45:00";"1826";"com vítima";"224,100";"BR-116/SC";"Sul";"Colisão Frontal";1;0;1;0;0;0;0;0;0;0;1;2;0;0;0
"19/08/2011";"19:05:00";"1855";"com vítima";"126";"BR-116/PR";"Norte";"Colisão Frontal";2;0;0;0;0;0;0;0;0;0;1;1;0;0;0
"19/08/2011";"21:34:00";"1870";"sem vítima";"129,600";"BR-116/PR";"Sul";"Colisão Transversal";2;0;0;0;0;0;0;0;0;0;2;0;0;0;0
"19/08/2011";"23:53:00";"1875";"sem vítima";"202";"BR-116/PR";"Sul";"Queda de Moto";0;0;0;1;0;0;0;0;0;0;1;0;0;0;0
"20/08/2011";"13:43:00";"1923";"sem vítima";"241,300";"BR-116/SC";"Norte";"Colisão Frontal";0;0;1;0;0;1;0;0;0;0;2;0;0;0;0
"20/08/2011";"16:31:00";"1942";"sem vítima";"251,300";"BR-116/SC";"Sul";"Colisão Transversal";2;0;0;0;0;0;0;0;0;0;8;0;0;0;0
"20/08/2011";"16:44:00";"1944";"com vítima";"4,5";"BR-116/SC";"Sul";"Queda de Moto";0;0;0;1;0;0;0;0;0;0;0;1;0;0;0
"20/08/2011";"17:16:00";"1946";"com vítima";"85,9000";"BR-116/SC";"Norte";"Saida de Pista";1;0;0;0;0;0;0;0;0;0;0;1;0;0;0
"21/08/2011";"01:17:00";"1981";"sem vítima";"57";"BR-116/SC";"Norte";"Colisão Lateral";1;0;0;0;0;1;0;0;0;0;3;0;0;0;0
"21/08/2011";"03:36:00";"1984";"sem vítima";"117";"BR-116/PR";"Norte";"Capotamento";1;0;0;0;0;0;0;0;0;0;1;0;0;0;0
"21/08/2011";"05:07:00";"1988";"com vítima";"236,800";"BR-116/SC";"Sul";"Saida de Pista";1;0;0;0;0;0;0;0;0;0;0;0;1;0;0
"21/08/2011";"06:24:00";"1991";"sem vítima";"198,100";"BR-116/PR";"Norte";"Saida de Pista";0;0;1;0;0;0;0;0;0;0;1;0;0;0;0
"21/08/2011";"14:57:00";"2014";"sem vítima";"146";"BR-116/PR";"Sul";"Colisão Transversal";2;0;0;0;0;0;0;0;0;0;2;0;0;0;0
"21/08/2011";"16:27:00";"2025";"com vítima";"126,300";"BR-116/PR";"Norte";"Colisão Traseira";3;0;0;0;0;0;0;0;0;0;11;1;0;0;0
"21/08/2011";"18:34:00";"2035";"sem vítima";"119";"BR-116/PR";"Norte";"Colisão Traseira";2;0;0;0;0;0;0;0;0;0;2;0;0;0;0
"21/08/2011";"20:36:00";"2050";"sem vítima";"219,699";"BR-116/SC";"Norte";"Saida de Pista";0;0;1;0;0;0;0;0;0;0;1;0;0;0;0
"22/08/2011";"02:06:00";"2068";"sem vítima";"171,300";"BR-116/SC";"Norte";"Saida de Pista";1;0;0;0;0;0;0;0;0;0;2;0;0;0;0
"22/08/2011";"06:24:00";"2078";"sem vítima";"125,800";"BR-116/PR";"Norte";"Engavetamento";2;0;0;0;0;0;0;0;0;1;3;0;0;0;0
"22/08/2011";"06:42:00";"2079";"com vítima";"125,800";"BR-116/PR";"Norte";"Engavetamento";5;0;0;0;0;0;0;0;0;0;7;1;0;0;0
"22/08/2011";"14:36:00";"2107";"com vítima";"135";"BR-116/SC";"Sul";"Saida de Pista";1;0;0;0;0;0;0;0;0;0;1;1;0;0;0
"22/08/2011";"16:33:00";"2117";"com vítima";"122,400";"BR-116/PR";"Sul";"Colisão Transversal";2;0;1;0;0;0;0;0;0;0;4;1;0;0;0
"22/08/2011";"17:36:00";"2124";"com vítima";"2,79999";"BR-116/SC";"Sul";"Colisão Traseira";0;1;0;0;0;0;0;0;0;2;2;1;0;0;0
"22/08/2011";"17:47:00";"2125";"sem vítima";"142,699";"BR-116/SC";"Sul";"Colisão Transversal";2;0;0;0;0;0;0;0;0;0;2;0;0;0;0
"23/08/2011";"07:28:00";"2159";"com vítima";"133,5";"BR-116/PR";"Sul";"Colisão Transversal";1;0;1;0;0;0;0;0;0;0;3;0;0;0;1
"23/08/2011";"08:24:00";"2163";"sem vítima";"117";"BR-116/SC";"Norte";"Saida de Pista";0;0;1;0;0;0;0;0;0;0;1;0;0;0;0
"23/08/2011";"09:58:00";"2173";"sem vítima";"238,899";"BR-116/SC";"Sul";"Saida de Pista";1;0;0;0;0;0;0;0;0;0;2;0;0;0;0
"23/08/2011";"13:02:00";"2189";"com vítima";"166,899";"BR-116/PR";"Norte";"Colisão Transversal";1;0;1;0;0;0;0;0;0;0;1;1;0;0;0
"23/08/2011";"14:07:00";"2195";"sem vítima";"4,5";"BR-116/SC";"Norte";"Colisão Traseira";1;0;1;0;0;0;0;0;0;0;2;0;0;0;0
"24/08/2011";"18:09:00";"2297";"com vítima";"70";"BR-116/SC";"Sul";"Atropelamento - Usuário";1;0;0;0;0;0;0;0;0;0;2;1;0;0;0
"25/08/2011";"04:27:00";"2325";"com vítima";"10,5";"BR-116/SC";"Norte";"Saida de Pista";1;0;0;0;0;0;0;0;0;0;2;0;1;0;0
"25/08/2011";"11:59:00";"2355";"sem vítima";"125,800";"BR-116/PR";"Norte";"Colisão Lateral";1;0;1;0;0;0;0;0;0;0;3;0;0;0;0
"25/08/2011";"16:39:00";"2384";"sem vítima";"0,30000";"BR-116/SC";"Sul";"Choque - Defensa, barreira ou "submarino"";0;0;1;0;0;0;0;0;0;0;1;0;0;0;0
"25/08/2011";"16:40:00";"2386";"sem vítima";"209,399";"BR-116/SC";"Norte";"Saida de Pista";0;0;0;0;0;0;0;0;0;1;1;0;0;0;0
"25/08/2011";"17:38:00";"2394";"sem vítima";"203,600";"BR-116/SC";"Sul";"Saida de Pista";1;0;0;0;0;0;0;0;0;0;1;0;0;0;0
"26/08/2011";"06:17:00";"2449";"sem vítima";"1";"BR-116/SC";"Sul";"Choque - Outros";1;0;0;0;0;0;0;0;0;0;1;0;0;0;0
"26/08/2011";"16:41:00";"2513";"com vítima";"183";"BR-116/PR";"Sul";"Colisão Frontal";2;0;0;0;0;0;0;0;0;0;0;2;1;1;0
"26/08/2011";"20:56:00";"2549";"sem vítima";"125,699";"BR-116/PR";"Sul";"Colisão Lateral";3;0;0;0;0;0;0;0;0;0;6;0;0;0;0
"26/08/2011";"21:05:00";"2552";"sem vítima";"152";"BR-116/SC";"Sul";"Atropelamento de Animal";1;0;0;0;0;0;0;0;0;0;1;0;0;0;0
"27/08/2011";"02:31:00";"2572";"com vítima";"245,199";"BR-116/SC";"Sul";"Colisão Traseira";1;0;1;0;0;0;0;0;0;0;2;1;0;0;0
"27/08/2011";"08:54:00";"2587";"com vítima";"220,899";"BR-116/SC";"Sul";"Colisão Transversal";1;0;0;1;0;0;0;0;0;0;1;1;0;0;0
"27/08/2011";"09:01:00";"2588";"sem vítima";"1,20000";"BR-116/SC";"Norte";"Choque - Outros";0;0;0;0;0;0;0;0;0;1;2;0;0;0;0
"27/08/2011";"13:47:00";"2605";"sem vítima";"23,5";"BR-116/SC";"Sul";"Colisão Transversal";2;0;0;0;0;0;0;0;0;0;3;0;0;0;0
"27/08/2011";"16:30:00";"2618";"sem vítima";"141";"BR-116/PR";"Norte";"Colisão Lateral";1;0;1;0;0;0;0;0;0;0;4;0;0;0;0
"27/08/2011";"19:29:00";"2638";"com vítima";"120,300";"BR-116/PR";"Norte";"Colisão Traseira";0;0;0;1;0;1;0;0;0;0;1;1;0;0;0
"27/08/2011";"21:16:00";"2647";"sem vítima";"124,069";"BR-116/PR";"Norte";"Colisão Transversal";1;0;0;0;0;1;0;0;0;0;3;0;0;0;0
"28/08/2011";"04:45:00";"2672";"sem vítima";"26,5";"BR-116/SC";"Norte";"Saida de Pista";1;0;0;0;0;0;0;0;0;0;1;0;0;0;0
"28/08/2011";"06:19:00";"2678";"sem vítima";"126,5";"BR-116/PR";"Sul";"Colisão Traseira";2;0;0;0;0;0;0;0;0;0;2;0;0;0;0
"28/08/2011";"10:22:00";"2683";"com vítima";"27,5";"BR-116/SC";"Norte";"Colisão Traseira";2;0;1;0;0;0;0;0;0;0;5;0;0;1;0
"28/08/2011";"11:45:00";"2687";"sem vítima";"147,300";"BR-116/PR";"Norte";"Saida de Pista";1;0;0;0;0;0;0;0;0;0;1;0;0;0;0
"28/08/2011";"17:08:00";"2712";"sem vítima";"182,399";"BR-116/PR";"Norte";"Saida de Pista";1;0;0;0;0;0;0;0;0;0;1;0;0;0;0
"28/08/2011";"17:30:00";"2714";"sem vítima";"184";"BR-116/PR";"Norte";;0;0;0;0;0;0;0;0;0;0;0;0;0;0;0
"28/08/2011";"23:58:00";"2742";"sem vítima";"117,5";"BR-116/PR";"Sul";"Colisão Lateral";1;0;0;0;1;0;0;0;0;0;5;0;0;0;0