data;horario;n_da_ocorrencia;tipo_de_ocorrencia;km;trecho;sentido;tipo_de_acidente;automovel;bicicleta;caminhao;moto;onibus;outros;tracao_animal;transporte_de_cargas_especiais;trator_maquinas;utilitarios;ilesos;levemente_feridos;moderadamente_feridos;gravemente_feridos;mortos
"29/08/2011";"14:45:00";"2793";"sem vítima";"156,800";"BR-116/SC";"Sul";"Saida de Pista";0;0;0;0;0;0;0;0;0;1;1;0;0;0;0
"30/08/2011";"06:44:00";"2851";"sem vítima";"152";"BR-116/SC";"Norte";"Choque - Arvore";0;0;1;0;0;0;0;0;0;0;1;0;0;0;0
"30/08/2011";"07:10:00";"2855";"sem vítima";"45,0499";"BR-116/SC";"Sul";"Choque - Arvore";1;0;0;0;1;0;0;0;0;0;9;0;0;0;0
"30/08/2011";"07:18:00";"2856";"com vítima";"258,200";"BR-116/SC";"Norte";"Saida de Pista";1;0;0;0;0;0;0;0;0;0;0;1;0;0;0
"30/08/2011";"09:57:00";"2865";"com vítima";"268";"BR-116/SC";"Norte";"Colisão Transversal";2;0;0;0;0;0;0;0;0;0;2;1;0;0;0
"30/08/2011";"15:09:00";"2892";"sem vítima";"44,5";"BR-116/SC";"Norte";"Saida de Pista";1;0;0;0;0;0;0;0;0;0;1;0;0;0;0
"30/08/2011";"18:47:00";"2917";"com vítima";"197,399";"BR-116/PR";"Sul";"Saida de Pista";1;0;0;0;0;0;0;0;0;0;0;1;0;0;0
"31/08/2011";"18:20:00";"3028";"com vítima";"2";"BR-116/SC";"Sul";"Colisão Transversal";1;0;0;1;0;0;0;0;0;0;1;1;0;0;0
"31/08/2011";"19:08:00";"3032";"sem vítima";"125,800";"BR-116/PR";"Norte";"Colisão Lateral";1;0;0;0;0;1;0;0;0;0;2;0;0;0;0
"31/08/2011";"21:36:00";"3043";"sem vítima";"128";"BR-116/PR";"Sul";"Colisão Transversal";2;0;0;0;0;0;0;0;0;0;7;0;0;0;0
"01/09/2011";"14:45:00";"68";"sem vítima";"241,5";"BR-116/SC";"Sul";"Colisão Lateral";1;0;1;0;0;1;0;0;0;0;4;0;0;0;0
"01/09/2011";"15:55:00";"72";"sem vítima";"176,5";"BR-116/PR";"Sul";"Colisão Transversal";1;0;1;0;0;0;0;0;0;0;2;0;0;0;0
"01/09/2011";"18:30:00";"95";"com vítima";"89,8";"BR-116/SC";"Norte";"Colisão Traseira";1;0;1;0;0;0;0;0;0;0;1;0;0;1;1
"02/09/2011";"01:22:00";"124";"sem vítima";"0,1";"BR-116/SC";"Sul";"Choque - Defensa, barreira ou "submarino"";1;0;0;0;0;0;0;0;0;0;1;0;0;0;0
"02/09/2011";"12:44:00";"159";"sem vítima";"141";"BR-116/SC";"Norte";"Colisão Lateral";0;0;2;0;0;0;0;0;0;0;2;0;0;0;0
"02/09/2011";"14:20:00";"165";"sem vítima";"117,2";"BR-116/PR";"Sul";"Saida de Pista";1;0;0;0;0;0;0;0;0;0;2;0;0;0;0
"02/09/2011";"17:50:00";"192";"sem vítima";"105,4";"BR-116/SC";"Norte";"Saida de Pista";0;0;1;0;0;0;0;0;0;0;1;0;0;0;0
"02/09/2011";"19:07:00";"200";"com vítima";"166,8";"BR-116/PR";"Norte";"Colisão Lateral";1;0;0;1;0;0;0;0;0;0;4;1;0;0;0
"03/09/2011";"01:30:00";"230";"sem vítima";"151,1";"BR-116/PR";"Norte";"Saida de Pista";1;0;0;0;0;0;0;0;0;0;4;0;0;0;0
"03/09/2011";"01:30:00";"231";"sem vítima";"192";"BR-116/SC";"Sul";"Atropelamento de Animal";1;0;0;0;0;0;0;0;0;0;2;0;0;0;0
"03/09/2011";"02:12:00";"233";"sem vítima";"53,9";"BR-116/SC";"Sul";"Choque - Defensa, barreira ou "submarino"";1;0;0;0;0;0;0;0;0;0;1;0;0;0;0
"03/09/2011";"02:37:00";"234";"sem vítima";"127,5";"BR-116/PR";"Sul";"Saida de Pista";1;0;0;0;0;0;0;0;0;0;2;0;0;0;0
"03/09/2011";"10:30:00";"256";"com vítima";"210,2";"BR-116/SC";"Norte";"Colisão Traseira";2;0;2;0;0;0;0;0;0;0;3;3;0;0;0
"03/09/2011";"14:27:00";"271";"sem vítima";"263";"BR-116/SC";"Sul";"Engavetamento";3;0;0;0;0;0;0;0;0;0;4;0;0;0;0
"03/09/2011";"14:57:00";"273";"com vítima";"129,7";"BR-116/PR";"Sul";"Colisão Transversal";1;0;0;1;0;0;0;0;0;0;1;1;0;0;0
"03/09/2011";"16:29:00";"286";"sem vítima";"117,2";"BR-116/PR";"Norte";"Colisão Traseira";2;0;0;0;0;0;0;0;0;0;2;0;0;0;0
"03/09/2011";"18:55:00";"311";"sem vítima";"135,5";"BR-116/PR";"Sul";"Colisão Lateral";2;0;0;0;0;0;0;0;0;0;4;0;0;0;0
"03/09/2011";"20:26:00";"316";"sem vítima";"233";"BR-116/SC";"Sul";"Colisão Traseira";2;0;0;0;0;0;0;0;0;1;7;0;0;0;0
"03/09/2011";"21:29:00";"321";"com vítima";"116,2";"BR-116/PR";"Sul";"Capotamento";1;0;0;0;0;0;0;0;0;0;1;0;1;0;0
"03/09/2011";"22:06:00";"329";"com vítima";"217,6";"BR-116/SC";"Norte";"Colisão Frontal";1;0;1;0;0;0;0;0;0;0;2;1;0;0;0
"04/09/2011";"00:11:00";"341";"com vítima";"231,7";"BR-116/SC";"Norte";"Choque - Defensa, barreira ou "submarino"";1;0;0;0;0;0;0;0;0;0;0;0;1;0;0
"04/09/2011";"05:34:00";"347";"com vítima";"51,9";"BR-116/SC";"Sul";"Saida de Pista";1;0;0;0;0;0;0;0;0;0;0;1;0;0;0
"04/09/2011";"09:33:00";"356";"sem vítima";"165,7";"BR-116/PR";"Sul";"Atropelamento de Animal";1;0;0;0;0;0;0;0;0;0;12;0;0;0;0
"04/09/2011";"11:52:00";"367";"com vítima";"222,4";"BR-116/SC";"Sul";"Saida de Pista";1;0;0;0;0;0;0;0;0;0;0;1;0;0;0
"04/09/2011";"16:34:00";"396";"com vítima";"106,3";"BR-116/SC";"Sul";"Saida de Pista";0;0;0;1;0;0;0;0;0;0;0;1;0;0;0
"04/09/2011";"20:56:00";"428";"com vítima";"160,6";"BR-116/PR";"Norte";"Saida de Pista";1;0;0;0;0;0;0;0;0;0;0;0;1;1;0
"05/09/2011";"02:28:00";"447";"sem vítima";"209,5";"BR-116/PR";"Norte";"Saida de Pista";1;0;0;0;0;0;0;0;0;0;1;0;0;0;0
"05/09/2011";"06:10:00";"456";"sem vítima";"125,1";"BR-116/PR";"Norte";"Engavetamento";4;0;1;0;0;0;0;0;0;0;7;0;0;0;0
"05/09/2011";"08:36:00";"467";"sem vítima";"4,5";"BR-116/SC";"Sul";"Colisão Traseira";0;0;0;0;0;0;0;0;0;2;2;0;0;0;0
"05/09/2011";"10:00:00";"495";"sem vítima";"146";"BR-116/PR";"Norte";"Colisão Traseira";1;0;0;1;0;0;0;0;0;0;4;0;0;0;0
"05/09/2011";"17:15:00";"507";"sem vítima";"115,9";"BR-116/PR";"Sul";"Colisão Traseira";3;0;1;0;0;1;0;0;0;0;6;0;0;0;0
"05/09/2011";"18:17:00";"514";"com vítima";"121";"BR-116/PR";"Sul";"Colisão Lateral";0;0;0;1;0;1;0;0;0;0;1;1;0;0;0
"05/09/2011";"19:46:00";"516";"com vítima";"203,4";"BR-116/SC";"Norte";"Saida de Pista";0;0;0;1;0;0;0;0;0;0;0;1;0;0;0
"06/09/2011";"09:11:00";"554";"sem vítima";"115,2";"BR-116/SC";"Norte";"Saida de Pista";1;0;0;0;0;0;0;0;0;0;1;0;0;0;0
"06/09/2011";"11:40:00";"565";"sem vítima";"279";"BR-116/SC";"Sul";"Colisão Traseira";2;0;0;0;0;0;0;0;0;0;2;0;0;0;0
"06/09/2011";"12:20:00";"571";"com vítima";"204,6";"BR-116/SC";"Norte";"Colisão Traseira";0;0;1;0;1;0;0;0;0;0;32;5;0;0;0
"06/09/2011";"18:20:00";"596";"sem vítima";"118";"BR-116/PR";"Sul";"Choque - Veiculo parado na pista";3;0;1;0;0;0;0;0;0;1;6;0;0;0;0
"07/09/2011";"05:58:00";"629";"com vítima";"123,8";"BR-116/PR";"Norte";"Colisão Frontal";1;0;1;0;0;0;0;0;0;0;1;0;0;0;1
"07/09/2011";"06:58:00";"634";"sem vítima";"128";"BR-116/PR";"Sul";"Colisão Transversal";2;0;0;0;0;0;0;0;0;0;3;0;0;0;0
"07/09/2011";"09:20:00";"641";"sem vítima";"122,5";"BR-116/PR";"Sul";"Colisão Lateral";1;0;1;0;0;0;0;0;0;0;3;0;0;0;0
"07/09/2011";"10:00:00";"644";"sem vítima";"117,5";"BR-116/PR";"Sul";"Engavetamento";2;0;1;0;0;0;0;0;0;0;3;0;0;0;0
"07/09/2011";"13:05:00";"662";"com vítima";"252,1";"BR-116/SC";"Norte";"Colisão Frontal";2;0;0;0;0;0;0;0;0;0;0;0;0;3;0
"07/09/2011";"14:00:00";"668";"sem vítima";"87,9";"BR-116/SC";"Sul";"Saida de Pista";1;0;0;0;0;0;0;0;0;0;3;0;0;0;0
"07/09/2011";"19:40:00";"700";"com vítima";"181,2";"BR-116/PR";"Norte";"Choque - Veiculo parado na pista";1;1;0;0;0;0;0;0;0;0;3;1;0;0;0
"07/09/2011";"21:11:00";"704";"sem vítima";"134,6";"BR-116/PR";"Sul";"Colisão Traseira";1;0;0;0;0;0;0;0;0;1;2;0;0;0;0
"07/09/2011";"22:49:00";"711";"com vítima";"252,3";"BR-116/SC";"Norte";"Saida de Pista";0;0;0;1;0;0;0;0;0;0;0;1;0;0;0
"08/09/2011";"01:50:00";"722";"sem vítima";"133,6";"BR-116/PR";"Norte";"Atropelamento de Animal";0;0;1;0;0;0;0;0;0;0;3;0;0;0;0
"08/09/2011";"01:50:00";"723";"sem vítima";"133,6";"BR-116/PR";"Norte";"Atropelamento de Animal";0;0;1;0;0;0;0;0;0;0;1;0;0;0;0
"08/09/2011";"04:50:00";"728";"com vítima";"82";"BR-116/SC";"Norte";"Saida de Pista";1;0;0;0;0;0;0;0;0;0;0;1;1;0;0
"08/09/2011";"06:46:00";"734";"sem vítima";"115,7";"BR-116/PR";"Sul";"Choque - Veiculo parado na pista";2;0;0;0;0;0;0;0;0;0;2;0;0;0;0
"08/09/2011";"06:52:00";"735";"sem vítima";"127";"BR-116/PR";"Norte";"Colisão Lateral";1;0;1;0;0;0;0;0;0;0;2;0;0;0;0
"08/09/2011";"07:21:00";"737";"sem vítima";"221";"BR-116/SC";"Sul";"Saida de Pista";0;0;1;0;0;0;0;0;0;0;1;0;0;0;0
"08/09/2011";"11:47:00";"762";"sem vítima";"258";"BR-116/SC";"Sul";"Saida de Pista";1;0;0;0;0;0;0;0;0;0;1;0;0;0;0
"08/09/2011";"11:50:00";"763";"sem vítima";"239,8";"BR-116/SC";"Norte";"Choque - Defensa, barreira ou "submarino"";1;0;0;0;0;0;0;0;0;0;1;0;0;0;0
"08/09/2011";"12:27:00";"766";"sem vítima";"179,7";"BR-116/SC";"Sul";"Colisão Transversal";2;0;0;0;0;0;0;0;0;0;3;0;0;0;0
"08/09/2011";"13:49:00";"769";"sem vítima";"74";"BR-116/SC";"Sul";"Saida de Pista";1;0;0;0;0;0;0;0;0;0;1;0;0;0;0
"08/09/2011";"15:11:00";"780";"com vítima";"116,3";"BR-116/PR";"Sul";"Colisão Transversal";1;0;1;0;0;0;0;0;0;0;1;1;0;0;0
"08/09/2011";"15:15:00";"782";"sem vítima";"203,6";"BR-116/SC";"Sul";"Saida de Pista";1;0;0;0;0;0;0;0;0;0;1;0;0;0;0
"08/09/2011";"16:52:00";"788";"sem vítima";"69,5";"BR-116/SC";"Norte";"Saida de Pista";1;0;0;0;0;0;0;0;0;0;1;0;0;0;0
"08/09/2011";"16:53:00";"789";"sem vítima";"216,4";"BR-116/SC";"Norte";"Saida de Pista";0;0;1;0;0;0;0;0;0;0;1;0;0;0;0
"08/09/2011";"18:34:00";"803";"com vítima";"217,003";"BR-116/SC";"Norte";"Colisão Frontal";1;0;2;0;0;0;0;0;0;0;3;1;0;1;0
"09/09/2011";"09:05:00";"854";"sem vítima";"133,5";"BR-116/SC";"Norte";"Colisão Lateral";0;0;2;0;0;0;0;0;0;0;2;0;0;0;0
"09/09/2011";"09:51:00";"857";"sem vítima";"148";"BR-116/SC";"Norte";"Saida de Pista";0;0;1;0;0;0;0;0;0;0;1;0;0;0;0
"09/09/2011";"14:55:00";"894";"com vítima";"205,75";"BR-116/PR";"Norte";"Colisão Frontal";0;0;1;1;0;0;0;0;0;0;1;1;0;0;1
"09/09/2011";"19:25:00";"917";"sem vítima";"116";"BR-116/PR";"Sul";"Colisão Lateral";2;0;0;0;0;0;0;0;0;0;2;0;0;0;0
"10/09/2011";"04:20:00";"961";"sem vítima";"1,2";"BR-116/SC";"Norte";"Saida de Pista";1;0;0;0;0;0;0;0;0;0;1;0;0;0;0
"10/09/2011";"11:00:00";"996";"com vítima";"117,2";"BR-116/PR";"Sul";"Colisão Transversal";0;1;0;0;0;1;0;0;0;0;1;1;0;0;0
"10/09/2011";"18:54:00";"1050";"sem vítima";"186";"BR-116/SC";"Norte";"Colisão Traseira";1;0;0;0;0;1;0;0;0;0;2;0;0;0;0
"10/09/2011";"23:17:00";"1072";"sem vítima";"119,5";"BR-116/PR";"Norte";"Colisão Transversal";2;0;0;0;0;0;0;0;0;0;5;0;0;0;0
"11/09/2011";"19:53:00";"1163";"com vítima";"5,6";"BR-116/SC";"Sul";"Colisão Transversal";2;0;0;0;0;0;0;0;0;0;2;1;0;0;0
"11/09/2011";"21:45:00";"1171";"com vítima";"87,9";"BR-116/SC";"Sul";"Saida de Pista";1;0;0;0;0;0;0;0;0;0;0;1;0;0;0
"12/09/2011";"03:01:00";"1186";"sem vítima";"99,5";"BR-116/SC";"Sul";"Saida de Pista";1;0;0;0;0;0;0;0;0;0;2;0;0;0;0
"12/09/2011";"15:10:00";"1237";"sem vítima";"118,8";"BR-116/PR";"Sul";"Colisão Traseira";1;0;1;0;0;0;0;0;0;0;3;0;0;0;0
"13/09/2011";"09:00:00";"1313";"sem vítima";"23,95";"BR-116/SC";"Norte";"Colisão Traseira";1;0;1;0;0;0;0;0;0;0;3;0;0;0;0
"13/09/2011";"16:50:00";"1361";"sem vítima";"115,7";"BR-116/PR";"Sul";"Colisão Lateral";1;0;1;0;0;0;0;0;0;0;3;0;0;0;0
"14/09/2011";"16:49:00";"1454";"com vítima";"211,8";"BR-116/SC";"Sul";"Colisão Lateral";1;0;1;1;0;0;0;0;0;0;2;2;0;0;0
"14/09/2011";"18:50:00";"1469";"com vítima";"139";"BR-116/SC";"Norte";"Atropelamento - Morador";1;0;0;0;0;0;0;0;0;0;1;1;0;0;0
"14/09/2011";"18:52:00";"1470";"sem vítima";"126,3";"BR-116/PR";"Sul";"Choque - Veiculo parado na pista";2;0;0;0;0;0;0;0;0;0;3;0;0;0;0
"14/09/2011";"20:03:00";"1472";"com vítima";"65";"BR-116/SC";"Norte";"Saida de Pista";1;0;0;0;0;0;0;0;0;0;0;1;0;0;0
"15/09/2011";"08:27:00";"1509";"sem vítima";"140,8";"BR-116/SC";"Sul";"Colisão Traseira";0;0;2;0;0;0;0;0;0;0;2;0;0;0;0
"16/09/2011";"05:44:00";"1621";"sem vítima";"159,6";"BR-116/SC";"Sul";"Colisão Frontal";0;0;1;0;0;1;0;0;0;0;2;0;0;0;0
"16/09/2011";"09:35:00";"1631";"sem vítima";"152,8";"BR-116/SC";"Norte";"Colisão Lateral";0;0;1;0;0;1;0;0;0;0;3;0;0;0;0
"16/09/2011";"11:00:00";"1641";"sem vítima";"115,7";"BR-116/PR";"Sul";"Choque - Veiculo parado no acostamento";0;0;1;0;1;0;0;0;0;0;11;0;0;0;0
"16/09/2011";"16:33:00";"1667";"sem vítima";"181,3";"BR-116/PR";"Norte";"Colisão Traseira";2;0;0;0;0;0;0;0;0;0;3;0;0;0;0
"16/09/2011";"19:10:00";"1680";"sem vítima";"145,8";"BR-116/SC";"Sul";"Tombamento";0;0;1;0;0;0;0;0;0;0;1;0;0;0;0
"16/09/2011";"21:55:00";"1694";"com vítima";"131,5";"BR-116/PR";"Sul";"Queda de Moto";0;0;0;1;0;0;0;0;0;0;0;1;0;0;0
"17/09/2011";"00:20:00";"1708";"com vítima";"289,3";"BR-116/SC";"Sul";"Colisão Traseira";0;0;0;2;1;1;0;0;0;0;44;1;0;0;1
"17/09/2011";"06:35:00";"1729";"sem vítima";"245,6";"BR-116/SC";"Sul";"Colisão Transversal";1;0;1;0;0;0;0;0;0;0;6;0;0;0;0
"17/09/2011";"12:02:00";"1758";"com vítima";"168,5";"BR-116/PR";"Norte";"Colisão Transversal";2;0;0;0;0;0;0;0;0;0;2;2;0;1;0
"17/09/2011";"12:14:00";"1759";"sem vítima";"304,4";"BR-116/SC";"Norte";"Choque - Veiculo parado na pista";1;0;2;0;0;0;0;0;0;1;6;0;0;0;0
"17/09/2011";"18:25:00";"1786";"sem vítima";"137,5";"BR-116/SC";"Sul";"Colisão Lateral";1;0;0;0;0;0;0;0;0;1;5;0;0;0;0
"18/09/2011";"01:07:00";"1810";"sem vítima";"119,5";"BR-116/PR";"Sul";"Colisão Transversal";2;0;0;0;0;0;0;0;0;0;3;0;0;0;0
"18/09/2011";"04:21:00";"1819";"com vítima";"63,7";"BR-116/SC";"Sul";"Capotamento";1;0;0;0;0;0;0;0;0;0;2;1;1;0;0
"18/09/2011";"18:52:00";"1885";"sem vítima";"125,8";"BR-116/PR";"Sul";"Colisão Transversal";1;0;0;0;0;0;0;0;0;1;3;0;0;0;0
"18/09/2011";"20:01:00";"1888";"com vítima";"173,4";"BR-116/PR";"Norte";"Colisão Lateral";1;0;1;0;0;0;0;0;0;0;3;1;0;0;0
"18/09/2011";"23:03:00";"1904";"sem vítima";"0,1";"BR-116/SC";"Sul";"Saida de Pista";0;0;1;0;0;0;0;0;0;0;1;0;0;0;0
"19/09/2011";"03:59:00";"1911";"com vítima";"144,1";"BR-116/PR";"Sul";"Saida de Pista";1;0;0;0;0;0;0;0;0;0;0;1;0;0;0
"19/09/2011";"09:00:00";"1931";"sem vítima";"159,3";"BR-116/PR";"Norte";"Tombamento";0;0;1;0;0;0;0;0;0;0;1;0;0;0;0
"19/09/2011";"10:15:00";"1936";"com vítima";"143,8";"BR-116/PR";"Sul";"Atropelamento - Usuário";0;0;1;0;0;0;0;0;0;0;1;0;1;0;0
"19/09/2011";"11:30:00";"1946";"sem vítima";"117,8";"BR-116/PR";"Norte";"Colisão Traseira";0;0;1;0;0;0;0;0;0;1;5;0;0;0;0
"20/09/2011";"05:28:00";"2020";"sem vítima";"146,9";"BR-116/PR";"Norte";"Saida de Pista";1;0;0;0;0;0;0;0;0;0;2;0;0;0;0
"20/09/2011";"07:20:00";"2028";"com vítima";"206,5";"BR-116/PR";"Sul";"Colisão Transversal";3;0;0;0;0;0;0;0;0;0;4;2;0;0;0
"20/09/2011";"08:45:00";"2033";"com vítima";"8,3";"BR-116/SC";"Sul";"Saida de Pista";0;0;1;0;0;0;0;0;0;0;0;1;0;0;0
"20/09/2011";"11:44:00";"2046";"sem vítima";"204";"BR-116/PR";"Sul";"Colisão Lateral";1;0;0;0;0;1;0;0;0;0;2;0;0;0;0
"20/09/2011";"16:20:00";"2080";"com vítima";"247,8";"BR-116/SC";"Sul";"Colisão Transversal";1;0;1;0;0;0;0;0;0;0;1;1;0;0;0
"20/09/2011";"17:52:00";"2091";"com vítima";"166,9";"BR-116/PR";"Sul";"Colisão Transversal";2;0;0;0;0;0;0;0;0;0;1;0;4;0;0
"20/09/2011";"19:38:00";"2106";"sem vítima";"119,4";"BR-116/PR";"Sul";"Colisão Transversal";2;0;1;0;0;0;0;0;0;0;5;0;0;0;0
"21/09/2011";"00:36:00";"2125";"com vítima";"123,96";"BR-116/PR";"Sul";"Colisão Lateral";0;0;1;1;0;0;0;0;0;0;1;0;0;1;0
"21/09/2011";"08:33:00";"2141";"sem vítima";"140,8";"BR-116/SC";"Norte";"Colisão Traseira";0;0;2;0;0;0;0;0;0;0;4;0;0;0;0
"21/09/2011";"09:24:00";"2145";"sem vítima";"4,5";"BR-116/SC";"Norte";"Colisão Traseira";2;0;0;0;0;0;0;0;0;0;2;0;0;0;0
"21/09/2011";"13:55:00";"2160";"com vítima";"119,4";"BR-116/PR";"Sul";"Colisão Transversal";1;0;0;0;0;0;0;0;0;1;2;2;0;0;0
"21/09/2011";"14:24:00";"2164";"sem vítima";"193";"BR-116/SC";"Norte";"Tombamento";0;0;1;0;0;0;0;0;0;0;1;0;0;0;0
"21/09/2011";"19:29:00";"2196";"sem vítima";"296,8";"BR-116/SC";"Sul";"Atropelamento de Animal";0;0;1;0;0;0;0;0;0;0;1;0;0;0;0
"21/09/2011";"20:15:00";"2198";"com vítima";"1,8";"BR-116/SC";"Sul";"Colisão Transversal";1;0;0;0;1;0;0;0;0;0;14;2;0;0;0
"22/09/2011";"08:30:00";"2229";"sem vítima";"57,4";"BR-116/SC";"Sul";"Colisão Traseira";2;0;0;0;0;0;0;0;0;0;3;0;0;0;0
"22/09/2011";"09:35:00";"2236";"com vítima";"174,8";"BR-116/SC";"Norte";"Colisão Frontal";1;0;2;0;0;0;0;0;0;0;0;3;0;0;2
"22/09/2011";"12:16:00";"2251";"com vítima";"120,3";"BR-116/SC";"Sul";"Saida de Pista";1;0;1;0;0;0;0;0;0;0;3;0;1;0;0
"22/09/2011";"17:45:00";"2279";"com vítima";"152,4";"BR-116/PR";"Sul";"Colisão Transversal";0;0;1;0;0;0;0;0;0;1;1;1;0;0;0
"22/09/2011";"19:19:00";"2291";"com vítima";"237,5";"BR-116/SC";"Sul";"Colisão Traseira";2;0;0;0;0;1;0;0;0;0;3;0;0;1;0
"23/09/2011";"02:49:00";"2340";"com vítima";"117,7";"BR-116/PR";"Sul";"Saida de Pista";1;0;0;0;0;0;0;0;0;0;0;1;0;0;0
"23/09/2011";"11:16:00";"2371";"sem vítima";"118,8";"BR-116/PR";"Sul";"Colisão Traseira";2;0;1;0;0;0;0;0;0;0;3;0;0;0;0
"23/09/2011";"17:30:00";"2407";"com vítima";"54,7";"BR-116/SC";"Norte";"Colisão Transversal";2;0;0;0;0;0;0;0;0;0;0;3;0;0;0
"23/09/2011";"20:24:00";"2416";"sem vítima";"220";"BR-116/SC";"Norte";"Colisão Traseira";4;0;1;0;0;0;0;0;0;1;16;0;0;0;0
"23/09/2011";"20:57:00";"2420";"com vítima";"258,4";"BR-116/SC";"Norte";"Saida de Pista";0;0;0;0;0;0;0;0;0;1;0;1;0;0;0
"23/09/2011";"21:35:00";"2423";"sem vítima";"131";"BR-116/PR";"Sul";"Colisão Transversal";1;0;1;0;0;0;0;0;0;0;2;0;0;0;0
"23/09/2011";"22:48:00";"2430";"sem vítima";"243,9";"BR-116/SC";"Sul";"Saida de Pista";1;0;0;0;0;0;0;0;0;0;3;0;0;0;0
"23/09/2011";"23:18:00";"2433";"sem vítima";"120,9";"BR-116/PR";"Sul";"Saida de Pista";1;0;0;0;0;0;0;0;0;0;1;0;0;0;0
"24/09/2011";"02:55:00";"2441";"sem vítima";"245,6";"BR-116/SC";"Sul";"Saida de Pista";1;0;0;0;0;0;0;0;0;0;2;0;0;0;0
"24/09/2011";"04:30:00";"2446";"com vítima";"162,8";"BR-116/SC";"Norte";"Colisão Frontal";1;0;1;0;0;0;0;0;0;0;1;0;1;0;0
"24/09/2011";"06:54:00";"2452";"com vítima";"217,2";"BR-116/SC";"Norte";"Saida de Pista";1;0;0;0;0;0;0;0;0;0;0;1;0;0;0
"24/09/2011";"15:27:00";"2491";"sem vítima";"156,8";"BR-116/PR";"Sul";"Choque - Veiculo parado na pista";2;0;0;0;0;0;0;0;0;0;5;0;0;0;0
"24/09/2011";"16:40:00";"2495";"sem vítima";"178,7";"BR-116/PR";"Norte";"Saida de Pista";1;0;0;0;0;0;0;0;0;0;3;0;0;0;0
"24/09/2011";"17:30:00";"2502";"com vítima";"234,8";"BR-116/SC";"Sul";"Queda de Moto";0;0;0;1;0;0;0;0;0;0;0;1;0;0;0
"25/09/2011";"15:40:00";"2590";"com vítima";"164,3";"BR-116/PR";"Norte";"Colisão Lateral";0;0;1;1;0;0;0;0;0;0;1;0;1;0;0
"25/09/2011";"17:56:00";"2604";"sem vítima";"245,6";"BR-116/SC";"Sul";"Colisão Transversal";2;0;0;0;0;0;0;0;0;0;4;0;0;0;0
"25/09/2011";"18:10:00";"2606";"sem vítima";"196,6";"BR-116/PR";"Sul";"Saida de Pista";0;0;1;0;0;0;0;0;0;0;1;0;0;0;0
"25/09/2011";"19:09:00";"2610";"sem vítima";"141";"BR-116/SC";"Sul";"Saida de Pista";1;0;0;0;0;0;0;0;0;0;1;0;0;0;0
"26/09/2011";"07:32:00";"2650";"com vítima";"206,6";"BR-116/PR";"Sul";"Colisão Transversal";1;0;0;1;0;0;0;0;0;0;1;0;1;0;0
"26/09/2011";"08:40:00";"2657";"sem vítima";"206";"BR-116/PR";"Sul";"Colisão Transversal";2;0;0;0;0;0;0;0;0;0;2;0;0;0;0
"26/09/2011";"19:04:00";"2707";"sem vítima";"139,8";"BR-116/SC";"Norte";"Colisão Lateral";1;0;0;0;0;0;0;0;0;1;2;0;0;0;0
"26/09/2011";"20:55:00";"2714";"com vítima";"119,3";"BR-116/PR";"Sul";"Colisão Frontal";0;0;0;2;0;0;0;0;0;0;0;2;0;0;0
"27/09/2011";"11:12:00";"2749";"sem vítima";"146,5";"BR-116/PR";"Norte";"Colisão Transversal";1;0;0;0;1;0;0;0;0;0;2;0;0;0;0
"27/09/2011";"17:17:00";"2778";"sem vítima";"180";"BR-116/SC";"Sul";"Colisão Transversal";2;0;0;0;0;0;0;0;0;0;3;0;0;0;0
"27/09/2011";"17:48:00";"2782";"com vítima";"133";"BR-116/PR";"Norte";"Tombamento";0;1;0;0;0;0;0;0;0;0;0;1;0;0;0
"27/09/2011";"19:58:00";"2792";"com vítima";"184";"BR-116/SC";"Norte";"Atropelamento - Morador";0;0;0;0;0;1;0;0;0;0;1;0;1;0;0
"27/09/2011";"22:10:00";"2801";"sem vítima";"265,5";"BR-116/SC";"Sul";"Saida de Pista";1;0;0;0;0;0;0;0;0;0;1;0;0;0;0
"28/09/2011";"04:50:00";"2826";"sem vítima";"75,3";"BR-116/SC";"Norte";"Saida de Pista";0;0;1;0;0;0;0;0;0;0;1;0;0;0;0
"28/09/2011";"08:17:00";"2837";"com vítima";"119,4";"BR-116/PR";"Sul";"Colisão Transversal";2;0;0;1;0;0;0;0;0;0;2;0;1;1;0
"28/09/2011";"12:54:00";"2861";"sem vítima";"177";"BR-116/SC";"Sul";"Atropelamento de Animal";1;0;0;0;0;0;0;0;0;0;1;0;0;0;0
"28/09/2011";"13:49:00";"2868";"com vítima";"11,2";"BR-116/SC";"Norte";"Colisão Transversal";0;0;0;1;0;0;0;0;0;1;1;0;1;0;0
"28/09/2011";"18:43:00";"2894";"com vítima";"182";"BR-116/SC";"Norte";"Queda de Moto";0;0;0;1;0;0;0;0;0;0;0;2;0;0;0
"28/09/2011";"20:26:00";"2903";"com vítima";"133";"BR-116/PR";"Sul";"Queda de Moto";0;0;0;1;0;0;0;0;0;0;0;2;0;0;0
"29/09/2011";"06:53:00";"2925";"sem vítima";"118,05";"BR-116/PR";"Norte";"Colisão Lateral";0;0;0;0;2;0;0;0;0;1;152;0;0;0;0
"29/09/2011";"13:32:00";"2955";"sem vítima";"124";"BR-116/PR";"Sul";"Colisão Traseira";1;0;1;0;0;0;0;0;0;0;2;0;0;0;0
"30/09/2011";"07:45:00";"3018";"sem vítima";"120";"BR-116/PR";"Norte";"Colisão Traseira";2;0;0;0;0;0;0;0;0;0;2;0;0;0;0
"30/09/2011";"10:35:00";"3029";"com vítima";"8,5";"BR-116/SC";"Sul";"Saida de Pista";0;0;2;0;0;0;0;0;0;0;1;1;0;0;0