data;horario;n_da_ocorrencia;tipo_de_ocorrencia;km;trecho;sentido;tipo_de_acidente;automovel;bicicleta;caminhao;moto;onibus;outros;tracao_animal;transporte_de_cargas_especiais;trator_maquinas;utilitarios;ilesos;levemente_feridos;moderadamente_feridos;gravemente_feridos;mortos
"02/02/2012";"11:18:00";"190";"com vítima";"120";"BR-116/PR";"Norte";"Colisão Lateral";1;0;0;1;0;0;0;0;0;0;1;1;0;0;0
"02/02/2012";"14:33:00";"217";"sem vítima";"302";"BR-116/SC";"Norte";"Colisão Traseira";1;0;1;0;0;0;0;0;0;0;4;0;0;0;0
"02/02/2012";"19:51:00";"258";"sem vítima";"128";"BR-116/PR";"Norte";"Colisão Traseira";1;0;1;0;0;0;0;0;0;0;2;0;0;0;0
"02/02/2012";"20:25:00";"261";"sem vítima";"153,2";"BR-116/PR";"Sul";"Colisão Traseira";1;0;0;0;0;0;0;0;0;1;2;0;0;0;0
"02/02/2012";"23:25:00";"266";"sem vítima";"134,5";"BR-116/PR";"Sul";"Colisão Lateral";1;0;1;0;0;0;0;0;0;0;2;0;0;0;0
"03/02/2012";"07:48:00";"283";"sem vítima";"4,005";"BR-116/SC";"Norte";"Colisão Transversal";1;0;0;0;0;0;0;0;0;1;2;0;0;0;0
"03/02/2012";"07:59:00";"285";"com vítima";"115,1";"BR-116/PR";"Sul";"Colisão Traseira";1;0;0;1;0;0;0;0;0;0;1;1;0;0;0
"03/02/2012";"08:18:00";"289";"com vítima";"115,2";"BR-116/PR";"Norte";"Atropelamento - Morador";0;0;0;0;0;1;0;0;0;0;1;0;1;0;0
"03/02/2012";"10:34:00";"314";"sem vítima";"25,7";"BR-116/SC";"Norte";"Colisão Lateral";1;0;1;0;0;0;0;0;0;0;2;0;0;0;0
"03/02/2012";"14:30:00";"336";"sem vítima";"120,5";"BR-116/PR";"Sul";"Queda de Moto";0;0;0;1;0;1;0;0;0;0;2;0;0;0;0
"03/02/2012";"21:33:00";"390";"com vítima";"136,6";"BR-116/PR";"Norte";"Colisão Transversal";1;0;0;1;0;0;0;0;0;0;1;0;1;0;0
"03/02/2012";"22:09:00";"393";"sem vítima";"246,1";"BR-116/SC";"Norte";"Colisão Lateral";2;0;0;0;0;0;0;0;0;0;2;0;0;0;0
"04/02/2012";"00:49:00";"403";"com vítima";"126,3";"BR-116/PR";"Norte";"Colisão Transversal";2;0;0;0;0;0;0;0;0;0;1;0;0;1;0
"04/02/2012";"06:54:00";"415";"sem vítima";"12,2";"BR-116/SC";"Sul";"Colisão Transversal";1;0;1;0;0;0;0;0;0;0;2;0;0;0;0
"04/02/2012";"06:59:00";"416";"com vítima";"214,5";"BR-116/SC";"Norte";"Capotamento";1;0;0;0;0;0;0;0;0;0;0;1;0;0;0
"04/02/2012";"08:00:00";"421";"com vítima";"119,4";"BR-116/PR";"Norte";"Colisão Transversal";0;0;1;1;0;0;0;0;0;0;1;1;0;0;1
"04/02/2012";"09:00:00";"424";"sem vítima";"282,6";"BR-116/SC";"Sul";"Saida de Pista";0;0;1;0;0;0;0;0;0;0;1;0;0;0;0
"04/02/2012";"09:28:00";"427";"sem vítima";"121";"BR-116/PR";"Sul";"Colisão Lateral";1;0;0;1;0;0;0;0;0;0;2;0;0;0;0
"04/02/2012";"09:47:00";"429";"com vítima";"121,1";"BR-116/PR";"Norte";"Colisão Transversal";1;0;0;1;0;0;0;0;0;0;1;1;0;0;0
"04/02/2012";"10:04:00";"430";"sem vítima";"165,3";"BR-116/PR";"Norte";"Tombamento";0;0;1;0;0;0;0;0;0;0;1;0;0;0;0
"04/02/2012";"17:40:00";"463";"com vítima";"220,5";"BR-116/SC";"Sul";"Saida de Pista";1;0;0;0;0;0;0;0;0;0;0;3;0;0;0
"04/02/2012";"18:17:00";"469";"sem vítima";"247";"BR-116/SC";"Sul";"Colisão Traseira";3;0;0;0;0;0;0;0;0;0;5;0;0;0;0
"04/02/2012";"19:57:00";"475";"sem vítima";"1,8";"BR-116/SC";"Norte";"Colisão Transversal";2;0;0;0;0;0;0;0;0;0;2;0;0;0;0
"04/02/2012";"20:21:00";"480";"sem vítima";"292,8";"BR-116/SC";"Norte";"Capotamento";1;0;0;0;0;0;0;0;0;0;1;0;0;0;0
"04/02/2012";"21:34:00";"485";"com vítima";"126";"BR-116/PR";"Norte";"Atropelamento de Animal";0;0;0;1;0;0;0;0;0;0;0;0;1;0;0
"04/02/2012";"22:52:00";"487";"com vítima";"177,9";"BR-116/PR";"Norte";"Saida de Pista";1;0;0;0;0;0;0;0;0;0;0;1;2;0;0
"05/02/2012";"00:27:00";"492";"sem vítima";"172,6";"BR-116/SC";"Norte";"Saida de Pista";1;0;0;0;0;0;0;0;0;0;1;0;0;0;0
"05/02/2012";"05:36:00";"499";"com vítima";"118,9";"BR-116/PR";"Sul";"Colisão Frontal";2;0;0;0;0;0;0;0;0;0;0;1;1;0;0
"05/02/2012";"05:50:00";"501";"sem vítima";"296";"BR-116/SC";"Sul";"Queda de Moto";0;0;0;1;0;0;0;0;0;0;1;0;0;0;0
"05/02/2012";"14:03:00";"529";"sem vítima";"115";"BR-116/SC";"Sul";"Saida de Pista";0;0;1;0;0;0;0;0;0;0;1;0;0;0;0
"05/02/2012";"15:38:00";"535";"com vítima";"258,3";"BR-116/SC";"Norte";"Saida de Pista";1;0;0;0;0;0;0;0;0;0;1;3;0;2;0
"05/02/2012";"17:22:00";"546";"com vítima";"194";"BR-116/PR";"Sul";"Saida de Pista";0;0;0;1;0;0;0;0;0;0;0;0;0;1;0
"05/02/2012";"21:35:00";"575";"com vítima";"122,4";"BR-116/PR";"Sul";"Colisão Transversal";2;0;0;0;0;0;0;0;0;0;3;1;0;0;0
"05/02/2012";"22:17:00";"582";"sem vítima";"122,3";"BR-116/PR";"Sul";"Colisão Lateral";2;0;0;0;0;0;0;0;0;0;4;0;0;0;0
"05/02/2012";"23:40:00";"585";"com vítima";"129,5";"BR-116/PR";"Sul";"Atropelamento - Morador";0;0;0;1;0;0;0;0;0;0;2;1;0;0;0
"06/02/2012";"00:16:00";"587";"sem vítima";"54";"BR-116/SC";"Norte";"Choque - Defensa, barreira ou "submarino"";1;0;0;0;0;0;0;0;0;0;2;0;0;0;0
"06/02/2012";"01:35:00";"592";"sem vítima";"108";"BR-116/SC";"Norte";"Choque - Objeto sobre a pista";1;0;0;0;0;0;0;0;0;0;3;0;0;0;0
"06/02/2012";"10:20:00";"620";"sem vítima";"178,8";"BR-116/SC";"Norte";"Colisão Transversal";0;0;1;0;0;0;0;0;0;1;3;0;0;0;0
"06/02/2012";"11:29:00";"627";"sem vítima";"225,6";"BR-116/SC";"Sul";"Colisão Traseira";1;0;1;0;0;0;0;0;0;0;2;0;0;0;0
"06/02/2012";"12:06:00";"631";"sem vítima";"37";"BR-116/SC";"Norte";"Colisão Frontal";2;0;0;0;0;0;0;0;0;0;2;0;0;0;0
"06/02/2012";"13:04:00";"634";"sem vítima";"201,7";"BR-116/PR";"Sul";"Choque - Defensa, barreira ou "submarino"";1;0;0;0;0;0;0;0;0;0;1;0;0;0;0
"06/02/2012";"14:38:00";"645";"sem vítima";"247,8";"BR-116/SC";"Sul";"Colisão Transversal";1;0;1;0;0;0;0;0;0;0;2;0;0;0;0
"06/02/2012";"18:35:00";"682";"sem vítima";"116,1";"BR-116/PR";"Norte";"Colisão Lateral";1;0;1;0;0;0;0;0;0;0;2;0;0;0;0
"06/02/2012";"19:57:00";"688";"sem vítima";"133,4";"BR-116/PR";"Norte";"Colisão Transversal";2;0;0;0;0;0;0;0;0;0;2;0;0;0;0
"07/02/2012";"07:35:00";"713";"com vítima";"116,2";"BR-116/PR";"Norte";"Colisão Transversal";1;0;0;1;0;0;0;0;0;0;1;1;0;0;0
"07/02/2012";"08:09:00";"716";"sem vítima";"131";"BR-116/PR";"Norte";"Choque - Defensa, barreira ou "submarino"";1;0;0;0;0;0;0;0;0;0;3;0;0;0;0
"07/02/2012";"12:01:00";"742";"com vítima";"122,4";"BR-116/PR";"Sul";"Colisão Frontal";1;0;0;0;0;0;0;0;0;1;0;2;0;0;0
"07/02/2012";"12:57:00";"749";"sem vítima";"124,2";"BR-116/PR";"Norte";"Engavetamento";2;0;0;0;0;0;0;0;0;2;7;0;0;0;0
"07/02/2012";"13:34:00";"754";"com vítima";"232,9";"BR-116/SC";"Sul";"Colisão Transversal";0;0;0;1;0;0;0;0;0;1;3;0;1;0;0
"07/02/2012";"14:56:00";"773";"sem vítima";"105";"BR-116/SC";"Norte";"Saida de Pista";0;0;1;0;0;0;0;0;0;0;1;0;0;0;0
"07/02/2012";"15:30:00";"779";"sem vítima";"115,8";"BR-116/PR";"Norte";"Queda de Moto";0;0;0;1;0;0;0;0;0;0;1;0;0;0;0
"07/02/2012";"16:19:00";"787";"sem vítima";"147,8";"BR-116/PR";"Sul";"Saida de Pista";1;0;0;0;0;0;0;0;0;0;1;0;0;0;0
"07/02/2012";"16:23:00";"790";"sem vítima";"182,5";"BR-116/PR";"Sul";"Saida de Pista";0;0;1;0;0;0;0;0;0;0;1;0;0;0;0
"07/02/2012";"17:44:00";"801";"com vítima";"89,1";"BR-116/SC";"Sul";"Saida de Pista";1;0;0;0;0;0;0;0;0;0;3;2;0;0;0
"07/02/2012";"17:52:00";"804";"sem vítima";"236";"BR-116/SC";"Norte";"Saida de Pista";1;0;0;0;0;0;0;0;0;0;1;0;0;0;0
"07/02/2012";"18:12:00";"807";"sem vítima";"260,9";"BR-116/SC";"Sul";"Choque - Talude";1;0;0;0;0;0;0;0;0;0;1;0;0;0;0
"08/02/2012";"08:56:00";"849";"sem vítima";"116";"BR-116/PR";"Norte";"Colisão Lateral";1;0;1;0;0;0;0;0;0;0;4;0;0;0;0
"08/02/2012";"11:28:00";"866";"sem vítima";"200,5";"BR-116/SC";"Norte";"Colisão Transversal";2;0;0;0;0;0;0;0;0;0;2;0;0;0;0
"08/02/2012";"15:32:00";"881";"sem vítima";"0";"BR-116/SC";"Norte";"Colisão Traseira";2;0;0;0;0;0;0;0;0;0;2;0;0;0;0
"08/02/2012";"21:32:00";"906";"sem vítima";"135,1";"BR-116/SC";"Norte";"Colisão Traseira";0;0;2;0;0;0;0;0;0;0;2;0;0;0;0
"09/02/2012";"01:58:00";"920";"sem vítima";"175,7";"BR-116/SC";"Norte";"Tombamento";0;0;1;0;0;0;0;0;0;0;1;0;0;0;0
"09/02/2012";"06:20:00";"926";"sem vítima";"201,3";"BR-116/PR";"Sul";"Saida de Pista";1;0;0;0;0;0;0;0;0;0;1;0;0;0;0
"09/02/2012";"08:33:00";"935";"sem vítima";"233";"BR-116/SC";"Norte";"Choque - Veiculo parado na pista";1;0;1;0;0;0;0;0;0;0;2;0;0;0;0
"09/02/2012";"10:43:00";"951";"sem vítima";"117";"BR-116/PR";"Sul";"Colisão Lateral";1;0;0;0;2;0;0;0;0;0;3;0;0;0;0
"09/02/2012";"11:51:00";"957";"com vítima";"116,5";"BR-116/PR";"Norte";"Saida de Pista";1;0;0;0;0;0;0;0;0;0;0;1;1;0;0
"09/02/2012";"16:17:00";"976";"sem vítima";"238,9";"BR-116/SC";"Norte";"Tombamento";0;0;1;0;0;0;0;0;0;0;1;0;0;0;0
"09/02/2012";"18:12:00";"984";"sem vítima";"54";"BR-116/SC";"Norte";"Choque - Defensa, barreira ou "submarino"";1;0;0;0;0;0;0;0;0;0;1;0;0;0;0
"09/02/2012";"18:16:00";"985";"sem vítima";"118,5";"BR-116/PR";"Sul";"Colisão Transversal";1;0;0;0;0;0;0;0;0;1;2;0;0;0;0
"10/02/2012";"00:08:00";"1001";"sem vítima";"1,3";"BR-116/SC";"Norte";"Colisão Lateral";0;0;1;0;1;1;0;0;0;0;23;0;0;0;0
"10/02/2012";"03:05:00";"1005";"com vítima";"132,2";"BR-116/PR";"Sul";"Saida de Pista";1;0;0;0;0;0;0;0;0;0;4;1;0;0;0
"10/02/2012";"06:57:00";"1009";"com vítima";"120,5";"BR-116/PR";"Norte";"Colisão Transversal";0;0;1;1;0;0;0;0;0;0;1;1;0;0;0
"10/02/2012";"12:46:00";"1035";"com vítima";"99";"BR-116/SC";"Norte";"Queda de Moto";0;0;0;1;0;0;0;0;0;0;0;1;0;0;0
"10/02/2012";"17:24:00";"1069";"sem vítima";"153,6";"BR-116/PR";"Norte";"Colisão Transversal";0;0;1;1;0;0;0;0;0;0;2;0;0;0;0
"10/02/2012";"18:01:00";"1070";"com vítima";"202,9";"BR-116/PR";"Sul";"Colisão Lateral";0;0;1;0;0;0;0;0;0;1;1;1;0;0;0
"10/02/2012";"18:19:00";"1071";"sem vítima";"167";"BR-116/PR";"Norte";"Saida de Pista";1;0;0;0;0;0;0;0;0;0;1;0;0;0;0
"10/02/2012";"18:23:00";"1072";"sem vítima";"159,4";"BR-116/PR";"Norte";"Saida de Pista";0;0;0;0;0;0;0;0;0;1;2;0;0;0;0
"10/02/2012";"22:07:00";"1094";"sem vítima";"259,4";"BR-116/SC";"Norte";"Colisão Traseira";2;0;0;0;0;0;0;0;0;0;6;0;0;0;0
"10/02/2012";"22:27:00";"1097";"sem vítima";"166,6";"BR-116/PR";"Sul";"Saida de Pista";1;0;0;0;0;0;0;0;0;0;3;0;0;0;0
"11/02/2012";"07:32:00";"1115";"com vítima";"164";"BR-116/PR";"Sul";"Atropelamento - Morador";0;0;0;0;0;1;0;0;0;0;1;0;0;0;1
"11/02/2012";"18:30:00";"1172";"sem vítima";"146";"BR-116/PR";"Sul";"Colisão Transversal";2;0;0;0;0;0;0;0;0;0;2;0;0;0;0
"11/02/2012";"20:28:00";"1180";"sem vítima";"123,7";"BR-116/PR";"Sul";"Outros - Sequência";1;0;0;0;0;0;0;0;0;0;1;0;0;0;0
"12/02/2012";"01:38:00";"1196";"sem vítima";"140,9";"BR-116/PR";"Norte";"Saida de Pista";1;0;0;0;0;0;0;0;0;0;1;0;0;0;0
"12/02/2012";"06:21:00";"1207";"sem vítima";"116,2";"BR-116/PR";"Norte";"Colisão Transversal";0;0;1;0;0;0;0;0;0;1;2;0;0;0;0
"12/02/2012";"11:55:00";"1228";"com vítima";"120,95";"BR-116/PR";"Norte";"Colisão Traseira";2;0;0;0;0;0;0;0;0;0;2;3;0;0;0
"12/02/2012";"18:26:00";"1264";"sem vítima";"66";"BR-116/SC";"Sul";"Colisão Traseira";2;0;0;0;0;0;0;0;0;0;2;0;0;0;0
"12/02/2012";"22:53:00";"1293";"sem vítima";"147,7";"BR-116/PR";"Norte";"Saida de Pista";1;0;0;0;0;0;0;0;0;0;1;0;0;0;0
"13/02/2012";"01:34:00";"1299";"sem vítima";"235,8";"BR-116/SC";"Norte";"Saida de Pista";1;0;0;0;0;0;0;0;0;0;2;0;0;0;0
"13/02/2012";"05:01:00";"1302";"sem vítima";"127,5";"BR-116/PR";"Norte";"Colisão Transversal";2;0;0;0;0;0;0;0;0;0;2;0;0;0;0
"13/02/2012";"06:00:00";"1305";"sem vítima";"124";"BR-116/PR";"Sul";"Colisão Traseira";0;0;1;0;0;0;0;0;0;1;2;0;0;0;0
"13/02/2012";"10:17:00";"1326";"sem vítima";"152";"BR-116/SC";"Norte";"Colisão Lateral";1;0;1;0;0;0;0;0;0;0;2;0;0;0;0
"13/02/2012";"14:52:00";"1350";"sem vítima";"210,7";"BR-116/SC";"Sul";"Saida de Pista";1;0;0;0;0;0;0;0;0;0;2;0;0;0;0
"14/02/2012";"08:51:00";"1412";"com vítima";"117";"BR-116/PR";"Sul";"Colisão Transversal";2;0;0;0;0;0;0;0;0;0;5;1;0;0;0
"14/02/2012";"21:30:00";"1477";"sem vítima";"129,5";"BR-116/PR";"Sul";"Colisão Traseira";1;0;0;0;0;1;0;0;0;0;2;0;0;0;0
"15/02/2012";"17:11:00";"1541";"sem vítima";"119,5";"BR-116/PR";"Norte";"Colisão Lateral";1;0;1;0;0;0;0;0;0;0;2;0;0;0;0
"15/02/2012";"19:16:00";"1551";"com vítima";"159,9";"BR-116/SC";"Sul";"Tombamento";0;0;1;0;0;0;0;0;0;0;0;0;1;0;0
"15/02/2012";"19:55:00";"1555";"sem vítima";"166";"BR-116/SC";"Norte";"Colisão Lateral";0;0;1;0;0;0;0;0;0;1;4;0;0;0;0
"15/02/2012";"22:28:00";"1564";"sem vítima";"148,9";"BR-116/PR";"Sul";"Choque - Objeto sobre a pista";0;0;0;1;0;0;0;0;0;0;1;0;0;0;0
"16/02/2012";"08:24:00";"1585";"com vítima";"136";"BR-116/SC";"Sul";"Saida de Pista";1;0;0;0;0;0;0;0;0;0;0;1;0;0;0
"16/02/2012";"11:37:00";"1610";"sem vítima";"230";"BR-116/SC";"Sul";"Colisão Traseira";1;0;1;0;0;0;0;0;0;0;2;0;0;0;0
"16/02/2012";"15:07:00";"1634";"sem vítima";"17";"BR-116/SC";"Norte";"Colisão Traseira";1;0;1;0;0;0;0;0;0;0;2;0;0;0;0
"16/02/2012";"17:30:00";"1654";"sem vítima";"81,1";"BR-116/SC";"Sul";"Colisão Transversal";0;0;1;0;0;0;0;0;0;1;2;0;0;0;0
"16/02/2012";"19:13:00";"1660";"sem vítima";"115,05";"BR-116/PR";"Sul";"Colisão Traseira";1;0;0;0;0;1;0;0;0;0;3;0;0;0;0
"17/02/2012";"00:00:00";"1679";"com vítima";"122";"BR-116/PR";"Sul";"Colisão Transversal";1;0;0;1;0;0;0;0;0;0;3;1;0;0;1
"17/02/2012";"04:56:00";"1684";"com vítima";"98";"BR-116/SC";"Norte";"Saida de Pista";0;0;1;0;0;0;0;0;0;0;0;1;0;0;0
"17/02/2012";"06:12:00";"1687";"sem vítima";"180,9";"BR-116/SC";"Sul";"Colisão Lateral";1;0;1;0;0;0;0;0;0;0;3;0;0;0;0
"17/02/2012";"09:37:00";"1708";"com vítima";"115,5";"BR-116/PR";"Sul";"Colisão Lateral";1;0;0;1;0;0;0;0;0;0;1;1;0;0;0
"17/02/2012";"13:45:00";"1724";"sem vítima";"135";"BR-116/SC";"Norte";"Colisão Lateral";0;0;2;0;0;0;0;0;0;0;2;0;0;0;0
"17/02/2012";"20:39:00";"1764";"com vítima";"152,6";"BR-116/PR";"Norte";"Atropelamento - Morador";1;0;0;0;0;0;0;0;0;0;1;0;1;0;0
"17/02/2012";"21:49:00";"1773";"com vítima";"121,2";"BR-116/PR";"Sul";"Colisão Lateral";0;0;1;1;0;0;0;0;0;0;1;1;0;0;0
"18/02/2012";"03:08:00";"1791";"com vítima";"221,9";"BR-116/SC";"Sul";"Saida de Pista";1;0;0;0;0;0;0;0;0;0;0;1;0;0;0
"18/02/2012";"06:10:00";"1799";"sem vítima";"131,2";"BR-116/SC";"Norte";"Atropelamento de Animal";1;0;0;0;0;0;0;0;0;0;1;0;0;0;0
"18/02/2012";"06:30:00";"1802";"com vítima";"120,1";"BR-116/PR";"Sul";"Colisão Lateral";1;0;0;1;0;0;0;0;0;0;1;0;1;0;0
"18/02/2012";"12:58:00";"1832";"sem vítima";"134";"BR-116/PR";"Sul";"Choque - Veiculo parado na pista";1;0;1;0;0;0;0;0;0;0;6;0;0;0;0
"18/02/2012";"14:26:00";"1838";"sem vítima";"118";"BR-116/PR";"Sul";"Engavetamento";3;0;0;0;0;0;0;0;0;0;10;0;0;0;0
"18/02/2012";"20:01:00";"1876";"com vítima";"126";"BR-116/PR";"Norte";"Choque - Outros";1;0;0;0;0;0;0;0;0;0;0;1;0;0;0
"18/02/2012";"20:57:00";"1881";"com vítima";"125";"BR-116/PR";"Norte";"Choque - Veiculo parado na pista";2;0;0;0;0;0;0;0;0;0;5;1;0;0;0
"18/02/2012";"22:10:00";"1891";"sem vítima";"98,8";"BR-116/SC";"Sul";"Não Def";1;0;0;0;0;1;0;0;0;0;2;0;0;0;0
"19/02/2012";"12:33:00";"1918";"com vítima";"169,7";"BR-116/SC";"Norte";"Capotamento";0;0;1;0;0;0;0;0;0;0;0;0;0;0;1
"19/02/2012";"17:12:00";"1933";"com vítima";"16,1";"BR-116/SC";"Norte";"Colisão Lateral";2;0;0;0;0;0;0;0;0;0;1;3;0;1;0
"19/02/2012";"19:05:00";"1942";"sem vítima";"119,8";"BR-116/PR";"Sul";"Colisão Traseira";2;0;0;0;0;0;0;0;0;0;8;0;0;0;0
"19/02/2012";"20:23:00";"1945";"com vítima";"167,4";"BR-116/SC";"Sul";"Colisão Frontal";1;0;1;0;0;0;0;0;0;0;4;3;0;0;0
"19/02/2012";"22:32:00";"1953";"com vítima";"125,2";"BR-116/PR";"Norte";"Colisão Traseira";1;0;0;0;1;0;0;0;0;0;2;1;0;0;0
"20/02/2012";"10:20:00";"1991";"com vítima";"178,1";"BR-116/PR";"Norte";"Colisão Transversal";1;0;1;0;0;0;0;0;0;0;1;0;0;1;0
"20/02/2012";"16:56:00";"2015";"com vítima";"117,5";"BR-116/PR";"Sul";"Atropelamento - Usuário";0;1;0;0;0;0;0;0;0;0;0;1;1;0;0
"20/02/2012";"17:15:00";"2018";"com vítima";"180";"BR-116/SC";"Norte";"Colisão Transversal";1;0;0;1;0;0;0;0;0;0;1;0;1;0;0
"20/02/2012";"17:35:00";"2021";"sem vítima";"140,7";"BR-116/SC";"Norte";"Colisão Traseira";2;0;0;0;0;0;0;0;0;0;2;0;0;0;0
"20/02/2012";"18:30:00";"2026";"sem vítima";"124,7";"BR-116/PR";"Norte";"Colisão Traseira";1;0;0;0;0;1;0;0;0;0;3;0;0;0;0
"21/02/2012";"05:12:00";"2068";"sem vítima";"208,8";"BR-116/SC";"Sul";"Saida de Pista";1;0;0;0;0;0;0;0;0;0;5;0;0;0;0
"21/02/2012";"05:47:00";"2070";"sem vítima";"217,6";"BR-116/SC";"Norte";"Capotamento";1;0;0;0;0;0;0;0;0;0;1;0;0;0;0
"21/02/2012";"06:35:00";"2069";"sem vítima";"208,8";"BR-116/SC";"Sul";"Colisão Traseira";0;0;1;0;0;0;0;0;0;1;4;0;0;0;0
"21/02/2012";"16:29:00";"2108";"com vítima";"180";"BR-116/SC";"Sul";"Colisão Transversal";2;0;0;0;0;0;0;0;0;0;1;2;0;0;0
"21/02/2012";"16:40:00";"2110";"com vítima";"119,5";"BR-116/PR";"Sul";"Engavetamento";2;0;0;0;0;3;0;0;0;0;6;1;0;0;0
"21/02/2012";"17:56:00";"2120";"sem vítima";"152";"BR-116/SC";"Norte";"Colisão Traseira";0;0;2;0;0;0;0;0;0;0;2;0;0;0;0
"21/02/2012";"18:05:00";"2129";"com vítima";"255";"BR-116/SC";"Sul";"Tombamento";0;0;0;1;0;0;0;0;0;0;0;1;0;0;0
"21/02/2012";"19:07:00";"2137";"com vítima";"133";"BR-116/PR";"Sul";"Colisão Lateral";1;0;0;1;0;0;0;0;0;0;1;0;0;1;0
"22/02/2012";"05:25:00";"2155";"com vítima";"115,3";"BR-116/PR";"Norte";"Tombamento";0;0;1;0;0;0;0;0;0;0;0;1;0;0;0
"22/02/2012";"14:51:00";"2182";"sem vítima";"124";"BR-116/PR";"Norte";"Colisão Traseira";1;0;0;0;0;1;0;0;0;0;6;0;0;0;0
"23/02/2012";"12:27:00";"2267";"sem vítima";"69";"BR-116/SC";"Norte";"Colisão Traseira";1;0;0;0;0;1;0;0;0;0;2;0;0;0;0
"23/02/2012";"15:08:00";"2281";"com vítima";"268";"BR-116/SC";"Norte";"Saida de Pista";0;0;0;1;0;0;0;0;0;0;0;1;0;0;1
"23/02/2012";"17:31:00";"2296";"sem vítima";"288,9";"BR-116/SC";"Sul";"Saida de Pista";1;0;0;0;0;0;0;0;0;0;1;0;0;0;0
"23/02/2012";"22:00:00";"2313";"sem vítima";"122";"BR-116/PR";"Sul";"Colisão Transversal";1;0;0;0;0;1;0;0;0;0;3;0;0;0;0
"24/02/2012";"07:12:00";"2331";"sem vítima";"122,4";"BR-116/PR";"Norte";"Colisão Transversal";1;0;1;0;0;0;0;0;0;0;2;0;0;0;0
"24/02/2012";"12:54:00";"2377";"sem vítima";"209,4";"BR-116/PR";"Norte";"Colisão Transversal";2;0;0;0;0;0;0;0;0;0;5;0;0;0;0
"24/02/2012";"17:42:00";"2408";"sem vítima";"50";"BR-116/SC";"Sul";"Saida de Pista";1;0;0;0;0;0;0;0;0;0;2;0;0;0;0
"25/02/2012";"00:55:00";"2434";"com vítima";"127,6";"BR-116/PR";"Sul";"Colisão Transversal";1;0;0;0;0;0;0;0;0;1;3;3;1;0;0
"26/02/2012";"00:30:00";"2521";"sem vítima";"1,2";"BR-116/SC";"Sul";"Choque - Defensa, barreira ou "submarino"";1;0;0;0;0;0;0;0;0;0;5;0;0;0;0
"26/02/2012";"03:20:00";"2526";"com vítima";"146,4";"BR-116/SC";"Norte";"Saida de Pista";1;0;0;0;0;0;0;0;0;0;0;2;0;0;0
"26/02/2012";"03:51:00";"2527";"sem vítima";"117,6";"BR-116/PR";"Norte";"Choque - Defensa, barreira ou "submarino"";1;0;0;0;0;0;0;0;0;0;1;0;0;0;0
"26/02/2012";"15:57:00";"2564";"sem vítima";"159";"BR-116/PR";"Norte";"Saida de Pista";1;0;0;0;0;0;0;0;0;0;1;0;0;0;0
"26/02/2012";"21:49:00";"2594";"com vítima";"199";"BR-116/PR";"Norte";"Colisão Lateral";0;0;1;0;0;1;0;0;0;0;1;1;0;0;0
"27/02/2012";"14:48:00";"2646";"com vítima";"120";"BR-116/PR";"Sul";"Colisão Traseira";2;0;2;0;0;0;0;0;0;0;3;2;0;0;0
"27/02/2012";"18:50:00";"2673";"sem vítima";"238,9";"BR-116/SC";"Norte";"Colisão Transversal";1;0;1;0;0;0;0;0;0;0;2;0;0;0;0
"27/02/2012";"19:07:00";"2678";"com vítima";"136";"BR-116/PR";"Norte";"Colisão Lateral";2;0;0;0;0;0;0;0;0;0;2;1;0;0;0
"27/02/2012";"22:07:00";"2687";"sem vítima";"206,2";"BR-116/SC";"Sul";"Saida de Pista";1;0;0;0;0;0;0;0;0;0;1;0;0;0;0
"28/02/2012";"11:03:00";"2715";"com vítima";"200,4";"BR-116/SC";"Norte";"Saida de Pista";1;0;0;0;0;0;0;0;0;0;0;1;0;0;0
"28/02/2012";"18:46:00";"2745";"sem vítima";"203,4";"BR-116/PR";"Norte";"Tombamento";0;0;1;0;0;0;0;0;0;0;1;0;0;0;0
"28/02/2012";"19:27:00";"2751";"com vítima";"11,7";"BR-116/SC";"Sul";"Atropelamento - Morador";0;0;0;1;0;0;0;0;0;0;1;1;0;0;0
"28/02/2012";"21:55:00";"2761";"sem vítima";"36,6";"BR-116/SC";"Sul";"Saida de Pista";0;0;1;0;0;0;0;0;0;0;1;0;0;0;0
"29/02/2012";"16:32:00";"2832";"com vítima";"57,5";"BR-116/SC";"Sul";"Colisão Transversal";2;0;0;0;0;0;0;0;0;0;0;2;0;0;0
"29/02/2012";"17:33:00";"2837";"com vítima";"107,1";"BR-116/SC";"Norte";"Saida de Pista";0;0;1;0;0;0;0;0;0;0;0;1;0;0;0
"29/02/2012";"17:56:00";"2841";"sem vítima";"116,2";"BR-116/PR";"Norte";"Colisão Lateral";0;0;1;0;1;0;0;0;0;0;2;0;0;0;0
"29/02/2012";"18:30:00";"2844";"com vítima";"120";"BR-116/PR";"Sul";"Colisão Lateral";1;0;0;1;0;0;0;0;0;0;1;1;0;0;0
"01/03/2012";"01:19:00";"2";"sem vítima";"247";"BR-116/SC";"Norte";"Queda de Moto";0;0;0;1;0;0;0;0;0;0;1;0;0;0;0
"01/03/2012";"06:42:00";"8";"com vítima";"239";"BR-116/SC";"Norte";"Colisão Frontal";0;0;2;0;0;0;0;0;0;0;1;0;1;0;0
"01/03/2012";"14:43:00";"40";"sem vítima";"65,9";"BR-116/SC";"Norte";"Colisão Traseira";0;0;3;0;0;0;0;0;0;0;3;0;0;0;0