data;horario;n_da_ocorrencia;tipo_de_ocorrencia;km;trecho;sentido;tipo_de_acidente;automovel;bicicleta;caminhao;moto;onibus;outros;tracao_animal;transporte_de_cargas_especiais;trator_maquinas;utilitarios;ilesos;levemente_feridos;moderadamente_feridos;gravemente_feridos;mortos
"01/03/2012";"17:34:00";"55";"sem vítima";"217";"BR-116/SC";"Norte";"Colisão Traseira";0;0;1;0;1;0;0;0;0;0;2;0;0;0;0
"02/03/2012";"01:18:00";"81";"sem vítima";"207,8";"BR-116/SC";"Sul";"Saida de Pista";0;0;1;0;0;0;0;0;0;0;1;0;0;0;0
"02/03/2012";"06:36:00";"84";"sem vítima";"116,2";"BR-116/PR";"Sul";"Colisão Transversal";1;0;1;0;0;0;0;0;0;0;2;0;0;0;0
"02/03/2012";"13:06:00";"119";"sem vítima";"164";"BR-116/PR";"Norte";"Colisão Lateral";0;0;0;0;0;0;0;0;0;2;3;0;0;0;0
"02/03/2012";"13:39:00";"125";"sem vítima";"67,7";"BR-116/SC";"Sul";"Saida de Pista";0;0;1;0;0;0;0;0;0;0;1;0;0;0;0
"02/03/2012";"16:20:00";"139";"com vítima";"1,2";"BR-116/SC";"Sul";"Atropelamento - Morador";0;0;0;1;0;0;0;0;0;0;1;1;0;0;0
"02/03/2012";"17:56:00";"145";"com vítima";"115";"BR-116/PR";"Norte";"Atropelamento - Usuário";0;0;0;0;1;0;0;0;0;0;1;0;1;0;0
"02/03/2012";"21:12:00";"158";"com vítima";"265,9";"BR-116/SC";"Norte";"Saida de Pista";1;0;0;0;0;0;0;0;0;0;0;1;0;0;0
"02/03/2012";"23:29:00";"170";"com vítima";"148,2";"BR-116/PR";"Sul";"Colisão Frontal";1;0;0;0;1;0;0;0;0;0;37;0;2;0;1
"03/03/2012";"02:40:00";"180";"sem vítima";"121,5";"BR-116/PR";"Sul";"Saida de Pista";1;0;0;0;0;0;0;0;0;0;1;0;0;0;0
"03/03/2012";"03:50:00";"181";"sem vítima";"129";"BR-116/PR";"Sul";"Saida de Pista";0;0;0;0;0;0;0;0;0;1;1;0;0;0;0
"03/03/2012";"06:24:00";"185";"com vítima";"126,9";"BR-116/SC";"Sul";"Colisão Lateral";1;0;1;0;0;0;0;0;0;0;1;0;3;0;1
"03/03/2012";"10:58:00";"209";"sem vítima";"119";"BR-116/PR";"Norte";"Colisão Transversal";2;0;0;0;0;0;0;0;0;0;2;0;0;0;0
"03/03/2012";"11:18:00";"211";"sem vítima";"183,4";"BR-116/SC";"Sul";"Saida de Pista";1;0;0;0;0;0;0;0;0;0;1;0;0;0;0
"03/03/2012";"19:34:00";"258";"com vítima";"69,8";"BR-116/SC";"Norte";"Colisão Transversal";2;0;0;0;0;0;0;0;0;0;1;2;1;0;0
"04/03/2012";"05:47:00";"300";"com vítima";"127,6";"BR-116/PR";"Norte";"Colisão Traseira";2;0;0;0;0;0;0;0;0;0;1;0;0;1;2
"04/03/2012";"20:01:00";"361";"sem vítima";"126,1";"BR-116/SC";"Norte";"Colisão Traseira";2;0;0;0;0;0;0;0;0;0;8;0;0;0;0
"04/03/2012";"20:56:00";"366";"com vítima";"121,5";"BR-116/PR";"Norte";"Colisão Lateral";1;0;0;1;0;0;0;0;0;0;2;1;0;0;0
"04/03/2012";"22:18:00";"369";"com vítima";"129,6";"BR-116/PR";"Norte";"Atropelamento - Sem Informação";1;0;0;0;0;0;0;0;0;0;2;0;0;1;0
"05/03/2012";"03:40:00";"378";"com vítima";"130,9";"BR-116/PR";"Norte";"Colisão Frontal";1;0;1;0;0;0;0;0;0;0;0;1;0;0;1
"05/03/2012";"10:45:00";"410";"sem vítima";"258,3";"BR-116/SC";"Norte";"Saida de Pista";1;0;1;0;0;0;0;0;0;0;2;0;0;0;0
"05/03/2012";"19:03:00";"456";"com vítima";"119,8";"BR-116/PR";"Sul";"Atropelamento - Outros";0;0;0;1;0;0;0;0;0;0;1;1;0;0;0
"06/03/2012";"06:19:00";"474";"com vítima";"115,7";"BR-116/PR";"Norte";"Choque - Veiculo parado no acostamento";0;0;0;1;1;0;0;0;0;0;70;1;0;0;0
"06/03/2012";"12:14:00";"506";"sem vítima";"185";"BR-116/PR";"Norte";"Colisão Lateral";0;0;2;0;0;0;0;0;0;0;2;0;0;0;0
"06/03/2012";"16:46:00";"532";"sem vítima";"58,7";"BR-116/SC";"Norte";"Choque - Objeto sobre a pista";1;0;0;0;0;0;0;0;0;0;1;0;0;0;0
"06/03/2012";"20:37:00";"547";"sem vítima";"57,8";"BR-116/SC";"Sul";"Tombamento";0;0;1;0;0;0;0;0;0;0;1;0;0;0;0
"06/03/2012";"20:54:00";"548";"sem vítima";"171,7";"BR-116/SC";"Norte";"Saida de Pista";0;0;1;0;0;0;0;0;0;0;1;0;0;0;0
"07/03/2012";"18:27:00";"631";"com vítima";"117,2";"BR-116/PR";"Sul";"Colisão Transversal";2;0;0;0;0;0;0;0;0;0;2;2;0;0;0
"07/03/2012";"18:43:00";"632";"sem vítima";"160,7";"BR-116/SC";"Norte";"Colisão Traseira";0;0;2;0;0;0;0;0;0;0;2;0;0;0;0
"07/03/2012";"23:41:00";"648";"com vítima";"303,8";"BR-116/SC";"Norte";"Colisão Traseira";0;0;2;0;0;0;0;0;0;0;3;1;0;0;0
"08/03/2012";"10:25:00";"682";"com vítima";"119";"BR-116/PR";"Sul";"Colisão Traseira";0;0;1;1;0;0;0;0;0;0;1;1;0;0;0
"08/03/2012";"12:56:00";"694";"sem vítima";"233";"BR-116/SC";"Sul";;0;0;1;0;0;0;0;0;0;0;1;0;0;0;0
"08/03/2012";"16:43:00";"709";"sem vítima";"228,8";"BR-116/SC";"Sul";"Objeto lançado contra veículo";1;0;0;0;0;0;0;0;0;0;1;0;0;0;0
"08/03/2012";"18:13:00";"714";"com vítima";"57,6";"BR-116/SC";"Sul";"Colisão Frontal";1;0;1;0;0;0;0;0;0;0;0;1;0;0;1
"08/03/2012";"19:17:00";"716";"sem vítima";"117";"BR-116/PR";"Sul";"Colisão Lateral";0;0;0;0;1;0;0;0;0;1;2;0;0;0;0
"09/03/2012";"01:11:00";"734";"sem vítima";"222,3";"BR-116/SC";"Sul";"Colisão Lateral";0;0;1;0;1;0;0;0;0;0;14;0;0;0;0
"09/03/2012";"01:15:00";"735";"sem vítima";"125";"BR-116/PR";"Sul";"Colisão Lateral";1;0;1;0;0;0;0;0;0;0;2;0;0;0;0
"09/03/2012";"02:25:00";"737";"com vítima";"124,5";"BR-116/PR";"Norte";"Saida de Pista";1;0;0;0;0;0;0;0;0;0;0;1;0;0;0
"09/03/2012";"06:22:00";"742";"com vítima";"191";"BR-116/SC";"Norte";"Colisão Frontal";1;0;1;0;0;0;0;0;0;0;1;0;0;1;0
"09/03/2012";"18:25:00";"804";"sem vítima";"115";"BR-116/PR";"Norte";"Colisão Traseira";2;0;0;0;0;0;0;0;0;0;2;0;0;0;0
"09/03/2012";"21:24:00";"821";"sem vítima";"123,3";"BR-116/PR";"Norte";"Choque - Objeto sobre a pista";1;0;0;0;0;0;0;0;0;0;3;0;0;0;0
"09/03/2012";"23:04:00";"829";"sem vítima";"119,5";"BR-116/PR";"Norte";"Colisão Transversal";2;0;0;0;0;0;0;0;0;0;2;0;0;0;0
"10/03/2012";"04:27:00";"837";"sem vítima";"177";"BR-116/PR";"Norte";"Colisão Lateral";0;0;2;0;0;0;0;0;0;0;2;0;0;0;0
"10/03/2012";"09:01:00";"848";"com vítima";"124,1";"BR-116/PR";"Norte";"Colisão Traseira";1;0;0;1;0;0;0;0;0;0;4;1;0;0;0
"10/03/2012";"09:22:00";"850";"sem vítima";"123,7";"BR-116/PR";"Norte";"Colisão Traseira";0;0;0;1;1;0;0;0;0;0;81;0;0;0;0
"10/03/2012";"16:03:00";"891";"com vítima";"33,4";"BR-116/SC";"Norte";"Saida de Pista";1;0;0;0;0;0;0;0;0;0;0;1;0;0;0
"10/03/2012";"17:52:00";"902";"com vítima";"152";"BR-116/PR";"Sul";"Colisão Transversal";1;0;0;1;0;0;0;0;0;0;1;1;0;0;0
"10/03/2012";"18:02:00";"905";"sem vítima";"126,5";"BR-116/SC";"Norte";"Saida de Pista";1;0;0;0;0;0;0;0;0;0;3;0;0;0;0
"10/03/2012";"19:04:00";"908";"sem vítima";"148,1";"BR-116/PR";"Norte";"Saida de Pista";0;0;0;0;0;0;0;0;0;1;1;0;0;0;0
"10/03/2012";"19:05:00";"909";"sem vítima";"148";"BR-116/PR";"Sul";"Colisão Lateral";2;0;0;0;0;0;0;0;0;0;2;0;0;0;0
"10/03/2012";"21:04:00";"919";"sem vítima";"172,6";"BR-116/SC";"Norte";"Choque - Defensa, barreira ou "submarino"";1;0;0;0;0;0;0;0;0;0;1;0;0;0;0
"11/03/2012";"06:37:00";"942";"sem vítima";"221,5";"BR-116/SC";"Sul";"Atropelamento de Animal";1;0;0;0;0;0;0;0;0;0;2;0;0;0;0
"11/03/2012";"10:37:00";"960";"sem vítima";"144";"BR-116/PR";"Norte";"Colisão Lateral";1;0;1;0;0;0;0;0;0;1;3;0;0;0;0
"11/03/2012";"18:29:00";"1004";"sem vítima";"47";"BR-116/SC";"Sul";"Saida de Pista";1;0;0;0;0;0;0;0;0;0;1;0;0;0;0
"11/03/2012";"19:44:00";"1013";"sem vítima";"258,2";"BR-116/SC";"Norte";"Colisão Transversal";2;0;0;0;0;0;0;0;0;0;5;0;0;0;0
"11/03/2012";"21:58:00";"1025";"sem vítima";"124,1";"BR-116/PR";"Norte";"Colisão Traseira";1;0;0;1;0;0;0;0;0;0;2;0;0;0;0
"11/03/2012";"23:02:00";"1032";"sem vítima";"304";"BR-116/SC";"Sul";"Colisão Traseira";0;0;3;0;0;0;0;0;0;0;3;0;0;0;0
"12/03/2012";"05:29:00";"1043";"sem vítima";"135,2";"BR-116/SC";"Norte";"Colisão Lateral";0;0;2;0;0;0;0;0;0;0;2;0;0;0;0
"12/03/2012";"08:18:00";"1059";"sem vítima";"150,5";"BR-116/PR";"Norte";"Saida de Pista";1;0;0;0;0;0;0;0;0;0;1;0;0;0;0
"12/03/2012";"08:46:00";"1062";"sem vítima";"24,9";"BR-116/SC";"Norte";"Colisão Traseira";1;0;1;0;0;0;0;0;0;0;2;0;0;0;0
"12/03/2012";"09:17:00";"1065";"com vítima";"125,8";"BR-116/PR";"Norte";"Colisão Lateral";1;0;0;1;0;0;0;0;0;0;4;0;1;0;0
"12/03/2012";"09:18:00";"1066";"sem vítima";"126";"BR-116/PR";"Norte";"Colisão Lateral";0;0;2;0;0;0;0;0;0;0;2;0;0;0;0
"12/03/2012";"11:09:00";"1085";"sem vítima";"211";"BR-116/PR";"Norte";"Colisão Transversal";2;0;0;0;0;0;0;0;0;0;2;0;0;0;0
"12/03/2012";"12:39:00";"1092";"com vítima";"4,5";"BR-116/SC";"Norte";"Colisão Transversal";0;0;1;1;0;0;0;0;0;0;1;1;0;0;0
"12/03/2012";"22:34:00";"1139";"sem vítima";"156";"BR-116/PR";"Sul";"Colisão Lateral";0;0;1;0;0;0;0;0;0;1;2;0;0;0;0
"12/03/2012";"23:34:00";"1141";"sem vítima";"310";"BR-116/SC";"Norte";"Choque - Objeto sobre a pista";1;0;0;0;0;0;0;0;0;0;4;0;0;0;0
"13/03/2012";"00:40:00";"1142";"sem vítima";"88,7";"BR-116/SC";"Norte";"Choque - Objeto sobre a pista";1;0;0;0;0;0;0;0;0;0;1;0;0;0;0
"13/03/2012";"07:52:00";"1155";"sem vítima";"190";"BR-116/SC";"Norte";"Colisão Frontal";2;0;0;0;0;0;0;0;0;0;2;0;0;0;0
"13/03/2012";"08:16:00";"1158";"sem vítima";"25,4";"BR-116/SC";"Norte";"Colisão Traseira";2;0;0;0;0;0;0;0;0;0;6;0;0;0;0
"13/03/2012";"14:21:00";"1197";"sem vítima";"170";"BR-116/PR";"Norte";"Colisão Frontal";1;0;1;0;0;0;0;0;0;0;2;0;0;0;0
"14/03/2012";"03:26:00";"1250";"sem vítima";"134,6";"BR-116/PR";"Norte";"Colisão Traseira";0;0;2;0;0;0;0;0;0;0;2;0;0;0;0
"14/03/2012";"11:03:00";"1279";"sem vítima";"91,4";"BR-116/SC";"Norte";"Colisão Traseira";0;0;3;0;0;0;0;0;0;0;3;0;0;0;0
"14/03/2012";"12:37:00";"1289";"com vítima";"5";"BR-116/SC";"Norte";"Tombamento";0;0;0;1;0;0;0;0;0;0;0;1;0;0;0
"14/03/2012";"15:09:00";"1303";"sem vítima";"118";"BR-116/PR";"Norte";"Colisão Traseira";1;0;0;1;0;0;0;0;0;0;2;0;0;0;0
"14/03/2012";"17:54:00";"1323";"com vítima";"36";"BR-116/SC";"Norte";"Colisão Transversal";1;0;0;1;0;0;0;0;0;0;2;1;0;0;0
"14/03/2012";"19:11:00";"1328";"sem vítima";"134,9";"BR-116/PR";"Sul";"Choque - Objeto sobre a pista";1;0;0;0;0;0;0;0;0;0;1;0;0;0;0
"14/03/2012";"20:21:00";"1333";"sem vítima";"211,9";"BR-116/SC";"Norte";"Saida de Pista";0;0;1;0;0;0;0;0;0;0;1;0;0;0;0
"14/03/2012";"22:48:00";"1341";"sem vítima";"1,1";"BR-116/SC";"Norte";"Colisão Lateral";0;0;1;0;0;1;0;0;0;0;2;0;0;0;0
"15/03/2012";"08:26:00";"1356";"com vítima";"135,3";"BR-116/SC";"Norte";"Colisão Traseira";1;0;2;0;0;0;0;0;0;0;2;1;1;0;0
"15/03/2012";"11:20:00";"1368";"sem vítima";"126";"BR-116/PR";"Sul";"Colisão Traseira";1;0;0;0;0;1;0;0;0;0;2;0;0;0;0
"15/03/2012";"15:48:00";"1390";"sem vítima";"118";"BR-116/PR";"Sul";"Choque - Objeto não identificado";1;0;0;0;0;0;0;0;0;0;2;0;0;0;0
"15/03/2012";"18:19:00";"1404";"sem vítima";"116,3";"BR-116/PR";"Norte";"Colisão Transversal";1;0;0;0;0;0;0;0;0;1;2;0;0;0;0
"15/03/2012";"19:42:00";"1413";"sem vítima";"9";"BR-116/SC";"Norte";"Colisão Lateral";1;0;1;0;0;0;0;0;0;0;2;0;0;0;0
"15/03/2012";"20:27:00";"1418";"sem vítima";"134";"BR-116/SC";"Sul";"Choque - Objeto sobre a pista";1;0;0;0;0;0;0;0;0;0;2;0;0;0;0
"15/03/2012";"20:40:00";"1422";"sem vítima";"149";"BR-116/PR";"Sul";"Saida de Pista";1;0;0;0;0;0;0;0;0;0;1;0;0;0;0
"15/03/2012";"20:52:00";"1424";"sem vítima";"197,5";"BR-116/PR";"Sul";"Saida de Pista";0;0;1;0;0;0;0;0;0;0;1;0;0;0;0
"16/03/2012";"02:34:00";"1439";"com vítima";"123,5";"BR-116/PR";"Norte";"Saida de Pista";1;0;0;0;0;0;0;0;0;0;1;1;0;0;0
"16/03/2012";"06:42:00";"1442";"com vítima";"129,3";"BR-116/PR";"Norte";"Colisão Traseira";1;0;0;1;0;0;0;0;0;0;1;0;1;0;0
"16/03/2012";"11:37:00";"1461";"sem vítima";"210";"BR-116/PR";"Sul";"Choque - Objeto sobre a pista";1;0;1;0;0;0;0;0;0;0;2;0;0;0;0
"16/03/2012";"13:00:00";"1463";"sem vítima";"47";"BR-116/SC";"Sul";"Choque - Outros";0;0;1;0;0;0;0;0;0;0;1;0;0;0;0
"16/03/2012";"14:37:00";"1475";"sem vítima";"305,2";"BR-116/SC";"Sul";"Colisão Lateral";1;0;0;0;0;1;0;0;0;0;2;0;0;0;0
"16/03/2012";"16:40:00";"1488";"com vítima";"100";"BR-116/SC";"Norte";"Colisão Lateral";0;0;1;1;0;0;0;0;0;1;1;1;1;0;0
"16/03/2012";"22:07:00";"1505";"sem vítima";"116";"BR-116/SC";"Sul";"Colisão Lateral";0;0;2;0;0;0;0;0;0;0;2;0;0;0;0
"17/03/2012";"00:53:00";"1509";"sem vítima";"210,9";"BR-116/SC";"Sul";"Saida de Pista";1;0;0;0;0;0;0;0;0;0;1;0;0;0;0
"17/03/2012";"12:59:00";"1539";"com vítima";"160,1";"BR-116/PR";"Sul";"Colisão Lateral";0;0;1;1;0;0;0;0;0;0;1;1;0;0;0
"17/03/2012";"14:51:00";"1547";"sem vítima";"134";"BR-116/PR";"Norte";"Objeto lançado contra veículo";0;0;1;0;0;0;0;0;0;0;1;0;0;0;0
"17/03/2012";"20:11:00";"1565";"sem vítima";"195";"BR-116/SC";"Norte";"Atropelamento de Animal";1;0;0;0;0;0;0;0;0;0;2;0;0;0;0
"17/03/2012";"20:21:00";"1568";"sem vítima";"116,9";"BR-116/PR";"Sul";"Capotamento";1;0;0;0;0;0;0;0;0;0;1;0;0;0;0
"18/03/2012";"00:24:00";"1580";"sem vítima";"255";"BR-116/SC";"Sul";"Colisão Lateral";0;0;0;1;0;0;0;0;0;1;2;0;0;0;0
"18/03/2012";"13:48:00";"1605";"sem vítima";"116";"BR-116/SC";"Norte";"Saida de Pista";0;0;1;0;0;0;0;0;0;0;1;0;0;0;0
"18/03/2012";"17:54:00";"1619";"sem vítima";"150,1";"BR-116/PR";"Sul";"Colisão Transversal";2;0;0;0;0;0;0;0;0;0;2;0;0;0;0
"18/03/2012";"18:03:00";"1621";"sem vítima";"162,3";"BR-116/PR";"Sul";"Saida de Pista";1;0;0;0;0;0;0;0;0;0;1;0;0;0;0
"18/03/2012";"18:11:00";"1622";"com vítima";"127";"BR-116/PR";"Norte";"Colisão Lateral";1;0;1;1;0;0;0;0;0;0;4;1;0;0;0
"18/03/2012";"19:01:00";"1627";"com vítima";"125,1";"BR-116/PR";"Sul";"Colisão Traseira";2;0;0;0;0;0;0;0;0;1;5;1;0;0;0
"18/03/2012";"19:15:00";"1632";"com vítima";"123,5";"BR-116/PR";"Norte";"Colisão Traseira";3;0;0;0;0;0;0;0;0;0;4;0;0;2;0
"18/03/2012";"19:36:00";"1634";"com vítima";"129,5";"BR-116/PR";"Sul";"Colisão Transversal";2;0;0;0;0;0;0;0;0;0;3;1;0;0;0
"18/03/2012";"21:19:00";"1643";"sem vítima";"247";"BR-116/SC";"Sul";"Choque - Veiculo parado na pista";2;0;0;0;0;0;0;0;0;0;8;0;0;0;0
"18/03/2012";"23:43:00";"1656";"sem vítima";"123,2";"BR-116/PR";"Norte";"Saida de Pista";1;0;0;0;0;0;0;0;0;0;2;0;0;0;0
"19/03/2012";"05:32:00";"1663";"sem vítima";"108,8";"BR-116/SC";"Norte";"Choque - Objeto sobre a pista";0;0;1;0;0;0;0;0;0;0;1;0;0;0;0
"19/03/2012";"08:48:00";"1670";"sem vítima";"246,3";"BR-116/SC";"Sul";"Saida de Pista";1;0;0;0;0;0;0;0;0;0;1;0;0;0;0
"19/03/2012";"09:57:00";"1675";"sem vítima";"184";"BR-116/SC";"Sul";"Atropelamento de Animal";1;0;0;0;0;0;0;0;0;0;1;0;0;0;0
"19/03/2012";"10:53:00";"1680";"sem vítima";"56,8";"BR-116/SC";"Norte";"Objeto lançado contra veículo";1;0;0;0;0;0;0;0;0;0;1;0;0;0;0
"19/03/2012";"19:41:00";"1701";"sem vítima";"308,2";"BR-116/SC";"Norte";"Colisão Traseira";0;0;1;0;1;0;0;0;0;0;2;0;0;0;0
"19/03/2012";"19:48:00";"1703";"com vítima";"115";"BR-116/SC";"Norte";"Colisão Lateral";1;0;0;1;0;0;0;0;0;0;1;1;0;0;0
"20/03/2012";"06:54:00";"1720";"com vítima";"130";"BR-116/PR";"Sul";"Tombamento";0;0;0;1;0;0;0;0;0;0;0;1;0;0;0
"20/03/2012";"07:52:00";"1727";"com vítima";"251,3";"BR-116/SC";"Norte";"Colisão Frontal";1;0;1;0;0;0;0;0;0;0;2;0;0;1;0
"20/03/2012";"08:12:00";"1729";"sem vítima";"135";"BR-116/SC";"Sul";"Choque - Suporte de Sinalização";0;0;1;0;0;0;0;0;0;0;1;0;0;0;0
"20/03/2012";"09:11:00";"1737";"sem vítima";"115,5";"BR-116/PR";"Norte";"Colisão Lateral";0;0;1;0;0;0;0;0;0;1;3;0;0;0;0
"20/03/2012";"09:52:00";"1739";"sem vítima";"120,4";"BR-116/PR";"Norte";"Engavetamento";2;0;1;0;0;0;0;0;0;0;3;0;0;0;0
"20/03/2012";"10:46:00";"1745";"sem vítima";"58";"BR-116/SC";"Norte";"Choque - Suporte de Sinalização";0;0;2;0;0;0;0;0;0;0;2;0;0;0;0
"20/03/2012";"11:46:00";"1750";"sem vítima";"276,3";"BR-116/SC";"Norte";"Outros";1;0;0;0;0;0;0;0;0;0;2;0;0;0;0
"20/03/2012";"14:24:00";"1760";"sem vítima";"122";"BR-116/SC";"Sul";"Colisão Traseira";1;0;1;0;0;0;0;0;0;0;2;0;0;0;0
"20/03/2012";"15:48:00";"1768";"sem vítima";"125";"BR-116/PR";"Norte";"Choque - Veiculo parado na pista";1;0;1;0;0;0;0;0;0;0;3;0;0;0;0
"20/03/2012";"16:03:00";"1771";"sem vítima";"247,8";"BR-116/SC";"Sul";"Colisão Lateral";0;0;2;0;0;0;0;0;0;0;2;0;0;0;0
"20/03/2012";"16:22:00";"1772";"sem vítima";"115,9";"BR-116/PR";"Sul";"Colisão Transversal";0;0;1;0;0;0;0;0;0;1;2;0;0;0;0
"20/03/2012";"16:25:00";"1773";"sem vítima";"127";"BR-116/SC";"Sul";"Saida de Pista";0;0;1;0;0;0;0;0;0;0;1;0;0;0;0
"21/03/2012";"04:13:00";"1809";"sem vítima";"145,4";"BR-116/PR";"Sul";"Saida de Pista";1;0;0;0;0;0;0;0;0;0;1;0;0;0;0
"21/03/2012";"09:36:00";"1834";"com vítima";"120,9";"BR-116/PR";"Sul";"Colisão Traseira";1;0;1;0;0;0;0;0;0;0;1;1;0;0;0
"21/03/2012";"10:12:00";"1841";"com vítima";"118,9";"BR-116/PR";"Sul";"Colisão Traseira";2;0;0;0;0;0;0;0;0;0;1;1;0;0;0
"21/03/2012";"16:11:00";"1882";"sem vítima";"176";"BR-116/PR";"Norte";"Objeto lançado contra veículo";0;0;1;0;0;0;0;0;0;0;1;0;0;0;0
"21/03/2012";"23:14:00";"1910";"sem vítima";"23,6";"BR-116/SC";"Norte";"Choque - Defensa, barreira ou "submarino"";1;0;0;0;0;0;0;0;0;0;1;0;0;0;0
"22/03/2012";"07:58:00";"1932";"sem vítima";"77,6";"BR-116/SC";"Norte";"Atropelamento de Animal";1;0;0;0;0;0;0;0;0;0;2;0;0;0;0
"22/03/2012";"09:30:00";"1942";"sem vítima";"233";"BR-116/SC";"Sul";"Objeto lançado contra veículo";1;0;0;0;0;0;0;0;0;0;1;0;0;0;0
"22/03/2012";"10:59:00";"1952";"sem vítima";"233";"BR-116/SC";"Sul";"Objeto lançado contra veículo";1;0;0;0;0;0;0;0;0;0;1;0;0;0;0
"23/03/2012";"09:45:00";"2021";"sem vítima";"99";"BR-116/SC";"Norte";"Choque - Objeto não identificado";1;0;0;0;0;0;0;0;0;0;1;0;0;0;0
"23/03/2012";"13:13:00";"2032";"com vítima";"173";"BR-116/PR";"Norte";"Saida de Pista";1;0;0;0;0;0;0;0;0;0;0;1;0;0;0
"23/03/2012";"16:08:00";"2045";"com vítima";"234,4";"BR-116/SC";"Norte";"Queda de Moto";0;0;0;1;0;0;0;0;0;0;0;1;0;0;0
"23/03/2012";"16:21:00";"2046";"sem vítima";"152";"BR-116/SC";"Sul";"Objeto lançado contra veículo";1;0;0;0;0;0;0;0;0;0;1;0;0;0;0
"23/03/2012";"16:53:00";"2047";"sem vítima";"127,9";"BR-116/PR";"Sul";"Colisão Traseira";2;0;0;0;0;0;0;0;0;0;2;0;0;0;0
"23/03/2012";"19:30:00";"2062";"sem vítima";"204,2";"BR-116/PR";"Norte";"Atropelamento de Animal";1;0;0;0;0;0;0;0;0;0;1;0;0;0;0
"23/03/2012";"23:53:00";"2080";"com vítima";"163,3";"BR-116/PR";"Norte";"Colisão Lateral";1;1;0;0;0;0;0;0;0;0;1;1;0;0;0
"24/03/2012";"03:29:00";"2082";"com vítima";"6,7";"BR-116/SC";"Norte";"Colisão Traseira";1;0;1;0;0;0;0;0;0;0;2;1;0;0;0
"24/03/2012";"06:26:00";"2086";"sem vítima";"116,1";"BR-116/PR";"Norte";"Colisão Traseira";3;0;0;0;0;0;0;0;0;0;4;0;0;0;0
"24/03/2012";"08:39:00";"2091";"sem vítima";"128,2";"BR-116/SC";"Norte";"Choque - Veiculo parado na pista";2;0;1;0;1;0;0;0;0;0;33;0;0;0;0
"24/03/2012";"12:30:00";"2110";"com vítima";"128,7";"BR-116/PR";"Norte";"Colisão Frontal";0;0;2;0;0;0;0;0;0;0;0;2;0;0;0
"24/03/2012";"12:32:00";"2111";"sem vítima";"198";"BR-116/SC";"Norte";"Capotamento";1;0;0;0;0;0;0;0;0;0;1;0;0;0;0
"24/03/2012";"19:40:00";"2143";"sem vítima";"128,7";"BR-116/PR";"Sul";"Engavetamento";4;0;0;0;0;0;0;0;0;0;4;0;0;0;0
"24/03/2012";"19:43:00";"2146";"sem vítima";"141,1";"BR-116/PR";"Sul";"Colisão Traseira";1;0;1;0;0;0;0;0;0;0;2;0;0;0;0
"25/03/2012";"01:01:00";"2161";"sem vítima";"116";"BR-116/PR";"Norte";"Choque - Veiculo parado na pista";3;0;0;0;0;0;0;0;0;0;8;0;0;0;0
"25/03/2012";"01:56:00";"2164";"com vítima";"52,6";"BR-116/SC";"Sul";"Queda de Moto";0;0;0;1;0;0;0;0;0;0;0;1;0;0;0
"25/03/2012";"10:03:00";"2173";"sem vítima";"204";"BR-116/PR";"Sul";"Choque - Defensa, barreira ou "submarino"";0;0;1;0;0;0;0;0;0;0;2;0;0;0;0
"25/03/2012";"13:03:00";"2178";"com vítima";"120";"BR-116/PR";"Norte";"Colisão Traseira";3;0;0;0;0;0;0;0;0;0;5;2;0;0;0
"25/03/2012";"15:25:00";"2182";"sem vítima";"140,8";"BR-116/PR";"Norte";"Colisão Transversal";1;0;0;1;0;0;0;0;0;0;4;0;0;0;0
"25/03/2012";"17:21:00";"2191";"sem vítima";"119";"BR-116/SC";"Sul";"Objeto lançado contra veículo";1;0;0;0;0;0;0;0;0;1;2;0;0;0;0
"25/03/2012";"20:33:00";"2211";"com vítima";"150,3";"BR-116/PR";"Sul";"Atropelamento - Usuário";0;0;0;0;0;1;0;0;0;0;1;0;0;0;1
"25/03/2012";"21:07:00";"2214";"sem vítima";"150,5";"BR-116/PR";"Norte";"Colisão Traseira";1;0;0;0;0;1;0;0;0;0;3;0;0;0;0
"25/03/2012";"22:22:00";"2218";"com vítima";"120,6";"BR-116/PR";"Sul";"Colisão Frontal";2;0;0;0;0;0;0;0;0;0;4;1;1;2;0
"26/03/2012";"07:33:00";"2235";"com vítima";"130,4";"BR-116/PR";"Norte";"Saida de Pista";1;0;0;0;0;0;0;0;0;0;0;0;1;0;0
"26/03/2012";"09:26:00";"2246";"sem vítima";"134";"BR-116/PR";"Norte";"Objeto lançado contra veículo";1;0;0;0;0;0;0;0;0;0;1;0;0;0;0
"26/03/2012";"10:18:00";"2255";"sem vítima";"128";"BR-116/PR";"Norte";"Choque - Defensa, barreira ou "submarino"";0;0;1;0;0;0;0;0;0;0;1;0;0;0;0
"26/03/2012";"11:15:00";"2257";"com vítima";"193,6";"BR-116/PR";"Sul";"Saida de Pista";0;0;0;1;0;0;0;0;0;0;0;0;1;0;0
"26/03/2012";"11:21:00";"2258";"sem vítima";"193";"BR-116/PR";"Sul";"Choque - Objeto não identificado";1;0;0;0;0;0;0;0;0;0;3;0;0;0;0
"26/03/2012";"20:42:00";"2297";"sem vítima";"141,8";"BR-116/SC";"Sul";"Choque - Objeto sobre a pista";1;0;0;0;0;0;0;0;0;0;4;0;0;0;0
"27/03/2012";"09:59:00";"2335";"com vítima";"105,4";"BR-116/SC";"Norte";"Saida de Pista";0;0;1;0;0;0;0;0;0;0;1;1;0;0;0