data;horario;n_da_ocorrencia;tipo_de_ocorrencia;km;trecho;sentido;tipo_de_acidente;automovel;bicicleta;caminhao;moto;onibus;outros;tracao_animal;transporte_de_cargas_especiais;trator_maquinas;utilitarios;ilesos;levemente_feridos;moderadamente_feridos;gravemente_feridos;mortos
"27/03/2012";"10:40:00";"2342";"sem vítima";"245,6";"BR-116/SC";"Sul";"Colisão Lateral";1;0;0;0;0;0;0;0;0;1;2;0;0;0;0
"27/03/2012";"13:02:00";"2352";"sem vítima";"206,5";"BR-116/PR";"Sul";"Colisão Lateral";1;0;0;0;1;0;0;0;0;0;5;0;0;0;0
"27/03/2012";"14:02:00";"2355";"sem vítima";"199";"BR-116/SC";"Norte";"Colisão Lateral";1;0;1;0;0;0;0;0;0;0;2;0;0;0;0
"28/03/2012";"12:19:00";"2450";"sem vítima";"141,7";"BR-116/PR";"Norte";"Colisão Lateral";1;0;1;0;0;0;0;0;0;0;3;0;0;0;0
"28/03/2012";"14:52:00";"2461";"sem vítima";"204";"BR-116/PR";"Norte";"Objeto lançado contra veículo";1;0;0;0;0;0;0;0;0;0;1;0;0;0;0
"28/03/2012";"19:05:00";"2485";"sem vítima";"132,4";"BR-116/PR";"Sul";"Colisão Lateral";2;0;0;0;0;0;0;0;0;0;2;0;0;0;0
"29/03/2012";"07:39:00";"2521";"sem vítima";"117";"BR-116/PR";"Sul";"Colisão Traseira";0;0;2;0;0;0;0;0;0;0;2;0;0;0;0
"29/03/2012";"18:21:00";"2576";"sem vítima";"204,5";"BR-116/PR";"Norte";"Saida de Pista";0;0;0;0;1;0;0;0;0;0;15;0;0;0;0
"29/03/2012";"22:48:00";"2593";"sem vítima";"139,9";"BR-116/SC";"Sul";"Saida de Pista";1;0;0;0;0;0;0;0;0;0;2;0;0;0;0
"30/03/2012";"10:58:00";"2620";"sem vítima";"210,8";"BR-116/PR";"Norte";"Colisão Transversal";2;0;0;0;0;0;0;0;0;0;2;0;0;0;0
"30/03/2012";"15:25:00";"2652";"sem vítima";"233";"BR-116/SC";"Sul";"Choque - Objeto sobre a pista";1;0;0;0;0;0;0;0;0;0;1;0;0;0;0
"30/03/2012";"19:07:00";"2673";"com vítima";"118,5";"BR-116/PR";"Norte";"Colisão Traseira";2;0;0;0;0;0;0;0;0;0;4;1;0;0;0
"30/03/2012";"19:08:00";"2674";"sem vítima";"276";"BR-116/SC";"Sul";"Choque - Objeto sobre a pista";1;0;0;0;0;0;0;0;0;0;1;0;0;0;0
"30/03/2012";"20:17:00";"2678";"sem vítima";"115,2";"BR-116/PR";"Norte";"Engavetamento";3;0;0;0;0;1;0;0;0;0;4;0;0;0;0
"30/03/2012";"20:34:00";"2679";"sem vítima";"117";"BR-116/PR";"Norte";"Colisão Lateral";0;0;1;0;0;0;0;0;0;1;2;0;0;0;0
"30/03/2012";"22:33:00";"2687";"sem vítima";"130";"BR-116/PR";"Sul";"Objeto lançado contra veículo";0;0;1;0;0;0;0;0;0;0;1;0;0;0;0
"30/03/2012";"22:38:00";"2688";"com vítima";"19";"BR-116/SC";"Norte";"Colisão Lateral";1;0;1;0;0;0;0;0;0;0;1;1;0;0;0
"30/03/2012";"23:38:00";"2692";"com vítima";"125,8";"BR-116/PR";"Norte";"Colisão Transversal";1;0;1;0;0;0;0;0;0;0;1;0;0;1;0
"31/03/2012";"00:06:00";"2693";"sem vítima";"183";"BR-116/SC";"Sul";"Saida de Pista";1;0;0;0;0;0;0;0;0;0;1;0;0;0;0
"31/03/2012";"10:11:00";"2717";"com vítima";"115,8";"BR-116/PR";"Norte";"Colisão Traseira";2;0;0;0;0;0;0;0;0;0;2;2;0;0;0
"31/03/2012";"11:41:00";"2721";"com vítima";"147,9";"BR-116/PR";"Norte";"Saida de Pista";0;0;1;0;0;0;0;0;0;0;0;1;0;0;0
"31/03/2012";"13:21:00";"2726";"sem vítima";"204";"BR-116/PR";"Sul";"Colisão Traseira";1;0;1;0;0;0;0;0;0;0;2;0;0;0;0
"31/03/2012";"17:07:00";"2743";"sem vítima";"124";"BR-116/PR";"Norte";"Engavetamento";4;0;0;0;0;0;0;0;0;0;4;0;0;0;0
"31/03/2012";"17:44:00";"2748";"sem vítima";"200,7";"BR-116/PR";"Sul";"Saida de Pista";1;0;0;0;0;0;0;0;0;0;1;0;0;0;0
"31/03/2012";"18:31:00";"2751";"sem vítima";"294,5";"BR-116/SC";"Norte";"Tombamento";1;0;0;0;0;0;0;0;0;0;2;0;0;0;0
"31/03/2012";"18:50:00";"2752";"sem vítima";"135";"BR-116/SC";"Norte";"Colisão Traseira";2;0;0;0;0;0;0;0;0;0;6;0;0;0;0
"31/03/2012";"20:02:00";"2758";"sem vítima";"126";"BR-116/PR";"Sul";"Colisão Traseira";3;0;0;0;0;0;0;0;0;0;3;0;0;0;0
"31/03/2012";"20:54:00";"2769";"sem vítima";"117,5";"BR-116/PR";"Sul";"Colisão Traseira";2;0;0;0;0;0;0;0;0;0;2;0;0;0;0
"01/04/2012";"01:04:00";"5";"com vítima";"132";"BR-116/PR";"Sul";"Colisão Lateral";2;0;0;0;0;0;0;0;0;0;2;1;0;0;0
"01/04/2012";"05:18:00";"15";"sem vítima";"117,5";"BR-116/PR";"Sul";"Tombamento";0;0;1;0;0;0;0;0;0;0;1;0;0;0;0
"01/04/2012";"06:43:00";"20";"sem vítima";"124,1";"BR-116/PR";"Norte";"Saida de Pista";1;0;0;0;0;0;0;0;0;0;1;0;0;0;0
"01/04/2012";"07:36:00";"23";"sem vítima";"133";"BR-116/PR";"Sul";"Choque - Objeto sobre a pista";1;0;0;0;0;0;0;0;0;0;3;0;0;0;0
"01/04/2012";"18:46:00";"61";"sem vítima";"134,4";"BR-116/PR";"Norte";"Colisão Lateral";1;0;1;0;0;0;0;0;0;0;4;0;0;0;0
"01/04/2012";"19:17:00";"63";"com vítima";"57,7";"BR-116/SC";"Sul";"Colisão Transversal";0;0;0;1;0;0;0;0;0;1;1;0;0;0;1
"01/04/2012";"22:38:00";"84";"com vítima";"66,8";"BR-116/SC";"Sul";"Colisão Frontal";2;0;1;0;0;0;0;0;0;0;2;2;1;0;0
"02/04/2012";"00:14:00";"93";"sem vítima";"280,2";"BR-116/SC";"Norte";"Choque - Objeto sobre a pista";1;0;0;0;0;0;0;0;0;0;3;0;0;0;0
"02/04/2012";"09:50:00";"118";"sem vítima";"144";"BR-116/SC";"Norte";"Saida de Pista";1;0;0;0;0;0;0;0;0;0;1;0;0;0;0
"02/04/2012";"12:48:00";"127";"sem vítima";"205";"BR-116/PR";"Norte";"Saida de Pista";0;0;2;0;0;0;0;0;0;0;2;0;0;0;0
"02/04/2012";"15:59:00";"148";"sem vítima";"237";"BR-116/SC";"Norte";"Objeto lançado contra veículo";1;0;0;0;0;0;0;0;0;0;1;0;0;0;0
"02/04/2012";"17:31:00";"157";"com vítima";"130";"BR-116/PR";"Sul";"Queda de Moto";0;0;0;1;0;0;0;0;0;0;0;1;0;0;0
"03/04/2012";"02:46:00";"185";"com vítima";"117,6";"BR-116/PR";"Norte";"Queda de Moto";0;0;0;1;0;0;0;0;0;0;0;0;1;0;0
"03/04/2012";"13:41:00";"224";"sem vítima";"120,9";"BR-116/PR";"Sul";"Saida de Pista";0;0;1;0;0;0;0;0;0;0;1;0;0;0;0
"03/04/2012";"16:52:00";"245";"sem vítima";"137";"BR-116/PR";"Norte";"Objeto lançado contra veículo";1;0;0;0;0;0;0;0;0;0;1;0;0;0;0
"04/04/2012";"08:48:00";"293";"sem vítima";"121";"BR-116/PR";"Norte";"Colisão Traseira";1;0;1;0;0;0;0;0;0;0;2;0;0;0;0
"04/04/2012";"14:22:00";"325";"sem vítima";"130,1";"BR-116/PR";"Sul";"Colisão Traseira";0;0;0;1;0;0;0;0;0;1;2;0;0;0;0
"04/04/2012";"16:42:00";"344";"sem vítima";"162";"BR-116/SC";"Norte";"Tombamento";0;0;1;0;0;0;0;0;0;0;1;0;0;0;0
"04/04/2012";"17:56:00";"355";"sem vítima";"59,5";"BR-116/SC";"Sul";"Objeto lançado contra veículo";1;0;0;0;0;0;0;0;0;0;1;0;0;0;0
"04/04/2012";"21:13:00";"373";"sem vítima";"115";"BR-116/PR";"Sul";"Choque - Objeto sobre a pista";1;0;0;0;0;0;0;0;0;0;1;0;0;0;0
"04/04/2012";"21:15:00";"374";"sem vítima";"141";"BR-116/PR";"Norte";"Colisão Lateral";0;0;1;0;1;0;0;0;0;0;2;0;0;0;0
"05/04/2012";"06:10:00";"395";"com vítima";"235,8";"BR-116/SC";"Norte";"Saida de Pista";1;0;0;0;0;0;0;0;0;0;0;0;0;1;0
"05/04/2012";"07:09:00";"396";"com vítima";"124";"BR-116/PR";"Norte";"Colisão Transversal";0;0;0;1;0;0;0;0;0;1;1;1;0;0;0
"05/04/2012";"07:14:00";"397";"com vítima";"120,5";"BR-116/PR";"Norte";"Colisão Transversal";1;0;0;1;0;0;0;0;0;0;1;2;0;0;0
"05/04/2012";"10:26:00";"409";"sem vítima";"290";"BR-116/SC";"Norte";"Colisão Lateral";1;0;0;0;0;0;0;0;0;1;5;0;0;0;0
"05/04/2012";"11:56:00";"420";"sem vítima";"4,5";"BR-116/SC";"Norte";"Colisão Transversal";2;0;0;0;0;0;0;0;0;0;2;0;0;0;0
"05/04/2012";"12:19:00";"423";"com vítima";"290,8";"BR-116/SC";"Norte";"Colisão Lateral";2;0;2;0;0;0;0;0;0;1;5;4;2;0;0
"05/04/2012";"13:31:00";"427";"com vítima";"19,5";"BR-116/SC";"Sul";"Saida de Pista";1;0;0;0;0;0;0;0;0;0;0;0;1;0;0
"05/04/2012";"13:35:00";"429";"sem vítima";"193,8";"BR-116/SC";"Sul";"Saida de Pista";0;0;0;0;0;0;0;0;0;1;2;0;0;0;0
"05/04/2012";"13:54:00";"431";"sem vítima";"186,5";"BR-116/SC";"Sul";"Choque - Objeto sobre a pista";1;0;0;0;0;0;0;0;0;0;2;0;0;0;0
"05/04/2012";"16:24:00";"445";"com vítima";"12";"BR-116/SC";"Sul";"Colisão Transversal";0;0;1;1;0;0;0;0;0;0;1;1;0;0;0
"05/04/2012";"17:41:00";"456";"sem vítima";"118,4";"BR-116/PR";"Sul";"Colisão Traseira";2;0;0;0;0;0;0;0;0;0;2;0;0;0;0
"05/04/2012";"19:38:00";"473";"sem vítima";"117";"BR-116/PR";"Norte";"Colisão Lateral";1;0;1;0;0;0;0;0;0;0;3;0;0;0;0
"05/04/2012";"20:34:00";"480";"sem vítima";"1,2";"BR-116/SC";"Sul";"Colisão Traseira";2;0;0;0;0;0;0;0;0;0;2;0;0;0;0
"05/04/2012";"21:35:00";"485";"sem vítima";"296,4";"BR-116/SC";"Sul";"Saida de Pista";1;0;0;0;0;0;0;0;0;0;4;0;0;0;0
"06/04/2012";"03:18:00";"507";"sem vítima";"297,8";"BR-116/SC";"Norte";"Atropelamento de Animal";1;0;0;0;0;0;0;0;0;0;1;0;0;0;0
"06/04/2012";"04:07:00";"510";"sem vítima";"309,1";"BR-116/SC";"Sul";"Atropelamento de Animal";1;0;0;0;0;0;0;0;0;0;5;0;0;0;0
"06/04/2012";"08:10:00";"521";"com vítima";"125,8";"BR-116/PR";"Sul";"Engavetamento";2;0;0;0;0;1;0;0;0;0;2;1;0;0;0
"06/04/2012";"09:11:00";"526";"com vítima";"125,8";"BR-116/PR";"Sul";"Colisão Lateral";0;0;1;1;0;0;0;0;0;0;1;1;0;0;0
"06/04/2012";"11:21:00";"544";"sem vítima";"4,9";"BR-116/SC";"Sul";"Engavetamento";5;0;0;0;0;0;0;0;0;0;6;0;0;0;0
"06/04/2012";"11:26:00";"545";"sem vítima";"132,3";"BR-116/SC";"Sul";"Colisão Traseira";1;0;1;0;0;0;0;0;0;0;2;0;0;0;0
"07/04/2012";"05:56:00";"609";"sem vítima";"225,35";"BR-116/SC";"Norte";"Saida de Pista";1;0;0;0;0;0;0;0;0;0;3;0;0;0;0
"07/04/2012";"09:08:00";"618";"com vítima";"308,7";"BR-116/SC";"Norte";"Saida de Pista";0;0;1;0;0;0;0;0;0;0;0;1;0;0;0
"07/04/2012";"12:52:00";"626";"sem vítima";"131,7";"BR-116/PR";"Sul";"Capotamento";1;0;0;0;0;0;0;0;0;0;2;0;0;0;0
"07/04/2012";"16:57:00";"646";"sem vítima";"0,3";"BR-116/SC";"Norte";"Saida de Pista";1;0;0;0;0;0;0;0;0;0;1;0;0;0;0
"07/04/2012";"19:32:00";"657";"sem vítima";"125,2";"BR-116/PR";"Norte";"Saida de Pista";1;0;0;0;0;0;0;0;0;0;1;0;0;0;0
"07/04/2012";"22:27:00";"665";"sem vítima";"219,3";"BR-116/SC";"Norte";"Choque - Poste";1;0;0;0;0;0;0;0;0;0;1;0;0;0;0
"08/04/2012";"00:41:00";"669";"sem vítima";"123,7";"BR-116/PR";"Norte";"Saida de Pista";1;0;0;0;0;0;0;0;0;0;1;0;0;0;0
"08/04/2012";"08:38:00";"678";"com vítima";"211";"BR-116/SC";"Norte";"Tombamento";0;0;1;0;0;0;0;0;0;0;0;1;0;0;0
"08/04/2012";"14:21:00";"701";"sem vítima";"122";"BR-116/PR";"Norte";"Colisão Traseira";2;0;0;0;0;0;0;0;0;0;3;0;0;0;0
"08/04/2012";"17:51:00";"727";"com vítima";"7";"BR-116/SC";"Sul";"Colisão Transversal";0;0;0;1;1;0;0;0;0;0;1;0;0;1;0
"08/04/2012";"18:02:00";"729";"com vítima";"152";"BR-116/PR";"Norte";"Colisão Transversal";3;0;0;0;0;0;0;0;0;0;6;1;0;0;0
"08/04/2012";"18:26:00";"736";"sem vítima";"25,5";"BR-116/SC";"Norte";"Saida de Pista";0;0;0;1;0;0;0;0;0;0;1;0;0;0;0
"08/04/2012";"19:38:00";"746";"sem vítima";"5";"BR-116/SC";"Norte";"Colisão Traseira";1;0;0;1;0;0;0;0;0;0;2;0;0;0;0
"08/04/2012";"23:25:00";"777";"sem vítima";"177,4";"BR-116/PR";"Norte";"Choque - Veiculo parado no acostamento";1;0;0;0;0;1;0;0;0;0;5;0;0;0;0
"09/04/2012";"07:06:00";"800";"sem vítima";"129,9";"BR-116/PR";"Norte";"Colisão Lateral";1;0;0;0;0;0;0;0;0;1;2;0;0;0;0
"09/04/2012";"12:53:00";"825";"com vítima";"201,1";"BR-116/SC";"Norte";"Saida de Pista";1;0;0;0;0;0;0;0;0;0;0;1;0;0;0
"09/04/2012";"16:11:00";"842";"sem vítima";"203";"BR-116/SC";"Norte";"Objeto lançado contra veículo";1;0;0;0;0;0;0;0;0;0;1;0;0;0;0
"09/04/2012";"20:27:00";"867";"sem vítima";"12,3";"BR-116/SC";"Norte";"Colisão Transversal";2;0;0;0;0;0;0;0;0;0;2;0;0;0;0
"09/04/2012";"21:05:00";"870";"sem vítima";"163";"BR-116/SC";"Norte";"Choque - Objeto sobre a pista";0;0;1;0;0;0;0;0;0;0;1;0;0;0;0
"09/04/2012";"23:47:00";"883";"com vítima";"124,6";"BR-116/PR";"Sul";"Choque - Defensa, barreira ou "submarino"";0;0;0;1;0;0;0;0;0;0;0;1;0;0;0
"10/04/2012";"09:10:00";"915";"sem vítima";"246,3";"BR-116/SC";"Sul";"Colisão Transversal";2;0;0;0;0;0;0;0;0;0;2;0;0;0;0
"10/04/2012";"09:30:00";"916";"sem vítima";"134,7";"BR-116/SC";"Sul";"Objeto lançado contra veículo";0;0;1;0;0;0;0;0;0;0;1;0;0;0;0
"10/04/2012";"13:43:00";"928";"sem vítima";"130";"BR-116/PR";"Norte";"Choque - Objeto sobre a pista";0;0;1;0;0;0;0;0;0;0;2;0;0;0;0
"10/04/2012";"15:33:00";"939";"sem vítima";"152";"BR-116/SC";"Norte";"Colisão Lateral";0;0;2;0;0;0;0;0;0;0;2;0;0;0;0
"10/04/2012";"16:16:00";"942";"sem vítima";"175,5";"BR-116/PR";"Norte";"Objeto lançado contra veículo";0;0;1;0;0;0;0;0;0;0;1;0;0;0;0
"10/04/2012";"17:52:00";"947";"sem vítima";"134";"BR-116/PR";"Norte";"Choque - Cancela de Pedagio";1;0;0;0;0;0;0;0;0;0;1;0;0;0;0
"10/04/2012";"22:04:00";"952";"com vítima";"163,9";"BR-116/SC";"Norte";"Choque - Suporte de Sinalização";1;0;0;0;0;0;0;0;0;0;1;2;0;0;0
"11/04/2012";"04:47:00";"962";"com vítima";"186,4";"BR-116/PR";"Norte";"Saida de Pista";0;0;1;0;0;0;0;0;0;0;0;1;0;0;0
"11/04/2012";"07:41:00";"970";"com vítima";"69,2";"BR-116/SC";"Norte";"Atropelamento - Morador";1;0;0;0;0;0;0;0;0;0;1;1;0;0;0
"11/04/2012";"10:22:00";"981";"sem vítima";"134";"BR-116/PR";"Norte";"Objeto lançado contra veículo";1;0;0;0;0;0;0;0;0;0;1;0;0;0;0
"11/04/2012";"11:14:00";"987";"sem vítima";"160,9";"BR-116/PR";"Norte";"Colisão Lateral";3;0;0;0;0;0;0;0;0;0;6;0;0;0;0
"11/04/2012";"11:57:00";"991";"com vítima";"173,3";"BR-116/SC";"Norte";"Capotamento";1;0;0;0;0;0;0;0;0;0;0;2;0;0;0
"11/04/2012";"14:11:00";"1001";"sem vítima";"294";"BR-116/SC";"Sul";"Objeto lançado contra veículo";0;0;2;0;0;0;0;0;0;0;2;0;0;0;0
"11/04/2012";"15:31:00";"1008";"sem vítima";"150";"BR-116/PR";"Sul";"Colisão Traseira";1;0;0;0;0;1;0;0;0;0;2;0;0;0;0
"11/04/2012";"16:10:00";"1012";"sem vítima";"164";"BR-116/PR";"Sul";"Objeto lançado contra veículo";1;0;0;0;0;0;0;0;0;0;1;0;0;0;0
"12/04/2012";"03:54:00";"1055";"com vítima";"145,7";"BR-116/SC";"Norte";"Tombamento";0;0;1;0;0;0;0;0;0;0;0;0;1;0;0
"12/04/2012";"06:39:00";"1060";"com vítima";"124,3";"BR-116/PR";"Sul";"Colisão Lateral";0;1;1;0;0;0;0;0;0;0;1;1;0;0;0
"12/04/2012";"09:32:00";"1069";"sem vítima";"98";"BR-116/SC";"Sul";"Choque - Veiculo parado na pista";2;0;0;0;0;0;0;0;0;0;2;0;0;0;0
"12/04/2012";"13:36:00";"1094";"sem vítima";"167";"BR-116/PR";"Norte";"Objeto lançado contra veículo";0;0;0;0;0;0;0;0;0;1;3;0;0;0;0
"12/04/2012";"15:29:00";"1106";"sem vítima";"79";"BR-116/SC";"Sul";"Objeto lançado contra veículo";1;0;0;0;0;0;0;0;0;0;1;0;0;0;0
"12/04/2012";"17:04:00";"1115";"sem vítima";"127,5";"BR-116/PR";"Sul";"Colisão Transversal";2;0;0;0;0;0;0;0;0;0;2;0;0;0;0
"12/04/2012";"18:39:00";"1123";"sem vítima";"227";"BR-116/SC";"Sul";"Capotamento";1;0;0;0;0;0;0;0;0;0;1;0;0;0;0
"13/04/2012";"00:54:00";"1143";"com vítima";"247,8";"BR-116/SC";"Sul";"Colisão Lateral";1;0;1;0;0;0;0;0;0;0;3;1;0;0;0
"13/04/2012";"18:16:00";"1222";"sem vítima";"309,1";"BR-116/SC";"Norte";"Choque - Objeto sobre a pista";1;0;0;0;0;0;0;0;0;0;1;0;0;0;0
"13/04/2012";"18:34:00";"1225";"sem vítima";"125,1";"BR-116/PR";"Norte";"Colisão Lateral";0;0;0;0;0;0;0;0;0;2;2;0;0;0;0
"13/04/2012";"18:49:00";"1227";"sem vítima";"309,1";"BR-116/SC";"Norte";"Choque - Objeto sobre a pista";0;0;0;0;1;0;0;0;0;0;46;0;0;0;0
"13/04/2012";"18:59:00";"1230";"sem vítima";"117,3";"BR-116/PR";"Norte";"Colisão Traseira";1;0;1;0;0;0;0;0;0;0;2;0;0;0;0
"13/04/2012";"19:00:00";"1231";"sem vítima";"124";"BR-116/PR";"Norte";"Saida de Pista";1;0;0;0;0;0;0;0;0;0;1;0;0;0;0
"13/04/2012";"19:41:00";"1237";"sem vítima";"197,3";"BR-116/PR";"Norte";"Choque - Talude";1;0;0;0;0;0;0;0;0;0;1;0;0;0;0
"13/04/2012";"20:13:00";"1239";"sem vítima";"197";"BR-116/PR";"Norte";"Colisão Traseira";2;0;0;0;0;0;0;0;0;0;2;0;0;0;0
"13/04/2012";"23:10:00";"1260";"com vítima";"305,3";"BR-116/SC";"Sul";"Tombamento";0;0;1;0;0;0;0;0;0;0;0;1;0;0;0
"13/04/2012";"23:24:00";"1261";"com vítima";"135,5";"BR-116/SC";"Norte";"Colisão Traseira";1;0;1;0;0;0;0;0;0;0;2;1;0;0;0
"14/04/2012";"02:56:00";"1269";"sem vítima";"219,9";"BR-116/SC";"Sul";"Saida de Pista";1;0;0;0;0;0;0;0;0;0;1;0;0;0;0
"14/04/2012";"04:03:00";"1274";"com vítima";"308,6";"BR-116/SC";"Sul";"Saida de Pista";1;0;0;0;0;0;0;0;0;0;0;1;0;0;0
"14/04/2012";"06:18:00";"1284";"sem vítima";"258,4";"BR-116/SC";"Norte";"Saida de Pista";1;0;0;0;0;0;0;0;0;0;1;0;0;0;0
"14/04/2012";"09:30:00";"1296";"sem vítima";"178";"BR-116/SC";"Sul";"Colisão Lateral";0;0;1;0;0;0;0;0;0;1;4;0;0;0;0
"14/04/2012";"09:56:00";"1298";"com vítima";"152";"BR-116/PR";"Norte";"Colisão Transversal";2;0;0;0;0;0;0;0;0;0;1;0;1;0;0
"14/04/2012";"10:30:00";"1300";"sem vítima";"181,4";"BR-116/SC";"Sul";"Saida de Pista";1;0;0;0;0;0;0;0;0;0;1;0;0;0;0
"14/04/2012";"10:34:00";"1302";"sem vítima";"131,9";"BR-116/PR";"Sul";"Colisão Traseira";2;0;0;0;0;0;0;0;0;0;5;0;0;0;0
"14/04/2012";"11:53:00";"1306";"com vítima";"131,9";"BR-116/PR";"Norte";"Colisão Transversal";1;0;0;1;0;0;0;0;0;0;2;1;0;0;0
"14/04/2012";"12:31:00";"1308";"com vítima";"9";"BR-116/SC";"Norte";"Colisão Transversal";1;0;0;1;0;0;0;0;0;0;1;0;1;0;0
"14/04/2012";"16:41:00";"1322";"com vítima";"120,6";"BR-116/PR";"Norte";"Queda de Moto";0;0;0;1;0;0;0;0;0;0;1;1;0;0;0
"14/04/2012";"19:54:00";"1345";"com vítima";"115,9";"BR-116/PR";"Norte";"Engavetamento";3;0;0;0;0;0;0;0;0;0;3;2;0;1;0
"14/04/2012";"20:11:00";"1347";"sem vítima";"117";"BR-116/PR";"Norte";"Colisão Traseira";1;0;0;0;0;1;0;0;0;0;4;0;0;0;0
"15/04/2012";"00:50:00";"1360";"sem vítima";"203";"BR-116/SC";"Sul";"Choque - Objeto sobre a pista";0;0;1;0;0;0;0;0;0;0;1;0;0;0;0
"15/04/2012";"02:13:00";"1362";"sem vítima";"209,8";"BR-116/PR";"Norte";"Saida de Pista";1;0;0;0;0;0;0;0;0;0;1;0;0;0;0
"15/04/2012";"03:05:00";"1363";"com vítima";"116";"BR-116/PR";"Sul";"Queda de Moto";0;0;0;1;0;0;0;0;0;0;0;1;0;0;0
"15/04/2012";"04:09:00";"1366";"sem vítima";"61,4";"BR-116/SC";"Sul";"Atropelamento de Animal";1;0;0;0;0;0;0;0;0;0;1;0;0;0;0
"15/04/2012";"04:13:00";"1367";"com vítima";"206";"BR-116/PR";"Sul";"Colisão Frontal";3;0;0;0;0;0;0;0;0;0;1;5;0;1;0
"15/04/2012";"05:16:00";"1376";"com vítima";"117,6";"BR-116/PR";"Norte";"Queda de Moto";0;0;0;1;0;0;0;0;0;0;1;0;1;0;0
"15/04/2012";"15:31:00";"1412";"sem vítima";"4,5";"BR-116/SC";"Norte";"Colisão Lateral";0;0;1;0;1;0;0;0;0;0;2;0;0;0;0
"15/04/2012";"15:59:00";"1416";"com vítima";"120";"BR-116/PR";"Sul";"Colisão Traseira";1;0;0;1;0;0;0;0;0;0;1;1;0;0;0
"15/04/2012";"18:40:00";"1432";"com vítima";"2,5";"BR-116/SC";"Norte";"Colisão Transversal";2;0;0;0;0;0;0;0;0;0;4;1;0;0;0
"15/04/2012";"18:43:00";"1433";"com vítima";"115,8";"BR-116/PR";"Norte";"Engavetamento";3;0;0;0;0;0;0;0;0;0;5;1;0;0;0
"15/04/2012";"19:22:00";"1435";"com vítima";"72,7";"BR-116/SC";"Sul";"Atropelamento - Andarilho";1;0;0;0;0;0;0;0;0;0;1;0;0;1;0
"15/04/2012";"19:42:00";"1438";"sem vítima";"119,4";"BR-116/PR";"Sul";"Colisão Transversal";1;0;0;1;0;0;0;0;0;0;2;0;0;0;0
"15/04/2012";"21:09:00";"1446";"sem vítima";"165,9";"BR-116/SC";"Norte";"Colisão Traseira";1;0;0;0;0;1;0;0;0;0;7;0;0;0;0
"16/04/2012";"00:25:00";"1454";"com vítima";"190,9";"BR-116/SC";"Norte";"Colisão Traseira";2;0;0;0;0;0;0;0;0;0;7;1;0;0;0
"16/04/2012";"06:14:00";"1462";"com vítima";"122";"BR-116/PR";"Sul";"Atropelamento - Morador";0;0;1;0;0;0;0;0;0;0;1;0;0;0;1
"16/04/2012";"08:26:00";"1465";"sem vítima";"149";"BR-116/PR";"Norte";"Choque - Objeto sobre a pista";1;0;0;0;0;0;0;0;0;0;1;0;0;0;0
"16/04/2012";"11:33:00";"1486";"com vítima";"167";"BR-116/PR";"Sul";"Tombamento";0;0;1;0;0;0;0;0;0;0;0;1;1;1;0
"16/04/2012";"13:10:00";"1496";"sem vítima";"8,5";"BR-116/SC";"Sul";"Colisão Lateral";2;0;0;0;0;0;0;0;0;0;3;0;0;0;0
"16/04/2012";"15:38:00";"1503";"com vítima";"164,5";"BR-116/PR";"Norte";"Colisão Transversal";1;0;0;1;0;0;0;0;0;0;1;1;0;0;0
"16/04/2012";"21:32:00";"1524";"sem vítima";"47,5";"BR-116/SC";"Norte";"Choque - Suporte de Sinalização";0;0;1;0;0;0;0;0;0;0;1;0;0;0;0
"16/04/2012";"22:35:00";"1527";"com vítima";"181,4";"BR-116/SC";"Norte";"Tombamento";0;0;1;0;0;0;0;0;0;0;0;1;0;0;0
"17/04/2012";"03:04:00";"1537";"sem vítima";"150";"BR-116/SC";"Norte";"Atropelamento de Animal";0;0;1;0;0;0;0;0;0;0;1;0;0;0;0
"17/04/2012";"04:10:00";"1539";"sem vítima";"116";"BR-116/PR";"Sul";"Saida de Pista";1;0;0;0;0;0;0;0;0;0;1;0;0;0;0
"17/04/2012";"06:06:00";"1544";"sem vítima";"125,8";"BR-116/PR";"Norte";"Engavetamento";2;0;0;0;1;0;0;0;0;0;92;0;0;0;0
"17/04/2012";"07:21:00";"1548";"sem vítima";"116";"BR-116/PR";"Sul";"Colisão Transversal";1;0;1;0;0;0;0;0;0;0;2;0;0;0;0
"17/04/2012";"07:26:00";"1550";"sem vítima";"128,5";"BR-116/PR";"Sul";"Choque - Veiculo parado na pista";2;0;0;0;0;0;0;0;0;0;2;0;0;0;0
"17/04/2012";"08:29:00";"1552";"com vítima";"122,6";"BR-116/PR";"Norte";"Colisão Lateral";1;0;0;1;0;0;0;0;0;0;2;1;0;0;0
"17/04/2012";"08:50:00";"1554";"sem vítima";"136";"BR-116/PR";"Norte";"Colisão Traseira";2;0;0;0;0;0;0;0;0;0;2;0;0;0;0
"17/04/2012";"15:47:00";"1577";"com vítima";"131,8";"BR-116/PR";"Norte";"Colisão Transversal";2;0;0;0;0;0;0;0;0;0;1;1;0;0;0
"17/04/2012";"17:10:00";"1583";"sem vítima";"117,4";"BR-116/PR";"Sul";"Colisão Lateral";1;0;0;0;1;0;0;0;0;0;71;0;0;0;0
"17/04/2012";"18:07:00";"1589";"sem vítima";"21";"BR-116/SC";"Sul";"Objeto lançado contra veículo";0;0;1;0;0;0;0;0;0;0;1;0;0;0;0