data;horario;n_da_ocorrencia;tipo_de_ocorrencia;km;trecho;sentido;tipo_de_acidente;automovel;bicicleta;caminhao;moto;onibus;outros;tracao_animal;transporte_de_cargas_especiais;trator_maquinas;utilitarios;ilesos;levemente_feridos;moderadamente_feridos;gravemente_feridos;mortos
"10/05/2012";"15:34:00";"827";"sem vítima";"139,2";"BR-116/SC";"Sul";"Colisão Traseira";1;0;0;0;1;0;0;0;0;0;4;0;0;0;0
"10/05/2012";"17:55:00";"834";"sem vítima";"118";"BR-116/PR";"Sul";"Colisão Traseira";1;0;0;0;0;1;0;0;0;0;2;0;0;0;0
"10/05/2012";"18:31:00";"840";"com vítima";"115";"BR-116/PR";"Sul";"Queda de Moto";0;0;0;1;0;0;0;0;0;0;0;2;0;0;0
"10/05/2012";"19:30:00";"844";"sem vítima";"266";"BR-116/SC";"Norte";"Colisão Frontal";1;0;0;0;0;0;0;0;0;0;3;0;0;0;0
"10/05/2012";"22:26:00";"852";"sem vítima";"105";"BR-116/SC";"Sul";"Choque - Objeto sobre a pista";1;0;0;0;0;0;0;0;0;0;1;0;0;0;0
"11/05/2012";"04:41:00";"862";"com vítima";"124,2";"BR-116/PR";"Sul";"Colisão Frontal";2;0;1;0;0;0;0;0;0;0;2;1;0;0;0
"11/05/2012";"07:52:00";"870";"com vítima";"119,4";"BR-116/PR";"Norte";"Colisão Transversal";1;0;0;1;0;0;0;0;0;0;1;2;0;0;0
"11/05/2012";"10:36:00";"882";"sem vítima";"133,05";"BR-116/PR";"Norte";"Choque - Veiculo parado na pista";0;0;1;0;1;0;0;0;0;0;14;0;0;0;0
"11/05/2012";"14:07:00";"892";"sem vítima";"43,5";"BR-116/SC";"Sul";"Saida de Pista";1;0;0;0;0;0;0;0;0;0;5;0;0;0;0
"11/05/2012";"17:10:00";"912";"sem vítima";"131,5";"BR-116/PR";"Sul";"Colisão Lateral";1;0;1;0;0;0;0;0;0;0;3;0;0;0;0
"11/05/2012";"17:18:00";"913";"sem vítima";"159,2";"BR-116/PR";"Norte";"Saida de Pista";0;0;0;0;0;0;0;0;0;1;1;0;0;0;0
"11/05/2012";"18:52:00";"923";"com vítima";"135,1";"BR-116/PR";"Sul";"Choque - Veiculo parado na pista";1;0;0;1;0;0;0;0;0;0;1;1;0;0;0
"11/05/2012";"19:48:00";"928";"sem vítima";"210";"BR-116/PR";"Sul";"Colisão Transversal";1;0;0;0;0;1;0;0;0;0;2;0;0;0;0
"11/05/2012";"20:02:00";"929";"sem vítima";"178";"BR-116/SC";"Norte";"Objeto lançado contra veículo";1;0;1;0;0;0;0;0;0;0;5;0;0;0;0
"11/05/2012";"20:39:00";"933";"sem vítima";"134";"BR-116/PR";"Sul";"Colisão Lateral";1;0;1;0;0;0;0;0;0;0;5;0;0;0;0
"12/05/2012";"00:39:00";"943";"sem vítima";"1";"BR-116/SC";"Sul";"Capotamento";1;0;0;0;0;0;0;0;0;0;3;0;0;0;0
"12/05/2012";"04:48:00";"949";"com vítima";"119,4";"BR-116/PR";"Norte";"Colisão Transversal";1;0;0;0;0;0;0;0;0;1;2;1;0;0;0
"12/05/2012";"05:24:00";"950";"com vítima";"123,6";"BR-116/PR";"Norte";"Colisão Lateral";2;0;1;0;0;0;0;0;0;0;3;0;0;0;2
"12/05/2012";"14:57:00";"977";"sem vítima";"115,2";"BR-116/PR";"Sul";"Objeto lançado contra veículo";1;0;0;0;0;0;0;0;0;0;2;0;0;0;0
"12/05/2012";"15:23:00";"982";"sem vítima";"245";"BR-116/SC";"Sul";"Colisão Transversal";1;0;1;0;0;0;0;0;0;0;6;0;0;0;0
"12/05/2012";"16:52:00";"984";"sem vítima";"204";"BR-116/PR";"Sul";"Choque - Outros";0;0;1;0;0;0;0;0;0;0;1;0;0;0;0
"12/05/2012";"18:44:00";"994";"sem vítima";"117";"BR-116/PR";"Sul";"Colisão Traseira";2;0;0;0;0;0;0;0;0;0;9;0;0;0;0
"12/05/2012";"18:49:00";"996";"sem vítima";"135";"BR-116/PR";"Sul";"Choque - Veiculo parado no acostamento";2;0;0;0;0;0;0;0;0;0;7;0;0;0;0
"12/05/2012";"19:37:00";"999";"sem vítima";"136,5";"BR-116/PR";"Sul";"Choque - Objeto sobre a pista";1;0;0;0;0;0;0;0;0;0;2;0;0;0;0
"12/05/2012";"21:04:00";"1010";"com vítima";"57,5";"BR-116/SC";"Sul";"Saida de Pista";1;0;0;0;0;0;0;0;0;0;0;0;0;0;1
"13/05/2012";"06:59:00";"1034";"sem vítima";"119,4";"BR-116/PR";"Norte";"Colisão Lateral";2;0;0;0;0;0;0;0;0;0;8;0;0;0;0
"13/05/2012";"08:44:00";"1040";"com vítima";"153,9";"BR-116/PR";"Sul";"Colisão Transversal";1;0;0;1;0;0;0;0;0;0;1;1;0;0;0
"13/05/2012";"17:00:00";"1067";"sem vítima";"75,5";"BR-116/SC";"Norte";"Saida de Pista";1;0;0;0;0;0;0;0;0;0;1;0;0;0;0
"13/05/2012";"19:40:00";"1079";"sem vítima";"115";"BR-116/PR";"Sul";"Saida de Pista";1;0;0;0;0;0;0;0;0;0;1;0;0;0;0
"14/05/2012";"00:27:00";"1099";"com vítima";"158,2";"BR-116/PR";"Norte";"Colisão Frontal";1;0;1;0;0;0;0;0;0;0;1;0;0;1;0
"14/05/2012";"06:19:00";"1112";"sem vítima";"152,4";"BR-116/PR";"Sul";"Colisão Transversal";2;0;0;0;0;0;0;0;0;0;2;0;0;0;0
"14/05/2012";"06:39:00";"1115";"com vítima";"123,15";"BR-116/PR";"Norte";"Colisão Frontal";1;0;0;0;1;0;0;0;0;0;100;0;0;0;1
"14/05/2012";"06:57:00";"1116";"sem vítima";"4,005";"BR-116/SC";"Norte";"Capotamento";1;0;0;0;0;0;0;0;0;0;1;0;0;0;0
"15/05/2012";"09:04:00";"1220";"com vítima";"117,4";"BR-116/PR";"Sul";"Queda de Moto";0;0;0;1;0;0;0;0;0;0;0;1;0;0;0
"15/05/2012";"13:56:00";"1247";"sem vítima";"167,4";"BR-116/PR";"Sul";"Saida de Pista";1;0;0;0;0;0;0;0;0;0;3;0;0;0;0
"15/05/2012";"17:08:00";"1266";"sem vítima";"135";"BR-116/SC";"Norte";"Objeto lançado contra veículo";0;0;1;0;0;0;0;0;0;0;1;0;0;0;0
"15/05/2012";"17:20:00";"1268";"sem vítima";"130";"BR-116/PR";"Sul";"Objeto lançado contra veículo";1;0;0;0;0;0;0;0;0;0;3;0;0;0;0
"16/05/2012";"09:51:00";"1306";"sem vítima";"135";"BR-116/SC";"Sul";"Saida de Pista";0;0;1;0;0;0;0;0;0;0;1;0;0;0;0
"16/05/2012";"13:28:00";"1316";"com vítima";"209";"BR-116/PR";"Sul";"Colisão Transversal";0;0;0;2;0;0;0;0;0;0;2;1;0;0;0
"16/05/2012";"15:25:00";"1326";"sem vítima";"77,8";"BR-116/SC";"Norte";"Tombamento";1;0;0;0;0;0;0;0;0;0;1;0;0;0;0
"16/05/2012";"19:02:00";"1348";"sem vítima";"39";"BR-116/SC";"Norte";"Colisão Lateral";0;0;2;0;0;1;0;0;0;0;3;0;0;0;0
"16/05/2012";"19:18:00";"1350";"com vítima";"146,4";"BR-116/SC";"Norte";"Colisão Frontal";1;0;1;0;0;0;0;0;0;0;2;1;0;0;0
"16/05/2012";"22:34:00";"1364";"com vítima";"254,8";"BR-116/SC";"Norte";"Atropelamento - Sem Informação";0;0;0;0;0;1;0;0;0;0;1;0;0;0;1
"17/05/2012";"12:57:00";"1413";"com vítima";"24,6";"BR-116/SC";"Sul";"Colisão Traseira";2;0;0;0;0;0;0;0;0;0;1;2;0;0;0
"17/05/2012";"13:32:00";"1415";"sem vítima";"128,6";"BR-116/PR";"Sul";"Engavetamento";2;0;0;0;0;0;0;0;0;1;5;0;0;0;0
"17/05/2012";"19:53:00";"1448";"sem vítima";"33,5";"BR-116/SC";"Norte";"Atropelamento de Animal";1;0;0;0;0;0;0;0;0;0;2;0;0;0;0
"18/05/2012";"06:51:00";"1476";"sem vítima";"233";"BR-116/SC";"Sul";"Choque - Cancela de Pedagio";1;0;0;0;0;0;0;0;0;0;1;0;0;0;0
"18/05/2012";"07:23:00";"1477";"sem vítima";"128,1";"BR-116/PR";"Sul";"Colisão Traseira";2;0;0;0;0;1;0;0;0;0;4;0;0;0;0
"18/05/2012";"08:20:00";"1483";"sem vítima";"104";"BR-116/SC";"Sul";"Saida de Pista";1;0;0;0;0;0;0;0;0;0;1;0;0;0;0
"18/05/2012";"14:09:00";"1509";"sem vítima";"115";"BR-116/PR";"Sul";"Colisão Lateral";1;0;1;0;0;0;0;0;0;0;2;0;0;0;0
"18/05/2012";"18:11:00";"1528";"sem vítima";"120,9";"BR-116/PR";"Norte";"Colisão Traseira";1;0;0;0;0;0;0;0;0;1;4;0;0;0;0
"18/05/2012";"18:22:00";"1529";"sem vítima";"191";"BR-116/SC";"Sul";"Colisão Traseira";0;0;2;0;0;0;0;0;0;0;2;0;0;0;0
"18/05/2012";"19:44:00";"1539";"sem vítima";"125,7";"BR-116/PR";"Sul";"Colisão Traseira";1;0;0;0;1;0;0;0;0;0;101;0;0;0;0
"18/05/2012";"23:42:00";"1551";"sem vítima";"206";"BR-116/PR";"Norte";"Saida de Pista";1;0;0;0;0;0;0;0;0;0;1;0;0;0;0
"19/05/2012";"02:07:00";"1555";"com vítima";"118,4";"BR-116/PR";"Norte";"Colisão Frontal";3;0;0;0;0;0;0;0;0;0;2;1;0;0;0
"19/05/2012";"04:58:00";"1559";"com vítima";"155,4";"BR-116/SC";"Norte";"Tombamento";0;0;2;0;0;0;0;0;0;0;1;1;0;0;0
"19/05/2012";"15:48:00";"1599";"sem vítima";"115,5";"BR-116/PR";"Sul";"Colisão Transversal";1;0;0;0;0;0;0;0;0;1;4;0;0;0;0
"19/05/2012";"20:01:00";"1616";"sem vítima";"189,2";"BR-116/PR";"Sul";"Atropelamento de Animal";0;0;1;0;0;0;0;0;0;0;1;0;0;0;0
"20/05/2012";"04:59:00";"1635";"sem vítima";"10,5";"BR-116/SC";"Sul";"Saida de Pista";1;0;0;0;0;0;0;0;0;0;1;0;0;0;0
"20/05/2012";"10:26:00";"1646";"sem vítima";"165,7";"BR-116/SC";"Sul";"Colisão Traseira";1;0;1;0;0;0;0;0;0;0;2;0;0;0;0
"20/05/2012";"16:19:00";"1668";"sem vítima";"129,5";"BR-116/PR";"Sul";"Colisão Traseira";3;0;0;0;0;0;0;0;0;0;8;0;0;0;0
"20/05/2012";"16:51:00";"1670";"sem vítima";"139,5";"BR-116/PR";"Norte";"Colisão Traseira";2;0;0;0;0;0;0;0;0;0;3;0;0;0;0
"20/05/2012";"19:56:00";"1684";"sem vítima";"139,5";"BR-116/PR";"Sul";"Colisão Transversal";1;0;1;0;0;0;0;0;0;0;4;0;0;0;0
"20/05/2012";"21:30:00";"1690";"com vítima";"258,3";"BR-116/SC";"Norte";"Choque - Defensa, barreira ou "submarino"";0;0;0;0;0;0;0;0;0;1;0;0;1;0;1
"21/05/2012";"11:59:00";"1717";"sem vítima";"119,4";"BR-116/PR";"Sul";"Colisão Traseira";1;0;1;0;0;0;0;0;0;0;2;0;0;0;0
"21/05/2012";"15:37:00";"1730";"sem vítima";"119,7";"BR-116/PR";"Sul";"Colisão Transversal";2;0;0;0;0;0;0;0;0;0;3;0;0;0;0
"21/05/2012";"16:03:00";"1733";"sem vítima";"1,2";"BR-116/SC";"Norte";"Choque - Defensa, barreira ou "submarino"";1;0;0;0;0;0;0;0;0;0;1;0;0;0;0
"21/05/2012";"16:23:00";"1735";"sem vítima";"118,5";"BR-116/PR";"Sul";"Choque - Veiculo parado na pista";1;0;1;0;1;0;0;0;0;0;3;0;0;0;0
"21/05/2012";"17:55:00";"1745";"sem vítima";"276";"BR-116/SC";"Sul";"Objeto lançado contra veículo";0;0;1;0;0;0;0;0;0;0;1;0;0;0;0
"22/05/2012";"06:40:00";"1774";"sem vítima";"169";"BR-116/SC";"Norte";"Choque - Objeto sobre a pista";0;0;1;0;0;0;0;0;0;0;1;0;0;0;0
"22/05/2012";"08:44:00";"1787";"sem vítima";"124,2";"BR-116/PR";"Norte";"Colisão Traseira";2;0;0;0;0;0;0;0;0;0;5;0;0;0;0
"22/05/2012";"09:56:00";"1794";"sem vítima";"122";"BR-116/PR";"Sul";"Colisão Transversal";1;0;1;0;0;0;0;0;0;0;2;0;0;0;0
"22/05/2012";"10:27:00";"1796";"sem vítima";"106";"BR-116/SC";"Norte";"Colisão Traseira";0;0;2;0;0;0;0;0;0;0;2;0;0;0;0
"22/05/2012";"13:58:00";"1818";"com vítima";"129";"BR-116/PR";"Norte";"Atropelamento - Usuário";1;0;0;0;0;0;0;0;0;0;2;1;0;0;0
"22/05/2012";"15:58:00";"1831";"com vítima";"122";"BR-116/PR";"Norte";"Atropelamento - Usuário";0;0;0;0;0;0;0;0;0;1;1;1;0;0;0
"22/05/2012";"17:03:00";"1835";"sem vítima";"204,5";"BR-116/SC";"Sul";"Colisão Lateral";0;0;1;0;0;1;0;0;0;0;2;0;0;0;0
"22/05/2012";"17:25:00";"1840";"com vítima";"139,2";"BR-116/SC";"Sul";"Colisão Transversal";1;0;1;0;0;0;0;0;0;0;1;1;0;0;0
"22/05/2012";"18:23:00";"1842";"sem vítima";"193";"BR-116/PR";"Norte";"Atropelamento de Animal";1;0;0;0;0;0;0;0;0;0;1;0;0;0;0
"22/05/2012";"18:50:00";"1848";"com vítima";"160";"BR-116/PR";"Sul";"Saida de Pista";1;0;0;0;0;0;0;0;0;0;0;1;0;0;0
"22/05/2012";"21:43:00";"1864";"sem vítima";"128,2";"BR-116/PR";"Sul";"Colisão Transversal";2;0;0;0;0;0;0;0;0;0;3;0;0;0;0
"22/05/2012";"23:24:00";"1869";"sem vítima";"126";"BR-116/PR";"Norte";"Colisão Traseira";1;0;0;0;0;1;0;0;0;0;3;0;0;0;0
"23/05/2012";"03:58:00";"1876";"sem vítima";"107,7";"BR-116/SC";"Norte";"Saida de Pista";0;0;1;0;0;0;0;0;0;0;1;0;0;0;0
"23/05/2012";"08:27:00";"1884";"sem vítima";"124,8";"BR-116/PR";"Sul";"Colisão Lateral";1;0;1;0;0;0;0;0;0;0;2;0;0;0;0
"23/05/2012";"13:19:00";"1908";"sem vítima";"124,1";"BR-116/PR";"Norte";"Colisão Lateral";1;0;1;0;0;0;0;0;0;0;4;0;0;0;0
"23/05/2012";"14:49:00";"1912";"sem vítima";"118,3";"BR-116/PR";"Sul";"Colisão Transversal";2;0;0;0;0;0;0;0;0;0;2;0;0;0;0
"23/05/2012";"21:13:00";"1942";"sem vítima";"155";"BR-116/PR";"Sul";"Colisão Traseira";1;0;1;0;0;0;0;0;0;0;2;0;0;0;0
"24/05/2012";"09:00:00";"1968";"sem vítima";"107,7";"BR-116/SC";"Norte";"Saida de Pista";1;0;0;0;0;0;0;0;0;0;1;0;0;0;0
"24/05/2012";"14:45:00";"1985";"sem vítima";"75,9";"BR-116/SC";"Sul";"Saida de Pista";1;0;0;0;0;0;0;0;0;0;2;0;0;0;0
"24/05/2012";"17:35:00";"1998";"sem vítima";"10,4";"BR-116/SC";"Norte";"Tombamento";0;0;1;0;0;0;0;0;0;0;1;0;0;0;0
"24/05/2012";"18:59:00";"2006";"sem vítima";"159,3";"BR-116/PR";"Sul";"Saida de Pista";0;0;0;0;0;0;0;0;0;1;1;0;0;0;0
"24/05/2012";"19:29:00";"2014";"sem vítima";"119,95";"BR-116/PR";"Norte";"Engavetamento";4;0;0;0;0;0;0;0;0;0;7;0;0;0;0
"24/05/2012";"20:12:00";"2018";"sem vítima";"199,6";"BR-116/PR";"Sul";"Saida de Pista";1;0;0;0;0;0;0;0;0;0;1;0;0;0;0
"24/05/2012";"20:14:00";"2019";"sem vítima";"220,5";"BR-116/SC";"Sul";"Colisão Traseira";1;0;1;0;0;0;0;0;0;0;5;0;0;0;0
"25/05/2012";"02:11:00";"2042";"com vítima";"158,5";"BR-116/SC";"Norte";"Saida de Pista";1;0;0;0;0;0;0;0;0;0;0;4;0;0;0
"25/05/2012";"02:32:00";"2043";"sem vítima";"148";"BR-116/PR";"Norte";"Colisão Lateral";0;0;2;0;0;0;0;0;0;0;2;0;0;0;0
"25/05/2012";"04:49:00";"2044";"com vítima";"87,4";"BR-116/SC";"Norte";"Choque - Defensa, barreira ou "submarino"";1;0;0;0;0;0;0;0;0;0;0;1;0;0;0
"25/05/2012";"06:23:00";"2052";"sem vítima";"171,7";"BR-116/SC";"Norte";"Saida de Pista";0;0;1;0;0;0;0;0;0;0;1;0;0;0;0
"25/05/2012";"07:03:00";"2054";"sem vítima";"115,8";"BR-116/PR";"Norte";"Colisão Lateral";1;0;1;0;0;0;0;0;0;0;4;0;0;0;0
"25/05/2012";"07:15:00";"2055";"com vítima";"117";"BR-116/PR";"Norte";"Atropelamento - Sem Informação";0;0;0;1;0;0;0;0;0;0;1;0;1;0;0
"25/05/2012";"07:23:00";"2056";"sem vítima";"135";"BR-116/PR";"Sul";"Queda de Moto";0;0;0;1;0;0;0;0;0;0;1;0;0;0;0
"25/05/2012";"16:01:00";"2098";"sem vítima";"135,7";"BR-116/PR";"Sul";"Choque - Objeto sobre a pista";1;0;0;0;0;0;0;0;0;0;2;0;0;0;0
"25/05/2012";"17:07:00";"2108";"com vítima";"236,8";"BR-116/SC";"Sul";"Saida de Pista";1;0;0;0;0;0;0;0;0;0;0;1;0;0;0
"25/05/2012";"17:44:00";"2111";"com vítima";"115";"BR-116/PR";"Norte";"Atropelamento - Usuário";0;0;0;1;0;0;0;0;0;0;1;1;0;0;0
"25/05/2012";"18:15:00";"2114";"com vítima";"115,3";"BR-116/PR";"Norte";"Colisão Lateral";1;0;1;0;0;0;0;0;0;0;2;1;0;0;0
"25/05/2012";"18:29:00";"2116";"sem vítima";"213,7";"BR-116/SC";"Norte";"Choque - Objeto sobre a pista";1;0;2;0;0;0;0;0;0;0;3;0;0;0;0
"25/05/2012";"18:45:00";"2117";"sem vítima";"12,3";"BR-116/SC";"Sul";"Colisão Transversal";0;0;2;0;0;0;0;0;0;0;2;0;0;0;0
"25/05/2012";"22:50:00";"2138";"com vítima";"206,5";"BR-116/PR";"Norte";"Saida de Pista";1;0;0;0;0;0;0;0;0;0;1;1;0;0;0
"25/05/2012";"23:09:00";"2139";"sem vítima";"126,3";"BR-116/PR";"Norte";"Colisão Traseira";2;0;0;0;0;0;0;0;0;0;3;0;0;0;0
"26/05/2012";"08:39:00";"2155";"sem vítima";"39,8";"BR-116/SC";"Norte";"Choque - Objeto sobre a pista";1;0;0;0;0;1;0;0;0;0;3;0;0;0;0
"26/05/2012";"09:23:00";"2159";"sem vítima";"195,1";"BR-116/SC";"Sul";"Atropelamento de Animal";1;0;0;0;0;0;0;0;0;0;2;0;0;0;0
"26/05/2012";"11:02:00";"2163";"com vítima";"209";"BR-116/PR";"Sul";"Colisão Traseira";1;0;0;1;0;0;0;0;0;0;1;2;0;0;0
"26/05/2012";"12:21:00";"2167";"com vítima";"135,9";"BR-116/PR";"Sul";"Choque - Veiculo parado na pista";2;0;0;0;0;0;0;0;0;0;1;1;0;0;0
"26/05/2012";"15:34:00";"2178";"com vítima";"212";"BR-116/SC";"Norte";"Queda de Moto";0;0;0;1;0;0;0;0;0;0;0;0;1;0;0
"26/05/2012";"16:20:00";"2188";"com vítima";"152,4";"BR-116/PR";"Norte";"Colisão Transversal";2;0;0;0;0;0;0;0;0;0;2;1;0;0;0
"26/05/2012";"17:50:00";"2191";"sem vítima";"142";"BR-116/PR";"Norte";"Outros";0;0;1;0;0;0;0;0;0;0;1;0;0;0;0
"26/05/2012";"20:26:00";"2198";"com vítima";"135,1";"BR-116/PR";"Sul";"Choque - Veiculo parado na pista";2;0;0;0;0;0;0;0;0;0;3;1;1;0;0
"26/05/2012";"20:51:00";"2200";"sem vítima";"141,3";"BR-116/PR";"Norte";"Choque - Objeto sobre a pista";1;0;0;0;0;0;0;0;0;0;1;0;0;0;0
"26/05/2012";"23:28:00";"2207";"com vítima";"122,4";"BR-116/PR";"Norte";"Colisão Lateral";1;0;0;1;0;0;0;0;0;0;3;1;0;0;0
"27/05/2012";"00:17:00";"2210";"sem vítima";"137";"BR-116/SC";"Sul";"Choque - Defensa, barreira ou "submarino"";1;0;0;0;0;0;0;0;0;0;1;0;0;0;0
"27/05/2012";"06:42:00";"2221";"sem vítima";"171,9";"BR-116/SC";"Sul";"Saida de Pista";1;0;0;0;0;0;0;0;0;0;3;0;0;0;0
"27/05/2012";"07:00:00";"2222";"com vítima";"144,7";"BR-116/SC";"Sul";"Saida de Pista";1;0;0;0;0;1;0;0;0;0;3;1;0;0;0
"27/05/2012";"11:08:00";"2231";"sem vítima";"193,1";"BR-116/SC";"Norte";"Tombamento";0;0;1;0;0;0;0;0;0;0;1;0;0;0;0
"27/05/2012";"11:30:00";"2233";"sem vítima";"115,8";"BR-116/PR";"Norte";"Choque - Veiculo parado na pista";2;0;0;0;0;0;0;0;0;0;2;0;0;0;0
"27/05/2012";"13:28:00";"2235";"sem vítima";"123";"BR-116/PR";"Norte";"Saida de Pista";1;0;0;0;0;1;0;0;0;0;2;0;0;0;0
"27/05/2012";"14:34:00";"2239";"sem vítima";"120";"BR-116/SC";"Norte";"Objeto lançado contra veículo";1;0;0;0;0;0;0;0;0;0;1;0;0;0;0
"27/05/2012";"17:33:00";"2249";"com vítima";"121";"BR-116/PR";"Norte";"Colisão Lateral";0;0;0;1;0;1;0;0;0;0;1;1;0;0;0
"27/05/2012";"18:17:00";"2260";"sem vítima";"33";"BR-116/SC";"Norte";"Colisão Traseira";3;0;0;0;0;0;0;0;0;0;5;0;0;0;0
"27/05/2012";"19:46:00";"2270";"sem vítima";"92";"BR-116/SC";"Norte";"Objeto lançado contra veículo";1;0;0;0;0;0;0;0;0;0;1;0;0;0;0
"27/05/2012";"22:29:00";"2278";"sem vítima";"169,8";"BR-116/SC";"Sul";"Saida de Pista";1;0;0;0;0;0;0;0;0;0;1;0;0;0;0
"28/05/2012";"00:51:00";"2282";"com vítima";"115,2";"BR-116/PR";"Norte";"Saida de Pista";1;0;0;0;0;0;0;0;0;0;0;0;0;0;1
"28/05/2012";"06:51:00";"2292";"sem vítima";"123,5";"BR-116/PR";"Sul";"Colisão Lateral";1;0;0;1;0;0;0;0;0;0;2;0;0;0;0
"28/05/2012";"12:16:00";"2305";"sem vítima";"190";"BR-116/SC";"Norte";"Colisão Traseira";2;0;0;0;0;0;0;0;0;0;2;0;0;0;0
"28/05/2012";"16:33:00";"2322";"sem vítima";"134";"BR-116/PR";"Norte";"Choque - Veiculo parado na pista";1;0;1;0;0;0;0;0;0;0;2;0;0;0;0
"28/05/2012";"18:58:00";"2335";"com vítima";"122,4";"BR-116/PR";"Norte";"Colisão Lateral";1;0;0;1;0;0;0;0;0;0;2;1;0;0;0
"29/05/2012";"09:03:00";"2373";"com vítima";"172";"BR-116/SC";"Sul";"Tombamento";0;0;1;0;0;0;0;0;0;0;0;0;0;1;0
"29/05/2012";"18:08:00";"2420";"sem vítima";"23,8";"BR-116/SC";"Norte";"Capotamento";0;0;1;0;0;0;0;0;0;0;1;0;0;0;0
"29/05/2012";"19:50:00";"2428";"com vítima";"172,9";"BR-116/PR";"Sul";"Atropelamento de Animal";0;0;0;0;0;0;0;0;0;1;0;1;0;0;0
"29/05/2012";"21:44:00";"2437";"sem vítima";"181,4";"BR-116/SC";"Norte";"Capotamento";0;0;1;0;0;0;0;0;0;0;3;0;0;0;0
"30/05/2012";"05:01:00";"2447";"sem vítima";"184,3";"BR-116/SC";"Norte";"Tombamento";0;0;1;0;0;0;0;0;0;0;1;0;0;0;0
"30/05/2012";"08:02:00";"2457";"sem vítima";"124";"BR-116/PR";"Norte";"Colisão Traseira";1;0;1;0;0;0;0;0;0;0;2;0;0;0;0
"30/05/2012";"10:25:00";"2478";"sem vítima";"132,3";"BR-116/PR";"Sul";"Objeto lançado contra veículo";1;0;0;0;0;0;0;0;0;0;2;0;0;0;0
"30/05/2012";"12:56:00";"2488";"com vítima";"118,3";"BR-116/PR";"Norte";"Colisão Transversal";0;0;0;1;0;1;0;0;0;0;1;1;0;0;0
"30/05/2012";"20:34:00";"2526";"sem vítima";"126";"BR-116/PR";"Sul";"Saida de Pista";1;0;0;0;0;0;0;0;0;0;1;0;0;0;0
"30/05/2012";"21:11:00";"2531";"sem vítima";"144";"BR-116/SC";"Norte";"Objeto lançado contra veículo";0;0;1;0;0;0;0;0;0;0;1;0;0;0;0
"30/05/2012";"22:49:00";"2537";"sem vítima";"195,5";"BR-116/PR";"Sul";"Saida de Pista";0;0;1;0;0;0;0;0;0;0;1;0;0;0;0
"31/05/2012";"05:33:00";"2549";"com vítima";"120,9";"BR-116/PR";"Norte";"Colisão Traseira";0;0;2;0;0;0;0;0;0;0;1;1;0;0;0
"31/05/2012";"06:59:00";"2554";"com vítima";"155";"BR-116/SC";"Norte";"Tombamento";0;0;1;0;0;0;0;0;0;0;0;0;0;1;0
"31/05/2012";"14:48:00";"2592";"sem vítima";"131";"BR-116/PR";"Norte";"Choque - Objeto sobre a pista";0;0;1;0;0;0;0;0;0;0;1;0;0;0;0
"31/05/2012";"14:48:00";"2591";"sem vítima";"131";"BR-116/PR";"Norte";"Choque - Objeto sobre a pista";0;0;1;0;0;0;0;0;0;0;1;0;0;0;0
"31/05/2012";"16:21:00";"2601";"sem vítima";"130";"BR-116/PR";"Sul";"Colisão Lateral";0;0;1;0;0;0;0;0;0;1;2;0;0;0;0
"31/05/2012";"16:36:00";"2602";"sem vítima";"104,3";"BR-116/SC";"Sul";"Engavetamento";1;0;3;0;0;0;0;0;0;0;4;0;0;0;0
"01/06/2012";"02:10:00";"3";"com vítima";"2,5";"BR-116/SC";"Sul";"Capotamento";1;0;0;0;0;0;0;0;0;0;0;1;0;0;0
"01/06/2012";"19:14:00";"59";"sem vítima";"83";"BR-116/SC";"Norte";"Atropelamento de Animal";1;0;0;0;0;0;0;0;0;0;1;0;0;0;0
"01/06/2012";"19:19:00";"62";"sem vítima";"256,5";"BR-116/SC";"Sul";"Atropelamento de Animal";1;0;0;0;0;0;0;0;0;0;2;0;0;0;0
"01/06/2012";"21:47:00";"73";"sem vítima";"117,5";"BR-116/PR";"Sul";"Colisão Traseira";1;0;1;0;0;0;0;0;0;0;3;0;0;0;0
"02/06/2012";"01:33:00";"85";"sem vítima";"258,3";"BR-116/SC";"Norte";"Saida de Pista";1;0;0;0;0;0;0;0;0;0;2;0;0;0;0
"02/06/2012";"03:56:00";"88";"sem vítima";"115,3";"BR-116/PR";"Sul";"Saida de Pista";0;0;0;0;0;0;0;0;0;1;1;0;0;0;0
"02/06/2012";"09:03:00";"104";"sem vítima";"156";"BR-116/PR";"Sul";"Atropelamento de Animal";1;0;0;0;0;0;0;0;0;0;3;0;0;0;0
"02/06/2012";"13:52:00";"120";"com vítima";"133,6";"BR-116/PR";"Sul";"Choque - Talude";0;0;0;0;0;0;0;0;0;1;1;1;0;0;0
"02/06/2012";"14:14:00";"122";"sem vítima";"12,3";"BR-116/SC";"Norte";"Colisão Transversal";2;0;0;0;0;0;0;0;0;0;3;0;0;0;0
"02/06/2012";"15:25:00";"127";"sem vítima";"129,2";"BR-116/PR";"Sul";"Colisão Traseira";1;0;0;0;0;0;0;0;0;1;4;0;0;0;0
"02/06/2012";"18:40:00";"144";"com vítima";"121,9";"BR-116/PR";"Sul";"Colisão Traseira";2;0;0;0;0;0;0;0;0;0;4;1;0;0;0
"02/06/2012";"20:21:00";"153";"com vítima";"167,8";"BR-116/SC";"Norte";"Saida de Pista";1;0;0;0;0;0;0;0;0;0;2;1;0;0;0
"03/06/2012";"11:05:00";"199";"com vítima";"123,8";"BR-116/PR";"Sul";"Engavetamento";2;0;1;0;0;1;0;0;0;0;8;1;0;0;0