data;horario;n_da_ocorrencia;tipo_de_ocorrencia;km;trecho;sentido;tipo_de_acidente;automovel;bicicleta;caminhao;moto;onibus;outros;tracao_animal;transporte_de_cargas_especiais;trator_maquinas;utilitarios;ilesos;levemente_feridos;moderadamente_feridos;gravemente_feridos;mortos
"25/06/2012";"07:19:00";"2144";"com vítima";"119,4";"BR-116/PR";"Norte";"Queda de Moto";0;0;0;1;0;0;0;0;0;0;0;1;0;0;0
"25/06/2012";"07:26:00";"2147";"com vítima";"120,2";"BR-116/PR";"Sul";"Colisão Frontal";0;0;1;1;0;0;0;0;0;0;1;0;0;0;1
"25/06/2012";"08:09:00";"2150";"com vítima";"183";"BR-116/PR";"Norte";"Colisão Lateral";1;0;2;0;0;0;0;0;0;0;3;2;0;0;0
"25/06/2012";"09:26:00";"2162";"com vítima";"121";"BR-116/PR";"Norte";"Queda de Moto";0;0;0;1;0;0;0;0;0;0;0;1;0;0;0
"25/06/2012";"14:19:00";"2197";"com vítima";"141,6";"BR-116/PR";"Norte";"Queda de Moto";0;0;0;1;0;0;0;0;0;0;0;1;0;0;0
"25/06/2012";"19:45:00";"2235";"sem vítima";"101,7";"BR-116/SC";"Norte";"Saida de Pista";0;0;1;0;0;0;0;0;0;0;3;0;0;0;0
"25/06/2012";"21:21:00";"2245";"sem vítima";"135,1";"BR-116/PR";"Sul";"Choque - Veiculo parado na pista";0;0;2;0;0;0;0;0;0;0;2;0;0;0;0
"25/06/2012";"21:46:00";"2247";"sem vítima";"196,8";"BR-116/PR";"Norte";"Colisão Traseira";0;0;2;0;0;0;0;0;0;0;2;0;0;0;0
"25/06/2012";"22:55:00";"2251";"sem vítima";"155";"BR-116/PR";"Sul";"Choque - Objeto sobre a pista";1;0;0;0;0;0;0;0;0;0;3;0;0;0;0
"26/06/2012";"07:18:00";"2261";"sem vítima";"119";"BR-116/PR";"Sul";"Colisão Transversal";1;0;0;0;0;0;0;0;0;1;2;0;0;0;0
"26/06/2012";"09:22:00";"2268";"sem vítima";"130";"BR-116/PR";"Sul";"Objeto lançado contra veículo";1;0;0;0;0;0;0;0;0;0;1;0;0;0;0
"26/06/2012";"17:58:00";"2317";"sem vítima";"170";"BR-116/SC";"Sul";"Objeto lançado contra veículo";0;0;0;0;0;0;0;0;0;1;1;0;0;0;0
"26/06/2012";"18:45:00";"2322";"com vítima";"133,295";"BR-116/PR";"Sul";"Atropelamento - Usuário";1;0;0;0;0;0;0;0;0;0;1;0;0;0;1
"26/06/2012";"19:03:00";"2324";"com vítima";"67,9";"BR-116/SC";"Sul";"Saida de Pista";1;0;0;0;0;0;0;0;0;0;0;3;0;0;0
"26/06/2012";"20:15:00";"2328";"com vítima";"308,7";"BR-116/SC";"Norte";"Tombamento";0;0;1;0;0;0;0;0;0;0;0;1;0;0;0
"27/06/2012";"05:31:00";"2353";"sem vítima";"115";"BR-116/PR";"Norte";"Colisão Traseira";3;0;0;0;0;0;0;0;0;0;3;0;0;0;0
"27/06/2012";"06:18:00";"2354";"sem vítima";"115,5";"BR-116/PR";"Norte";"Colisão Lateral";1;0;0;0;0;1;0;0;0;0;2;0;0;0;0
"27/06/2012";"06:54:00";"2356";"com vítima";"115,4";"BR-116/PR";"Norte";"Colisão Frontal";0;1;0;0;0;0;0;0;0;1;1;0;0;0;1
"27/06/2012";"07:36:00";"2358";"sem vítima";"119";"BR-116/PR";"Norte";"Colisão Transversal";1;0;0;1;0;0;0;0;0;0;2;0;0;0;0
"27/06/2012";"07:48:00";"2361";"com vítima";"58,7";"BR-116/SC";"Norte";"Colisão Traseira";0;0;1;1;0;0;0;0;0;0;1;0;1;0;0
"27/06/2012";"08:36:00";"2365";"sem vítima";"129,6";"BR-116/PR";"Norte";"Colisão Transversal";2;0;0;0;0;0;0;0;0;0;5;0;0;0;0
"27/06/2012";"10:53:00";"2368";"sem vítima";"131,1";"BR-116/PR";"Sul";"Choque - Veiculo parado na pista";1;0;1;0;0;0;0;0;0;0;2;0;0;0;0
"27/06/2012";"16:15:00";"2390";"sem vítima";"12,3";"BR-116/SC";"Sul";"Colisão Transversal";1;0;1;0;0;0;0;0;0;0;5;0;0;0;0
"28/06/2012";"02:15:00";"2424";"sem vítima";"137,5";"BR-116/SC";"Sul";"Choque - Defensa, barreira ou "submarino"";0;0;0;0;0;0;0;0;0;1;1;0;0;0;0
"28/06/2012";"11:06:00";"2443";"com vítima";"131,8";"BR-116/PR";"Norte";"Colisão Transversal";0;0;1;0;0;0;0;0;0;1;2;10;0;0;0
"28/06/2012";"15:20:00";"2458";"sem vítima";"19,4";"BR-116/SC";"Sul";"Colisão Traseira";1;0;0;0;0;0;0;0;0;1;2;0;0;0;0
"28/06/2012";"17:40:00";"2475";"sem vítima";"245,6";"BR-116/SC";"Sul";"Colisão Transversal";2;0;0;0;0;0;0;0;0;0;2;0;0;0;0
"29/06/2012";"09:21:00";"2511";"com vítima";"7";"BR-116/SC";"Sul";"Colisão Transversal";0;0;2;0;0;0;0;0;0;0;1;0;1;0;0
"29/06/2012";"12:57:00";"2524";"sem vítima";"268";"BR-116/SC";"Sul";"Saida de Pista";0;0;0;0;1;0;0;0;0;0;1;0;0;0;0
"29/06/2012";"13:26:00";"2525";"sem vítima";"163";"BR-116/SC";"Sul";"Atropelamento de Animal";1;0;0;0;0;0;0;0;0;0;1;0;0;0;0
"29/06/2012";"14:58:00";"2532";"sem vítima";"115";"BR-116/PR";"Sul";"Choque - Veiculo parado na pista";3;0;0;0;0;0;0;0;0;0;3;0;0;0;0
"29/06/2012";"15:51:00";"2537";"com vítima";"118,1";"BR-116/PR";"Sul";"Colisão Transversal";0;0;0;1;0;0;0;0;0;1;1;1;0;0;0
"29/06/2012";"17:25:00";"2544";"com vítima";"154,9";"BR-116/SC";"Norte";"Choque - Defensa, barreira ou "submarino"";2;0;1;0;0;0;0;0;0;0;0;0;1;0;5
"29/06/2012";"17:46:00";"2548";"com vítima";"210,5";"BR-116/PR";"Sul";"Colisão Lateral";1;0;0;1;0;0;0;0;0;0;2;1;0;0;0
"29/06/2012";"19:12:00";"2558";"sem vítima";"106";"BR-116/SC";"Sul";"Choque - Objeto sobre a pista";1;0;0;0;0;0;0;0;0;0;5;0;0;0;0
"29/06/2012";"21:49:00";"2568";"sem vítima";"119,8";"BR-116/PR";"Sul";"Colisão Traseira";2;0;0;0;0;0;0;0;0;0;2;0;0;0;0
"30/06/2012";"08:23:00";"2596";"com vítima";"241";"BR-116/SC";"Sul";"Colisão Frontal";1;0;2;0;0;0;0;0;0;0;5;0;1;0;0
"30/06/2012";"08:32:00";"2597";"sem vítima";"123,7";"BR-116/PR";"Sul";"Colisão Lateral";0;0;0;0;0;1;0;0;0;1;2;0;0;0;0
"30/06/2012";"09:17:00";"2600";"com vítima";"147,3";"BR-116/PR";"Norte";"Queda de Moto";0;0;0;1;0;0;0;0;0;0;0;1;0;0;0
"30/06/2012";"09:53:00";"2602";"com vítima";"185,7";"BR-116/PR";"Norte";"Colisão Lateral";0;0;2;0;0;0;0;0;0;0;0;1;0;1;0
"30/06/2012";"11:52:00";"2616";"sem vítima";"42";"BR-116/SC";"Sul";"Choque - Objeto sobre a pista";0;0;1;0;0;0;0;0;0;0;1;0;0;0;0
"30/06/2012";"13:53:00";"2624";"com vítima";"238,9";"BR-116/SC";"Norte";"Colisão Transversal";1;1;0;0;0;0;0;0;0;0;1;1;0;0;0
"30/06/2012";"15:54:00";"2633";"sem vítima";"185";"BR-116/PR";"Sul";"Choque - Objeto sobre a pista";1;0;0;0;0;0;0;0;0;0;1;0;0;0;0
"30/06/2012";"15:54:00";"2632";"sem vítima";"204";"BR-116/PR";"Sul";"Choque - Objeto sobre a pista";1;0;0;0;0;0;0;0;0;0;1;0;0;0;0
"30/06/2012";"16:27:00";"2637";"sem vítima";"193";"BR-116/PR";"Sul";"Objeto lançado contra veículo";1;0;0;0;0;0;0;0;0;0;1;0;0;0;0
"30/06/2012";"16:56:00";"2642";"com vítima";"49,7";"BR-116/SC";"Norte";"Saida de Pista";1;0;0;0;0;0;0;0;0;0;0;1;0;0;0
"01/07/2012";"01:56:00";"2";"sem vítima";"69";"BR-116/SC";"Norte";"Choque - Poste";0;0;1;0;0;0;0;0;0;0;1;0;0;0;0
"01/07/2012";"02:07:00";"3";"sem vítima";"204";"BR-116/PR";"Sul";"Choque - Suporte de Sinalização";0;0;1;0;0;0;0;0;0;0;1;0;0;0;0
"01/07/2012";"08:05:00";"16";"sem vítima";"145,4";"BR-116/PR";"Sul";"Colisão Traseira";2;0;0;0;0;0;0;0;0;0;4;0;0;0;0
"01/07/2012";"12:01:00";"34";"sem vítima";"190";"BR-116/SC";"Sul";"Saida de Pista";1;0;0;0;0;0;0;0;0;0;1;0;0;0;0
"01/07/2012";"15:01:00";"45";"sem vítima";"124,5";"BR-116/PR";"Norte";"Engavetamento";3;0;0;0;0;0;0;0;0;0;7;0;0;0;0
"01/07/2012";"16:06:00";"50";"sem vítima";"180,5";"BR-116/PR";"Sul";"Choque - Objeto sobre a pista";1;0;0;0;0;0;0;0;0;0;3;0;0;0;0
"01/07/2012";"18:42:00";"74";"com vítima";"66,5";"BR-116/SC";"Norte";"Atropelamento - Morador";1;0;0;0;0;0;0;0;0;0;1;0;0;0;1
"02/07/2012";"08:36:00";"99";"sem vítima";"115,1";"BR-116/PR";"Norte";"Engavetamento";3;0;0;0;0;0;0;0;0;0;5;0;0;0;0
"02/07/2012";"08:36:00";"100";"sem vítima";"146";"BR-116/PR";"Norte";"Atropelamento de Animal";1;0;0;0;0;0;0;0;0;0;1;0;0;0;0
"02/07/2012";"17:22:00";"145";"sem vítima";"146,8";"BR-116/PR";"Norte";"Capotamento";1;0;0;0;0;0;0;0;0;0;2;0;0;0;0
"02/07/2012";"17:28:00";"146";"sem vítima";"187";"BR-116/PR";"Norte";"Objeto lançado contra veículo";0;0;0;0;0;0;0;0;0;1;1;0;0;0;0
"02/07/2012";"19:22:00";"162";"sem vítima";"75,3";"BR-116/SC";"Norte";"Saida de Pista";1;0;0;0;0;0;0;0;0;0;1;0;0;0;0
"03/07/2012";"00:03:00";"173";"com vítima";"140,1";"BR-116/PR";"Norte";"Tombamento";0;0;1;0;0;0;0;0;0;1;1;0;1;0;0
"03/07/2012";"00:13:00";"175";"sem vítima";"140";"BR-116/PR";"Sul";"Saida de Pista";1;0;0;0;0;0;0;0;0;0;1;0;0;0;0
"03/07/2012";"08:08:00";"184";"com vítima";"119,4";"BR-116/PR";"Sul";"Colisão Transversal";2;0;0;0;0;0;0;0;0;0;2;0;1;0;0
"03/07/2012";"14:21:00";"215";"sem vítima";"168";"BR-116/SC";"Norte";"Objeto lançado contra veículo";0;0;1;0;0;0;0;0;0;0;1;0;0;0;0
"03/07/2012";"16:11:00";"233";"com vítima";"115";"BR-116/PR";"Sul";"Atropelamento - Usuário";0;0;0;1;0;0;0;0;0;0;1;1;0;0;0
"03/07/2012";"22:27:00";"273";"sem vítima";"211,5";"BR-116/SC";"Sul";"Colisão Lateral";1;0;0;0;0;1;0;0;0;0;2;0;0;0;0
"03/07/2012";"23:05:00";"277";"sem vítima";"118,4";"BR-116/PR";"Norte";"Choque - Objeto sobre a pista";1;0;0;0;0;0;0;0;0;0;1;0;0;0;0
"03/07/2012";"23:43:00";"279";"sem vítima";"191";"BR-116/PR";"Sul";"Choque - Objeto sobre a pista";1;0;0;0;0;0;0;0;0;0;3;0;0;0;0
"04/07/2012";"04:05:00";"287";"com vítima";"158,7";"BR-116/PR";"Sul";"Colisão Frontal";0;0;1;0;0;0;0;0;0;1;1;0;1;0;0
"04/07/2012";"10:22:00";"308";"sem vítima";"204";"BR-116/PR";"Norte";"Choque - Cancela de Pedagio";0;0;1;0;0;0;0;0;0;0;1;0;0;0;0
"04/07/2012";"10:24:00";"309";"sem vítima";"211,2";"BR-116/SC";"Sul";"Tombamento";0;0;1;0;0;0;0;0;0;0;1;0;0;0;0
"04/07/2012";"10:57:00";"314";"sem vítima";"204";"BR-116/PR";"Sul";"Choque - Objeto sobre a pista";1;0;0;0;0;0;0;0;0;0;4;0;0;0;0
"04/07/2012";"15:34:00";"340";"sem vítima";"140,5";"BR-116/SC";"Norte";"Saida de Pista";0;0;0;0;0;0;0;0;1;0;1;0;0;0;0
"04/07/2012";"19:06:00";"365";"sem vítima";"247";"BR-116/SC";"Norte";"Choque - Veiculo parado na pista";2;0;0;0;0;0;0;0;0;0;2;0;0;0;0
"04/07/2012";"19:58:00";"372";"com vítima";"285,6";"BR-116/SC";"Sul";"Colisão Frontal";0;0;4;0;0;0;0;0;0;0;2;1;0;0;1
"05/07/2012";"10:54:00";"410";"sem vítima";"134";"BR-116/PR";"Sul";"Objeto lançado contra veículo";1;0;0;0;0;0;0;0;0;0;1;0;0;0;0
"05/07/2012";"13:39:00";"421";"sem vítima";"204";"BR-116/PR";"Sul";"Choque - Objeto sobre a pista";1;0;0;0;0;0;0;0;0;0;1;0;0;0;0
"05/07/2012";"17:57:00";"445";"com vítima";"202,8";"BR-116/PR";"Sul";"Colisão Transversal";0;0;1;1;0;0;0;0;0;0;1;0;0;1;0
"05/07/2012";"18:06:00";"447";"com vítima";"207,4";"BR-116/SC";"Norte";"Saida de Pista";1;0;0;0;0;0;0;0;0;0;1;3;0;0;0
"05/07/2012";"22:10:00";"466";"sem vítima";"209";"BR-116/PR";"Sul";"Saida de Pista";0;0;0;1;0;0;0;0;0;0;1;0;0;0;0
"06/07/2012";"07:00:00";"481";"sem vítima";"53,8";"BR-116/SC";"Sul";"Tombamento";0;0;1;0;0;0;0;0;0;0;2;0;0;0;0
"06/07/2012";"08:18:00";"486";"com vítima";"8,5";"BR-116/SC";"Norte";"Colisão Lateral";0;0;2;0;0;0;0;0;0;0;1;1;0;0;0
"06/07/2012";"11:21:00";"507";"sem vítima";"4,5";"BR-116/SC";"Norte";"Colisão Lateral";1;0;1;0;0;0;0;0;0;0;4;0;0;0;0
"06/07/2012";"11:44:00";"510";"sem vítima";"245,5";"BR-116/SC";"Norte";"Colisão Lateral";2;0;0;0;0;0;0;0;0;0;6;0;0;0;0
"06/07/2012";"16:00:00";"536";"com vítima";"6,5";"BR-116/SC";"Sul";"Colisão Frontal";1;0;1;0;0;0;0;0;0;0;1;0;0;0;1
"06/07/2012";"16:26:00";"537";"sem vítima";"205,2";"BR-116/PR";"Norte";"Colisão Traseira";1;0;0;0;0;0;0;0;0;1;2;0;0;0;0
"06/07/2012";"18:11:00";"543";"com vítima";"57,1";"BR-116/SC";"Sul";"Colisão Frontal";1;0;1;0;0;0;0;0;0;0;1;0;0;0;2
"06/07/2012";"19:31:00";"553";"sem vítima";"134";"BR-116/PR";"Norte";"Colisão Traseira";2;0;0;0;0;0;0;0;0;0;2;0;0;0;0
"06/07/2012";"19:50:00";"556";"sem vítima";"122";"BR-116/PR";"Norte";"Capotamento";1;0;0;0;0;0;0;0;0;0;1;0;0;0;0
"06/07/2012";"20:52:00";"560";"sem vítima";"119,2";"BR-116/PR";"Sul";"Colisão Traseira";0;0;1;0;1;0;0;0;0;0;2;0;0;0;0
"06/07/2012";"23:31:00";"565";"com vítima";"310,4";"BR-116/SC";"Sul";"Choque - Defensa, barreira ou "submarino"";0;0;1;0;0;0;0;0;0;0;0;1;0;0;0
"06/07/2012";"23:36:00";"566";"com vítima";"151,2";"BR-116/PR";"Sul";"Colisão Lateral";0;0;1;1;0;0;0;0;0;0;1;1;0;0;0
"07/07/2012";"06:37:00";"574";"sem vítima";"175,4";"BR-116/SC";"Sul";"Saida de Pista";1;0;0;0;0;0;0;0;0;0;1;0;0;0;0
"07/07/2012";"10:07:00";"585";"sem vítima";"125,8";"BR-116/PR";"Sul";"Colisão Traseira";1;0;1;0;0;0;0;0;0;0;3;0;0;0;0
"07/07/2012";"11:25:00";"592";"sem vítima";"192,8";"BR-116/PR";"Sul";"Colisão Traseira";0;0;1;0;0;0;0;0;0;1;2;0;0;0;0
"07/07/2012";"13:23:00";"596";"sem vítima";"119,7";"BR-116/PR";"Norte";"Engavetamento";3;0;0;0;0;0;0;0;0;0;4;0;0;0;0
"07/07/2012";"14:45:00";"603";"sem vítima";"281,4";"BR-116/SC";"Norte";"Saida de Pista";1;0;0;0;0;0;0;0;0;0;2;0;0;0;0
"07/07/2012";"15:14:00";"606";"sem vítima";"269";"BR-116/SC";"Sul";"Saida de Pista";1;0;0;0;0;0;0;0;0;0;2;0;0;0;0
"07/07/2012";"15:54:00";"609";"sem vítima";"120";"BR-116/PR";"Norte";"Choque - Veiculo parado na pista";2;0;1;0;0;0;0;0;0;0;6;0;0;0;0
"07/07/2012";"16:07:00";"611";"sem vítima";"203,8";"BR-116/SC";"Sul";"Saida de Pista";1;0;0;0;0;0;0;0;0;0;2;0;0;0;0
"07/07/2012";"17:54:00";"619";"sem vítima";"159,6";"BR-116/PR";"Norte";"Colisão Transversal";2;0;0;0;0;0;0;0;0;0;4;0;0;0;0
"07/07/2012";"18:52:00";"624";"sem vítima";"239,1";"BR-116/SC";"Sul";"Saida de Pista";1;0;0;0;0;0;0;0;0;0;3;0;0;0;0
"07/07/2012";"19:55:00";"634";"com vítima";"36,6";"BR-116/SC";"Sul";"Colisão Lateral";1;0;0;1;0;0;0;0;0;0;2;0;1;0;0
"07/07/2012";"20:41:00";"637";"sem vítima";"130";"BR-116/PR";"Sul";"Colisão Traseira";2;0;0;0;0;0;0;0;0;0;3;0;0;0;0
"07/07/2012";"22:15:00";"644";"sem vítima";"23";"BR-116/SC";"Norte";"Saida de Pista";1;0;0;0;0;0;0;0;0;0;1;0;0;0;0
"07/07/2012";"22:17:00";"645";"sem vítima";"135,3";"BR-116/PR";"Norte";"Colisão Traseira";2;0;0;0;0;0;0;0;0;0;2;0;0;0;0
"08/07/2012";"03:28:00";"657";"com vítima";"159,6";"BR-116/SC";"Norte";"Saida de Pista";1;0;0;0;0;0;0;0;0;0;0;1;0;0;0
"08/07/2012";"05:20:00";"664";"sem vítima";"172,3";"BR-116/SC";"Sul";"Colisão Traseira";1;0;0;0;0;1;0;0;0;0;2;0;0;0;0
"08/07/2012";"05:37:00";"665";"com vítima";"14,6";"BR-116/SC";"Sul";"Colisão Frontal";1;0;1;0;0;0;0;0;0;0;1;0;0;0;1
"08/07/2012";"10:58:00";"679";"sem vítima";"83";"BR-116/SC";"Norte";"Choque - Objeto sobre a pista";0;0;0;1;0;0;0;0;0;0;1;0;0;0;0
"08/07/2012";"11:53:00";"690";"sem vítima";"139";"BR-116/PR";"Norte";"Objeto lançado contra veículo";0;0;0;0;0;0;0;0;0;1;1;0;0;0;0
"08/07/2012";"17:12:00";"710";"sem vítima";"305,3";"BR-116/SC";"Sul";"Choque - Talude";1;0;0;0;0;0;0;0;0;0;1;0;0;0;0
"08/07/2012";"19:07:00";"729";"sem vítima";"129,4";"BR-116/PR";"Norte";"Colisão Transversal";2;0;0;0;0;0;0;0;0;0;2;0;0;0;0
"08/07/2012";"19:16:00";"730";"com vítima";"166,5";"BR-116/PR";"Norte";"Colisão Transversal";1;0;0;0;0;1;0;0;0;0;1;1;0;0;0
"08/07/2012";"20:09:00";"732";"com vítima";"15,5";"BR-116/SC";"Sul";"Colisão Frontal";2;0;0;0;0;0;0;0;0;0;0;0;4;3;1
"09/07/2012";"01:01:00";"752";"com vítima";"131,4";"BR-116/PR";"Norte";"Colisão Frontal";1;0;1;0;0;0;0;0;0;0;1;1;0;0;0
"09/07/2012";"09:51:00";"778";"sem vítima";"140,8";"BR-116/PR";"Norte";"Colisão Lateral";1;0;1;0;0;0;0;0;0;0;4;0;0;0;0
"09/07/2012";"12:31:00";"794";"sem vítima";"139,2";"BR-116/PR";"Norte";"Saida de Pista";1;0;0;0;0;0;0;0;0;0;2;0;0;0;0
"09/07/2012";"13:23:00";"800";"sem vítima";"172,2";"BR-116/SC";"Norte";"Colisão Traseira";2;0;0;0;0;0;0;0;0;0;4;0;0;0;0
"09/07/2012";"13:47:00";"802";"com vítima";"15";"BR-116/SC";"Norte";"Colisão Traseira";2;0;0;0;0;0;0;0;0;0;4;3;0;0;0
"09/07/2012";"14:52:00";"807";"sem vítima";"205";"BR-116/PR";"Norte";"Objeto lançado contra veículo";1;0;1;0;0;0;0;0;0;0;2;0;0;0;0
"09/07/2012";"18:13:00";"822";"sem vítima";"0";"BR-116/SC";"Sul";"Engavetamento";3;0;0;0;0;0;0;0;0;0;3;0;0;0;0
"09/07/2012";"18:19:00";"824";"sem vítima";"122";"BR-116/PR";"Sul";"Colisão Traseira";1;0;0;0;1;0;0;0;0;0;2;0;0;0;0
"09/07/2012";"18:41:00";"825";"com vítima";"119,9";"BR-116/PR";"Norte";"Choque - Veiculo parado na pista";0;0;0;2;0;0;0;0;0;0;1;1;0;0;0
"09/07/2012";"23:41:00";"838";"sem vítima";"126,2";"BR-116/PR";"Sul";"Colisão Lateral";1;0;0;1;0;0;0;0;0;0;4;0;0;0;0
"10/07/2012";"12:19:00";"884";"sem vítima";"204";"BR-116/PR";"Norte";"Choque - Veiculo parado no acostamento";0;0;0;0;0;1;0;0;0;1;2;0;0;0;0
"10/07/2012";"13:21:00";"889";"com vítima";"72,5";"BR-116/SC";"Norte";"Colisão Transversal";1;0;0;1;0;0;0;0;0;0;3;1;0;0;0
"10/07/2012";"16:48:00";"905";"sem vítima";"119,5";"BR-116/PR";"Sul";"Colisão Traseira";0;0;2;0;1;0;0;0;0;0;3;0;0;0;0
"10/07/2012";"17:16:00";"906";"sem vítima";"32,5";"BR-116/SC";"Norte";"Colisão Transversal";1;0;1;0;0;0;0;0;0;0;2;0;0;0;0
"11/07/2012";"00:15:00";"940";"sem vítima";"276";"BR-116/SC";"Norte";"Objeto lançado contra veículo";0;0;2;0;0;0;0;0;0;0;2;0;0;0;0
"11/07/2012";"08:14:00";"958";"com vítima";"197,2";"BR-116/PR";"Norte";"Colisão Frontal";2;0;0;0;0;0;0;0;0;0;0;2;1;0;0
"11/07/2012";"10:33:00";"973";"sem vítima";"47,5";"BR-116/SC";"Sul";"Choque - Defensa, barreira ou "submarino"";0;0;1;0;0;0;0;0;0;0;1;0;0;0;0
"11/07/2012";"14:28:00";"995";"sem vítima";"125";"BR-116/PR";"Sul";"Colisão Lateral";1;0;1;0;0;0;0;0;0;0;2;0;0;0;0
"11/07/2012";"17:26:00";"1019";"sem vítima";"72,5";"BR-116/SC";"Norte";"Colisão Lateral";1;0;1;0;0;0;0;0;0;0;2;0;0;0;0
"11/07/2012";"18:55:00";"1029";"sem vítima";"30,9";"BR-116/SC";"Norte";"Saida de Pista";0;0;1;0;0;0;0;0;0;0;1;0;0;0;0
"12/07/2012";"01:21:00";"1056";"sem vítima";"0,5";"BR-116/SC";"Sul";"Saida de Pista";0;0;1;0;0;0;0;0;0;0;1;0;0;0;0
"12/07/2012";"04:34:00";"1059";"com vítima";"140,4";"BR-116/PR";"Norte";"Colisão Transversal";0;0;1;1;0;0;0;0;0;0;1;0;0;0;1
"12/07/2012";"08:01:00";"1073";"sem vítima";"191";"BR-116/SC";"Sul";"Choque - Veiculo parado na pista";0;0;1;0;0;0;0;0;0;1;2;0;0;0;0
"12/07/2012";"10:32:00";"1090";"sem vítima";"42";"BR-116/SC";"Sul";"Objeto lançado contra veículo";0;0;0;0;0;0;0;0;0;1;1;0;0;0;0
"12/07/2012";"14:01:00";"1111";"sem vítima";"204,6";"BR-116/SC";"Norte";"Colisão Traseira";0;0;2;0;0;0;0;0;0;0;2;0;0;0;0
"12/07/2012";"14:31:00";"1118";"com vítima";"96,5";"BR-116/SC";"Norte";"Colisão Frontal";1;0;1;0;0;0;0;0;0;0;1;0;0;0;1
"12/07/2012";"15:27:00";"1123";"sem vítima";"131,5";"BR-116/PR";"Norte";"Colisão Transversal";1;0;1;0;0;0;0;0;0;0;2;0;0;0;0
"12/07/2012";"18:27:00";"1146";"com vítima";"124";"BR-116/PR";"Norte";"Colisão Traseira";1;0;0;1;0;0;0;0;0;0;1;1;0;0;0
"12/07/2012";"23:02:00";"1172";"sem vítima";"115";"BR-116/PR";"Norte";"Choque - Objeto sobre a pista";1;0;0;0;0;0;0;0;0;0;1;0;0;0;0
"13/07/2012";"04:31:00";"1186";"com vítima";"24,9";"BR-116/SC";"Norte";"Colisão Traseira";0;1;1;0;0;0;0;0;0;0;1;0;0;0;1
"13/07/2012";"04:51:00";"1187";"sem vítima";"25";"BR-116/SC";"Norte";"Objeto lançado contra veículo";0;0;0;0;1;0;0;0;0;0;6;0;0;0;0
"13/07/2012";"05:54:00";"1189";"com vítima";"170,2";"BR-116/PR";"Sul";"Choque - Veiculo parado na pista";0;0;1;0;1;0;0;0;0;0;10;1;0;0;0
"13/07/2012";"14:20:00";"1236";"sem vítima";"131,8";"BR-116/SC";"Sul";"Colisão Traseira";1;0;1;0;0;0;0;0;0;0;3;0;0;0;0
"13/07/2012";"14:26:00";"1237";"sem vítima";"120";"BR-116/SC";"Norte";"Objeto lançado contra veículo";0;0;0;0;0;0;0;0;0;1;1;0;0;0;0
"13/07/2012";"19:40:00";"1265";"sem vítima";"123,7";"BR-116/PR";"Norte";"Colisão Traseira";0;0;2;0;0;0;0;0;0;0;2;0;0;0;0
"14/07/2012";"01:31:00";"1294";"com vítima";"308,5";"BR-116/SC";"Sul";"Colisão Lateral";1;0;1;0;0;0;0;0;0;0;1;1;0;0;1
"14/07/2012";"05:53:00";"1305";"sem vítima";"191,8";"BR-116/SC";"Sul";"Outros";0;0;1;0;0;0;0;0;0;0;2;0;0;0;0
"14/07/2012";"08:54:00";"1320";"sem vítima";"99";"BR-116/SC";"Norte";"Colisão Transversal";1;0;1;0;0;0;0;0;0;0;3;0;0;0;0
"14/07/2012";"09:12:00";"1321";"sem vítima";"106";"BR-116/SC";"Sul";"Colisão Traseira";0;0;2;0;0;0;0;0;0;0;2;0;0;0;0
"14/07/2012";"11:10:00";"1330";"sem vítima";"128,4";"BR-116/PR";"Sul";"Colisão Lateral";1;0;1;0;0;0;0;0;0;0;2;0;0;0;0
"14/07/2012";"11:26:00";"1334";"sem vítima";"301,8";"BR-116/SC";"Sul";"Colisão Lateral";1;0;1;0;0;0;0;0;0;0;3;0;0;0;0
"14/07/2012";"12:09:00";"1340";"sem vítima";"128,4";"BR-116/PR";"Sul";"Colisão Traseira";1;0;1;0;0;0;0;0;0;0;2;0;0;0;0
"14/07/2012";"13:00:00";"1344";"sem vítima";"5,6";"BR-116/SC";"Sul";"Objeto lançado contra veículo";1;0;1;0;0;0;0;0;0;0;4;0;0;0;0
"14/07/2012";"15:57:00";"1357";"com vítima";"211";"BR-116/PR";"Norte";"Saida de Pista";1;0;0;0;0;0;0;0;0;0;0;0;0;1;0
"14/07/2012";"17:00:00";"1361";"sem vítima";"119,4";"BR-116/PR";"Sul";"Colisão Traseira";2;0;0;0;0;0;0;0;0;0;3;0;0;0;0
"14/07/2012";"17:50:00";"1366";"sem vítima";"211";"BR-116/PR";"Norte";"Objeto lançado contra veículo";0;0;1;0;0;0;0;0;0;0;1;0;0;0;0
"14/07/2012";"23:16:00";"1385";"sem vítima";"156,1";"BR-116/PR";"Norte";"Choque - Talude";1;0;0;0;0;0;0;0;0;0;1;0;0;0;0
"14/07/2012";"23:19:00";"1387";"sem vítima";"134";"BR-116/PR";"Norte";"Choque - Veiculo parado na pista";1;0;0;0;0;2;0;0;0;0;4;0;0;0;0
"15/07/2012";"05:01:00";"1397";"sem vítima";"125,1";"BR-116/PR";"Norte";"Saida de Pista";1;0;0;0;0;0;0;0;0;0;1;0;0;0;0
"15/07/2012";"05:10:00";"1398";"sem vítima";"146,7";"BR-116/SC";"Norte";"Colisão Transversal";1;0;1;0;0;0;0;0;0;0;2;0;0;0;0