data;horario;n_da_ocorrencia;tipo_de_ocorrencia;km;trecho;sentido;tipo_de_acidente;automovel;bicicleta;caminhao;moto;onibus;outros;tracao_animal;transporte_de_cargas_especiais;trator_maquinas;utilitarios;ilesos;levemente_feridos;moderadamente_feridos;gravemente_feridos;mortos
"15/07/2012";"05:51:00";"1402";"com vítima";"139,4";"BR-116/PR";"Norte";"Colisão Frontal";1;0;1;0;0;0;0;0;0;0;1;0;0;0;1
"15/07/2012";"09:45:00";"1413";"sem vítima";"130,4";"BR-116/PR";"Sul";"Colisão Traseira";2;0;0;0;0;0;0;0;0;0;5;0;0;0;0
"15/07/2012";"11:14:00";"1419";"sem vítima";"120";"BR-116/SC";"Sul";"Choque - Objeto sobre a pista";1;0;0;0;0;0;0;0;0;0;2;0;0;0;0
"15/07/2012";"15:26:00";"1438";"sem vítima";"283,5";"BR-116/SC";"Norte";"Colisão Transversal";2;0;0;0;0;0;0;0;0;0;4;0;0;0;0
"15/07/2012";"15:35:00";"1439";"sem vítima";"151,007";"BR-116/SC";"Norte";"Saida de Pista";1;0;0;0;0;0;0;0;0;0;2;0;0;0;0
"15/07/2012";"15:42:00";"1440";"com vítima";"131,1";"BR-116/PR";"Norte";"Colisão Transversal";2;0;0;0;0;0;0;0;0;0;1;2;1;0;1
"15/07/2012";"17:57:00";"1458";"sem vítima";"126,6";"BR-116/PR";"Sul";"Colisão Traseira";1;0;1;0;0;0;0;0;0;0;2;0;0;0;0
"15/07/2012";"19:05:00";"1462";"sem vítima";"170,8";"BR-116/PR";"Norte";"Colisão Traseira";0;0;2;0;0;0;0;0;0;0;2;0;0;0;0
"15/07/2012";"19:33:00";"1465";"com vítima";"166,8";"BR-116/PR";"Norte";"Colisão Transversal";1;0;0;0;0;0;0;0;0;1;1;2;0;0;0
"16/07/2012";"15:38:00";"1543";"com vítima";"160,4";"BR-116/PR";"Sul";"Saida de Pista";1;0;0;0;0;0;0;0;0;0;2;2;0;0;0
"16/07/2012";"18:28:00";"1565";"sem vítima";"135";"BR-116/PR";"Norte";"Choque - Objeto sobre a pista";0;0;1;0;0;0;0;0;0;0;1;0;0;0;0
"17/07/2012";"01:24:00";"1591";"sem vítima";"119,2";"BR-116/PR";"Sul";"Colisão Lateral";2;0;0;0;0;0;0;0;0;0;2;0;0;0;0
"17/07/2012";"06:25:00";"1596";"sem vítima";"180,3";"BR-116/SC";"Norte";"Colisão Lateral";0;0;1;1;0;0;0;0;0;0;2;0;0;0;0
"17/07/2012";"07:15:00";"1599";"com vítima";"140,8";"BR-116/PR";"Norte";"Colisão Transversal";2;0;0;0;0;0;0;0;0;0;1;0;2;0;0
"17/07/2012";"07:22:00";"1602";"sem vítima";"5,5";"BR-116/SC";"Norte";"Colisão Transversal";2;0;0;0;0;0;0;0;0;0;5;0;0;0;0
"17/07/2012";"07:53:00";"1606";"com vítima";"128,3";"BR-116/PR";"Norte";"Choque - Veiculo parado na pista";1;0;0;0;0;0;0;0;0;1;2;1;0;0;0
"17/07/2012";"08:13:00";"1608";"sem vítima";"204,9";"BR-116/SC";"Norte";"Colisão Traseira";2;0;0;0;0;0;0;0;0;0;2;0;0;0;0
"17/07/2012";"09:04:00";"1609";"sem vítima";"193,6";"BR-116/SC";"Sul";"Colisão Lateral";0;0;2;0;0;0;0;0;0;0;3;0;0;0;0
"17/07/2012";"15:02:00";"1654";"sem vítima";"4,5";"BR-116/SC";"Sul";"Colisão Traseira";0;0;2;0;0;0;0;0;0;1;3;0;0;0;0
"17/07/2012";"18:36:00";"1674";"sem vítima";"119,4";"BR-116/PR";"Sul";"Colisão Transversal";1;0;0;1;0;0;0;0;0;0;2;0;0;0;0
"17/07/2012";"18:58:00";"1681";"sem vítima";"65";"BR-116/SC";"Sul";"Choque - Objeto sobre a pista";1;0;0;0;0;0;0;0;0;0;2;0;0;0;0
"17/07/2012";"21:50:00";"1700";"sem vítima";"191";"BR-116/SC";"Norte";"Saida de Pista";0;0;1;0;0;0;0;0;0;0;1;0;0;0;0
"18/07/2012";"04:51:00";"1713";"sem vítima";"1,9";"BR-116/SC";"Norte";"Choque - Defensa, barreira ou "submarino"";1;0;0;0;0;0;0;0;0;0;2;0;0;0;0
"18/07/2012";"09:17:00";"1735";"sem vítima";"278,7";"BR-116/SC";"Norte";"Colisão Traseira";0;0;3;0;0;0;0;0;0;0;3;0;0;0;0
"18/07/2012";"09:55:00";"1747";"sem vítima";"124,2";"BR-116/SC";"Norte";"Colisão Lateral";2;0;0;0;0;0;0;0;0;0;6;0;0;0;0
"18/07/2012";"17:14:00";"1798";"sem vítima";"223,6";"BR-116/SC";"Norte";"Objeto lançado contra veículo";1;0;0;0;0;0;0;0;0;0;2;0;0;0;0
"18/07/2012";"18:21:00";"1805";"com vítima";"228";"BR-116/SC";"Norte";"Saida de Pista";1;0;0;0;0;0;0;0;0;0;0;1;4;0;0
"18/07/2012";"21:17:00";"1811";"sem vítima";"186,5";"BR-116/SC";"Norte";"Atropelamento de Animal";1;0;0;0;0;0;0;0;0;0;4;0;0;0;0
"19/07/2012";"04:07:00";"1821";"com vítima";"117";"BR-116/PR";"Norte";"Colisão Frontal";2;0;0;0;0;0;0;0;0;1;1;12;3;2;0
"19/07/2012";"05:50:00";"1822";"sem vítima";"117,2";"BR-116/PR";"Norte";"Engavetamento";3;0;0;0;0;0;0;0;0;0;3;0;0;0;0
"19/07/2012";"06:57:00";"1823";"sem vítima";"121";"BR-116/PR";"Norte";"Colisão Traseira";1;0;1;0;0;0;0;0;0;0;3;0;0;0;0
"19/07/2012";"09:47:00";"1843";"com vítima";"166,1";"BR-116/PR";"Norte";"Colisão Transversal";1;0;0;1;0;0;0;0;0;0;1;0;0;1;0
"19/07/2012";"17:15:00";"1906";"sem vítima";"134";"BR-116/PR";"Norte";"Choque - Cancela de Pedagio";0;0;1;0;0;0;0;0;0;0;1;0;0;0;0
"19/07/2012";"17:20:00";"1909";"sem vítima";"151,1";"BR-116/PR";"Sul";"Atropelamento de Animal";1;0;0;0;0;0;0;0;0;0;1;0;0;0;0
"20/07/2012";"05:30:00";"1960";"sem vítima";"86";"BR-116/SC";"Sul";"Saida de Pista";0;0;1;0;0;0;0;0;0;0;1;0;0;0;0
"20/07/2012";"07:47:00";"1968";"sem vítima";"143,7";"BR-116/PR";"Norte";"Choque - Objeto sobre a pista";1;0;0;0;0;0;0;0;0;0;1;0;0;0;0
"20/07/2012";"07:52:00";"1970";"sem vítima";"252,53";"BR-116/SC";"Norte";"Choque - Objeto sobre a pista";1;0;0;0;0;0;0;0;0;0;1;0;0;0;0
"20/07/2012";"08:00:00";"1972";"com vítima";"58,2";"BR-116/SC";"Norte";"Colisão Lateral";0;1;1;0;0;0;0;0;0;0;1;1;0;0;0
"20/07/2012";"08:18:00";"1976";"sem vítima";"4,5";"BR-116/SC";"Norte";"Colisão Traseira";2;0;0;0;0;0;0;0;0;0;2;0;0;0;0
"20/07/2012";"09:16:00";"1980";"sem vítima";"141,15";"BR-116/PR";"Norte";"Colisão Lateral";0;0;2;0;0;0;0;0;0;0;3;0;0;0;0
"20/07/2012";"10:05:00";"1984";"sem vítima";"245,4";"BR-116/SC";"Norte";"Colisão Transversal";1;0;1;0;0;0;0;0;0;0;2;0;0;0;0
"20/07/2012";"10:15:00";"1985";"com vítima";"152,5";"BR-116/PR";"Norte";"Colisão Transversal";1;0;0;1;0;0;0;0;0;0;1;1;0;0;0
"20/07/2012";"11:22:00";"1992";"com vítima";"126,4";"BR-116/PR";"Sul";"Colisão Lateral";1;0;0;1;0;0;0;0;0;0;1;1;0;0;0
"20/07/2012";"12:47:00";"2004";"sem vítima";"49,2";"BR-116/SC";"Norte";"Colisão Lateral";1;0;1;0;0;0;0;0;0;0;4;0;0;0;0
"20/07/2012";"13:45:00";"2013";"sem vítima";"127,5";"BR-116/PR";"Sul";"Colisão Transversal";2;0;0;0;0;0;0;0;0;0;2;0;0;0;0
"20/07/2012";"18:40:00";"2050";"sem vítima";"183,3";"BR-116/PR";"Norte";"Objeto lançado contra veículo";1;0;0;0;0;0;0;0;0;0;1;0;0;0;0
"20/07/2012";"19:54:00";"2059";"com vítima";"125,2";"BR-116/PR";"Sul";"Atropelamento de Animal";0;0;0;1;0;0;0;0;0;0;0;1;1;0;0
"20/07/2012";"19:54:00";"2060";"sem vítima";"240";"BR-116/SC";"Sul";"Atropelamento de Animal";0;0;1;0;0;0;0;0;0;0;1;0;0;0;0
"20/07/2012";"19:59:00";"2062";"sem vítima";"299,3";"BR-116/SC";"Sul";"Saida de Pista";1;0;0;0;0;0;0;0;0;0;1;0;0;0;0
"21/07/2012";"08:10:00";"2083";"sem vítima";"184";"BR-116/SC";"Norte";"Colisão Traseira";2;0;0;0;0;0;0;0;0;0;2;0;0;0;0
"21/07/2012";"09:50:00";"2094";"sem vítima";"19";"BR-116/SC";"Sul";"Colisão Traseira";1;0;0;0;0;0;0;0;0;1;3;0;0;0;0
"21/07/2012";"12:25:00";"2117";"sem vítima";"122";"BR-116/PR";"Norte";"Colisão Transversal";2;0;0;0;0;0;0;0;0;0;5;0;0;0;0
"21/07/2012";"13:38:00";"2123";"sem vítima";"119,4";"BR-116/PR";"Sul";"Colisão Transversal";2;0;0;0;0;0;0;0;0;0;2;0;0;0;0
"21/07/2012";"14:15:00";"2126";"sem vítima";"123";"BR-116/PR";"Sul";"Colisão Traseira";2;0;0;0;0;0;0;0;0;0;3;0;0;0;0
"21/07/2012";"14:16:00";"2149";"sem vítima";"117";"BR-116/PR";"Sul";"Colisão Lateral";0;0;2;0;0;0;0;0;0;0;3;0;0;0;0
"21/07/2012";"18:45:00";"2158";"sem vítima";"174,8";"BR-116/SC";"Sul";"Saida de Pista";1;0;0;0;0;0;0;0;0;0;1;0;0;0;0
"21/07/2012";"18:59:00";"2160";"com vítima";"92,7";"BR-116/SC";"Sul";"Colisão Frontal";1;0;2;0;1;0;0;0;0;0;9;2;0;1;0
"21/07/2012";"19:40:00";"2164";"sem vítima";"174,8";"BR-116/SC";"Sul";"Outros - Sequência";1;0;0;0;0;0;0;0;0;0;2;0;0;0;0
"21/07/2012";"21:36:00";"2181";"sem vítima";"202";"BR-116/SC";"Norte";"Objeto lançado contra veículo";0;0;0;0;1;0;0;0;0;0;2;0;0;0;0
"22/07/2012";"03:41:00";"2203";"sem vítima";"117,4";"BR-116/PR";"Sul";"Saida de Pista";1;0;0;0;0;0;0;0;0;0;4;0;0;0;0
"22/07/2012";"04:16:00";"2204";"sem vítima";"120,4";"BR-116/PR";"Sul";"Colisão Traseira";0;0;0;1;0;1;0;0;0;0;2;0;0;0;0
"22/07/2012";"06:18:00";"2208";"sem vítima";"126,3";"BR-116/PR";"Norte";"Choque - Veiculo parado na pista";2;0;0;0;0;0;0;0;0;0;2;0;0;0;0
"22/07/2012";"13:03:00";"2240";"sem vítima";"202";"BR-116/PR";"Sul";"Atropelamento de Animal";1;0;0;0;0;0;0;0;0;0;1;0;0;0;0
"22/07/2012";"19:17:00";"2286";"sem vítima";"122";"BR-116/PR";"Norte";"Saida de Pista";1;0;0;0;0;0;0;0;0;0;2;0;0;0;0
"22/07/2012";"20:10:00";"2295";"com vítima";"139,5";"BR-116/SC";"Sul";"Colisão Transversal";2;0;0;0;0;0;0;0;0;0;6;0;1;0;0
"22/07/2012";"21:32:00";"2305";"sem vítima";"209";"BR-116/PR";"Sul";"Colisão Transversal";1;0;0;0;0;1;0;0;0;0;2;0;0;0;0
"22/07/2012";"22:04:00";"2307";"sem vítima";"12";"BR-116/SC";"Norte";"Atropelamento de Animal";1;0;0;0;0;0;0;0;0;0;1;0;0;0;0
"23/07/2012";"00:57:00";"2320";"com vítima";"99,8";"BR-116/SC";"Norte";"Atropelamento - Morador";1;0;0;0;0;0;0;0;0;0;4;0;0;0;1
"23/07/2012";"03:07:00";"2325";"sem vítima";"129,4";"BR-116/PR";"Sul";"Saida de Pista";1;0;0;0;0;0;0;0;0;0;1;0;0;0;0
"23/07/2012";"08:22:00";"2338";"sem vítima";"204";"BR-116/SC";"Norte";"Choque - Veiculo parado na pista";1;0;1;0;0;0;0;0;0;0;3;0;0;0;0
"23/07/2012";"10:42:00";"2355";"sem vítima";"204";"BR-116/PR";"Sul";"Choque - Objeto sobre a pista";1;0;0;0;0;0;0;0;0;0;3;0;0;0;0
"23/07/2012";"15:32:00";"2389";"sem vítima";"170";"BR-116/PR";"Sul";"Objeto lançado contra veículo";1;0;0;0;0;1;0;0;0;0;2;0;0;0;0
"23/07/2012";"15:58:00";"2395";"sem vítima";"186,2";"BR-116/PR";"Norte";"Choque - Defensa, barreira ou "submarino"";1;0;0;0;0;0;0;0;0;0;1;0;0;0;0
"23/07/2012";"17:19:00";"2406";"sem vítima";"182";"BR-116/PR";"Sul";"Objeto lançado contra veículo";1;0;0;0;0;0;0;0;0;0;1;0;0;0;0
"24/07/2012";"01:53:00";"2439";"sem vítima";"300,8";"BR-116/SC";"Sul";"Saida de Pista";1;0;0;0;0;0;0;0;0;0;1;0;0;0;0
"24/07/2012";"04:42:00";"2443";"com vítima";"150,3";"BR-116/PR";"Sul";"Tombamento";0;1;0;0;0;0;0;0;0;0;0;1;0;0;0
"24/07/2012";"06:24:00";"2447";"sem vítima";"123,3";"BR-116/PR";"Norte";"Colisão Traseira";2;0;0;0;0;0;0;0;0;0;3;0;0;0;0
"24/07/2012";"07:51:00";"2458";"sem vítima";"233";"BR-116/SC";"Norte";"Choque - Veiculo parado na pista";1;0;1;0;0;0;0;0;0;0;2;0;0;0;0
"24/07/2012";"14:59:00";"2508";"sem vítima";"178,009";"BR-116/SC";"Sul";"Choque - Suporte de Sinalização";0;0;1;0;0;0;0;0;0;0;1;0;0;0;0
"24/07/2012";"18:34:00";"2538";"sem vítima";"247,8";"BR-116/SC";"Norte";;0;0;1;0;0;0;0;0;0;0;1;0;0;0;0
"24/07/2012";"19:10:00";"2542";"sem vítima";"152,3";"BR-116/PR";"Sul";"Colisão Transversal";1;0;1;0;0;0;0;0;0;0;3;0;0;0;0
"25/07/2012";"06:49:00";"2573";"sem vítima";"117,5";"BR-116/PR";"Sul";"Saida de Pista";1;0;0;0;0;0;0;0;0;0;3;0;0;0;0
"25/07/2012";"07:27:00";"2576";"com vítima";"0,3";"BR-116/SC";"Norte";"Queda de Moto";0;0;0;1;0;0;0;0;0;0;0;1;0;0;0
"25/07/2012";"09:27:00";"2602";"sem vítima";"4,6";"BR-116/SC";"Norte";"Colisão Traseira";1;0;1;0;0;0;0;0;0;0;2;0;0;0;0
"25/07/2012";"10:09:00";"2614";"sem vítima";"146";"BR-116/PR";"Norte";"Colisão Traseira";2;0;0;0;0;0;0;0;0;0;6;0;0;0;0
"25/07/2012";"11:29:00";"2633";"com vítima";"140,8";"BR-116/SC";"Sul";"Colisão Traseira";1;0;1;0;0;0;0;0;0;0;1;1;0;0;0
"25/07/2012";"12:34:00";"2642";"sem vítima";"152,8";"BR-116/PR";"Sul";"Choque - Objeto sobre a pista";1;0;0;0;0;0;0;0;0;0;1;0;0;0;0
"25/07/2012";"14:30:00";"2660";"sem vítima";"210,3";"BR-116/PR";"Norte";"Colisão Traseira";0;0;1;0;0;0;0;0;0;1;3;0;0;0;0
"25/07/2012";"15:25:00";"2667";"sem vítima";"145,5";"BR-116/PR";"Norte";"Saida de Pista";1;0;0;0;0;0;0;0;0;0;1;0;0;0;0
"25/07/2012";"15:54:00";"2675";"com vítima";"11";"BR-116/SC";"Norte";"Colisão Traseira";2;0;0;0;0;0;0;0;0;0;3;1;0;0;0
"26/07/2012";"03:46:00";"2724";"sem vítima";"128,7";"BR-116/PR";"Sul";"Choque - Defensa, barreira ou "submarino"";1;0;0;0;0;0;0;0;0;0;2;0;0;0;0
"26/07/2012";"06:12:00";"2726";"sem vítima";"230";"BR-116/SC";"Sul";"Colisão Lateral";2;0;0;0;0;0;0;0;0;0;3;0;0;0;0
"26/07/2012";"13:55:00";"2801";"com vítima";"128,5";"BR-116/PR";"Sul";"Colisão Traseira";0;0;0;1;0;1;0;0;0;0;1;0;1;0;0
"26/07/2012";"14:55:00";"2783";"com vítima";"150,9";"BR-116/PR";"Norte";"Colisão Frontal";1;0;1;0;0;0;0;0;0;0;1;0;0;0;1
"26/07/2012";"16:44:00";"2791";"sem vítima";"122";"BR-116/PR";"Sul";"Objeto lançado contra veículo";1;0;0;0;0;0;0;0;0;0;1;0;0;0;0
"26/07/2012";"17:40:00";"2797";"sem vítima";"150,9";"BR-116/PR";"Sul";"Objeto lançado contra veículo";1;0;0;0;0;0;0;0;0;0;1;0;0;0;0
"26/07/2012";"19:02:00";"2808";"com vítima";"105,7";"BR-116/SC";"Norte";"Colisão Lateral";1;0;0;0;0;0;0;0;0;1;2;1;0;0;0
"26/07/2012";"21:18:00";"2827";"sem vítima";"73";"BR-116/SC";"Norte";"Saida de Pista";1;0;0;0;0;0;0;0;0;0;2;0;0;0;0
"27/07/2012";"01:13:00";"2842";"com vítima";"211,8";"BR-116/SC";"Sul";"Capotamento";0;0;1;0;0;0;0;0;0;0;0;1;0;0;0
"27/07/2012";"06:35:00";"2857";"sem vítima";"124,7";"BR-116/PR";"Norte";"Colisão Lateral";2;0;0;1;0;0;0;0;0;0;3;0;0;0;0
"27/07/2012";"06:41:00";"2859";"sem vítima";"262,5";"BR-116/SC";"Sul";"Colisão Lateral";0;0;2;0;0;0;0;0;0;0;2;0;0;0;0
"27/07/2012";"07:04:00";"2862";"com vítima";"122,8";"BR-116/PR";"Sul";"Colisão Transversal";1;0;0;1;0;0;0;0;0;0;1;0;1;0;0
"27/07/2012";"08:15:00";"2866";"sem vítima";"152";"BR-116/PR";"Sul";"Choque - Objeto sobre a pista";0;0;1;0;0;0;0;0;0;0;1;0;0;0;0
"27/07/2012";"10:09:00";"2886";"sem vítima";"261,6";"BR-116/SC";"Norte";"Colisão Lateral";2;0;0;0;0;0;0;0;0;0;6;0;0;0;0
"27/07/2012";"12:29:00";"2913";"sem vítima";"126";"BR-116/PR";"Sul";"Objeto lançado contra veículo";0;0;0;0;0;0;0;0;0;1;3;0;0;0;0
"27/07/2012";"12:48:00";"2916";"sem vítima";"124";"BR-116/PR";"Norte";"Colisão Traseira";4;0;0;0;0;0;0;0;0;0;4;0;0;0;0
"27/07/2012";"18:39:00";"2972";"sem vítima";"119";"BR-116/PR";"Norte";"Colisão Traseira";1;0;1;0;0;0;0;0;0;0;2;0;0;0;0
"27/07/2012";"21:24:00";"2995";"com vítima";"117,5";"BR-116/PR";"Norte";"Queda de Moto";0;0;0;1;0;0;0;0;0;0;0;1;0;0;0
"27/07/2012";"22:10:00";"2996";"com vítima";"121,8";"BR-116/PR";"Norte";"Colisão Lateral";2;0;0;0;0;0;0;0;0;0;2;0;1;0;0
"27/07/2012";"22:39:00";"2998";"sem vítima";"36,8";"BR-116/SC";"Sul";"Atropelamento de Animal";1;0;0;0;0;0;0;0;0;0;2;0;0;0;0
"28/07/2012";"08:37:00";"3030";"sem vítima";"204";"BR-116/PR";"Norte";"Choque - Objeto sobre a pista";0;0;0;0;0;0;0;0;0;1;4;0;0;0;0
"28/07/2012";"11:05:00";"3047";"sem vítima";"134";"BR-116/PR";"Norte";"Choque - Defensa, barreira ou "submarino"";0;0;1;0;0;0;0;0;0;0;1;0;0;0;0
"28/07/2012";"13:20:00";"3064";"sem vítima";"146,9";"BR-116/PR";"Sul";"Colisão Lateral";1;0;0;0;1;0;0;0;0;0;54;0;0;0;0
"28/07/2012";"14:38:00";"3073";"sem vítima";"251,3";"BR-116/SC";"Sul";"Objeto lançado contra veículo";0;0;1;0;0;0;0;0;0;0;1;0;0;0;0
"28/07/2012";"16:03:00";"3082";"com vítima";"267,7";"BR-116/SC";"Sul";"Colisão Transversal";1;0;0;0;1;0;0;0;0;1;3;2;1;0;0
"28/07/2012";"18:28:00";"3106";"com vítima";"131,1";"BR-116/PR";"Norte";"Colisão Transversal";2;0;0;0;0;0;0;0;0;0;4;2;0;0;0
"28/07/2012";"21:39:00";"3120";"sem vítima";"192";"BR-116/SC";"Sul";"Colisão Traseira";2;0;0;0;0;0;0;0;0;0;4;0;0;0;0
"28/07/2012";"22:08:00";"3123";"sem vítima";"180";"BR-116/PR";"Norte";"Outros";0;0;1;0;0;0;0;0;0;0;1;0;0;0;0
"29/07/2012";"01:25:00";"3131";"com vítima";"178";"BR-116/SC";"Norte";"Colisão Frontal";1;0;0;1;0;0;0;0;0;0;2;0;1;0;0
"29/07/2012";"01:56:00";"3133";"sem vítima";"116";"BR-116/PR";"Sul";"Choque - Defensa, barreira ou "submarino"";1;0;0;0;0;0;0;0;0;0;1;0;0;0;0
"29/07/2012";"03:17:00";"3137";"sem vítima";"274";"BR-116/SC";"Sul";"Saida de Pista";1;0;0;0;0;0;0;0;0;0;1;0;0;0;0
"29/07/2012";"15:35:00";"3179";"sem vítima";"252,2";"BR-116/SC";"Sul";"Colisão Lateral";2;0;0;0;0;0;0;0;0;0;3;0;0;0;0
"29/07/2012";"19:06:00";"3213";"sem vítima";"125,8";"BR-116/PR";"Norte";"Colisão Lateral";2;0;0;0;0;0;0;0;0;0;4;0;0;0;0
"29/07/2012";"21:16:00";"3223";"com vítima";"154,3";"BR-116/PR";"Sul";"Colisão Traseira";1;0;0;0;0;0;0;0;0;1;3;0;1;0;0
"30/07/2012";"01:14:00";"3236";"sem vítima";"173,3";"BR-116/SC";"Sul";"Saida de Pista";0;0;1;0;0;0;0;0;0;0;1;0;0;0;0
"30/07/2012";"08:28:00";"3251";"sem vítima";"144,6";"BR-116/PR";"Sul";"Saida de Pista";1;0;0;0;0;0;0;0;0;0;2;0;0;0;0
"30/07/2012";"14:28:00";"3279";"sem vítima";"208,8";"BR-116/PR";"Norte";"Saida de Pista";0;0;1;0;0;0;0;0;0;0;1;0;0;0;0
"30/07/2012";"16:04:00";"3290";"sem vítima";"56,5";"BR-116/SC";"Sul";"Objeto lançado contra veículo";0;0;0;0;1;0;0;0;0;0;1;0;0;0;0
"30/07/2012";"18:42:00";"3302";"sem vítima";"122,5";"BR-116/PR";"Sul";"Colisão Lateral";1;0;1;0;0;0;0;0;0;0;2;0;0;0;0
"30/07/2012";"19:43:00";"3311";"sem vítima";"120";"BR-116/SC";"Sul";"Choque - Objeto sobre a pista";1;0;0;0;0;0;0;0;0;0;1;0;0;0;0
"31/07/2012";"06:37:00";"3339";"com vítima";"245";"BR-116/SC";"Norte";"Colisão Transversal";0;0;2;0;0;0;0;0;0;0;1;0;1;0;0
"31/07/2012";"08:53:00";"3346";"com vítima";"173,1";"BR-116/PR";"Norte";"Colisão Lateral";1;0;2;0;0;0;0;0;0;0;3;0;1;1;0
"31/07/2012";"12:46:00";"3370";"sem vítima";"195";"BR-116/SC";"Norte";"Capotamento";1;0;0;0;0;0;0;0;0;0;2;0;0;0;0
"31/07/2012";"15:50:00";"3377";"sem vítima";"79";"BR-116/SC";"Norte";"Colisão Lateral";0;0;1;0;0;1;0;0;0;0;2;0;0;0;0
"31/07/2012";"16:04:00";"3378";"com vítima";"119,4";"BR-116/PR";"Sul";"Colisão Transversal";1;0;0;1;0;0;0;0;0;0;1;1;0;0;0
"31/07/2012";"18:16:00";"3391";"sem vítima";"246,1";"BR-116/SC";"Sul";"Colisão Lateral";2;0;0;0;0;0;0;0;0;0;2;0;0;0;0
"01/08/2012";"02:32:00";"3";"sem vítima";"237,8";"BR-116/SC";"Sul";"Atropelamento de Animal";1;0;0;0;0;0;0;0;0;0;1;0;0;0;0
"01/08/2012";"11:29:00";"27";"sem vítima";"192";"BR-116/PR";"Norte";"Saida de Pista";1;0;0;0;0;0;0;0;0;0;1;0;0;0;0
"01/08/2012";"13:01:00";"15";"com vítima";"210,8";"BR-116/PR";"Norte";"Colisão Transversal";1;0;0;1;0;0;0;0;0;0;1;1;0;0;0
"01/08/2012";"13:44:00";"30";"sem vítima";"196";"BR-116/PR";"Sul";"Objeto lançado contra veículo";1;0;0;0;0;0;0;0;0;0;2;0;0;0;0
"01/08/2012";"15:00:00";"38";"sem vítima";"57";"BR-116/SC";"Norte";"Objeto lançado contra veículo";1;0;0;0;0;0;0;0;0;0;1;0;0;0;0
"01/08/2012";"17:11:00";"65";"sem vítima";"120";"BR-116/PR";"Sul";"Objeto lançado contra veículo";1;0;0;0;0;0;0;0;0;0;1;0;0;0;0
"02/08/2012";"04:50:00";"103";"sem vítima";"199";"BR-116/PR";"Sul";"Atropelamento de Animal";0;0;1;0;0;0;0;0;0;0;1;0;0;0;0
"02/08/2012";"10:15:00";"140";"sem vítima";"147,1";"BR-116/PR";"Norte";"Colisão Traseira";2;0;0;0;0;0;0;0;0;0;3;0;0;0;0
"02/08/2012";"12:17:00";"154";"com vítima";"121,3";"BR-116/PR";"Sul";"Colisão Transversal";0;0;0;1;0;0;0;0;0;1;1;0;1;0;0
"02/08/2012";"12:41:00";"158";"com vítima";"225,8";"BR-116/SC";"Sul";"Saida de Pista";2;0;0;0;0;0;0;0;0;0;2;1;0;0;0
"02/08/2012";"12:43:00";"159";"sem vítima";"117,2";"BR-116/PR";"Norte";"Tombamento";0;0;1;0;0;0;0;0;0;0;1;0;0;0;0
"02/08/2012";"14:28:00";"166";"sem vítima";"122,2";"BR-116/PR";"Sul";"Engavetamento";1;0;2;0;0;0;0;0;0;0;3;0;0;0;0
"02/08/2012";"18:37:00";"182";"com vítima";"115,8";"BR-116/PR";"Sul";"Colisão Traseira";5;0;0;0;0;0;0;0;0;0;9;1;0;0;0
"02/08/2012";"18:54:00";"184";"com vítima";"118,4";"BR-116/PR";"Sul";"Colisão Transversal";1;0;0;1;0;0;0;0;0;0;1;0;1;0;0
"03/08/2012";"10:31:00";"249";"sem vítima";"208";"BR-116/SC";"Norte";"Choque - Veiculo parado na pista";0;0;1;0;0;0;0;0;0;0;1;0;0;0;0
"03/08/2012";"12:54:00";"266";"com vítima";"5,2";"BR-116/SC";"Norte";"Colisão Frontal";1;0;1;0;0;0;0;0;0;0;1;0;0;0;1
"03/08/2012";"13:14:00";"268";"sem vítima";"183,1";"BR-116/SC";"Sul";"Saida de Pista";0;0;1;0;0;0;0;0;0;0;1;0;0;0;0
"03/08/2012";"17:52:00";"303";"com vítima";"118,4";"BR-116/PR";"Sul";"Colisão Transversal";1;0;0;1;0;0;0;0;0;0;3;1;0;0;0
"03/08/2012";"18:53:00";"311";"sem vítima";"220,2";"BR-116/SC";"Norte";"Choque - Outros";1;0;0;0;0;0;0;0;0;0;1;0;0;0;0
"03/08/2012";"19:45:00";"316";"com vítima";"92,1";"BR-116/SC";"Sul";"Colisão Lateral";2;0;4;0;0;0;0;0;0;0;10;1;1;0;1
"03/08/2012";"21:47:00";"326";"com vítima";"116,2";"BR-116/PR";"Sul";"Colisão Traseira";1;0;0;1;0;0;0;0;0;0;3;1;0;0;0
"04/08/2012";"01:14:00";"354";"com vítima";"165,8";"BR-116/PR";"Sul";"Atropelamento - Morador";0;0;0;0;0;0;0;0;0;1;8;0;0;0;1
"04/08/2012";"08:25:00";"374";"sem vítima";"245";"BR-116/SC";"Norte";"Colisão Transversal";1;0;1;0;0;0;0;0;0;0;5;0;0;0;0
"04/08/2012";"08:49:00";"380";"sem vítima";"115,5";"BR-116/PR";"Norte";"Colisão Traseira";1;0;1;0;0;0;0;0;0;0;2;0;0;0;0
"04/08/2012";"12:45:00";"401";"sem vítima";"144";"BR-116/PR";"Norte";"Colisão Lateral";1;0;0;0;0;0;0;0;0;1;7;0;0;0;0
"04/08/2012";"14:03:00";"409";"sem vítima";"205";"BR-116/PR";"Norte";"Objeto lançado contra veículo";0;0;1;0;0;0;0;0;0;0;1;0;0;0;0