data;horario;n_da_ocorrencia;tipo_de_ocorrencia;km;trecho;sentido;tipo_de_acidente;automovel;bicicleta;caminhao;moto;onibus;outros;tracao_animal;transporte_de_cargas_especiais;trator_maquinas;utilitarios;ilesos;levemente_feridos;moderadamente_feridos;gravemente_feridos;mortos
"28/08/2012";"18:54:00";"2980";"com vítima";"258,9";"BR-116/SC";"Norte";"Colisão Frontal";2;0;0;0;0;0;0;0;0;0;4;1;0;0;0
"28/08/2012";"21:19:00";"2989";"sem vítima";"210,6";"BR-116/SC";"Sul";"Saida de Pista";0;0;1;0;0;0;0;0;0;0;1;0;0;0;0
"29/08/2012";"07:31:00";"3008";"com vítima";"118,2";"BR-116/PR";"Sul";"Colisão Transversal";1;0;0;1;0;0;0;0;0;0;1;1;0;0;0
"29/08/2012";"09:42:00";"3020";"com vítima";"1,2";"BR-116/SC";"Norte";"Colisão Transversal";0;0;1;1;0;0;0;0;0;0;1;1;0;0;0
"29/08/2012";"11:47:00";"3026";"sem vítima";"134,5";"BR-116/PR";"Norte";"Choque - Suporte de Sinalização";0;0;1;0;0;0;0;0;0;0;1;0;0;0;0
"29/08/2012";"12:57:00";"3030";"com vítima";"185,5";"BR-116/PR";"Sul";"Colisão Traseira";0;0;1;1;0;0;0;0;0;0;2;1;0;0;0
"29/08/2012";"14:57:00";"3042";"sem vítima";"38";"BR-116/SC";"Norte";"Choque - Objeto sobre a pista";1;0;0;0;0;0;0;0;0;0;1;0;0;0;0
"29/08/2012";"15:33:00";"3049";"sem vítima";"150";"BR-116/SC";"Norte";"Objeto lançado contra veículo";1;0;0;0;0;0;0;0;0;0;1;0;0;0;0
"29/08/2012";"18:49:00";"3073";"sem vítima";"201";"BR-116/SC";"Norte";"Colisão Lateral";0;0;2;0;0;0;0;0;0;0;3;0;0;0;0
"29/08/2012";"19:48:00";"3082";"sem vítima";"128,4";"BR-116/PR";"Norte";"Colisão Lateral";1;0;1;0;0;0;0;0;0;0;2;0;0;0;0
"30/08/2012";"00:13:00";"3102";"com vítima";"244,9";"BR-116/SC";"Norte";"Atropelamento - Morador";0;0;0;0;0;1;0;0;0;0;1;0;0;0;1
"30/08/2012";"10:02:00";"3132";"com vítima";"143,2";"BR-116/PR";"Sul";"Saida de Pista";1;0;0;0;0;0;0;0;0;0;1;2;0;0;0
"30/08/2012";"13:25:00";"3151";"sem vítima";"123";"BR-116/PR";"Norte";"Engavetamento";3;0;0;0;0;0;0;0;0;0;5;0;0;0;0
"30/08/2012";"20:54:00";"3189";"com vítima";"119,4";"BR-116/PR";"Sul";"Queda de Moto";0;0;0;1;0;0;0;0;0;0;0;2;0;0;0
"31/08/2012";"01:41:00";"3206";"sem vítima";"115,8";"BR-116/PR";"Norte";"Choque - Veiculo parado na pista";1;0;1;0;0;0;0;0;0;0;4;0;0;0;0
"31/08/2012";"09:47:00";"3238";"sem vítima";"233";"BR-116/SC";"Sul";"Choque - Objeto não identificado";1;0;0;0;0;0;0;0;0;0;1;0;0;0;0
"31/08/2012";"13:39:00";"3266";"sem vítima";"134";"BR-116/PR";"Sul";"Choque - Objeto sobre a pista";1;0;0;0;0;0;0;0;0;0;1;0;0;0;0
"31/08/2012";"15:56:00";"3291";"sem vítima";"120,5";"BR-116/PR";"Sul";"Colisão Traseira";0;0;2;0;0;0;0;0;0;0;3;0;0;0;0
"31/08/2012";"16:44:00";"3296";"sem vítima";"132,6";"BR-116/PR";"Sul";"Colisão Transversal";0;0;1;1;0;0;0;0;0;0;2;0;0;0;0
"31/08/2012";"18:17:00";"3305";"sem vítima";"122,4";"BR-116/PR";"Sul";;1;0;0;0;0;0;0;0;0;1;2;0;0;0;0
"31/08/2012";"18:41:00";"3308";"com vítima";"141";"BR-116/SC";"Sul";"Colisão Transversal";1;0;1;0;0;0;0;0;0;0;1;1;0;0;0
"31/08/2012";"18:47:00";"3310";"com vítima";"148,7";"BR-116/PR";"Sul";"Colisão Frontal";2;0;0;0;0;0;0;0;0;0;1;1;0;0;0
"31/08/2012";"21:57:00";"3329";"sem vítima";"210,1";"BR-116/SC";"Sul";"Choque - Talude";1;0;0;0;0;0;0;0;0;0;1;0;0;0;0
"31/08/2012";"22:58:00";"3334";"com vítima";"117,2";"BR-116/PR";"Sul";"Colisão Traseira";2;0;0;0;0;0;0;0;0;0;2;1;0;0;0
"31/08/2012";"23:16:00";"3338";"sem vítima";"128,2";"BR-116/SC";"Sul";"Saida de Pista";1;0;0;0;0;0;0;0;0;0;1;0;0;0;0
"01/09/2012";"00:02:00";"1";"com vítima";"171,5";"BR-116/PR";"Sul";"Colisão Lateral";1;0;1;0;0;0;0;0;0;0;2;0;0;1;0
"01/09/2012";"00:48:00";"3";"com vítima";"39,9";"BR-116/SC";"Norte";"Colisão Frontal";1;0;1;0;0;0;0;0;0;0;1;0;0;2;3
"01/09/2012";"03:14:00";"10";"com vítima";"127,5";"BR-116/PR";"Norte";"Colisão Transversal";0;0;0;1;0;1;0;0;0;0;1;0;0;1;0
"01/09/2012";"07:36:00";"19";"sem vítima";"115,3";"BR-116/PR";"Norte";"Colisão Lateral";1;0;1;0;0;0;0;0;0;0;2;0;0;0;0
"01/09/2012";"16:57:00";"81";"sem vítima";"38,7";"BR-116/SC";"Norte";"Queda de Moto";0;0;0;1;0;0;0;0;0;0;1;0;0;0;0
"01/09/2012";"17:37:00";"83";"sem vítima";"36";"BR-116/SC";"Sul";"Objeto lançado contra veículo";1;0;0;0;0;0;0;0;0;0;3;0;0;0;0
"01/09/2012";"18:27:00";"88";"sem vítima";"172,7";"BR-116/SC";"Sul";"Outros";0;0;1;0;0;0;0;0;0;0;1;0;0;0;0
"01/09/2012";"19:17:00";"98";"sem vítima";"26";"BR-116/SC";"Sul";"Capotamento";1;0;0;0;0;0;0;0;0;0;1;0;0;0;0
"01/09/2012";"19:41:00";"100";"com vítima";"26";"BR-116/SC";"Sul";"Atropelamento - Funcionário";1;0;0;0;0;0;0;0;0;0;0;2;0;0;0
"02/09/2012";"05:34:00";"128";"sem vítima";"125";"BR-116/PR";"Sul";"Choque - Defensa, barreira ou "submarino"";1;0;0;0;0;0;0;0;0;0;2;0;0;0;0
"02/09/2012";"05:38:00";"129";"sem vítima";"23,2";"BR-116/SC";"Norte";"Colisão Lateral";2;0;0;0;0;0;0;0;0;0;4;0;0;0;0
"02/09/2012";"08:20:00";"139";"sem vítima";"230,2";"BR-116/SC";"Sul";"Choque - Veiculo parado no acostamento";1;0;1;0;0;0;0;0;0;0;7;0;0;0;0
"02/09/2012";"09:07:00";"144";"sem vítima";"75";"BR-116/SC";"Norte";"Choque - Objeto sobre a pista";1;0;1;0;0;0;0;0;0;0;2;0;0;0;0
"02/09/2012";"10:30:00";"154";"sem vítima";"134";"BR-116/PR";"Norte";"Colisão Traseira";0;0;2;0;0;0;0;0;0;0;2;0;0;0;0
"02/09/2012";"12:06:00";"161";"com vítima";"166,9";"BR-116/PR";"Sul";"Colisão Frontal";2;0;0;0;0;0;0;0;0;0;3;0;2;1;0
"02/09/2012";"12:27:00";"163";"sem vítima";"88";"BR-116/SC";"Sul";"Choque - Objeto sobre a pista";0;0;0;0;0;1;0;0;0;1;2;0;0;0;0
"02/09/2012";"14:58:00";"176";"sem vítima";"12";"BR-116/SC";"Sul";"Colisão Traseira";2;0;0;0;0;0;0;0;0;0;6;0;0;0;0
"02/09/2012";"17:56:00";"199";"com vítima";"21,6";"BR-116/SC";"Sul";"Colisão Lateral";1;0;2;0;0;0;0;0;0;0;3;0;0;0;1
"02/09/2012";"18:09:00";"201";"sem vítima";"22";"BR-116/SC";"Norte";"Saida de Pista";0;0;0;0;0;0;0;0;0;1;1;0;0;0;0
"02/09/2012";"18:20:00";"202";"sem vítima";"229,006";"BR-116/SC";"Sul";"Colisão Traseira";2;0;0;0;0;0;0;0;0;0;6;0;0;0;0
"02/09/2012";"18:32:00";"205";"sem vítima";"22";"BR-116/SC";"Norte";"Colisão Traseira";1;0;0;0;0;0;0;0;0;1;10;0;0;0;0
"02/09/2012";"18:43:00";"206";"sem vítima";"25,1";"BR-116/SC";"Norte";"Colisão Traseira";2;0;0;0;0;0;0;0;0;0;6;0;0;0;0
"02/09/2012";"18:52:00";"208";"sem vítima";"144,5";"BR-116/PR";"Sul";"Colisão Lateral";2;0;0;0;0;0;0;0;0;0;4;0;0;0;0
"02/09/2012";"20:22:00";"221";"sem vítima";"24,6";"BR-116/SC";"Norte";"Choque - Veiculo parado na pista";3;0;0;0;0;0;0;0;0;0;5;0;0;0;0
"02/09/2012";"20:39:00";"223";"com vítima";"254,5";"BR-116/SC";"Norte";"Colisão Lateral";2;0;0;0;0;0;0;0;0;0;4;1;1;0;0
"03/09/2012";"06:00:00";"251";"com vítima";"141,13";"BR-116/PR";"Norte";"Atropelamento - Morador";2;0;0;0;0;0;0;0;0;0;2;0;0;0;1
"03/09/2012";"06:51:00";"256";"sem vítima";"124";"BR-116/PR";"Norte";"Colisão Lateral";1;0;1;0;0;0;0;0;0;0;2;0;0;0;0
"03/09/2012";"07:41:00";"265";"sem vítima";"126";"BR-116/PR";"Norte";"Colisão Traseira";2;0;0;0;0;0;0;0;0;0;2;0;0;0;0
"03/09/2012";"08:35:00";"270";"sem vítima";"214";"BR-116/SC";"Sul";"Choque - Defensa, barreira ou "submarino"";1;0;0;0;0;0;0;0;0;0;1;0;0;0;0
"03/09/2012";"15:21:00";"323";"sem vítima";"211";"BR-116/PR";"Sul";"Colisão Transversal";2;0;0;0;0;0;0;0;0;0;2;0;0;0;0
"03/09/2012";"16:01:00";"329";"sem vítima";"152,4";"BR-116/PR";"Sul";"Colisão Lateral";1;0;1;0;0;0;0;0;0;0;2;0;0;0;0
"04/09/2012";"08:24:00";"376";"sem vítima";"206";"BR-116/PR";"Norte";"Colisão Lateral";0;0;2;0;0;0;0;0;0;0;2;0;0;0;0
"04/09/2012";"13:16:00";"410";"sem vítima";"126,3";"BR-116/PR";"Sul";"Choque - Veiculo parado na pista";2;0;0;0;0;0;0;0;0;0;2;0;0;0;0
"04/09/2012";"13:56:00";"414";"sem vítima";"182,003";"BR-116/SC";"Sul";"Choque - Objeto sobre a pista";1;0;0;0;0;0;0;0;0;0;1;0;0;0;0
"04/09/2012";"14:34:00";"419";"sem vítima";"78";"BR-116/SC";"Sul";"Colisão Traseira";2;0;0;0;0;0;0;0;0;0;4;0;0;0;0
"04/09/2012";"15:28:00";"423";"com vítima";"115";"BR-116/PR";"Norte";"Colisão Lateral";1;0;1;0;0;0;0;0;0;0;3;1;0;0;0
"04/09/2012";"16:37:00";"431";"sem vítima";"204";"BR-116/PR";"Sul";"Objeto lançado contra veículo";0;0;1;0;0;0;0;0;0;0;1;0;0;0;0
"04/09/2012";"18:26:00";"443";"sem vítima";"120";"BR-116/SC";"Sul";"Objeto lançado contra veículo";1;0;0;0;0;0;0;0;0;0;3;0;0;0;0
"05/09/2012";"00:27:00";"469";"sem vítima";"228,7";"BR-116/SC";"Sul";"Saida de Pista";1;0;0;0;0;0;0;0;0;0;1;0;0;0;0
"05/09/2012";"03:05:00";"474";"sem vítima";"115,5";"BR-116/PR";"Norte";"Colisão Lateral";1;0;0;0;0;0;0;0;0;0;1;0;0;0;0
"05/09/2012";"14:07:00";"522";"com vítima";"172";"BR-116/SC";"Norte";"Colisão Frontal";0;0;4;0;0;0;0;0;0;0;3;0;1;0;0
"05/09/2012";"16:43:00";"552";"sem vítima";"157,5";"BR-116/PR";"Norte";"Colisão Transversal";1;0;1;0;0;0;0;0;0;0;2;0;0;0;0
"05/09/2012";"21:24:00";"578";"sem vítima";"129";"BR-116/PR";"Norte";"Objeto lançado contra veículo";1;0;0;0;0;0;0;0;0;0;1;0;0;0;0
"06/09/2012";"00:00:00";"586";"sem vítima";"188,3";"BR-116/PR";"Sul";"Saida de Pista";1;0;0;0;0;0;0;0;0;0;4;0;0;0;0
"06/09/2012";"00:54:00";"593";"com vítima";"3";"BR-116/SC";"Norte";"Saida de Pista";1;0;0;0;0;0;0;0;0;0;4;1;0;0;0
"06/09/2012";"07:26:00";"607";"sem vítima";"245";"BR-116/SC";"Norte";"Colisão Transversal";2;0;0;0;0;0;0;0;0;0;4;0;0;0;0
"06/09/2012";"11:51:00";"633";"com vítima";"217";"BR-116/SC";"Sul";"Colisão Traseira";1;0;0;1;0;0;0;0;0;0;1;1;0;0;0
"06/09/2012";"13:56:00";"647";"sem vítima";"74,4";"BR-116/SC";"Sul";"Engavetamento";1;0;0;0;0;0;0;0;0;2;7;0;0;0;0
"06/09/2012";"14:18:00";"650";"sem vítima";"125,8";"BR-116/PR";"Norte";"Colisão Traseira";2;0;0;0;0;0;0;0;0;0;2;0;0;0;0
"06/09/2012";"14:37:00";"653";"com vítima";"225";"BR-116/SC";"Sul";"Queda de Moto";0;0;0;1;0;0;0;0;0;0;1;1;0;0;0
"06/09/2012";"15:45:00";"662";"com vítima";"59,9";"BR-116/SC";"Sul";"Colisão Transversal";1;0;1;0;0;0;0;0;0;0;1;0;1;0;0
"06/09/2012";"16:06:00";"666";"sem vítima";"305,2";"BR-116/SC";"Norte";"Colisão Transversal";1;0;0;0;0;1;0;0;0;0;3;0;0;0;0
"06/09/2012";"16:06:00";"665";"sem vítima";"172";"BR-116/PR";"Sul";"Objeto lançado contra veículo";1;0;0;0;0;0;0;0;0;0;2;0;0;0;0
"06/09/2012";"17:25:00";"679";"com vítima";"156,8";"BR-116/PR";"Sul";"Colisão Transversal";1;0;0;1;0;0;0;0;0;0;1;1;0;0;0
"06/09/2012";"18:39:00";"687";"sem vítima";"5,5";"BR-116/SC";"Sul";"Colisão Transversal";2;0;0;0;0;0;0;0;0;0;4;0;0;0;0
"06/09/2012";"19:03:00";"691";"com vítima";"139,3";"BR-116/PR";"Sul";"Colisão Lateral";2;0;1;0;0;0;0;0;0;0;2;1;0;0;0
"06/09/2012";"19:33:00";"697";"com vítima";"139,3";"BR-116/PR";"Sul";"Colisão Traseira";2;0;0;0;0;0;0;0;0;0;2;1;0;0;0
"06/09/2012";"21:26:00";"707";"com vítima";"37,3";"BR-116/SC";"Sul";"Atropelamento - Outros";0;0;1;0;0;0;0;0;0;0;1;0;0;1;0
"07/09/2012";"03:31:00";"733";"sem vítima";"172,6";"BR-116/SC";"Sul";"Choque - Defensa, barreira ou "submarino"";1;0;0;0;0;0;0;0;0;0;1;0;0;0;0
"07/09/2012";"06:53:00";"741";"com vítima";"194,3";"BR-116/PR";"Norte";"Colisão Lateral";2;0;0;0;0;0;0;0;0;0;0;2;1;1;2
"07/09/2012";"08:47:00";"748";"sem vítima";"212,7";"BR-116/SC";"Sul";"Objeto lançado contra veículo";1;0;0;0;0;1;0;0;0;0;2;0;0;0;0
"07/09/2012";"08:56:00";"749";"sem vítima";"277,1";"BR-116/SC";"Norte";"Colisão Traseira";2;0;0;0;0;0;0;0;0;0;8;0;0;0;0
"07/09/2012";"10:17:00";"760";"sem vítima";"277,1";"BR-116/SC";"Sul";"Colisão Traseira";2;0;0;0;0;0;0;0;0;0;2;0;0;0;0
"07/09/2012";"11:21:00";"763";"sem vítima";"157";"BR-116/SC";"Sul";"Queda de Moto";0;0;0;1;0;0;0;0;0;0;1;0;0;0;0
"07/09/2012";"11:43:00";"767";"sem vítima";"273";"BR-116/SC";"Norte";"Objeto lançado contra veículo";1;0;0;0;0;0;0;0;0;0;2;0;0;0;0
"07/09/2012";"13:59:00";"775";"com vítima";"118,5";"BR-116/PR";"Sul";"Colisão Traseira";0;0;0;1;0;0;0;0;0;1;5;1;0;0;0
"07/09/2012";"18:38:00";"803";"com vítima";"129,4";"BR-116/PR";"Sul";"Colisão Transversal";1;0;0;1;0;0;0;0;0;0;1;0;0;2;0
"07/09/2012";"18:50:00";"804";"sem vítima";"130,5";"BR-116/PR";"Norte";"Choque - Veiculo parado na pista";2;0;0;0;0;1;0;0;0;0;5;0;0;0;0
"07/09/2012";"19:57:00";"812";"com vítima";"194,5";"BR-116/PR";"Norte";"Queda de Moto";0;0;0;1;0;0;0;0;0;0;0;0;1;0;0
"07/09/2012";"22:42:00";"822";"com vítima";"10,6";"BR-116/SC";"Sul";"Saida de Pista";1;0;0;0;0;0;0;0;0;0;0;1;0;0;0
"08/09/2012";"08:50:00";"850";"com vítima";"138,4";"BR-116/SC";"Norte";"Colisão Traseira";1;0;0;0;0;0;0;0;0;1;3;2;0;0;0
"08/09/2012";"16:52:00";"887";"sem vítima";"69";"BR-116/SC";"Sul";"Colisão Transversal";2;0;0;0;0;0;0;0;0;0;5;0;0;0;0
"08/09/2012";"18:06:00";"893";"com vítima";"185,55";"BR-116/PR";"Sul";"Colisão Frontal";1;0;0;0;0;0;0;0;0;1;0;1;0;0;1
"08/09/2012";"18:35:00";"898";"sem vítima";"133";"BR-116/PR";"Norte";"Colisão Transversal";2;0;0;0;0;0;0;0;0;0;2;0;0;0;0
"08/09/2012";"23:49:00";"922";"sem vítima";"136";"BR-116/PR";"Norte";"Saida de Pista";0;0;0;1;0;0;0;0;0;0;1;0;0;0;0
"09/09/2012";"06:03:00";"931";"sem vítima";"205";"BR-116/SC";"Sul";"Saida de Pista";0;0;1;0;0;0;0;0;0;0;1;0;0;0;0
"09/09/2012";"11:08:00";"949";"sem vítima";"130";"BR-116/PR";"Sul";"Colisão Traseira";1;0;0;1;0;0;0;0;0;0;2;0;0;0;0
"09/09/2012";"13:03:00";"964";"sem vítima";"245,4";"BR-116/SC";"Sul";"Colisão Transversal";1;0;1;0;0;0;0;0;0;0;2;0;0;0;0
"09/09/2012";"13:55:00";"971";"sem vítima";"203,9";"BR-116/SC";"Norte";"Colisão Traseira";3;0;0;0;0;0;0;0;0;0;11;0;0;0;0
"09/09/2012";"16:04:00";"982";"sem vítima";"145,9";"BR-116/PR";"Sul";"Colisão Transversal";2;0;1;0;0;0;0;0;0;0;5;0;0;0;0
"09/09/2012";"16:22:00";"986";"sem vítima";"140,2";"BR-116/PR";"Norte";"Colisão Lateral";1;0;0;1;0;0;0;0;0;0;6;0;0;0;0
"09/09/2012";"17:16:00";"994";"sem vítima";"67";"BR-116/SC";"Sul";"Objeto lançado contra veículo";1;0;0;0;0;0;0;0;0;0;1;0;0;0;0
"09/09/2012";"17:18:00";"995";"sem vítima";"171,7";"BR-116/SC";"Sul";"Colisão Traseira";1;0;0;0;0;1;0;0;0;0;2;0;0;0;0
"09/09/2012";"17:32:00";"1000";"sem vítima";"234,9";"BR-116/SC";"Sul";"Saida de Pista";1;0;0;0;0;0;0;0;0;0;1;0;0;0;0
"09/09/2012";"17:36:00";"1001";"sem vítima";"134";"BR-116/PR";"Sul";"Colisão Lateral";1;0;1;0;0;0;0;0;0;0;3;0;0;0;0
"09/09/2012";"19:50:00";"1024";"sem vítima";"135";"BR-116/PR";"Norte";"Engavetamento";2;0;0;0;0;0;0;0;0;1;9;0;0;0;0
"09/09/2012";"20:13:00";"1027";"sem vítima";"210";"BR-116/SC";"Sul";"Colisão Frontal";1;0;1;0;0;0;0;0;0;0;2;0;0;0;0
"10/09/2012";"00:42:00";"1043";"com vítima";"179,7";"BR-116/SC";"Norte";"Saida de Pista";1;0;0;0;0;0;0;0;0;0;1;1;0;0;0
"10/09/2012";"03:51:00";"1049";"com vítima";"117";"BR-116/PR";"Sul";"Colisão Lateral";0;0;0;1;0;0;0;0;0;0;0;1;0;0;0
"10/09/2012";"08:25:00";"1065";"sem vítima";"169";"BR-116/PR";"Sul";"Atropelamento de Animal";1;0;0;0;0;0;0;0;0;0;5;0;0;0;0
"10/09/2012";"10:08:00";"1076";"sem vítima";"107,8";"BR-116/SC";"Sul";"Colisão Frontal";1;0;1;0;0;0;0;0;0;0;2;0;0;0;0
"10/09/2012";"10:12:00";"1077";"sem vítima";"70";"BR-116/SC";"Norte";"Saida de Pista";0;0;1;0;0;0;0;0;0;0;1;0;0;0;0
"10/09/2012";"15:53:00";"1116";"sem vítima";"219";"BR-116/SC";"Sul";"Colisão Transversal";2;0;0;0;0;0;0;0;0;0;3;0;0;0;0
"10/09/2012";"16:19:00";"1118";"sem vítima";"113,6";"BR-116/SC";"Norte";"Saida de Pista";1;0;0;0;0;0;0;0;0;0;5;0;0;0;0
"10/09/2012";"20:49:00";"1141";"com vítima";"181,5";"BR-116/PR";"Sul";"Saida de Pista";0;0;1;0;0;0;0;0;0;0;0;0;0;0;1
"10/09/2012";"20:55:00";"1142";"sem vítima";"147,5";"BR-116/PR";"Norte";"Colisão Lateral";0;0;1;0;0;1;0;0;0;0;2;0;0;0;0
"11/09/2012";"06:58:00";"1159";"com vítima";"124,2";"BR-116/PR";"Norte";"Colisão Lateral";1;0;1;1;0;0;0;0;0;0;2;0;0;0;1
"11/09/2012";"07:40:00";"1161";"sem vítima";"121,1";"BR-116/PR";"Sul";"Colisão Transversal";1;0;0;1;0;0;0;0;0;0;3;0;0;0;0
"11/09/2012";"13:40:00";"1205";"sem vítima";"204";"BR-116/PR";"Norte";"Colisão Traseira";1;0;1;0;0;0;0;0;0;0;5;0;0;0;0
"11/09/2012";"19:41:00";"1247";"com vítima";"245";"BR-116/SC";"Norte";"Colisão Transversal";2;0;0;0;0;0;0;0;0;0;3;1;0;0;0
"11/09/2012";"20:01:00";"1250";"sem vítima";"42";"BR-116/SC";"Norte";"Choque - Objeto sobre a pista";1;0;0;0;0;0;0;0;0;0;1;0;0;0;0
"11/09/2012";"20:56:00";"1255";"com vítima";"50,1";"BR-116/SC";"Sul";"Saida de Pista";1;0;0;0;0;0;0;0;0;0;0;0;1;1;0
"11/09/2012";"21:10:00";"1256";"sem vítima";"202";"BR-116/PR";"Sul";"Objeto lançado contra veículo";1;0;0;0;0;0;0;0;0;0;1;0;0;0;0
"12/09/2012";"07:20:00";"1283";"sem vítima";"166";"BR-116/SC";"Norte";"Outros";0;0;1;0;0;0;0;0;0;0;1;0;0;0;0
"12/09/2012";"07:28:00";"1285";"com vítima";"138,2";"BR-116/PR";"Norte";"Colisão Lateral";1;0;0;1;0;0;0;0;0;0;3;1;0;0;0
"12/09/2012";"11:47:00";"1322";"com vítima";"210,6";"BR-116/PR";"Norte";"Colisão Transversal";2;0;0;0;0;0;0;0;0;0;1;1;0;0;0
"12/09/2012";"13:07:00";"1327";"sem vítima";"138";"BR-116/PR";"Norte";"Objeto lançado contra veículo";0;0;0;0;0;0;0;0;0;1;1;0;0;0;0
"12/09/2012";"19:03:00";"1364";"com vítima";"120,8";"BR-116/PR";"Norte";"Queda de Moto";0;0;0;1;0;0;0;0;0;0;0;1;0;0;0
"13/09/2012";"04:40:00";"1396";"com vítima";"168,2";"BR-116/PR";"Norte";"Tombamento";0;0;1;0;0;0;0;0;0;0;1;1;0;0;0
"13/09/2012";"06:33:00";"1398";"sem vítima";"5";"BR-116/SC";"Sul";"Engavetamento";1;0;3;0;0;0;0;0;0;0;4;0;0;0;0
"13/09/2012";"10:08:00";"1419";"sem vítima";"202,4";"BR-116/PR";"Sul";"Saida de Pista";1;0;0;0;0;0;0;0;0;0;1;0;0;0;0
"13/09/2012";"12:31:00";"1431";"sem vítima";"163";"BR-116/PR";"Sul";"Choque - Objeto sobre a pista";1;0;0;0;0;0;0;0;0;0;1;0;0;0;0
"13/09/2012";"14:59:00";"1454";"sem vítima";"17";"BR-116/SC";"Norte";"Colisão Lateral";1;0;1;0;0;0;0;0;0;0;2;0;0;0;0
"13/09/2012";"17:54:00";"1487";"com vítima";"129";"BR-116/PR";"Sul";"Atropelamento - Usuário";1;0;0;0;0;0;0;0;0;0;1;0;1;0;0
"14/09/2012";"05:58:00";"1522";"sem vítima";"211";"BR-116/PR";"Norte";"Atropelamento de Animal";1;0;0;0;0;0;0;0;0;0;4;0;0;0;0
"14/09/2012";"07:41:00";"1529";"sem vítima";"4,5";"BR-116/SC";"Sul";"Colisão Traseira";1;0;1;0;0;0;0;0;0;0;2;0;0;0;0
"14/09/2012";"10:27:00";"1547";"com vítima";"176";"BR-116/SC";"Norte";"Colisão Frontal";1;0;2;0;0;0;0;0;0;0;1;0;0;2;0
"14/09/2012";"13:15:00";"1565";"sem vítima";"128";"BR-116/PR";"Norte";"Colisão Traseira";1;0;1;0;0;0;0;0;0;0;2;0;0;0;0
"14/09/2012";"14:31:00";"1576";"sem vítima";"211";"BR-116/SC";"Sul";"Colisão Traseira";2;0;0;0;0;0;0;0;0;0;6;0;0;0;0
"14/09/2012";"16:39:00";"1596";"com vítima";"143,4";"BR-116/PR";"Norte";"Colisão Lateral";2;0;1;0;0;0;0;0;0;0;5;1;0;0;0
"14/09/2012";"17:55:00";"1605";"com vítima";"129,3";"BR-116/PR";"Norte";"Colisão Transversal";1;0;1;1;0;0;0;0;0;0;1;1;1;0;0
"14/09/2012";"18:42:00";"1610";"com vítima";"119,4";"BR-116/PR";"Norte";"Colisão Transversal";1;0;0;1;0;0;0;0;0;0;1;0;0;1;0
"15/09/2012";"05:44:00";"1636";"sem vítima";"277,3";"BR-116/SC";"Norte";"Colisão Lateral";1;0;0;0;0;1;0;0;0;0;2;0;0;0;0
"15/09/2012";"11:34:00";"1663";"sem vítima";"124,8";"BR-116/PR";"Norte";"Colisão Transversal";1;0;0;1;0;0;0;0;0;0;2;0;0;0;0
"15/09/2012";"17:18:00";"1697";"sem vítima";"121,9";"BR-116/PR";"Sul";"Colisão Transversal";2;0;0;0;0;0;0;0;0;0;4;0;0;0;0
"15/09/2012";"19:31:00";"1719";"sem vítima";"131,8";"BR-116/PR";"Norte";"Colisão Transversal";1;0;0;0;0;1;0;0;0;0;5;0;0;0;0
"15/09/2012";"21:07:00";"1727";"sem vítima";"173,3";"BR-116/PR";"Norte";"Atropelamento de Animal";1;0;0;0;0;0;0;0;0;0;1;0;0;0;0
"15/09/2012";"22:42:00";"1732";"sem vítima";"140,4";"BR-116/SC";"Sul";"Saida de Pista";1;0;0;0;0;0;0;0;0;0;1;0;0;0;0
"16/09/2012";"06:43:00";"1759";"sem vítima";"202,9";"BR-116/PR";"Sul";"Saida de Pista";1;0;0;0;0;0;0;0;0;0;1;0;0;0;0
"16/09/2012";"10:31:00";"1781";"com vítima";"156";"BR-116/SC";"Sul";"Saida de Pista";1;0;0;0;0;0;0;0;0;0;1;1;0;0;0
"16/09/2012";"11:40:00";"1785";"sem vítima";"119";"BR-116/PR";"Norte";"Colisão Traseira";1;0;1;0;0;0;0;0;0;0;3;0;0;0;0
"16/09/2012";"20:45:00";"1845";"sem vítima";"62";"BR-116/SC";"Sul";"Objeto lançado contra veículo";0;0;0;0;0;0;0;0;0;1;1;0;0;0;0
"17/09/2012";"00:38:00";"1857";"com vítima";"218";"BR-116/SC";"Sul";"Colisão Lateral";1;1;0;0;0;0;0;0;0;0;1;1;0;0;0
"17/09/2012";"05:57:00";"1864";"com vítima";"122";"BR-116/PR";"Norte";"Colisão Traseira";0;0;0;1;0;0;0;0;0;1;3;1;0;0;0
"17/09/2012";"06:21:00";"1866";"sem vítima";"180,7";"BR-116/PR";"Norte";"Saida de Pista";1;0;0;0;0;0;0;0;0;0;1;0;0;0;0
"17/09/2012";"06:50:00";"1867";"sem vítima";"125";"BR-116/PR";"Norte";"Colisão Lateral";0;0;1;0;0;0;0;0;0;1;4;0;0;0;0
"17/09/2012";"07:52:00";"1876";"sem vítima";"146";"BR-116/PR";"Norte";"Choque - Objeto sobre a pista";0;0;1;0;0;0;0;0;0;0;1;0;0;0;0
"17/09/2012";"09:20:00";"1885";"sem vítima";"146";"BR-116/PR";"Sul";"Choque - Objeto sobre a pista";1;0;0;0;0;0;0;0;0;0;1;0;0;0;0
"17/09/2012";"09:52:00";"1888";"sem vítima";"233";"BR-116/SC";"Sul";"Atropelamento de Animal";0;0;0;0;0;0;0;0;0;1;1;0;0;0;0