data;horario;n_da_ocorrencia;tipo_de_ocorrencia;km;trecho;sentido;tipo_de_acidente;automovel;bicicleta;caminhao;moto;onibus;outros;tracao_animal;transporte_de_cargas_especiais;trator_maquinas;utilitarios;ilesos;levemente_feridos;moderadamente_feridos;gravemente_feridos;mortos
"17/09/2012";"17:34:00";"1939";"sem vítima";"233";"BR-116/SC";"Norte";"Objeto lançado contra veículo";1;0;0;0;0;0;0;0;0;0;3;0;0;0;0
"17/09/2012";"18:20:00";"1946";"sem vítima";"210,8";"BR-116/PR";"Norte";"Colisão Transversal";2;0;0;0;0;0;0;0;0;0;2;0;0;0;0
"17/09/2012";"19:12:00";"1952";"com vítima";"210,9";"BR-116/PR";"Sul";"Colisão Lateral";1;0;0;1;0;0;0;0;0;0;1;1;1;0;0
"18/09/2012";"07:36:00";"1981";"com vítima";"142";"BR-116/PR";"Norte";"Queda de Moto";0;0;0;1;0;0;0;0;0;0;0;1;0;0;0
"18/09/2012";"10:03:00";"1994";"sem vítima";"175";"BR-116/PR";"Norte";"Choque - Objeto sobre a pista";1;0;0;0;0;0;0;0;0;0;1;0;0;0;0
"18/09/2012";"15:05:00";"2023";"com vítima";"147,95";"BR-116/PR";"Sul";"Queda de Moto";0;0;0;1;0;1;0;0;0;0;2;0;0;0;1
"19/09/2012";"10:03:00";"2105";"sem vítima";"198";"BR-116/SC";"Sul";"Saida de Pista";1;0;0;0;0;0;0;0;0;0;1;0;0;0;0
"19/09/2012";"10:39:00";"2111";"sem vítima";"159,2";"BR-116/PR";"Sul";"Saida de Pista";1;0;0;0;0;0;0;0;0;0;2;0;0;0;0
"19/09/2012";"11:49:00";"2118";"sem vítima";"194";"BR-116/PR";"Norte";"Saida de Pista";0;0;1;0;0;0;0;0;0;0;1;0;0;0;0
"19/09/2012";"12:19:00";"2122";"sem vítima";"120,1";"BR-116/PR";"Sul";"Tombamento";0;0;1;0;0;0;0;0;0;0;1;0;0;0;0
"19/09/2012";"12:37:00";"2125";"sem vítima";"119,9";"BR-116/PR";"Sul";"Colisão Lateral";1;0;1;0;0;0;0;0;0;0;2;0;0;0;0
"19/09/2012";"14:03:00";"2131";"sem vítima";"167";"BR-116/PR";"Sul";"Colisão Lateral";1;0;0;0;0;0;0;0;0;1;2;0;0;0;0
"19/09/2012";"15:25:00";"2142";"sem vítima";"141,5";"BR-116/SC";"Sul";"Colisão Traseira";2;0;0;0;0;0;0;0;0;0;7;0;0;0;0
"19/09/2012";"16:23:00";"2151";"com vítima";"140,8";"BR-116/PR";"Norte";"Colisão Transversal";1;0;0;0;0;0;0;0;0;1;5;1;0;0;0
"20/09/2012";"08:25:00";"2228";"sem vítima";"226,5";"BR-116/SC";"Norte";"Choque - Veiculo parado no acostamento";1;0;0;0;0;0;0;0;0;1;2;0;0;0;0
"20/09/2012";"13:19:00";"2263";"sem vítima";"278,2";"BR-116/SC";"Sul";"Choque - Objeto sobre a pista";1;0;0;0;0;0;0;0;0;0;1;0;0;0;0
"20/09/2012";"14:01:00";"2265";"com vítima";"184,008";"BR-116/SC";"Norte";"Colisão Transversal";0;0;1;1;0;0;0;0;0;0;1;0;1;0;0
"20/09/2012";"21:11:00";"2305";"sem vítima";"224,6";"BR-116/SC";"Norte";"Saida de Pista";0;0;1;0;0;0;0;0;0;0;1;0;0;0;0
"20/09/2012";"21:50:00";"2306";"sem vítima";"14,3";"BR-116/SC";"Norte";"Objeto lançado contra veículo";0;0;2;0;0;0;0;0;0;0;2;0;0;0;0
"21/09/2012";"01:33:00";"2315";"sem vítima";"211";"BR-116/PR";"Norte";"Colisão Traseira";1;0;1;0;0;0;0;0;0;0;2;0;0;0;0
"21/09/2012";"08:34:00";"2341";"sem vítima";"74";"BR-116/SC";"Sul";"Capotamento";0;0;1;0;0;0;0;0;0;0;1;0;0;0;0
"21/09/2012";"12:42:00";"2370";"com vítima";"150,1";"BR-116/PR";"Sul";"Colisão Lateral";1;0;0;1;0;0;0;0;0;0;1;0;0;1;0
"21/09/2012";"13:49:00";"2373";"sem vítima";"187";"BR-116/SC";"Norte";"Saida de Pista";1;0;0;0;0;0;0;0;0;0;1;0;0;0;0
"21/09/2012";"15:12:00";"2382";"sem vítima";"187";"BR-116/SC";"Norte";"Objeto lançado contra veículo";0;0;1;0;0;0;0;0;0;0;2;0;0;0;0
"21/09/2012";"16:43:00";"2394";"com vítima";"122";"BR-116/PR";"Sul";"Colisão Transversal";0;0;1;1;0;0;0;0;0;0;1;0;0;1;0
"21/09/2012";"17:13:00";"2399";"com vítima";"130,95";"BR-116/SC";"Norte";"Colisão Transversal";0;0;2;0;0;0;0;0;0;0;1;0;1;0;0
"21/09/2012";"18:24:00";"2408";"sem vítima";"122";"BR-116/PR";"Sul";"Colisão Lateral";0;0;1;0;1;0;0;0;0;0;18;0;0;0;0
"21/09/2012";"19:30:00";"2412";"sem vítima";"121";"BR-116/PR";"Norte";"Colisão Transversal";1;0;0;1;0;0;0;0;0;0;2;0;0;0;0
"22/09/2012";"00:12:00";"2441";"sem vítima";"220,6";"BR-116/SC";"Norte";"Choque - Defensa, barreira ou "submarino"";1;0;0;0;0;0;0;0;0;0;1;0;0;0;0
"22/09/2012";"04:14:00";"2453";"sem vítima";"117,3";"BR-116/PR";"Sul";"Colisão Traseira";1;0;0;0;0;1;0;0;0;0;3;0;0;0;0
"22/09/2012";"07:39:00";"2459";"com vítima";"234,8";"BR-116/SC";"Norte";"Saida de Pista";1;0;0;0;0;0;0;0;0;0;4;1;0;0;0
"22/09/2012";"07:47:00";"2460";"sem vítima";"102,3";"BR-116/SC";"Sul";"Colisão Lateral";1;0;1;0;0;0;0;0;0;0;5;0;0;0;0
"22/09/2012";"08:48:00";"2468";"sem vítima";"120";"BR-116/PR";"Sul";"Colisão Traseira";0;0;2;0;0;0;0;0;0;0;2;0;0;0;0
"22/09/2012";"19:45:00";"2519";"com vítima";"152,4";"BR-116/PR";"Sul";"Colisão Transversal";1;0;0;1;0;0;0;0;0;0;1;0;0;2;0
"23/09/2012";"06:33:00";"2546";"sem vítima";"1";"BR-116/SC";"Norte";"Saida de Pista";1;0;0;0;0;0;0;0;0;0;1;0;0;0;0
"23/09/2012";"07:32:00";"2552";"sem vítima";"133";"BR-116/SC";"Sul";"Saida de Pista";1;0;0;0;0;0;0;0;0;0;1;0;0;0;0
"23/09/2012";"15:22:00";"2576";"sem vítima";"145,9";"BR-116/PR";"Norte";"Saida de Pista";1;0;0;0;0;0;0;0;0;0;1;0;0;0;0
"23/09/2012";"17:46:00";"2591";"com vítima";"197,005";"BR-116/SC";"Norte";"Queda de Moto";0;0;0;1;0;0;0;0;0;0;1;0;1;0;0
"23/09/2012";"18:16:00";"2597";"sem vítima";"197,008";"BR-116/SC";"Norte";"Colisão Traseira";0;0;0;0;2;0;0;0;0;0;38;0;0;0;0
"23/09/2012";"19:44:00";"2610";"sem vítima";"218,005";"BR-116/SC";"Sul";"Atropelamento de Animal";0;0;1;0;0;0;0;0;0;0;3;0;0;0;0
"23/09/2012";"21:30:00";"2620";"com vítima";"131,1";"BR-116/PR";"Sul";"Colisão Transversal";1;0;0;0;0;0;0;0;0;1;3;1;0;0;0
"24/09/2012";"01:57:00";"2632";"sem vítima";"259,3";"BR-116/SC";"Sul";"Saida de Pista";1;0;0;0;0;0;0;0;0;0;1;0;0;0;0
"24/09/2012";"06:55:00";"2649";"sem vítima";"125,5";"BR-116/PR";"Norte";"Colisão Lateral";0;0;1;0;0;0;0;0;0;1;4;0;0;0;0
"24/09/2012";"07:00:00";"2638";"sem vítima";"122";"BR-116/PR";"Sul";"Colisão Traseira";1;0;1;0;0;0;0;0;0;0;2;0;0;0;0
"24/09/2012";"07:22:00";"2640";"sem vítima";"116";"BR-116/PR";"Norte";"Colisão Traseira";0;0;0;1;0;1;0;0;0;0;3;0;0;0;0
"24/09/2012";"15:43:00";"2684";"sem vítima";"84";"BR-116/SC";"Norte";"Choque - Objeto sobre a pista";1;0;0;0;0;0;0;0;0;0;3;0;0;0;0
"24/09/2012";"17:20:00";"2697";"com vítima";"115,5";"BR-116/PR";"Sul";"Atropelamento - Outros";0;0;0;0;0;1;0;0;0;0;1;0;1;0;0
"24/09/2012";"17:25:00";"2698";"sem vítima";"204";"BR-116/PR";"Norte";"Objeto lançado contra veículo";0;0;1;0;0;0;0;0;0;0;2;0;0;0;0
"24/09/2012";"18:38:00";"2708";"sem vítima";"5,5";"BR-116/SC";"Sul";"Objeto lançado contra veículo";1;0;0;0;0;1;0;0;0;0;5;0;0;0;0
"25/09/2012";"00:11:00";"2739";"sem vítima";"152";"BR-116/SC";"Norte";"Colisão Lateral";0;0;2;0;0;0;0;0;0;0;4;0;0;0;0
"25/09/2012";"02:06:00";"2743";"sem vítima";"168,3";"BR-116/SC";"Sul";"Saida de Pista";1;0;0;0;0;0;0;0;0;0;1;0;0;0;0
"25/09/2012";"05:35:00";"2747";"sem vítima";"42";"BR-116/SC";"Sul";"Saida de Pista";0;0;1;0;0;1;0;0;0;0;4;0;0;0;0
"25/09/2012";"07:14:00";"2754";"com vítima";"120,3";"BR-116/PR";"Norte";"Colisão Frontal";2;0;0;0;0;0;0;0;0;0;3;1;0;0;0
"25/09/2012";"08:26:00";"2760";"sem vítima";"134,1";"BR-116/PR";"Norte";"Queda de Moto";0;0;0;1;0;1;0;0;0;0;2;0;0;0;0
"25/09/2012";"20:25:00";"2826";"sem vítima";"204";"BR-116/PR";"Norte";"Objeto lançado contra veículo";1;0;0;0;0;0;0;0;0;0;1;0;0;0;0
"26/09/2012";"08:37:00";"2859";"sem vítima";"23,4";"BR-116/SC";"Sul";"Colisão Transversal";1;0;1;0;0;0;0;0;0;0;2;0;0;0;0
"26/09/2012";"11:32:00";"2870";"com vítima";"114";"BR-116/SC";"Sul";"Colisão Traseira";1;0;1;0;0;0;0;0;0;0;4;1;0;0;0
"26/09/2012";"17:35:00";"2901";"sem vítima";"105";"BR-116/SC";"Sul";"Objeto lançado contra veículo";0;0;1;0;0;0;0;0;0;0;1;0;0;0;0
"26/09/2012";"19:12:00";"2908";"sem vítima";"226,4";"BR-116/SC";"Sul";"Colisão Lateral";2;0;0;0;0;0;0;0;0;0;4;0;0;0;0
"26/09/2012";"19:14:00";"2909";"sem vítima";"210";"BR-116/PR";"Norte";"Objeto lançado contra veículo";0;0;1;0;0;0;0;0;0;0;1;0;0;0;0
"26/09/2012";"19:15:00";"2910";"sem vítima";"210";"BR-116/PR";"Sul";"Objeto lançado contra veículo";1;0;0;0;0;0;0;0;0;0;1;0;0;0;0
"27/09/2012";"01:50:00";"2928";"sem vítima";"162";"BR-116/PR";"Norte";"Saida de Pista";1;0;0;0;0;0;0;0;0;0;1;0;0;0;0
"27/09/2012";"04:32:00";"2935";"sem vítima";"113";"BR-116/SC";"Norte";"Atropelamento de Animal";1;0;0;0;0;0;0;0;0;0;2;0;0;0;0
"27/09/2012";"07:07:00";"2944";"com vítima";"128,1";"BR-116/PR";"Norte";"Colisão Transversal";1;0;0;1;0;0;0;0;0;0;1;0;1;1;0
"27/09/2012";"09:50:00";"2967";"sem vítima";"165";"BR-116/PR";"Sul";"Colisão Traseira";1;0;1;0;0;0;0;0;0;0;2;0;0;0;0
"27/09/2012";"12:06:00";"2977";"com vítima";"152,4";"BR-116/PR";"Norte";"Colisão Transversal";1;0;1;0;0;0;0;0;0;0;3;1;0;0;0
"27/09/2012";"13:41:00";"2983";"sem vítima";"220,7";"BR-116/SC";"Sul";"Objeto lançado contra veículo";0;0;1;0;0;0;0;0;0;0;4;0;0;0;0
"27/09/2012";"15:43:00";"2996";"sem vítima";"145";"BR-116/SC";"Sul";"Tombamento";0;0;1;0;0;0;0;0;0;0;1;0;0;0;0
"27/09/2012";"15:52:00";"2997";"sem vítima";"189";"BR-116/SC";"Norte";"Colisão Traseira";2;0;0;0;0;0;0;0;0;0;3;0;0;0;0
"27/09/2012";"16:22:00";"2999";"sem vítima";"93,6";"BR-116/SC";"Norte";"Tombamento";1;0;0;0;0;0;0;0;0;0;1;0;0;0;0
"27/09/2012";"22:23:00";"3039";"com vítima";"129,3";"BR-116/PR";"Norte";"Colisão Transversal";1;0;1;0;0;0;0;0;0;0;1;0;1;0;0
"28/09/2012";"09:08:00";"3082";"sem vítima";"247,8";"BR-116/SC";"Sul";"Colisão Transversal";1;0;1;0;0;0;0;0;0;0;3;0;0;0;0
"28/09/2012";"09:11:00";"3083";"sem vítima";"163";"BR-116/SC";"Norte";"Objeto lançado contra veículo";0;0;1;0;0;0;0;0;0;0;1;0;0;0;0
"28/09/2012";"11:41:00";"3101";"sem vítima";"126,6";"BR-116/PR";"Sul";"Colisão Traseira";3;0;0;0;0;0;0;0;0;0;9;0;0;0;0
"28/09/2012";"13:50:00";"3111";"sem vítima";"217,5";"BR-116/SC";"Sul";"Colisão Transversal";1;0;0;0;0;0;0;0;0;1;4;0;0;0;0
"28/09/2012";"17:32:00";"3139";"sem vítima";"122,5";"BR-116/PR";"Sul";"Colisão Lateral";1;0;1;0;0;0;0;0;0;0;2;0;0;0;0
"28/09/2012";"18:56:00";"3150";"com vítima";"139,5";"BR-116/SC";"Norte";"Colisão Transversal";1;0;0;1;0;0;0;0;0;0;1;1;0;0;0
"28/09/2012";"22:24:00";"3165";"sem vítima";"243,8";"BR-116/SC";"Norte";"Saida de Pista";0;0;1;0;0;0;0;0;0;0;1;0;0;0;0
"28/09/2012";"23:57:00";"3169";"sem vítima";"126,2";"BR-116/PR";"Norte";"Colisão Transversal";0;0;2;0;0;0;0;0;0;0;2;0;0;0;0
"29/09/2012";"00:55:00";"3172";"sem vítima";"117,7";"BR-116/PR";"Sul";"Saida de Pista";1;0;0;0;0;0;0;0;0;0;3;0;0;0;0
"29/09/2012";"03:50:00";"3176";"sem vítima";"144";"BR-116/SC";"Sul";"Saida de Pista";1;0;0;0;0;0;0;0;0;0;1;0;0;0;0
"29/09/2012";"05:43:00";"3180";"sem vítima";"126";"BR-116/PR";"Norte";"Colisão Transversal";1;0;0;0;0;1;0;0;0;0;3;0;0;0;0
"29/09/2012";"08:54:00";"3195";"sem vítima";"127";"BR-116/PR";"Norte";"Choque - Veiculo parado no acostamento";0;1;0;0;0;1;0;0;0;0;2;0;0;0;0
"29/09/2012";"13:35:00";"3216";"sem vítima";"35";"BR-116/SC";"Sul";"Queda de Moto";0;0;0;1;0;0;0;0;0;0;1;0;0;0;0
"29/09/2012";"14:46:00";"3222";"sem vítima";"146,5";"BR-116/PR";"Norte";"Colisão Traseira";1;0;1;0;0;0;0;0;0;0;7;0;0;0;0
"29/09/2012";"21:09:00";"3260";"sem vítima";"245,6";"BR-116/SC";"Norte";"Colisão Frontal";2;0;0;0;0;0;0;0;0;0;8;0;0;0;0
"30/09/2012";"04:02:00";"3287";"sem vítima";"207,1";"BR-116/SC";"Norte";"Saida de Pista";0;0;0;0;0;0;0;0;0;1;1;0;0;0;0
"30/09/2012";"08:38:00";"3294";"sem vítima";"247";"BR-116/SC";"Norte";"Colisão Frontal";1;0;1;0;0;0;0;0;0;0;2;0;0;0;0
"30/09/2012";"15:24:00";"3329";"sem vítima";"133,35";"BR-116/PR";"Norte";"Saida de Pista";1;0;0;0;0;0;0;0;0;0;1;0;0;0;0
"30/09/2012";"17:09:00";"3338";"sem vítima";"128,5";"BR-116/PR";"Norte";"Choque - Defensa, barreira ou "submarino"";1;0;0;0;0;0;0;0;0;0;1;0;0;0;0
"30/09/2012";"17:36:00";"3341";"sem vítima";"302,2";"BR-116/SC";"Norte";"Colisão Lateral";2;0;1;0;0;0;0;0;0;0;4;0;0;0;0
"30/09/2012";"22:09:00";"3365";"sem vítima";"30,2";"BR-116/SC";"Norte";"Colisão Traseira";2;0;0;0;0;0;0;0;0;0;8;0;0;0;0
"01/10/2012";"11:37:00";"41";"sem vítima";"279";"BR-116/SC";"Sul";"Colisão Lateral";1;0;1;0;0;0;0;0;0;0;3;0;0;0;0
"01/10/2012";"15:19:00";"58";"sem vítima";"140,5";"BR-116/PR";"Sul";"Colisão Transversal";2;0;1;0;0;0;0;0;0;0;4;0;0;0;0
"01/10/2012";"19:15:00";"77";"com vítima";"152,6";"BR-116/PR";"Sul";"Colisão Transversal";1;0;0;1;0;0;0;0;0;0;3;0;1;0;0
"02/10/2012";"01:57:00";"102";"sem vítima";"201";"BR-116/PR";"Norte";"Colisão Lateral";0;0;2;0;0;0;0;0;0;0;2;0;0;0;0
"02/10/2012";"10:30:00";"130";"sem vítima";"115,6";"BR-116/PR";"Sul";"Colisão Traseira";0;0;2;0;0;0;0;0;0;0;3;0;0;0;0
"02/10/2012";"11:14:00";"136";"sem vítima";"180";"BR-116/SC";"Sul";"Não Def";0;0;1;0;0;0;0;0;0;0;1;0;0;0;0
"02/10/2012";"11:15:00";"137";"sem vítima";"184,3";"BR-116/SC";"Norte";"Colisão Traseira";0;0;3;0;0;0;0;0;0;0;3;0;0;0;0
"02/10/2012";"13:27:00";"149";"com vítima";"144,006";"BR-116/SC";"Sul";"Saida de Pista";1;0;0;0;0;0;0;0;0;0;4;1;0;0;0
"02/10/2012";"14:35:00";"153";"sem vítima";"135";"BR-116/PR";"Sul";"Objeto lançado contra veículo";1;0;0;0;0;0;0;0;0;0;5;0;0;0;0
"02/10/2012";"18:34:00";"178";"sem vítima";"126";"BR-116/PR";"Sul";"Colisão Traseira";2;0;0;0;0;0;0;0;0;0;2;0;0;0;0
"02/10/2012";"18:53:00";"180";"sem vítima";"260,5";"BR-116/SC";"Sul";"Saida de Pista";1;0;0;0;0;0;0;0;0;0;1;0;0;0;0
"03/10/2012";"09:27:00";"225";"sem vítima";"276";"BR-116/SC";"Norte";"Atropelamento de Animal";1;0;0;0;0;0;0;0;0;0;2;0;0;0;0
"04/10/2012";"07:35:00";"298";"sem vítima";"124,6";"BR-116/PR";"Norte";"Colisão Lateral";1;0;1;0;0;0;0;0;0;0;2;0;0;0;0
"04/10/2012";"21:30:00";"387";"com vítima";"219,3";"BR-116/SC";"Norte";"Colisão Frontal";1;0;0;1;0;0;0;0;0;0;1;0;2;0;0
"04/10/2012";"22:05:00";"391";"sem vítima";"7";"BR-116/SC";"Sul";"Objeto lançado contra veículo";0;0;1;0;0;0;0;0;0;0;1;0;0;0;0
"04/10/2012";"22:33:00";"394";"com vítima";"217,4";"BR-116/SC";"Norte";"Colisão Lateral";0;1;0;1;0;0;0;0;0;0;1;2;0;0;0
"05/10/2012";"02:40:00";"414";"sem vítima";"23";"BR-116/SC";"Norte";"Saida de Pista";0;0;1;0;0;0;0;0;0;0;1;0;0;0;0
"05/10/2012";"08:45:00";"445";"sem vítima";"144,8";"BR-116/PR";"Norte";"Saida de Pista";1;0;0;0;0;0;0;0;0;0;2;0;0;0;0
"05/10/2012";"14:33:00";"499";"sem vítima";"195,9";"BR-116/PR";"Sul";"Objeto lançado contra veículo";0;0;0;0;0;0;0;0;0;1;1;0;0;0;0
"05/10/2012";"15:48:00";"516";"sem vítima";"132,4";"BR-116/SC";"Sul";"Atropelamento de Animal";1;0;0;0;0;0;0;0;0;0;1;0;0;0;0
"05/10/2012";"19:21:00";"546";"sem vítima";"246,3";"BR-116/SC";"Sul";"Colisão Traseira";2;0;0;0;0;0;0;0;0;0;3;0;0;0;0
"05/10/2012";"19:53:00";"550";"com vítima";"141,3";"BR-116/PR";"Sul";"Atropelamento - Morador";0;0;0;0;0;1;0;0;0;0;1;0;0;0;1
"05/10/2012";"20:31:00";"552";"sem vítima";"144";"BR-116/PR";"Sul";"Saida de Pista";1;0;0;0;0;0;0;0;0;0;1;0;0;0;0
"05/10/2012";"20:39:00";"553";"sem vítima";"198,5";"BR-116/PR";"Sul";"Objeto lançado contra veículo";1;0;0;0;0;0;0;0;0;0;1;0;0;0;0
"06/10/2012";"02:38:00";"572";"com vítima";"124,5";"BR-116/PR";"Sul";"Colisão Transversal";1;0;0;1;0;0;0;0;0;0;2;0;1;0;0
"06/10/2012";"10:00:00";"598";"com vítima";"118,2";"BR-116/PR";"Sul";"Colisão Frontal";1;0;1;0;0;0;0;0;0;0;1;1;0;0;0
"06/10/2012";"15:29:00";"640";"sem vítima";"167";"BR-116/PR";"Norte";"Colisão Transversal";2;0;0;0;0;0;0;0;0;0;8;0;0;0;0
"06/10/2012";"16:04:00";"645";"sem vítima";"65";"BR-116/SC";"Sul";"Choque - Objeto sobre a pista";1;0;0;0;0;0;0;0;0;0;1;0;0;0;0
"06/10/2012";"17:41:00";"652";"com vítima";"229,5";"BR-116/SC";"Sul";"Capotamento";1;0;0;0;0;1;0;0;0;0;1;1;0;0;0
"06/10/2012";"18:37:00";"656";"sem vítima";"118,4";"BR-116/PR";"Sul";"Colisão Transversal";2;0;0;0;0;0;0;0;0;0;5;0;0;0;0
"06/10/2012";"22:21:00";"676";"com vítima";"246,1";"BR-116/SC";"Sul";"Colisão Transversal";1;0;0;1;0;0;0;0;0;0;1;0;2;0;0
"06/10/2012";"22:23:00";"677";"sem vítima";"129,4";"BR-116/PR";"Norte";"Colisão Transversal";2;0;0;0;0;0;0;0;0;0;7;0;0;0;0
"06/10/2012";"23:50:00";"682";"sem vítima";"140,5";"BR-116/PR";"Norte";"Saida de Pista";1;0;0;0;0;0;0;0;0;0;2;0;0;0;0
"07/10/2012";"04:30:00";"690";"sem vítima";"141,7";"BR-116/PR";"Sul";"Saida de Pista";1;0;0;0;0;0;0;0;0;0;1;0;0;0;0
"07/10/2012";"10:22:00";"710";"sem vítima";"180";"BR-116/SC";"Norte";"Colisão Lateral";1;0;1;0;0;0;0;0;0;0;4;0;0;0;0
"07/10/2012";"11:31:00";"718";"sem vítima";"255,2";"BR-116/SC";"Sul";"Colisão Traseira";2;0;0;0;0;0;0;0;0;0;5;0;0;0;0
"07/10/2012";"18:31:00";"755";"com vítima";"182,2";"BR-116/SC";"Norte";"Colisão Transversal";2;0;0;0;0;0;0;0;0;0;1;2;0;0;0
"07/10/2012";"19:32:00";"759";"com vítima";"74,2";"BR-116/SC";"Norte";"Saida de Pista";0;0;1;0;0;0;0;0;0;0;0;0;1;0;0
"07/10/2012";"22:19:00";"772";"com vítima";"74,3";"BR-116/SC";"Sul";"Atropelamento - Usuário";0;0;0;0;0;1;0;0;0;0;1;1;0;0;0
"07/10/2012";"22:50:00";"773";"com vítima";"119,4";"BR-116/PR";"Norte";"Colisão Transversal";3;0;1;0;0;0;0;0;0;0;3;0;1;1;0
"07/10/2012";"23:31:00";"774";"com vítima";"166,5";"BR-116/PR";"Sul";"Saida de Pista";1;0;0;0;0;0;0;0;0;0;0;0;1;0;0
"08/10/2012";"09:19:00";"799";"com vítima";"211,5";"BR-116/PR";"Norte";"Colisão Transversal";1;0;0;1;0;0;0;0;0;0;1;1;0;0;0
"08/10/2012";"09:31:00";"800";"sem vítima";"225,55";"BR-116/SC";"Norte";"Objeto lançado contra veículo";1;0;0;0;0;0;0;0;0;0;1;0;0;0;0
"08/10/2012";"13:15:00";"815";"com vítima";"123";"BR-116/PR";"Sul";"Colisão Traseira";0;0;1;1;0;0;0;0;0;0;1;1;0;0;0
"08/10/2012";"14:10:00";"820";"sem vítima";"141,6";"BR-116/PR";"Norte";"Saida de Pista";1;0;0;0;0;0;0;0;0;0;1;0;0;0;0
"08/10/2012";"15:17:00";"834";"com vítima";"147,6";"BR-116/PR";"Norte";"Saida de Pista";0;0;0;1;0;0;0;0;0;0;0;1;0;0;0
"09/10/2012";"09:21:00";"904";"sem vítima";"51";"BR-116/SC";"Sul";"Choque - Objeto sobre a pista";0;0;0;0;0;0;0;0;0;1;1;0;0;0;0
"09/10/2012";"13:16:00";"918";"sem vítima";"126";"BR-116/PR";"Sul";"Colisão Traseira";2;0;0;0;0;0;0;0;0;0;2;0;0;0;0
"09/10/2012";"19:40:00";"966";"sem vítima";"195";"BR-116/SC";"Norte";"Choque - Objeto sobre a pista";0;0;0;0;0;0;0;0;0;1;5;0;0;0;0
"09/10/2012";"23:05:00";"985";"sem vítima";"125,8";"BR-116/PR";"Norte";"Colisão Traseira";1;0;0;0;0;1;0;0;0;0;2;0;0;0;0
"10/10/2012";"07:35:00";"1015";"com vítima";"118";"BR-116/PR";"Norte";"Colisão Transversal";1;0;0;1;0;0;0;0;0;0;2;0;1;0;0
"10/10/2012";"07:57:00";"1017";"com vítima";"119,3";"BR-116/PR";"Norte";"Colisão Lateral";0;0;1;1;0;0;0;0;0;0;1;2;0;0;0
"10/10/2012";"16:32:00";"1066";"sem vítima";"121,5";"BR-116/PR";"Sul";"Objeto lançado contra veículo";1;0;0;0;0;0;0;0;0;0;1;0;0;0;0
"10/10/2012";"17:23:00";"1069";"sem vítima";"4,7";"BR-116/SC";"Sul";"Queda de Moto";0;0;0;1;0;0;0;0;0;0;1;0;0;0;0
"10/10/2012";"19:52:00";"1093";"com vítima";"122";"BR-116/PR";"Sul";"Colisão Transversal";1;0;0;1;0;0;0;0;0;0;1;1;0;0;0
"10/10/2012";"20:09:00";"1096";"com vítima";"115,6";"BR-116/PR";"Sul";"Colisão Lateral";1;0;0;1;0;0;0;0;0;0;1;0;1;0;0
"10/10/2012";"23:08:00";"1113";"sem vítima";"39,8";"BR-116/SC";"Norte";"Choque - Objeto sobre a pista";1;0;0;0;0;0;0;0;0;0;1;0;0;0;0
"11/10/2012";"02:40:00";"1123";"com vítima";"109,5";"BR-116/SC";"Sul";"Colisão Traseira";0;0;1;0;0;0;0;0;0;1;1;1;0;0;0
"11/10/2012";"03:28:00";"1126";"sem vítima";"157";"BR-116/PR";"Norte";"Saida de Pista";0;0;1;0;0;0;0;0;0;0;1;0;0;0;0
"11/10/2012";"03:51:00";"1127";"com vítima";"194,8";"BR-116/PR";"Sul";"Saida de Pista";1;0;0;0;0;0;0;0;0;0;0;1;0;0;0
"11/10/2012";"06:37:00";"1134";"sem vítima";"64,3";"BR-116/SC";"Sul";"Colisão Lateral";0;0;0;0;1;1;0;0;0;0;2;0;0;0;0
"11/10/2012";"08:49:00";"1142";"sem vítima";"164";"BR-116/PR";"Norte";"Saida de Pista";1;0;0;0;0;0;0;0;0;0;1;0;0;0;0
"11/10/2012";"09:29:00";"1146";"com vítima";"4,5";"BR-116/SC";"Norte";"Colisão Traseira";1;0;1;0;0;0;0;0;0;0;1;2;0;0;0
"11/10/2012";"09:50:00";"1149";"sem vítima";"40,1";"BR-116/SC";"Sul";"Queda de Moto";0;0;0;1;0;0;0;0;0;0;2;0;0;0;0
"11/10/2012";"11:28:00";"1162";"sem vítima";"106,7";"BR-116/SC";"Norte";"Saida de Pista";1;0;0;0;0;0;0;0;0;0;3;0;0;0;0
"11/10/2012";"11:28:00";"1161";"sem vítima";"202";"BR-116/PR";"Norte";"Choque - Objeto sobre a pista";1;0;0;0;0;0;0;0;0;0;1;0;0;0;0
"11/10/2012";"11:59:00";"1166";"sem vítima";"64";"BR-116/SC";"Norte";"Colisão Traseira";1;0;1;0;1;0;0;0;0;0;14;0;0;0;0
"11/10/2012";"12:07:00";"1168";"com vítima";"156,7";"BR-116/PR";"Sul";"Colisão Transversal";1;0;0;1;0;0;0;0;0;0;1;0;1;0;0
"11/10/2012";"13:58:00";"1172";"com vítima";"117,3";"BR-116/PR";"Sul";"Choque - Veiculo parado na pista";0;0;2;0;0;0;0;0;0;0;2;1;0;0;0
"11/10/2012";"14:42:00";"1178";"sem vítima";"245";"BR-116/SC";"Sul";"Colisão Transversal";2;0;0;0;0;0;0;0;0;0;6;0;0;0;0
"11/10/2012";"15:50:00";"1183";"sem vítima";"178";"BR-116/PR";"Sul";"Choque - Objeto sobre a pista";1;0;0;0;0;0;0;0;0;0;1;0;0;0;0
"11/10/2012";"16:06:00";"1188";"com vítima";"209,8";"BR-116/SC";"Sul";"Colisão Frontal";1;0;0;0;0;0;0;0;0;1;1;1;0;1;0