data;horario;n_da_ocorrencia;tipo_de_ocorrencia;km;trecho;sentido;tipo_de_acidente;automovel;bicicleta;caminhao;moto;onibus;outros;tracao_animal;transporte_de_cargas_especiais;trator_maquinas;utilitarios;ilesos;levemente_feridos;moderadamente_feridos;gravemente_feridos;mortos
"02/12/2012";"15:47:00";"203";"com vítima";"126,3";"BR-116/PR";"Sul";"Colisão Transversal";2;0;0;0;0;0;0;0;0;0;4;2;0;0;0
"02/12/2012";"15:47:00";"204";"sem vítima";"7";"BR-116/SC";"Norte";"Colisão Traseira";0;0;2;0;0;0;0;0;0;0;2;0;0;0;0
"02/12/2012";"18:35:00";"227";"sem vítima";"117,48";"BR-116/PR";"Sul";"Engavetamento";3;0;0;0;0;0;0;0;0;0;3;0;0;0;0
"02/12/2012";"20:26:00";"235";"sem vítima";"170";"BR-116/PR";"Sul";"Objeto lançado contra veículo";0;0;1;0;0;0;0;0;0;0;1;0;0;0;0
"02/12/2012";"20:35:00";"237";"sem vítima";"122";"BR-116/PR";"Norte";"Colisão Transversal";1;0;0;0;0;1;0;0;0;0;2;0;0;0;0
"03/12/2012";"06:50:00";"266";"sem vítima";"124";"BR-116/PR";"Norte";"Colisão Lateral";1;0;0;0;0;1;0;0;0;0;2;0;0;0;0
"03/12/2012";"13:54:00";"318";"sem vítima";"116";"BR-116/PR";"Norte";"Colisão Traseira";0;0;1;0;0;1;0;0;0;0;2;0;0;0;0
"03/12/2012";"14:38:00";"321";"sem vítima";"200,3";"BR-116/SC";"Sul";"Tombamento";0;0;1;0;0;0;0;0;0;0;1;0;0;0;0
"03/12/2012";"14:54:00";"323";"com vítima";"197";"BR-116/PR";"Sul";"Colisão Traseira";1;0;0;0;0;0;0;0;0;1;2;0;1;0;0
"03/12/2012";"18:29:00";"352";"sem vítima";"204,1";"BR-116/PR";"Sul";"Choque - Cancela de Pedagio";0;0;0;0;0;0;0;0;0;1;1;0;0;0;0
"04/12/2012";"03:26:00";"391";"sem vítima";"124";"BR-116/PR";"Sul";"Saida de Pista";0;0;0;1;0;0;0;0;0;0;1;0;0;0;0
"04/12/2012";"06:56:00";"400";"sem vítima";"135,3";"BR-116/SC";"Sul";"Saida de Pista";1;0;0;0;0;0;0;0;0;0;3;0;0;0;0
"04/12/2012";"11:25:00";"442";"sem vítima";"255,7";"BR-116/SC";"Norte";"Colisão Traseira";1;0;0;0;0;0;0;0;0;1;2;0;0;0;0
"04/12/2012";"15:12:00";"463";"sem vítima";"132";"BR-116/PR";"Sul";"Choque - Objeto sobre a pista";1;0;0;0;0;0;0;0;0;0;1;0;0;0;0
"04/12/2012";"15:56:00";"469";"sem vítima";"192";"BR-116/PR";"Sul";"Choque - Objeto sobre a pista";1;0;0;0;0;0;0;0;0;0;4;0;0;0;0
"04/12/2012";"19:28:00";"502";"sem vítima";"127,5";"BR-116/PR";"Norte";"Choque - Veiculo parado na pista";2;0;0;0;0;0;0;0;0;0;2;0;0;0;0
"04/12/2012";"21:04:00";"511";"com vítima";"167,8";"BR-116/PR";"Sul";"Colisão Lateral";1;0;0;0;0;1;0;0;0;0;1;1;0;0;0
"04/12/2012";"23:16:00";"522";"sem vítima";"125,8";"BR-116/PR";"Sul";"Colisão Traseira";2;0;0;0;0;0;0;0;0;0;2;0;0;0;0
"05/12/2012";"06:41:00";"546";"com vítima";"86,6";"BR-116/SC";"Norte";"Saida de Pista";1;0;0;0;0;0;0;0;0;0;0;1;0;0;0
"05/12/2012";"11:55:00";"595";"sem vítima";"126,5";"BR-116/PR";"Norte";"Choque - Veiculo parado na pista";0;0;1;0;0;0;0;0;0;1;4;0;0;0;0
"05/12/2012";"15:50:00";"627";"sem vítima";"246";"BR-116/SC";"Norte";"Saida de Pista";0;0;1;0;0;0;0;0;0;0;1;0;0;0;0
"05/12/2012";"17:06:00";"638";"sem vítima";"246,9";"BR-116/SC";"Norte";"Colisão Traseira";2;0;0;0;0;0;0;0;0;0;2;0;0;0;0
"05/12/2012";"17:11:00";"640";"sem vítima";"124";"BR-116/SC";"Norte";"Objeto lançado contra veículo";1;0;0;0;0;0;0;0;0;0;5;0;0;0;0
"06/12/2012";"08:52:00";"717";"sem vítima";"121";"BR-116/PR";"Norte";"Choque - Veiculo parado na pista";1;0;0;0;0;0;0;0;0;1;3;0;0;0;0
"06/12/2012";"13:41:00";"752";"sem vítima";"0,5";"BR-116/SC";"Sul";"Colisão Frontal";0;0;2;0;0;0;0;0;0;0;3;0;0;0;0
"06/12/2012";"16:33:00";"782";"sem vítima";"87,7";"BR-116/SC";"Sul";"Colisão Transversal";0;0;1;0;0;0;0;0;0;0;1;0;0;0;0
"06/12/2012";"19:32:00";"804";"com vítima";"139,5";"BR-116/PR";"Norte";"Colisão Transversal";0;0;1;1;0;0;0;0;0;0;1;1;0;0;0
"06/12/2012";"21:50:00";"818";"com vítima";"118,2";"BR-116/PR";"Sul";"Colisão Lateral";0;0;1;1;0;0;0;0;0;0;1;0;1;0;0
"06/12/2012";"22:52:00";"821";"sem vítima";"205,9";"BR-116/PR";"Sul";"Saida de Pista";1;0;0;0;0;0;0;0;0;0;1;0;0;0;0
"07/12/2012";"06:45:00";"836";"sem vítima";"119";"BR-116/PR";"Sul";"Colisão Transversal";1;0;0;0;0;0;0;0;0;1;2;0;0;0;0
"07/12/2012";"10:05:00";"860";"com vítima";"193";"BR-116/PR";"Sul";"Saida de Pista";1;0;0;0;0;0;0;0;0;0;0;1;0;0;0
"07/12/2012";"12:11:00";"871";"sem vítima";"219";"BR-116/SC";"Sul";"Colisão Traseira";1;0;0;1;0;0;0;0;0;0;4;0;0;0;0
"07/12/2012";"12:24:00";"872";"sem vítima";"211";"BR-116/SC";"Norte";"Queda de Moto";0;0;0;1;0;0;0;0;0;0;1;0;0;0;0
"07/12/2012";"14:02:00";"876";"com vítima";"147,7";"BR-116/PR";"Norte";"Colisão Traseira";1;0;0;0;1;0;0;0;0;0;1;1;0;0;0
"07/12/2012";"14:43:00";"879";"com vítima";"247,8";"BR-116/SC";"Sul";"Colisão Lateral";1;0;1;0;0;0;0;0;0;0;1;1;0;0;0
"07/12/2012";"16:39:00";"901";"sem vítima";"210,9";"BR-116/SC";"Norte";"Queda de Moto";0;0;0;1;0;0;0;0;0;0;1;0;0;0;0
"07/12/2012";"18:46:00";"915";"sem vítima";"129,5";"BR-116/PR";"Sul";"Colisão Lateral";2;0;0;0;0;0;0;0;0;0;2;0;0;0;0
"07/12/2012";"19:57:00";"921";"com vítima";"267";"BR-116/SC";"Norte";"Colisão Transversal";1;0;0;0;0;0;0;0;0;1;4;3;0;0;0
"07/12/2012";"23:46:00";"936";"sem vítima";"116,3";"BR-116/PR";"Norte";"Saida de Pista";1;0;0;0;0;0;0;0;0;0;1;0;0;0;0
"08/12/2012";"01:27:00";"940";"sem vítima";"41";"BR-116/SC";"Sul";"Choque - Objeto sobre a pista";1;0;0;0;0;0;0;0;0;0;1;0;0;0;0
"08/12/2012";"05:46:00";"952";"sem vítima";"116,8";"BR-116/PR";"Sul";"Saida de Pista";1;0;0;0;0;0;0;0;0;0;1;0;0;0;0
"08/12/2012";"07:16:00";"962";"com vítima";"122,4";"BR-116/PR";"Norte";"Colisão Lateral";1;0;0;1;0;0;0;0;0;0;1;1;0;0;0
"08/12/2012";"08:39:00";"974";"sem vítima";"132";"BR-116/PR";"Norte";"Objeto lançado contra veículo";1;0;0;0;0;0;0;0;0;0;4;0;0;0;0
"08/12/2012";"10:54:00";"992";"sem vítima";"152,4";"BR-116/PR";"Norte";"Colisão Transversal";2;0;0;0;0;0;0;0;0;0;7;0;0;0;0
"08/12/2012";"11:17:00";"994";"sem vítima";"245,6";"BR-116/SC";"Norte";"Colisão Transversal";1;0;1;0;0;0;0;0;0;0;2;0;0;0;0
"08/12/2012";"11:40:00";"997";"sem vítima";"245";"BR-116/SC";"Sul";"Colisão Transversal";2;0;0;0;0;0;0;0;0;0;2;0;0;0;0
"08/12/2012";"15:12:00";"1022";"com vítima";"199,5";"BR-116/PR";"Sul";"Colisão Lateral";0;0;1;0;0;0;0;0;0;1;1;1;0;0;0
"08/12/2012";"16:11:00";"1033";"sem vítima";"131";"BR-116/PR";"Sul";"Colisão Transversal";2;0;0;0;0;0;0;0;0;0;2;0;0;0;0
"08/12/2012";"16:35:00";"1036";"com vítima";"129,1";"BR-116/PR";"Norte";"Atropelamento - Usuário";1;0;0;0;0;0;0;0;0;0;1;0;0;1;0
"08/12/2012";"17:23:00";"1041";"com vítima";"118,4";"BR-116/PR";"Sul";"Colisão Transversal";1;0;0;1;0;0;0;0;0;0;1;0;0;1;0
"08/12/2012";"21:23:00";"1060";"sem vítima";"105,3";"BR-116/SC";"Norte";"Saida de Pista";0;0;1;0;0;0;0;0;0;0;1;0;0;0;0
"09/12/2012";"01:54:00";"1078";"sem vítima";"2,5";"BR-116/SC";"Norte";"Choque - Objeto sobre a pista";1;0;0;0;0;0;0;0;0;0;1;0;0;0;0
"09/12/2012";"10:02:00";"1105";"sem vítima";"121";"BR-116/PR";"Norte";"Choque - Objeto sobre a pista";1;0;0;0;0;0;0;0;0;0;1;0;0;0;0
"09/12/2012";"11:42:00";"1120";"sem vítima";"203,9";"BR-116/PR";"Norte";"Engavetamento";1;0;2;0;0;0;0;0;0;0;9;0;0;0;0
"09/12/2012";"13:02:00";"1122";"sem vítima";"101,9";"BR-116/SC";"Norte";"Saida de Pista";1;0;0;0;0;1;0;0;0;0;2;0;0;0;0
"09/12/2012";"16:19:00";"1141";"sem vítima";"281";"BR-116/SC";"Norte";"Objeto lançado contra veículo";0;0;0;0;0;0;0;0;0;1;1;0;0;0;0
"09/12/2012";"22:15:00";"1192";"sem vítima";"287,9";"BR-116/SC";"Sul";"Colisão Lateral";0;0;2;0;0;0;0;0;0;0;2;0;0;0;0
"10/12/2012";"06:38:00";"1206";"sem vítima";"115,9";"BR-116/PR";"Norte";"Colisão Lateral";1;0;1;0;0;0;0;0;0;0;2;0;0;0;0
"10/12/2012";"12:15:00";"1245";"com vítima";"248";"BR-116/SC";"Norte";"Colisão Transversal";3;0;0;0;0;0;0;0;0;0;3;2;0;0;0
"10/12/2012";"14:36:00";"1258";"sem vítima";"195";"BR-116/PR";"Sul";"Objeto lançado contra veículo";1;0;0;0;0;0;0;0;0;0;1;0;0;0;0
"10/12/2012";"16:27:00";"1278";"sem vítima";"183,4";"BR-116/SC";"Norte";"Atropelamento de Animal";0;0;0;0;0;0;0;0;0;1;1;0;0;0;0
"10/12/2012";"17:47:00";"1293";"com vítima";"54,7";"BR-116/SC";"Sul";"Colisão Transversal";1;0;0;1;0;0;0;0;0;0;1;0;1;0;0
"10/12/2012";"19:10:00";"1299";"com vítima";"117,25";"BR-116/PR";"Norte";"Colisão Transversal";1;0;0;1;0;0;0;0;0;0;2;1;0;0;0
"11/12/2012";"03:53:00";"1332";"com vítima";"116,8";"BR-116/PR";"Sul";"Atropelamento - Usuário";0;0;0;0;0;1;0;0;0;0;1;0;1;0;0
"11/12/2012";"06:28:00";"1339";"sem vítima";"139";"BR-116/PR";"Norte";"Choque - Objeto sobre a pista";0;0;1;0;0;0;0;0;0;0;1;0;0;0;0
"11/12/2012";"15:07:00";"1396";"sem vítima";"211,6";"BR-116/PR";"Sul";"Choque - Veiculo parado na pista";1;0;0;0;0;0;0;0;0;1;4;0;0;0;0
"11/12/2012";"20:58:00";"1458";"com vítima";"255,1";"BR-116/SC";"Sul";"Colisão Transversal";2;0;0;0;0;0;0;0;0;0;4;1;0;0;0
"11/12/2012";"21:31:00";"1461";"sem vítima";"84,05";"BR-116/SC";"Sul";"Colisão Lateral";0;0;1;0;1;0;0;0;0;0;2;0;0;0;0
"11/12/2012";"23:30:00";"1466";"com vítima";"140";"BR-116/PR";"Sul";"Atropelamento - Morador";0;0;0;0;0;0;0;0;0;1;3;0;0;0;1
"11/12/2012";"23:53:00";"1468";"com vítima";"140,15";"BR-116/PR";"Norte";"Colisão Frontal";1;0;1;0;0;0;0;0;0;0;2;0;0;0;1
"12/12/2012";"05:57:00";"1482";"sem vítima";"124";"BR-116/PR";"Norte";"Queda de Moto";0;0;0;1;0;0;0;0;0;0;2;0;0;0;0
"12/12/2012";"08:31:00";"1500";"com vítima";"145,7";"BR-116/PR";"Sul";"Saida de Pista";1;0;0;0;0;0;0;0;0;0;2;1;0;0;0
"12/12/2012";"11:14:00";"1518";"sem vítima";"134";"BR-116/PR";"Norte";"Objeto lançado contra veículo";1;0;0;0;0;0;0;0;0;0;1;0;0;0;0
"12/12/2012";"14:01:00";"1538";"sem vítima";"235";"BR-116/SC";"Norte";"Objeto lançado contra veículo";1;0;0;0;0;0;0;0;0;0;1;0;0;0;0
"12/12/2012";"14:35:00";"1542";"sem vítima";"186,5";"BR-116/SC";"Sul";"Atropelamento de Animal";1;0;0;0;0;0;0;0;0;0;1;0;0;0;0
"12/12/2012";"16:55:00";"1558";"sem vítima";"139,3";"BR-116/SC";"Sul";"Colisão Transversal";1;0;0;0;0;0;0;0;0;1;2;0;0;0;0
"12/12/2012";"18:02:00";"1569";"com vítima";"122,4";"BR-116/PR";"Sul";"Colisão Transversal";1;0;0;1;0;0;0;0;0;0;3;1;0;0;0
"13/12/2012";"07:10:00";"1609";"sem vítima";"129,7";"BR-116/PR";"Sul";"Colisão Transversal";2;0;0;0;0;0;0;0;0;0;3;0;0;0;0
"13/12/2012";"17:54:00";"1679";"com vítima";"120,9";"BR-116/PR";"Norte";"Colisão Transversal";1;0;0;1;0;0;0;0;0;0;1;1;0;0;0
"14/12/2012";"04:26:00";"1707";"com vítima";"126,7";"BR-116/PR";"Sul";"Colisão Frontal";2;0;0;0;0;0;0;0;0;0;0;2;0;1;0
"14/12/2012";"12:42:00";"1751";"sem vítima";"134";"BR-116/PR";"Sul";"Objeto lançado contra veículo";1;0;0;0;0;0;0;0;0;0;2;0;0;0;0
"14/12/2012";"14:17:00";"1761";"com vítima";"89,2";"BR-116/SC";"Norte";"Saida de Pista";0;0;0;0;0;0;0;0;0;1;0;1;0;0;0
"14/12/2012";"23:20:00";"1815";"sem vítima";"251,3";"BR-116/SC";"Norte";"Choque - Defensa, barreira ou "submarino"";1;0;0;0;0;0;0;0;0;0;1;0;0;0;0
"15/12/2012";"00:58:00";"1818";"sem vítima";"139,5";"BR-116/PR";"Norte";"Saida de Pista";1;0;0;0;0;0;0;0;0;0;1;0;0;0;0
"15/12/2012";"05:46:00";"1823";"com vítima";"63,95";"BR-116/SC";"Sul";"Saida de Pista";1;0;0;0;0;0;0;0;0;0;0;0;1;0;0
"15/12/2012";"06:52:00";"1828";"com vítima";"122,9";"BR-116/PR";"Norte";"Colisão Traseira";0;0;1;1;0;0;0;0;0;0;1;1;0;0;0
"15/12/2012";"06:57:00";"1829";"sem vítima";"183";"BR-116/PR";"Norte";"Saida de Pista";1;0;0;0;0;0;0;0;0;0;1;0;0;0;0
"15/12/2012";"08:44:00";"1841";"sem vítima";"34";"BR-116/SC";"Norte";"Choque - Objeto sobre a pista";1;0;0;0;0;0;0;0;0;0;3;0;0;0;0
"15/12/2012";"09:54:00";"1849";"sem vítima";"152";"BR-116/SC";"Norte";"Objeto lançado contra veículo";0;0;1;0;0;0;0;0;0;0;1;0;0;0;0
"15/12/2012";"10:09:00";"1851";"sem vítima";"49,5";"BR-116/SC";"Norte";"Saida de Pista";0;0;1;0;0;0;0;0;0;0;1;0;0;0;0
"15/12/2012";"16:44:00";"1892";"sem vítima";"152";"BR-116/PR";"Sul";"Colisão Transversal";1;0;1;0;0;0;0;0;0;0;2;0;0;0;0
"15/12/2012";"18:37:00";"1912";"com vítima";"122,1";"BR-116/PR";"Norte";"Colisão Transversal";1;0;0;1;0;0;0;0;0;0;1;1;0;0;0
"15/12/2012";"18:53:00";"1916";"sem vítima";"152";"BR-116/PR";"Norte";"Saida de Pista";1;0;0;0;0;0;0;0;0;0;1;0;0;0;0
"15/12/2012";"18:58:00";"1917";"sem vítima";"122,4";"BR-116/PR";"Sul";"Colisão Lateral";1;0;1;0;0;0;0;0;0;0;2;0;0;0;0
"15/12/2012";"19:16:00";"1922";"sem vítima";"15,6";"BR-116/SC";"Sul";"Saida de Pista";1;0;0;0;0;0;0;0;0;0;1;0;0;0;0
"15/12/2012";"21:12:00";"1939";"com vítima";"10";"BR-116/SC";"Norte";"Colisão Lateral";1;0;1;0;0;0;0;0;0;0;1;1;0;0;0
"15/12/2012";"21:31:00";"1943";"sem vítima";"113,5";"BR-116/SC";"Norte";"Saida de Pista";1;0;0;0;0;0;0;0;0;0;3;0;0;0;0
"15/12/2012";"22:48:00";"1947";"sem vítima";"126";"BR-116/PR";"Sul";"Colisão Traseira";3;0;0;0;0;0;0;0;0;0;6;0;0;0;0
"15/12/2012";"23:14:00";"1948";"sem vítima";"0,8";"BR-116/SC";"Sul";"Colisão Traseira";2;0;0;0;0;0;0;0;0;0;2;0;0;0;0
"16/12/2012";"02:01:00";"1958";"sem vítima";"206,3";"BR-116/SC";"Sul";"Saida de Pista";1;0;0;0;0;0;0;0;0;0;2;0;0;0;0
"16/12/2012";"14:56:00";"2039";"sem vítima";"239,3";"BR-116/SC";"Norte";"Saida de Pista";1;0;0;0;0;0;0;0;0;0;3;0;0;0;0
"16/12/2012";"15:51:00";"2044";"sem vítima";"243,8";"BR-116/SC";"Norte";"Saida de Pista";1;0;0;0;0;0;0;0;0;0;1;0;0;0;0
"16/12/2012";"22:27:00";"2092";"com vítima";"192,1";"BR-116/SC";"Norte";"Colisão Traseira";1;0;1;0;0;0;0;0;0;0;2;2;0;0;0
"16/12/2012";"23:08:00";"2094";"com vítima";"116,8";"BR-116/PR";"Sul";"Atropelamento - Usuário";1;0;0;0;0;0;0;0;0;0;1;0;0;0;1
"16/12/2012";"23:30:00";"2095";"sem vítima";"126";"BR-116/PR";"Sul";"Saida de Pista";1;0;0;0;0;0;0;0;0;0;1;0;0;0;0
"17/12/2012";"00:49:00";"2099";"com vítima";"124,2";"BR-116/PR";"Norte";"Saida de Pista";1;0;0;0;0;0;0;0;0;0;0;3;0;0;0
"17/12/2012";"09:36:00";"2139";"sem vítima";"117,3";"BR-116/PR";"Norte";"Colisão Lateral";1;0;1;0;0;0;0;0;0;0;2;0;0;0;0
"17/12/2012";"14:19:00";"2172";"sem vítima";"122,6";"BR-116/PR";"Norte";"Choque - Veiculo parado na pista";1;0;0;0;0;0;0;0;0;1;2;0;0;0;0
"17/12/2012";"14:59:00";"2180";"sem vítima";"122,4";"BR-116/PR";"Sul";"Colisão Transversal";1;0;1;0;0;0;0;0;0;0;2;0;0;0;0
"17/12/2012";"16:19:00";"2190";"sem vítima";"141,6";"BR-116/SC";"Sul";"Objeto lançado contra veículo";1;0;0;0;0;0;0;0;0;0;1;0;0;0;0
"17/12/2012";"18:17:00";"2202";"sem vítima";"134,4";"BR-116/PR";"Norte";"Colisão Traseira";0;0;2;0;0;0;0;0;0;0;2;0;0;0;0
"17/12/2012";"20:07:00";"2213";"sem vítima";"127,6";"BR-116/PR";"Norte";"Saida de Pista";0;0;1;0;0;0;0;0;0;0;1;0;0;0;0
"18/12/2012";"10:50:00";"2268";"sem vítima";"207";"BR-116/SC";"Sul";"Colisão Traseira";1;0;1;0;0;0;0;0;0;0;7;0;0;0;0
"18/12/2012";"15:48:00";"2311";"com vítima";"234";"BR-116/SC";"Norte";"Choque - Defensa, barreira ou "submarino"";1;0;0;0;0;0;0;0;0;0;0;1;0;0;0
"18/12/2012";"17:00:00";"2323";"sem vítima";"132";"BR-116/PR";"Sul";"Choque - Objeto sobre a pista";1;0;0;0;0;0;0;0;0;0;1;0;0;0;0
"18/12/2012";"17:00:00";"2322";"sem vítima";"146,3";"BR-116/PR";"Norte";"Colisão Lateral";1;0;1;0;0;0;0;0;0;0;2;0;0;0;0
"18/12/2012";"17:04:00";"2324";"sem vítima";"175";"BR-116/SC";"Sul";"Choque - Objeto sobre a pista";1;0;0;0;0;0;0;0;0;0;1;0;0;0;0
"18/12/2012";"18:15:00";"2331";"sem vítima";"136";"BR-116/PR";"Sul";"Objeto lançado contra veículo";0;0;0;1;0;0;0;0;0;0;1;0;0;0;0
"18/12/2012";"23:05:00";"2347";"sem vítima";"225,6";"BR-116/SC";"Norte";"Atropelamento de Animal";1;0;0;0;0;0;0;0;0;0;2;0;0;0;0
"19/12/2012";"11:49:00";"2409";"sem vítima";"195";"BR-116/SC";"Sul";"Objeto lançado contra veículo";1;0;0;0;0;0;0;0;0;0;3;0;0;0;0
"19/12/2012";"13:24:00";"2415";"com vítima";"205";"BR-116/SC";"Sul";"Choque - Talude";0;0;1;0;0;0;0;0;0;0;0;1;0;0;0
"19/12/2012";"14:46:00";"2425";"sem vítima";"97";"BR-116/SC";"Norte";"Colisão Lateral";0;0;3;0;0;0;0;0;0;0;3;0;0;0;0
"19/12/2012";"17:45:00";"2451";"com vítima";"131,1";"BR-116/PR";"Sul";"Colisão Transversal";2;0;0;0;0;0;0;0;0;0;2;2;0;0;0
"19/12/2012";"18:26:00";"2458";"com vítima";"307,3";"BR-116/SC";"Sul";"Colisão Frontal";0;0;2;0;0;0;0;0;0;0;0;3;0;0;0
"19/12/2012";"19:42:00";"2466";"sem vítima";"192";"BR-116/SC";"Norte";"Choque - Veiculo parado na pista";1;0;0;0;0;1;0;0;0;0;2;0;0;0;0
"19/12/2012";"22:40:00";"2478";"sem vítima";"2,1";"BR-116/SC";"Sul";"Saida de Pista";1;0;0;0;0;0;0;0;0;0;1;0;0;0;0
"20/12/2012";"07:30:00";"2506";"com vítima";"122";"BR-116/PR";"Sul";"Colisão Frontal";1;0;0;1;0;0;0;0;0;0;1;0;1;0;0
"20/12/2012";"09:45:00";"2521";"sem vítima";"81";"BR-116/SC";"Sul";"Choque - Cancela de Pedagio";0;0;1;0;0;0;0;0;0;0;1;0;0;0;0
"20/12/2012";"14:31:00";"2547";"sem vítima";"211,6";"BR-116/PR";"Norte";"Objeto lançado contra veículo";1;0;0;0;0;0;0;0;0;0;1;0;0;0;0
"20/12/2012";"14:52:00";"2552";"com vítima";"210,8";"BR-116/PR";"Norte";"Colisão Transversal";1;0;1;0;0;0;0;0;0;0;2;1;0;0;0
"20/12/2012";"15:40:00";"2564";"sem vítima";"133,5";"BR-116/PR";"Norte";"Saida de Pista";1;0;0;0;0;0;0;0;0;0;1;0;0;0;0
"20/12/2012";"20:19:00";"2597";"com vítima";"152,36";"BR-116/PR";"Sul";"Colisão Transversal";1;0;1;0;0;0;0;0;0;0;1;0;0;1;1
"21/12/2012";"00:26:00";"2618";"sem vítima";"242,2";"BR-116/SC";"Sul";"Colisão Lateral";1;0;0;0;0;1;0;0;0;0;2;0;0;0;0
"21/12/2012";"00:41:00";"2620";"sem vítima";"97,3";"BR-116/SC";"Norte";"Saida de Pista";1;0;0;0;0;0;0;0;0;0;1;0;0;0;0
"21/12/2012";"01:31:00";"2623";"sem vítima";"124";"BR-116/SC";"Sul";"Saida de Pista";0;0;1;0;0;0;0;0;0;0;2;0;0;0;0
"21/12/2012";"01:59:00";"2626";"com vítima";"129,95";"BR-116/PR";"Sul";"Colisão Frontal";1;0;0;0;0;0;0;0;0;1;1;3;0;0;0
"21/12/2012";"06:10:00";"2635";"sem vítima";"204";"BR-116/PR";"Norte";"Colisão Traseira";0;0;2;0;0;0;0;0;0;0;3;0;0;0;0
"21/12/2012";"08:51:00";"2652";"com vítima";"178,9";"BR-116/SC";"Norte";"Colisão Lateral";2;0;0;0;0;0;0;0;0;0;3;1;0;1;0
"21/12/2012";"10:24:00";"2664";"sem vítima";"134";"BR-116/PR";"Sul";"Choque - Veiculo parado na pista";0;0;1;0;0;0;0;0;0;1;2;0;0;0;0
"21/12/2012";"12:13:00";"2675";"sem vítima";"116";"BR-116/PR";"Sul";"Colisão Lateral";2;0;0;0;0;0;0;0;0;1;6;0;0;0;0
"21/12/2012";"16:15:00";"2706";"com vítima";"93";"BR-116/SC";"Sul";"Colisão Lateral";3;0;0;0;0;0;0;0;0;0;7;2;0;0;0
"21/12/2012";"16:52:00";"2709";"sem vítima";"255";"BR-116/SC";"Norte";"Colisão Traseira";1;0;1;0;0;0;0;0;0;0;3;0;0;0;0
"21/12/2012";"19:44:00";"2728";"sem vítima";"120";"BR-116/SC";"Norte";"Objeto lançado contra veículo";1;0;0;0;0;0;0;0;0;0;1;0;0;0;0
"21/12/2012";"20:38:00";"2738";"sem vítima";"134,4";"BR-116/PR";"Norte";"Colisão Traseira";0;0;1;0;0;0;0;0;0;1;2;0;0;0;0
"21/12/2012";"21:21:00";"2743";"sem vítima";"122,1";"BR-116/PR";"Norte";"Choque - Veiculo parado na pista";2;0;0;0;0;0;0;0;0;0;3;0;0;0;0
"21/12/2012";"23:29:00";"2756";"com vítima";"116,2";"BR-116/SC";"Sul";"Queda de Moto";0;0;0;1;0;0;0;0;0;0;0;1;0;0;0
"22/12/2012";"04:33:00";"2774";"sem vítima";"115,9";"BR-116/PR";"Norte";"Colisão Traseira";0;0;1;0;1;0;0;0;0;0;2;0;0;0;0
"22/12/2012";"04:58:00";"2775";"sem vítima";"58";"BR-116/SC";"Norte";"Colisão Lateral";1;0;1;0;0;0;0;0;0;0;3;0;0;0;0
"22/12/2012";"11:50:00";"2811";"sem vítima";"107,8";"BR-116/SC";"Norte";"Colisão Lateral";1;0;0;0;0;0;0;0;0;0;5;0;0;0;0
"22/12/2012";"11:53:00";"2812";"sem vítima";"121,9";"BR-116/PR";"Sul";"Colisão Traseira";3;0;0;0;0;1;0;0;0;0;9;0;0;0;0
"22/12/2012";"15:47:00";"2839";"com vítima";"129,3";"BR-116/SC";"Norte";"Colisão Transversal";2;0;1;0;0;0;0;0;0;0;6;0;1;0;0
"22/12/2012";"16:04:00";"2843";"sem vítima";"203";"BR-116/PR";"Sul";"Objeto lançado contra veículo";1;0;0;0;0;0;0;0;0;0;1;0;0;0;0
"22/12/2012";"17:16:00";"2850";"sem vítima";"122,4";"BR-116/PR";"Sul";"Colisão Lateral";1;0;1;0;0;0;0;0;0;0;2;0;0;0;0
"22/12/2012";"21:49:00";"2879";"sem vítima";"117,7";"BR-116/PR";"Sul";"Colisão Lateral";1;0;1;0;0;0;0;0;0;0;2;0;0;0;0
"23/12/2012";"02:45:00";"2902";"sem vítima";"11,7";"BR-116/SC";"Sul";"Saida de Pista";1;0;0;0;0;0;0;0;0;0;1;0;0;0;0
"23/12/2012";"04:05:00";"2906";"com vítima";"56,1";"BR-116/SC";"Sul";"Colisão Frontal";2;0;0;0;0;0;0;0;0;0;1;1;1;0;0
"23/12/2012";"06:19:00";"2911";"sem vítima";"242,4";"BR-116/SC";"Sul";"Saida de Pista";1;0;0;0;0;0;0;0;0;0;1;0;0;0;0
"23/12/2012";"06:41:00";"2913";"sem vítima";"204";"BR-116/PR";"Sul";"Atropelamento de Animal";0;0;0;1;0;0;0;0;0;0;1;0;0;0;0
"23/12/2012";"12:59:00";"2946";"com vítima";"0,05";"BR-116/SC";"Norte";"Choque - Veiculo parado na pista";1;0;0;1;0;0;0;0;0;0;3;1;0;0;0
"23/12/2012";"15:45:00";"2962";"com vítima";"130";"BR-116/PR";"Norte";"Colisão Lateral";1;0;0;0;0;0;0;0;0;1;2;1;0;0;0
"23/12/2012";"19:51:00";"2981";"sem vítima";"54";"BR-116/SC";"Sul";"Colisão Transversal";1;0;1;0;0;0;0;0;0;0;2;0;0;0;0
"24/12/2012";"03:18:00";"3008";"sem vítima";"117,3";"BR-116/PR";"Norte";"Saida de Pista";1;0;0;0;0;0;0;0;0;0;4;0;0;0;0
"24/12/2012";"12:19:00";"3038";"sem vítima";"119,4";"BR-116/PR";"Norte";"Colisão Transversal";1;0;1;0;0;0;0;0;0;0;2;0;0;0;0