data;horario;n_da_ocorrencia;tipo_de_ocorrencia;km;trecho;sentido;tipo_de_acidente;automovel;bicicleta;caminhao;moto;onibus;outros;tracao_animal;transporte_de_cargas_especiais;trator_maquinas;utilitarios;ilesos;levemente_feridos;moderadamente_feridos;gravemente_feridos;mortos
"13/03/2013";"03:43:00";"1437";"com vítima";"119,7";"BR-116/PR";"Norte";"Tombamento";0;0;1;0;0;0;0;0;0;0;0;1;0;0;0
"13/03/2013";"04:24:00";"1439";"sem vítima";"119,6";"BR-116/PR";"Sul";"Choque - Veiculo parado na pista";0;0;2;0;0;0;0;0;0;0;2;0;0;0;0
"13/03/2013";"09:23:00";"1456";"sem vítima";"26";"BR-116/SC";"Sul";"Choque - Objeto sobre a pista";0;0;1;0;0;0;0;0;0;0;1;0;0;0;0
"13/03/2013";"15:12:00";"1483";"sem vítima";"221,1";"BR-116/SC";"Sul";"Colisão Lateral";0;0;2;0;0;0;0;0;0;0;2;0;0;0;0
"13/03/2013";"16:47:00";"1492";"sem vítima";"199,1";"BR-116/SC";"Sul";"Saida de Pista";0;0;1;0;0;0;0;0;0;0;1;0;0;0;0
"13/03/2013";"19:03:00";"1510";"com vítima";"207,4";"BR-116/SC";"Sul";"Colisão Transversal";1;0;0;1;0;0;0;0;0;0;1;1;0;0;0
"13/03/2013";"19:28:00";"1513";"sem vítima";"243,85";"BR-116/SC";"Sul";"Choque - Objeto sobre a pista";0;0;0;0;0;0;0;0;0;1;1;0;0;0;0
"13/03/2013";"19:28:00";"1515";"sem vítima";"243,85";"BR-116/SC";"Sul";"Choque - Objeto sobre a pista";1;0;0;0;0;0;0;0;0;0;1;0;0;0;0
"14/03/2013";"07:45:00";"1554";"com vítima";"121,9";"BR-116/PR";"Sul";"Colisão Transversal";1;0;0;1;0;0;0;0;0;0;1;1;0;0;0
"14/03/2013";"15:17:00";"1612";"sem vítima";"69";"BR-116/SC";"Norte";"Colisão Lateral";2;0;0;0;0;0;0;0;0;0;4;0;0;0;0
"14/03/2013";"23:11:00";"1649";"sem vítima";"117,6";"BR-116/PR";"Sul";"Saida de Pista";1;0;0;0;0;0;0;0;0;0;4;0;0;0;0
"15/03/2013";"08:55:00";"1675";"sem vítima";"119,4";"BR-116/PR";"Norte";"Colisão Lateral";1;0;1;0;0;0;0;0;0;0;2;0;0;0;0
"15/03/2013";"09:24:00";"1680";"sem vítima";"118,4";"BR-116/PR";"Sul";"Tombamento";0;0;1;0;0;0;0;0;0;0;1;0;0;0;0
"15/03/2013";"12:37:00";"1698";"sem vítima";"145,2";"BR-116/PR";"Norte";"Saida de Pista";1;0;0;0;0;0;0;0;0;0;1;0;0;0;0
"15/03/2013";"14:17:00";"1710";"sem vítima";"51,5";"BR-116/SC";"Norte";"Saida de Pista";1;0;0;0;0;0;0;0;0;0;1;0;0;0;0
"15/03/2013";"15:53:00";"1717";"sem vítima";"265";"BR-116/SC";"Sul";"Objeto lançado contra veículo";1;0;0;0;0;0;0;0;0;0;1;0;0;0;0
"15/03/2013";"19:21:00";"1741";"sem vítima";"67";"BR-116/SC";"Norte";"Choque - Objeto sobre a pista";1;0;0;0;0;0;0;0;0;0;1;0;0;0;0
"15/03/2013";"19:21:00";"1742";"sem vítima";"165,7";"BR-116/PR";"Norte";"Colisão Traseira";2;0;0;0;0;0;0;0;0;0;2;0;0;0;0
"15/03/2013";"19:42:00";"1746";"sem vítima";"67";"BR-116/SC";"Sul";"Choque - Objeto sobre a pista";0;0;0;0;0;0;0;0;0;1;1;0;0;0;0
"15/03/2013";"20:12:00";"1751";"sem vítima";"237";"BR-116/SC";"Norte";"Objeto lançado contra veículo";0;0;0;0;0;0;0;0;0;1;1;0;0;0;0
"15/03/2013";"22:31:00";"1761";"com vítima";"122,2";"BR-116/PR";"Sul";"Colisão Frontal";2;0;0;0;0;0;0;0;0;0;4;1;0;0;0
"15/03/2013";"23:04:00";"1763";"sem vítima";"197";"BR-116/PR";"Norte";"Choque - Objeto sobre a pista";1;0;0;0;0;0;0;0;0;0;2;0;0;0;0
"16/03/2013";"04:38:00";"1779";"sem vítima";"133,8";"BR-116/PR";"Norte";"Saida de Pista";1;0;0;0;0;0;0;0;0;0;2;0;0;0;0
"16/03/2013";"11:50:00";"1808";"sem vítima";"193";"BR-116/SC";"Sul";"Saida de Pista";0;0;1;0;0;0;0;0;0;0;1;0;0;0;0
"16/03/2013";"12:17:00";"1810";"com vítima";"246";"BR-116/SC";"Norte";"Colisão Transversal";1;0;0;1;0;0;0;0;0;0;1;1;0;0;0
"16/03/2013";"14:52:00";"1818";"com vítima";"141,8";"BR-116/PR";"Sul";"Atropelamento - Morador";1;0;0;0;0;0;0;0;0;0;1;0;1;0;0
"16/03/2013";"18:07:00";"1841";"sem vítima";"121,1";"BR-116/PR";"Norte";"Engavetamento";3;0;1;0;0;0;0;0;0;0;9;0;0;0;0
"16/03/2013";"18:24:00";"1843";"sem vítima";"124";"BR-116/PR";"Norte";"Colisão Traseira";1;0;1;0;0;0;0;0;0;0;2;0;0;0;0
"16/03/2013";"18:37:00";"1844";"com vítima";"167,7";"BR-116/PR";"Norte";"Saida de Pista";1;0;0;0;0;0;0;0;0;0;0;1;0;0;0
"16/03/2013";"20:19:00";"1852";"sem vítima";"118,6";"BR-116/PR";"Norte";"Tombamento";0;0;1;0;0;0;0;0;0;0;1;0;0;0;0
"16/03/2013";"21:09:00";"1853";"sem vítima";"117,5";"BR-116/PR";"Sul";"Saida de Pista";1;0;0;0;0;0;0;0;0;0;3;0;0;0;0
"16/03/2013";"21:36:00";"1856";"sem vítima";"4,5";"BR-116/SC";"Sul";"Colisão Transversal";1;0;1;0;0;0;0;0;0;0;2;0;0;0;0
"17/03/2013";"04:54:00";"1877";"com vítima";"153";"BR-116/SC";"Norte";"Saida de Pista";1;0;0;0;0;0;0;0;0;0;0;2;0;0;0
"17/03/2013";"08:15:00";"1889";"sem vítima";"131";"BR-116/PR";"Sul";"Saida de Pista";1;0;0;0;0;0;0;0;0;0;1;0;0;0;0
"17/03/2013";"10:45:00";"1907";"sem vítima";"40";"BR-116/SC";"Sul";"Colisão Lateral";1;0;1;0;0;0;0;0;0;0;2;0;0;0;0
"17/03/2013";"14:50:00";"1918";"sem vítima";"4,5";"BR-116/SC";"Norte";"Saida de Pista";1;0;0;0;0;0;0;0;0;0;1;0;0;0;0
"17/03/2013";"17:00:00";"1926";"sem vítima";"119,4";"BR-116/PR";"Sul";"Engavetamento";3;0;2;0;0;0;0;0;0;0;5;0;0;0;0
"17/03/2013";"17:01:00";"1927";"com vítima";"270,8";"BR-116/SC";"Norte";"Colisão Traseira";1;0;0;0;1;0;0;0;0;0;32;1;0;0;0
"17/03/2013";"17:35:00";"1930";"sem vítima";"119";"BR-116/PR";"Sul";"Colisão Transversal";1;0;0;1;0;0;0;0;0;0;2;0;0;0;0
"17/03/2013";"18:51:00";"1937";"sem vítima";"220,3";"BR-116/SC";"Sul";"Colisão Frontal";2;0;0;0;0;0;0;0;0;0;2;0;0;0;0
"18/03/2013";"06:57:00";"1976";"sem vítima";"120,6";"BR-116/PR";"Sul";"Colisão Traseira";1;0;1;0;0;0;0;0;0;0;2;0;0;0;0
"18/03/2013";"20:42:00";"2072";"com vítima";"211";"BR-116/PR";"Sul";"Colisão Traseira";1;0;1;0;0;0;0;0;0;0;1;2;0;0;0
"18/03/2013";"23:57:00";"2082";"com vítima";"3,2";"BR-116/SC";"Norte";"Saida de Pista";1;0;0;0;0;0;0;0;0;0;0;1;0;0;0
"19/03/2013";"14:27:00";"2137";"com vítima";"235,9";"BR-116/SC";"Sul";"Queda de Moto";0;0;0;1;0;0;0;0;0;0;0;1;0;0;0
"19/03/2013";"16:58:00";"2146";"sem vítima";"195,4";"BR-116/SC";"Norte";"Colisão Traseira";1;0;1;0;0;0;0;0;0;0;3;0;0;0;0
"19/03/2013";"17:16:00";"2148";"sem vítima";"130";"BR-116/PR";"Sul";"Objeto lançado contra veículo";1;0;0;0;0;0;0;0;0;0;1;0;0;0;0
"20/03/2013";"06:57:00";"2191";"com vítima";"185";"BR-116/PR";"Norte";"Queda de Moto";0;0;0;1;0;0;0;0;0;0;0;1;1;0;0
"20/03/2013";"15:12:00";"2234";"sem vítima";"129,6";"BR-116/PR";"Norte";"Colisão Transversal";2;0;0;0;0;0;0;0;0;0;2;0;0;0;0
"20/03/2013";"18:00:00";"2256";"sem vítima";"161";"BR-116/PR";"Sul";"Choque - Objeto sobre a pista";0;0;0;1;0;0;0;0;0;0;1;0;0;0;0
"20/03/2013";"18:08:00";"2258";"sem vítima";"4,6";"BR-116/SC";"Norte";"Colisão Traseira";2;0;0;0;0;0;0;0;0;0;5;0;0;0;0
"20/03/2013";"18:37:00";"2264";"sem vítima";"159,1";"BR-116/PR";"Norte";"Saida de Pista";1;0;0;0;0;0;0;0;0;0;1;0;0;0;0
"21/03/2013";"02:03:00";"2298";"sem vítima";"174";"BR-116/SC";"Sul";"Saida de Pista";0;0;1;0;0;0;0;0;0;0;1;0;0;0;0
"21/03/2013";"05:59:00";"2321";"com vítima";"108";"BR-116/SC";"Norte";"Objeto lançado contra veículo";0;0;1;0;0;0;0;0;0;0;0;1;0;0;0
"21/03/2013";"05:59:00";"2305";"sem vítima";"108,6";"BR-116/SC";"Sul";"Objeto lançado contra veículo";0;0;1;0;0;0;0;0;0;0;1;0;0;0;0
"21/03/2013";"08:24:00";"2314";"com vítima";"115,9";"BR-116/PR";"Sul";"Colisão Transversal";1;0;0;1;0;0;0;0;0;0;1;1;0;0;0
"22/03/2013";"00:10:00";"2385";"sem vítima";"108,5";"BR-116/SC";"Sul";"Choque - Objeto sobre a pista";1;0;0;0;0;0;0;0;0;0;1;0;0;0;0
"22/03/2013";"07:03:00";"2400";"sem vítima";"190,7";"BR-116/PR";"Sul";"Tombamento";0;0;0;0;0;0;0;0;0;1;1;0;0;0;0
"22/03/2013";"19:33:00";"2480";"sem vítima";"226";"BR-116/SC";"Norte";"Atropelamento de Animal";1;0;0;0;0;0;0;0;0;0;1;0;0;0;0
"22/03/2013";"20:54:00";"2486";"sem vítima";"148";"BR-116/PR";"Norte";"Saida de Pista";1;0;0;0;0;0;0;0;0;0;1;0;0;0;0
"22/03/2013";"21:46:00";"2489";"sem vítima";"281,4";"BR-116/SC";"Norte";"Atropelamento de Animal";1;0;0;0;0;0;0;0;0;0;1;0;0;0;0
"23/03/2013";"00:27:00";"2502";"com vítima";"124,2";"BR-116/PR";"Sul";"Colisão Lateral";2;0;0;1;0;0;0;0;0;0;4;0;1;0;0
"23/03/2013";"06:35:00";"2523";"com vítima";"128,5";"BR-116/PR";"Sul";"Colisão Traseira";1;0;0;0;0;1;0;0;0;0;2;2;0;0;0
"23/03/2013";"13:45:00";"2559";"sem vítima";"151,9";"BR-116/PR";"Norte";"Colisão Traseira";1;0;0;0;0;0;0;0;0;1;2;0;0;0;0
"23/03/2013";"16:24:00";"2577";"sem vítima";"135,9";"BR-116/SC";"Norte";"Colisão Traseira";0;0;2;0;0;0;0;0;0;0;2;0;0;0;0
"23/03/2013";"17:11:00";"2581";"sem vítima";"152,4";"BR-116/PR";"Norte";"Colisão Transversal";2;0;0;0;0;0;0;0;0;0;2;0;0;0;0
"23/03/2013";"17:24:00";"2586";"sem vítima";"133,8";"BR-116/SC";"Sul";"Colisão Traseira";2;0;0;0;0;0;0;0;0;0;6;0;0;0;0
"23/03/2013";"17:32:00";"2588";"sem vítima";"86,1";"BR-116/SC";"Sul";"Colisão Transversal";0;0;1;0;0;1;0;0;0;0;2;0;0;0;0
"23/03/2013";"19:58:00";"2602";"com vítima";"231,4";"BR-116/SC";"Sul";"Colisão Traseira";1;0;1;0;0;0;0;0;0;0;1;1;0;0;0
"24/03/2013";"14:28:00";"2652";"sem vítima";"117,5";"BR-116/PR";"Sul";"Choque - Veiculo parado na pista";2;0;1;0;0;0;0;0;0;0;9;0;0;0;0
"24/03/2013";"16:51:00";"2669";"sem vítima";"195,7";"BR-116/PR";"Sul";"Saida de Pista";1;0;0;0;0;0;0;0;0;0;4;0;0;0;0
"24/03/2013";"22:33:00";"2694";"sem vítima";"150";"BR-116/PR";"Sul";"Atropelamento de Animal";1;0;0;0;0;0;0;0;0;0;1;0;0;0;0
"25/03/2013";"18:00:00";"2788";"sem vítima";"42";"BR-116/SC";"Sul";"Objeto lançado contra veículo";0;0;0;0;0;0;0;0;0;1;3;0;0;0;0
"25/03/2013";"22:38:00";"2805";"com vítima";"176,2";"BR-116/SC";"Norte";"Colisão Lateral";2;0;0;0;0;0;0;0;0;0;1;2;0;0;0
"26/03/2013";"01:14:00";"2808";"sem vítima";"233,9";"BR-116/SC";"Norte";"Saida de Pista";0;0;1;0;0;0;0;0;0;0;2;0;0;0;0
"26/03/2013";"10:08:00";"2840";"com vítima";"207,6";"BR-116/PR";"Sul";"Colisão Frontal";1;0;1;0;0;0;0;0;0;0;1;0;1;0;0
"26/03/2013";"10:20:00";"2842";"sem vítima";"178,5";"BR-116/SC";"Sul";"Objeto lançado contra veículo";0;0;1;0;0;0;0;0;0;0;1;0;0;0;0
"26/03/2013";"12:08:00";"2849";"sem vítima";"81,6";"BR-116/SC";"Norte";"Queda de Moto";0;0;0;1;0;0;0;0;0;0;1;0;0;0;0
"26/03/2013";"14:41:00";"2859";"sem vítima";"154";"BR-116/PR";"Norte";"Objeto lançado contra veículo";1;0;0;0;0;0;0;0;0;0;1;0;0;0;0
"26/03/2013";"16:03:00";"2867";"sem vítima";"134";"BR-116/PR";"Norte";"Choque - Suporte de Sinalização";1;0;0;0;0;0;0;0;0;0;1;0;0;0;0
"26/03/2013";"20:02:00";"2895";"sem vítima";"72";"BR-116/SC";"Norte";"Objeto lançado contra veículo";1;0;0;0;0;0;0;0;0;0;1;0;0;0;0
"27/03/2013";"07:08:00";"2921";"com vítima";"124,9";"BR-116/PR";"Norte";"Queda de Moto";0;0;0;1;0;0;0;0;0;0;1;1;0;0;0
"27/03/2013";"07:33:00";"2926";"sem vítima";"81,6";"BR-116/SC";"Sul";"Choque - Cancela de Pedagio";0;0;1;0;0;0;0;0;0;0;1;0;0;0;0
"27/03/2013";"07:40:00";"2928";"sem vítima";"49";"BR-116/SC";"Norte";"Colisão Lateral";2;0;0;0;0;0;0;0;0;0;3;0;0;0;0
"27/03/2013";"07:50:00";"2930";"sem vítima";"134";"BR-116/PR";"Norte";"Choque - Defensa, barreira ou "submarino"";0;0;1;0;0;0;0;0;0;0;1;0;0;0;0
"27/03/2013";"17:39:00";"2995";"sem vítima";"117,4";"BR-116/PR";"Sul";"Colisão Lateral";1;0;1;0;0;0;0;0;0;0;2;0;0;0;0
"27/03/2013";"21:17:00";"3010";"sem vítima";"130,9";"BR-116/SC";"Norte";"Choque - Objeto sobre a pista";0;0;0;0;1;0;0;0;0;0;1;0;0;0;0
"28/03/2013";"06:23:00";"3034";"sem vítima";"140";"BR-116/SC";"Norte";"Choque - Objeto sobre a pista";1;0;0;0;0;0;0;0;0;0;1;0;0;0;0
"28/03/2013";"10:57:00";"3056";"sem vítima";"119";"BR-116/PR";"Sul";"Colisão Traseira";1;0;1;0;0;0;0;0;0;0;2;0;0;0;0
"28/03/2013";"12:33:00";"3067";"sem vítima";"72,6";"BR-116/SC";"Sul";"Outros";1;0;0;0;0;0;0;0;0;0;1;0;0;0;0
"28/03/2013";"18:48:00";"3110";"com vítima";"5";"BR-116/SC";"Norte";"Colisão Traseira";2;0;0;0;0;0;0;0;0;0;4;0;0;1;0
"28/03/2013";"19:25:00";"3115";"com vítima";"2,9";"BR-116/SC";"Sul";"Engavetamento";4;0;0;0;0;0;0;0;0;0;3;1;0;0;0
"29/03/2013";"08:42:00";"3177";"sem vítima";"203";"BR-116/PR";"Sul";"Choque - Cancela de Pedagio";0;0;1;0;0;0;0;0;0;0;1;0;0;0;0
"29/03/2013";"11:09:00";"3183";"sem vítima";"52";"BR-116/SC";"Norte";"Colisão Frontal";2;0;0;0;0;0;0;0;0;0;5;0;0;0;0
"29/03/2013";"14:09:00";"3194";"sem vítima";"192";"BR-116/PR";"Sul";"Objeto lançado contra veículo";1;0;0;0;0;0;0;0;0;0;1;0;0;0;0
"29/03/2013";"19:22:00";"3223";"sem vítima";"140,3";"BR-116/SC";"Norte";"Choque - Talude";1;0;0;0;1;0;0;0;0;0;19;0;0;0;0
"29/03/2013";"20:20:00";"3225";"com vítima";"177";"BR-116/SC";"Norte";"Colisão Traseira";1;0;0;0;1;1;0;0;0;0;21;1;0;0;0
"29/03/2013";"21:18:00";"3229";"sem vítima";"145,4";"BR-116/PR";"Sul";"Colisão Lateral";2;0;0;0;0;0;0;0;0;0;4;0;0;0;0
"30/03/2013";"08:02:00";"3263";"sem vítima";"205";"BR-116/SC";"Norte";"Choque - Objeto sobre a pista";1;0;0;0;0;0;0;0;0;0;1;0;0;0;0
"30/03/2013";"20:18:00";"3330";"sem vítima";"67,2";"BR-116/SC";"Sul";"Colisão Traseira";1;0;0;0;0;1;0;0;0;0;2;0;0;0;0
"30/03/2013";"20:42:00";"3331";"sem vítima";"44";"BR-116/SC";"Sul";"Colisão Traseira";1;0;1;0;0;0;0;0;0;0;4;0;0;0;0
"30/03/2013";"20:59:00";"3333";"sem vítima";"117,6";"BR-116/PR";"Sul";"Saida de Pista";1;0;0;0;0;0;0;0;0;0;1;0;0;0;0
"31/03/2013";"12:08:00";"3389";"sem vítima";"211,7";"BR-116/PR";"Sul";"Choque - Veiculo parado na pista";2;0;0;0;0;0;0;0;0;0;3;0;0;0;0
"31/03/2013";"14:42:00";"3401";"sem vítima";"72";"BR-116/SC";"Norte";"Colisão Traseira";1;0;0;0;0;1;0;0;0;0;2;0;0;0;0
"31/03/2013";"17:27:00";"3425";"com vítima";"129,3";"BR-116/PR";"Norte";"Saida de Pista";1;0;0;0;0;0;0;0;0;0;1;2;0;0;0
"31/03/2013";"18:26:00";"3433";"sem vítima";"143";"BR-116/SC";"Sul";"Colisão Traseira";2;0;0;0;0;0;0;0;0;0;6;0;0;0;0
"31/03/2013";"19:00:00";"3441";"com vítima";"94,8";"BR-116/SC";"Sul";"Colisão Traseira";1;0;0;0;0;0;0;0;0;1;2;1;0;0;0
"31/03/2013";"19:15:00";"3447";"sem vítima";"131,1";"BR-116/PR";"Sul";"Colisão Transversal";2;0;0;0;0;0;0;0;0;0;2;0;0;0;0
"01/04/2013";"00:06:00";"1";"sem vítima";"118";"BR-116/PR";"Norte";"Colisão Traseira";0;0;0;1;0;0;0;0;0;1;2;0;0;0;0
"01/04/2013";"06:37:00";"14";"sem vítima";"159";"BR-116/SC";"Norte";"Colisão Traseira";2;0;0;0;0;0;0;0;0;0;6;0;0;0;0
"01/04/2013";"08:02:00";"22";"sem vítima";"12";"BR-116/SC";"Sul";"Colisão Lateral";1;0;1;0;0;0;0;0;0;0;2;0;0;0;0
"01/04/2013";"08:19:00";"24";"com vítima";"11,6";"BR-116/SC";"Norte";"Colisão Traseira";2;0;0;1;0;0;0;0;0;0;2;1;0;0;0
"01/04/2013";"10:15:00";"36";"com vítima";"11,6";"BR-116/SC";"Norte";"Colisão Traseira";0;0;1;1;0;0;0;0;0;0;2;1;0;0;0
"01/04/2013";"10:43:00";"39";"com vítima";"119,4";"BR-116/PR";"Sul";"Colisão Transversal";0;0;1;1;0;0;0;0;0;0;1;1;0;0;0
"01/04/2013";"10:54:00";"41";"sem vítima";"290,9";"BR-116/SC";"Sul";"Colisão Traseira";2;0;0;0;0;0;0;0;0;0;2;0;0;0;0
"01/04/2013";"11:28:00";"44";"sem vítima";"16,9";"BR-116/SC";"Sul";"Colisão Traseira";2;0;0;0;0;0;0;0;0;0;4;0;0;0;0
"01/04/2013";"20:02:00";"100";"com vítima";"53,05";"BR-116/SC";"Sul";"Saida de Pista";1;0;0;0;0;0;0;0;0;0;0;1;0;0;0
"02/04/2013";"14:27:00";"177";"sem vítima";"119,5";"BR-116/PR";"Sul";"Colisão Transversal";1;0;0;0;1;0;0;0;0;0;19;0;0;0;0
"02/04/2013";"16:59:00";"205";"sem vítima";"134";"BR-116/PR";"Norte";"Colisão Traseira";0;0;1;0;0;0;0;0;0;1;2;0;0;0;0
"02/04/2013";"18:39:00";"217";"com vítima";"219,3";"BR-116/SC";"Norte";"Colisão Transversal";1;0;0;1;0;0;0;0;0;0;2;0;1;0;0
"02/04/2013";"19:01:00";"219";"sem vítima";"233";"BR-116/SC";"Sul";"Objeto lançado contra veículo";1;0;0;0;0;0;0;0;0;0;1;0;0;0;0
"02/04/2013";"22:35:00";"228";"sem vítima";"126,3";"BR-116/PR";"Sul";"Colisão Lateral";1;0;1;0;0;0;0;0;0;0;2;0;0;0;0
"03/04/2013";"01:12:00";"236";"sem vítima";"206";"BR-116/PR";"Norte";"Objeto lançado contra veículo";0;0;0;0;0;0;0;0;0;1;1;0;0;0;0
"03/04/2013";"09:50:00";"260";"sem vítima";"131";"BR-116/PR";"Sul";"Objeto lançado contra veículo";1;0;0;0;0;0;0;0;0;0;1;0;0;0;0
"03/04/2013";"15:24:00";"284";"com vítima";"171,7";"BR-116/PR";"Sul";"Saida de Pista";1;0;0;0;0;0;0;0;0;0;0;1;0;0;0
"04/04/2013";"09:01:00";"342";"sem vítima";"13";"BR-116/SC";"Sul";"Objeto lançado contra veículo";0;0;1;0;0;0;0;0;0;0;1;0;0;0;0
"04/04/2013";"11:08:00";"358";"sem vítima";"117,5";"BR-116/PR";"Sul";"Colisão Lateral";1;0;0;0;0;0;0;0;0;1;5;0;0;0;0
"04/04/2013";"11:15:00";"360";"com vítima";"180,9";"BR-116/SC";"Sul";"Saida de Pista";0;0;1;0;0;0;0;0;0;0;0;1;0;0;0
"04/04/2013";"19:03:00";"403";"com vítima";"159,6";"BR-116/PR";"Norte";"Colisão Traseira";0;1;1;0;0;0;0;0;0;0;1;0;0;0;1
"04/04/2013";"21:12:00";"414";"com vítima";"128";"BR-116/PR";"Sul";"Colisão Transversal";1;0;0;1;0;0;0;0;0;0;4;0;1;0;0
"04/04/2013";"22:53:00";"423";"sem vítima";"119,5";"BR-116/PR";"Sul";"Colisão Transversal";2;0;0;0;0;0;0;0;0;0;3;0;0;0;0
"05/04/2013";"05:28:00";"436";"sem vítima";"12";"BR-116/SC";"Norte";"Tombamento";0;0;1;0;0;0;0;0;0;0;1;0;0;0;0
"05/04/2013";"12:23:00";"478";"sem vítima";"80";"BR-116/SC";"Sul";"Colisão Lateral";2;0;0;0;0;0;0;0;0;0;2;0;0;0;0
"05/04/2013";"14:42:00";"492";"sem vítima";"182,6";"BR-116/SC";"Sul";"Objeto lançado contra veículo";1;0;0;0;0;0;0;0;0;0;1;0;0;0;0
"05/04/2013";"18:32:00";"519";"com vítima";"172";"BR-116/SC";"Norte";"Colisão Transversal";0;0;0;1;0;0;0;0;0;1;2;0;0;0;1
"05/04/2013";"19:19:00";"522";"sem vítima";"172";"BR-116/SC";"Sul";"Saida de Pista";1;0;0;0;0;0;0;0;0;0;1;0;0;0;0
"05/04/2013";"23:48:00";"533";"sem vítima";"128,7";"BR-116/PR";"Sul";"Colisão Traseira";1;0;1;0;0;0;0;0;0;0;2;0;0;0;0
"06/04/2013";"07:57:00";"554";"sem vítima";"203";"BR-116/SC";"Norte";"Choque - Cancela de Pedagio";1;0;0;0;0;0;0;0;0;0;1;0;0;0;0
"06/04/2013";"19:24:00";"597";"com vítima";"50,4";"BR-116/SC";"Sul";"Colisão Transversal";2;0;1;0;0;0;0;0;0;0;1;6;1;1;0
"06/04/2013";"19:29:00";"598";"sem vítima";"163,2";"BR-116/PR";"Sul";"Saida de Pista";0;0;1;0;0;0;0;0;0;0;1;0;0;0;0
"06/04/2013";"21:22:00";"607";"sem vítima";"129";"BR-116/PR";"Norte";"Colisão Traseira";1;0;0;0;0;0;0;0;0;1;3;0;0;0;0
"06/04/2013";"21:38:00";"608";"sem vítima";"211,1";"BR-116/SC";"Norte";"Capotamento";0;0;1;0;0;0;0;0;0;0;1;0;0;0;0
"06/04/2013";"21:52:00";"609";"sem vítima";"139,8";"BR-116/SC";"Sul";"Choque - Suporte de Sinalização";1;0;0;0;0;0;0;0;0;0;1;0;0;0;0
"06/04/2013";"22:54:00";"613";"com vítima";"139,8";"BR-116/SC";"Norte";"Atropelamento - Funcionário";2;0;0;0;0;0;0;0;0;0;2;1;0;0;0
"07/04/2013";"02:51:00";"620";"sem vítima";"174,6";"BR-116/SC";"Sul";"Choque - Suporte de Sinalização";1;0;0;0;0;0;0;0;0;0;1;0;0;0;0
"07/04/2013";"06:53:00";"629";"sem vítima";"166,5";"BR-116/PR";"Sul";"Saida de Pista";1;0;0;0;0;0;0;0;0;0;2;0;0;0;0
"07/04/2013";"15:24:00";"666";"com vítima";"239,7";"BR-116/SC";"Norte";"Saida de Pista";1;0;0;0;0;0;0;0;0;0;0;1;0;0;0
"07/04/2013";"16:01:00";"669";"com vítima";"52";"BR-116/SC";"Norte";"Colisão Transversal";2;0;1;0;0;0;0;0;0;0;8;0;1;0;0
"07/04/2013";"19:42:00";"693";"com vítima";"241,9";"BR-116/SC";"Sul";"Colisão Traseira";1;0;1;1;0;0;0;0;0;0;4;0;1;0;1
"07/04/2013";"21:07:00";"698";"sem vítima";"168,1";"BR-116/PR";"Sul";"Colisão Lateral";1;0;1;0;0;0;0;0;0;0;2;0;0;0;0
"07/04/2013";"21:08:00";"699";"sem vítima";"125,4";"BR-116/PR";"Norte";"Colisão Traseira";3;0;0;0;0;0;0;0;0;0;10;0;0;0;0
"07/04/2013";"22:21:00";"704";"sem vítima";"199,9";"BR-116/SC";"Sul";"Choque - Suporte de Sinalização";1;0;0;0;0;0;0;0;0;0;1;0;0;0;0
"07/04/2013";"22:34:00";"705";"com vítima";"116,6";"BR-116/PR";"Sul";"Saida de Pista";1;0;0;0;0;0;0;0;0;0;0;1;0;0;0
"08/04/2013";"11:07:00";"745";"sem vítima";"48,6";"BR-116/SC";"Sul";"Objeto lançado contra veículo";0;0;1;0;0;0;0;0;0;0;1;0;0;0;0
"08/04/2013";"13:05:00";"764";"sem vítima";"227";"BR-116/SC";"Sul";"Choque - Objeto sobre a pista";1;0;0;0;0;0;0;0;0;0;1;0;0;0;0
"08/04/2013";"18:15:00";"806";"sem vítima";"118,4";"BR-116/PR";"Norte";"Colisão Transversal";1;0;0;1;0;0;0;0;0;0;2;0;0;0;0
"08/04/2013";"21:46:00";"818";"sem vítima";"210,5";"BR-116/PR";"Sul";"Atropelamento de Animal";1;0;0;0;0;0;0;0;0;0;1;0;0;0;0
"09/04/2013";"01:10:00";"827";"com vítima";"86,8";"BR-116/SC";"Sul";"Colisão Frontal";1;0;1;0;0;0;0;0;0;0;1;0;1;2;2
"09/04/2013";"03:34:00";"828";"com vítima";"305,4";"BR-116/SC";"Sul";"Tombamento";0;0;1;0;0;0;0;0;0;0;0;1;0;0;0
"09/04/2013";"06:57:00";"831";"sem vítima";"121";"BR-116/SC";"Norte";"Colisão Transversal";1;0;0;1;0;0;0;0;0;0;2;0;0;0;0
"09/04/2013";"13:06:00";"877";"sem vítima";"142";"BR-116/SC";"Norte";"Saida de Pista";0;0;1;0;0;0;0;0;0;0;1;0;0;0;0
"09/04/2013";"19:06:00";"923";"com vítima";"122,4";"BR-116/PR";"Sul";"Colisão Transversal";1;0;0;1;0;0;0;0;0;0;5;0;1;0;0
"09/04/2013";"22:01:00";"931";"sem vítima";"236,2";"BR-116/SC";"Sul";"Saida de Pista";1;0;0;0;0;0;0;0;0;0;1;0;0;0;0
"10/04/2013";"10:52:00";"972";"sem vítima";"132";"BR-116/PR";"Sul";"Colisão Traseira";1;0;1;0;0;0;0;0;0;0;2;0;0;0;0