data;horario;n_da_ocorrencia;tipo_de_ocorrencia;km;trecho;sentido;tipo_de_acidente;automovel;bicicleta;caminhao;moto;onibus;outros;tracao_animal;transporte_de_cargas_especiais;trator_maquinas;utilitarios;ilesos;levemente_feridos;moderadamente_feridos;gravemente_feridos;mortos
"10/04/2013";"18:52:00";"1025";"sem vítima";"140,3";"BR-116/PR";"Sul";"Colisão Lateral";0;0;1;1;0;0;0;0;0;0;2;0;0;0;0
"11/04/2013";"02:38:00";"1043";"sem vítima";"133,7";"BR-116/PR";"Norte";"Tombamento";0;0;1;0;0;0;0;0;0;0;1;0;0;0;0
"11/04/2013";"07:12:00";"1049";"com vítima";"120,9";"BR-116/PR";"Norte";"Colisão Lateral";0;0;0;2;0;0;0;0;0;0;0;2;0;0;0
"11/04/2013";"19:03:00";"1141";"com vítima";"132,5";"BR-116/PR";"Norte";"Colisão Transversal";1;0;1;0;0;0;0;0;0;0;1;1;0;0;0
"11/04/2013";"19:18:00";"1142";"sem vítima";"81";"BR-116/SC";"Sul";"Choque - Cancela de Pedagio";1;0;0;0;0;0;0;0;0;0;1;0;0;0;0
"11/04/2013";"19:34:00";"1147";"com vítima";"128,2";"BR-116/PR";"Norte";"Colisão Lateral";1;0;0;1;0;0;0;0;0;0;1;1;0;0;0
"11/04/2013";"23:58:00";"1158";"com vítima";"148,15";"BR-116/PR";"Sul";"Colisão Frontal";0;0;2;0;0;0;0;0;0;0;0;0;0;0;2
"12/04/2013";"08:11:00";"1178";"com vítima";"117,2";"BR-116/PR";"Norte";"Atropelamento - Usuário";0;0;0;1;0;0;0;0;0;0;1;1;0;0;0
"12/04/2013";"09:17:00";"1188";"sem vítima";"159";"BR-116/SC";"Norte";"Objeto lançado contra veículo";0;0;0;0;0;0;0;0;0;1;1;0;0;0;0
"12/04/2013";"11:52:00";"1205";"sem vítima";"210,3";"BR-116/SC";"Sul";"Saida de Pista";1;0;0;0;0;0;0;0;0;0;1;0;0;0;0
"12/04/2013";"12:02:00";"1206";"sem vítima";"210,3";"BR-116/SC";"Sul";"Saida de Pista";1;0;0;0;0;0;0;0;0;0;2;0;0;0;0
"12/04/2013";"12:15:00";"1209";"sem vítima";"115";"BR-116/PR";"Sul";"Capotamento";1;0;1;0;0;0;0;0;0;0;2;0;0;0;0
"12/04/2013";"15:10:00";"1220";"com vítima";"8";"BR-116/SC";"Norte";"Saida de Pista";1;0;0;0;0;0;0;0;0;0;0;3;0;0;0
"12/04/2013";"15:11:00";"1221";"sem vítima";"4,5";"BR-116/SC";"Sul";"Colisão Traseira";0;0;1;1;0;0;0;0;0;0;2;0;0;0;0
"12/04/2013";"15:15:00";"1222";"sem vítima";"2,1";"BR-116/SC";"Sul";"Engavetamento";4;0;0;0;0;0;0;0;0;0;10;0;0;0;0
"12/04/2013";"15:24:00";"1223";"com vítima";"210,9";"BR-116/PR";"Sul";"Colisão Traseira";2;0;1;0;0;0;0;0;0;0;2;1;0;0;0
"12/04/2013";"17:09:00";"1234";"sem vítima";"209";"BR-116/PR";"Sul";"Colisão Traseira";0;0;2;0;0;0;0;0;0;0;2;0;0;0;0
"12/04/2013";"18:08:00";"1247";"sem vítima";"118,4";"BR-116/PR";"Norte";"Colisão Transversal";2;0;1;0;0;0;0;0;0;1;5;0;0;0;0
"13/04/2013";"00:46:00";"1277";"sem vítima";"188";"BR-116/SC";"Sul";"Choque - Objeto sobre a pista";0;0;1;0;0;0;0;0;0;0;1;0;0;0;0
"13/04/2013";"05:23:00";"1288";"com vítima";"227";"BR-116/SC";"Norte";"Saida de Pista";1;0;0;0;0;0;0;0;0;0;1;1;2;0;0
"13/04/2013";"07:34:00";"1293";"sem vítima";"124";"BR-116/PR";"Sul";"Colisão Traseira";2;0;0;0;0;0;0;0;0;0;5;0;0;0;0
"13/04/2013";"14:01:00";"1313";"sem vítima";"220";"BR-116/SC";"Norte";"Colisão Transversal";3;0;0;0;0;0;0;0;0;0;3;0;0;0;0
"13/04/2013";"15:36:00";"1316";"sem vítima";"131,1";"BR-116/PR";"Norte";"Colisão Transversal";2;0;0;0;0;0;0;0;0;0;2;0;0;0;0
"13/04/2013";"16:17:00";"1320";"sem vítima";"162,6";"BR-116/SC";"Norte";"Colisão Lateral";1;0;1;0;0;0;0;0;0;0;5;0;0;0;0
"13/04/2013";"17:35:00";"1326";"sem vítima";"167,75";"BR-116/SC";"Norte";"Colisão Transversal";2;0;0;0;0;0;0;0;0;0;4;0;0;0;0
"13/04/2013";"17:49:00";"1329";"sem vítima";"211,1";"BR-116/PR";"Sul";"Colisão Lateral";1;0;1;0;0;0;0;0;0;0;2;0;0;0;0
"14/04/2013";"00:23:00";"1346";"sem vítima";"211,5";"BR-116/PR";"Norte";"Colisão Traseira";1;0;0;0;0;1;0;0;0;0;2;0;0;0;0
"14/04/2013";"14:26:00";"1372";"sem vítima";"205";"BR-116/PR";"Sul";"Colisão Lateral";2;0;0;0;0;0;0;0;0;0;2;0;0;0;0
"14/04/2013";"15:26:00";"1374";"com vítima";"300";"BR-116/SC";"Norte";"Capotamento";1;0;0;0;0;0;0;0;0;0;0;1;0;0;0
"14/04/2013";"20:16:00";"1403";"sem vítima";"117,6";"BR-116/PR";"Sul";"Choque - Defensa, barreira ou "submarino"";1;0;0;0;0;0;0;0;0;0;1;0;0;0;0
"14/04/2013";"20:29:00";"1405";"com vítima";"66";"BR-116/SC";"Norte";"Atropelamento - Andarilho";0;0;1;0;0;0;0;0;0;0;1;0;1;0;0
"14/04/2013";"20:31:00";"1406";"com vítima";"119,4";"BR-116/PR";"Sul";"Colisão Transversal";4;0;0;0;0;0;0;0;0;0;6;0;2;0;0
"15/04/2013";"12:37:00";"1467";"sem vítima";"27,8";"BR-116/SC";"Sul";"Objeto lançado contra veículo";1;0;0;0;0;0;0;0;0;0;1;0;0;0;0
"15/04/2013";"19:11:00";"1510";"sem vítima";"126,3";"BR-116/PR";"Sul";"Choque - Veiculo parado na pista";3;0;0;0;0;0;0;0;0;0;3;0;0;0;0
"15/04/2013";"19:28:00";"1511";"com vítima";"168,1";"BR-116/PR";"Sul";"Atropelamento de Animal";0;0;0;1;0;0;0;0;0;0;0;1;0;0;0
"15/04/2013";"19:58:00";"1515";"sem vítima";"134";"BR-116/PR";"Sul";"Saida de Pista";1;0;0;0;0;0;0;0;0;0;1;0;0;0;0
"16/04/2013";"10:18:00";"1574";"sem vítima";"122,8";"BR-116/PR";"Sul";"Objeto lançado contra veículo";1;0;0;0;0;0;0;0;0;0;1;0;0;0;0
"16/04/2013";"10:59:00";"1581";"sem vítima";"184,3";"BR-116/SC";"Sul";"Colisão Transversal";0;0;3;0;0;0;0;0;0;0;6;0;0;0;0
"16/04/2013";"13:05:00";"1596";"sem vítima";"308,7";"BR-116/SC";"Sul";"Objeto lançado contra veículo";1;0;0;0;0;0;0;0;0;0;1;0;0;0;0
"16/04/2013";"14:51:00";"1602";"sem vítima";"173";"BR-116/SC";"Norte";"Colisão Traseira";2;0;0;0;0;0;0;0;0;0;2;0;0;0;0
"16/04/2013";"15:20:00";"1605";"sem vítima";"137";"BR-116/SC";"Norte";"Capotamento";1;0;0;0;0;0;0;0;0;0;1;0;0;0;0
"16/04/2013";"15:29:00";"1607";"sem vítima";"37,8";"BR-116/SC";"Sul";"Objeto lançado contra veículo";1;0;0;0;0;0;0;0;0;0;1;0;0;0;0
"16/04/2013";"18:59:00";"1633";"sem vítima";"159,5";"BR-116/PR";"Sul";"Colisão Transversal";1;0;0;0;1;0;0;0;0;0;6;0;0;0;0
"17/04/2013";"01:31:00";"1652";"sem vítima";"139";"BR-116/PR";"Norte";"Atropelamento de Animal";1;0;0;0;0;0;0;0;0;0;1;0;0;0;0
"17/04/2013";"07:32:00";"1669";"sem vítima";"125";"BR-116/PR";"Norte";"Queda de Moto";0;0;0;1;0;0;0;0;0;0;2;0;0;0;0
"17/04/2013";"12:59:00";"1695";"com vítima";"77,5";"BR-116/SC";"Sul";"Saida de Pista";1;0;0;0;0;1;0;0;0;0;1;1;0;0;0
"17/04/2013";"14:47:00";"1706";"com vítima";"115";"BR-116/PR";"Norte";"Colisão Lateral";0;0;1;1;0;0;0;0;0;0;1;1;0;0;0
"17/04/2013";"15:15:00";"1711";"sem vítima";"204";"BR-116/PR";"Norte";"Choque - Defensa, barreira ou "submarino"";0;0;1;0;0;0;0;0;0;0;1;0;0;0;0
"17/04/2013";"16:12:00";"1716";"com vítima";"39,4";"BR-116/SC";"Norte";"Colisão Lateral";0;0;2;0;0;0;0;0;0;0;1;1;0;0;0
"17/04/2013";"16:52:00";"1717";"com vítima";"117,4";"BR-116/PR";"Sul";"Queda de Moto";0;0;0;1;0;0;0;0;0;0;0;0;1;0;0
"17/04/2013";"18:55:00";"1729";"com vítima";"17,78";"BR-116/SC";"Sul";"Colisão Frontal";3;0;0;0;0;0;0;0;0;0;2;0;0;1;1
"18/04/2013";"00:27:00";"1745";"com vítima";"262";"BR-116/SC";"Norte";"Saida de Pista";1;0;0;0;0;0;0;0;0;0;0;1;0;0;0
"18/04/2013";"03:57:00";"1749";"sem vítima";"233,8";"BR-116/SC";"Norte";"Saida de Pista";0;0;1;0;0;0;0;0;0;0;1;0;0;0;0
"18/04/2013";"07:14:00";"1755";"sem vítima";"119";"BR-116/PR";"Norte";"Colisão Transversal";1;0;1;0;0;0;0;0;0;0;2;0;0;0;0
"18/04/2013";"11:18:00";"1789";"sem vítima";"133,3";"BR-116/PR";"Norte";"Colisão Traseira";2;0;0;0;0;0;0;0;0;0;2;0;0;0;0
"18/04/2013";"19:11:00";"1838";"sem vítima";"47,9";"BR-116/SC";"Norte";"Colisão Lateral";0;0;1;0;0;0;0;0;1;0;2;0;0;0;0
"18/04/2013";"22:54:00";"1855";"sem vítima";"148,2";"BR-116/PR";"Sul";"Colisão Lateral";1;0;1;0;0;0;0;0;0;0;2;0;0;0;0
"19/04/2013";"14:06:00";"1913";"sem vítima";"217";"BR-116/SC";"Norte";"Colisão Traseira";1;0;1;0;0;0;0;0;0;0;2;0;0;0;0
"19/04/2013";"16:22:00";"1930";"sem vítima";"264";"BR-116/SC";"Norte";"Objeto lançado contra veículo";0;0;1;0;0;0;0;0;0;0;1;0;0;0;0
"19/04/2013";"18:34:00";"1949";"sem vítima";"115,4";"BR-116/PR";"Norte";"Colisão Traseira";1;0;0;1;0;0;0;0;0;0;2;0;0;0;0
"19/04/2013";"18:46:00";"1952";"sem vítima";"132";"BR-116/PR";"Sul";"Objeto lançado contra veículo";1;0;0;0;0;0;0;0;0;0;3;0;0;0;0
"19/04/2013";"19:12:00";"1956";"sem vítima";"231";"BR-116/SC";"Sul";"Choque - Objeto sobre a pista";1;0;0;0;0;0;0;0;0;0;2;0;0;0;0
"19/04/2013";"19:58:00";"1962";"sem vítima";"172";"BR-116/SC";"Norte";"Objeto lançado contra veículo";1;0;0;0;0;0;0;0;0;0;1;0;0;0;0
"19/04/2013";"21:07:00";"1967";"sem vítima";"16,4";"BR-116/SC";"Norte";"Saida de Pista";1;0;0;0;0;0;0;0;0;0;1;0;0;0;0
"19/04/2013";"22:55:00";"1976";"sem vítima";"207";"BR-116/PR";"Sul";"Objeto lançado contra veículo";1;0;0;0;0;0;0;0;0;0;1;0;0;0;0
"20/04/2013";"10:57:00";"2020";"com vítima";"107,8";"BR-116/SC";"Norte";"Tombamento";0;0;1;0;0;0;0;0;0;0;0;1;0;0;0
"20/04/2013";"13:52:00";"2029";"sem vítima";"139,8";"BR-116/SC";"Norte";"Colisão Traseira";0;0;1;0;1;0;0;0;0;0;2;0;0;0;0
"20/04/2013";"14:51:00";"2036";"com vítima";"0,5";"BR-116/SC";"Sul";"Queda de Moto";0;0;0;1;0;0;0;0;0;0;0;1;0;0;0
"20/04/2013";"14:53:00";"2037";"com vítima";"160";"BR-116/PR";"Norte";"Colisão Traseira";1;0;1;0;0;0;0;0;0;0;2;0;0;1;0
"20/04/2013";"15:03:00";"2038";"sem vítima";"131,8";"BR-116/PR";"Sul";"Colisão Transversal";2;0;0;0;0;0;0;0;0;0;5;0;0;0;0
"20/04/2013";"15:40:00";"2044";"sem vítima";"72,5";"BR-116/SC";"Norte";"Colisão Traseira";2;0;0;0;0;0;0;0;0;0;2;0;0;0;0
"20/04/2013";"15:50:00";"2045";"com vítima";"134,2";"BR-116/SC";"Norte";"Colisão Traseira";1;0;0;1;0;0;0;0;0;0;1;1;0;0;0
"20/04/2013";"20:00:00";"2065";"com vítima";"131,1";"BR-116/PR";"Norte";"Colisão Transversal";2;0;0;0;0;0;0;0;0;0;2;1;0;0;0
"20/04/2013";"20:43:00";"2069";"com vítima";"126,3";"BR-116/PR";"Norte";"Colisão Transversal";2;0;0;0;0;0;0;0;0;0;3;1;0;0;0
"20/04/2013";"21:10:00";"2070";"sem vítima";"119";"BR-116/PR";"Norte";"Colisão Transversal";2;0;0;0;0;0;0;0;0;0;2;0;0;0;0
"20/04/2013";"21:30:00";"2072";"sem vítima";"126,3";"BR-116/PR";"Sul";"Colisão Traseira";1;0;1;0;0;0;0;0;0;0;2;0;0;0;0
"21/04/2013";"00:52:00";"2083";"sem vítima";"240,7";"BR-116/SC";"Norte";"Atropelamento de Animal";1;0;0;0;0;0;0;0;0;0;3;0;0;0;0
"21/04/2013";"05:23:00";"2094";"sem vítima";"2";"BR-116/SC";"Sul";"Choque - Suporte de Sinalização";1;0;0;0;0;0;0;0;0;0;1;0;0;0;0
"21/04/2013";"10:27:00";"2113";"sem vítima";"140,9";"BR-116/SC";"Norte";"Choque - Veiculo parado no acostamento";2;0;0;0;0;0;0;0;0;0;2;0;0;0;0
"21/04/2013";"10:52:00";"2114";"com vítima";"168,5";"BR-116/PR";"Sul";"Colisão Transversal";2;0;0;0;0;0;0;0;0;0;6;1;1;0;0
"21/04/2013";"14:13:00";"2133";"sem vítima";"136,6";"BR-116/PR";"Sul";"Choque - Defensa, barreira ou "submarino"";0;0;0;0;1;0;0;0;0;0;1;0;0;0;0
"21/04/2013";"16:04:00";"2144";"com vítima";"144,008";"BR-116/SC";"Norte";"Saida de Pista";0;0;1;0;0;0;0;0;0;0;0;1;0;0;0
"21/04/2013";"16:59:00";"2151";"sem vítima";"147,6";"BR-116/PR";"Norte";"Objeto lançado contra veículo";1;0;0;0;0;0;0;0;0;0;1;0;0;0;0
"21/04/2013";"18:09:00";"2155";"sem vítima";"23,6";"BR-116/SC";"Sul";"Colisão Transversal";2;0;0;0;0;0;0;0;0;0;2;0;0;0;0
"21/04/2013";"18:25:00";"2158";"com vítima";"131,1";"BR-116/PR";"Norte";"Colisão Transversal";1;0;0;1;0;0;0;0;0;0;1;1;0;0;0
"22/04/2013";"07:07:00";"2204";"com vítima";"116,5";"BR-116/PR";"Sul";"Queda de Moto";0;0;0;1;0;0;0;0;0;0;0;2;0;0;0
"22/04/2013";"08:39:00";"2213";"sem vítima";"140,9";"BR-116/PR";"Norte";"Colisão Traseira";1;0;1;0;0;0;0;0;0;0;2;0;0;0;0
"22/04/2013";"10:43:00";"2231";"com vítima";"117";"BR-116/PR";"Norte";"Tombamento";0;0;1;0;0;0;0;0;0;0;0;1;0;0;0
"22/04/2013";"11:18:00";"2232";"sem vítima";"115";"BR-116/PR";"Norte";"Colisão Traseira";2;0;1;0;0;0;0;0;0;0;3;0;0;0;0
"22/04/2013";"15:28:00";"2249";"sem vítima";"173,5";"BR-116/PR";"Norte";"Objeto lançado contra veículo";1;0;0;0;0;0;0;0;0;0;3;0;0;0;0
"22/04/2013";"20:19:00";"2277";"sem vítima";"99";"BR-116/SC";"Norte";"Colisão Transversal";0;0;2;0;0;0;0;0;0;0;2;0;0;0;0
"22/04/2013";"21:10:00";"2279";"sem vítima";"114,1";"BR-116/SC";"Norte";"Saida de Pista";1;0;0;0;0;0;0;0;0;0;1;0;0;0;0
"22/04/2013";"22:19:00";"2282";"com vítima";"209,9";"BR-116/SC";"Norte";"Colisão Traseira";1;0;1;0;0;0;0;0;0;0;1;1;0;0;0
"23/04/2013";"03:26:00";"2297";"sem vítima";"189,9";"BR-116/PR";"Sul";"Colisão Traseira";2;0;0;0;0;0;0;0;0;0;2;0;0;0;0
"23/04/2013";"20:14:00";"2387";"sem vítima";"207";"BR-116/PR";"Norte";"Objeto lançado contra veículo";0;0;1;0;0;0;0;0;0;0;1;0;0;0;0
"24/04/2013";"05:48:00";"2411";"com vítima";"124,8";"BR-116/SC";"Norte";"Saida de Pista";0;0;1;0;0;0;0;0;0;0;0;1;0;0;0
"24/04/2013";"08:54:00";"2427";"sem vítima";"152";"BR-116/SC";"Norte";"Objeto lançado contra veículo";0;0;1;0;0;0;0;0;0;0;1;0;0;0;0
"24/04/2013";"10:10:00";"2436";"sem vítima";"42";"BR-116/SC";"Sul";"Objeto lançado contra veículo";0;0;1;0;0;0;0;0;0;0;1;0;0;0;0
"24/04/2013";"14:39:00";"2458";"com vítima";"128,2";"BR-116/PR";"Norte";"Choque - Veiculo parado na pista";0;0;1;1;0;0;0;0;0;0;1;1;0;0;0
"24/04/2013";"17:56:00";"2489";"com vítima";"208,2";"BR-116/PR";"Norte";"Atropelamento - Usuário";1;0;0;0;0;0;0;0;0;0;1;0;0;1;0
"25/04/2013";"07:39:00";"2525";"sem vítima";"125,2";"BR-116/PR";"Norte";"Colisão Lateral";1;0;1;0;0;0;0;0;0;0;3;0;0;0;0
"25/04/2013";"09:51:00";"2543";"sem vítima";"10";"BR-116/SC";"Norte";"Colisão Traseira";1;0;2;0;0;0;0;0;0;0;3;0;0;0;0
"25/04/2013";"09:59:00";"2544";"sem vítima";"81,6";"BR-116/SC";"Sul";"Colisão Traseira";1;0;1;0;0;0;0;0;0;0;2;0;0;0;0
"25/04/2013";"10:22:00";"2551";"sem vítima";"74,5";"BR-116/SC";"Norte";"Saida de Pista";1;0;0;0;0;0;0;0;0;0;1;0;0;0;0
"25/04/2013";"11:23:00";"2560";"sem vítima";"5,8";"BR-116/SC";"Norte";"Colisão Transversal";0;0;1;0;0;0;0;0;0;1;3;0;0;0;0
"25/04/2013";"12:03:00";"2562";"sem vítima";"129";"BR-116/SC";"Sul";"Colisão Traseira";0;0;2;0;0;0;0;0;0;0;2;0;0;0;0
"25/04/2013";"12:56:00";"2567";"sem vítima";"131,9";"BR-116/PR";"Sul";"Objeto lançado contra veículo";1;0;0;0;0;0;0;0;0;0;1;0;0;0;0
"25/04/2013";"15:38:00";"2589";"sem vítima";"139,3";"BR-116/PR";"Norte";"Objeto lançado contra veículo";1;0;0;0;0;0;0;0;0;0;1;0;0;0;0
"25/04/2013";"15:59:00";"2590";"sem vítima";"211,7";"BR-116/SC";"Sul";"Colisão Traseira";0;0;2;0;0;0;0;0;0;0;2;0;0;0;0
"25/04/2013";"16:33:00";"2597";"sem vítima";"233";"BR-116/SC";"Norte";"Choque - Cancela de Pedagio";0;0;1;0;0;0;0;0;0;0;1;0;0;0;0
"25/04/2013";"20:16:00";"2619";"sem vítima";"42,2";"BR-116/SC";"Norte";"Objeto lançado contra veículo";0;0;1;0;0;0;0;0;0;0;1;0;0;0;0
"25/04/2013";"22:07:00";"2626";"sem vítima";"153,2";"BR-116/SC";"Norte";"Choque - Objeto sobre a pista";0;0;1;0;0;0;0;0;0;0;1;0;0;0;0
"26/04/2013";"00:39:00";"2633";"sem vítima";"108,9";"BR-116/SC";"Norte";"Choque - Objeto sobre a pista";1;0;0;0;0;0;0;0;0;0;2;0;0;0;0
"26/04/2013";"04:03:00";"2638";"com vítima";"76,8";"BR-116/SC";"Norte";"Choque - Defensa, barreira ou "submarino"";1;0;0;0;0;0;0;0;0;0;0;1;0;0;0
"26/04/2013";"07:39:00";"2650";"sem vítima";"125,2";"BR-116/PR";"Norte";"Colisão Lateral";1;0;1;0;0;0;0;0;0;0;2;0;0;0;0
"26/04/2013";"08:14:00";"2656";"com vítima";"115,1";"BR-116/PR";"Sul";"Colisão Lateral";0;0;0;1;0;1;0;0;0;0;1;1;0;0;0
"26/04/2013";"10:21:00";"2670";"sem vítima";"249,8";"BR-116/SC";"Norte";"Colisão Traseira";1;0;0;0;0;0;0;0;0;1;6;0;0;0;0
"26/04/2013";"12:00:00";"2680";"sem vítima";"233";"BR-116/SC";"Norte";"Objeto lançado contra veículo";1;0;0;0;0;0;0;0;0;0;1;0;0;0;0
"26/04/2013";"15:01:00";"2693";"com vítima";"115,5";"BR-116/PR";"Norte";"Colisão Lateral";0;0;0;1;0;1;0;0;0;0;1;0;1;0;0
"26/04/2013";"17:51:00";"2714";"sem vítima";"210,4";"BR-116/SC";"Sul";"Saida de Pista";1;0;1;0;0;0;0;0;0;0;5;0;0;0;0
"26/04/2013";"20:44:00";"2732";"sem vítima";"152,5";"BR-116/PR";"Sul";"Choque - Objeto sobre a pista";1;0;0;0;0;0;0;0;0;0;4;0;0;0;0
"26/04/2013";"20:44:00";"2731";"sem vítima";"142";"BR-116/PR";"Norte";"Choque - Objeto sobre a pista";1;0;0;0;0;0;0;0;0;0;1;0;0;0;0
"26/04/2013";"20:53:00";"2733";"sem vítima";"142";"BR-116/PR";"Norte";"Choque - Objeto sobre a pista";1;0;0;0;0;0;0;0;0;0;1;0;0;0;0
"27/04/2013";"00:53:00";"2743";"sem vítima";"124";"BR-116/PR";"Sul";"Objeto lançado contra veículo";1;0;0;0;0;0;0;0;0;0;1;0;0;0;0
"27/04/2013";"05:06:00";"2759";"sem vítima";"136,6";"BR-116/PR";"Norte";"Colisão Transversal";1;0;1;0;0;0;0;0;0;0;2;0;0;0;0
"27/04/2013";"06:52:00";"2764";"com vítima";"119,4";"BR-116/PR";"Sul";"Colisão Transversal";3;0;0;0;0;0;0;0;0;0;2;1;0;0;0
"27/04/2013";"08:50:00";"2774";"sem vítima";"74";"BR-116/SC";"Sul";"Objeto lançado contra veículo";1;0;0;0;0;0;0;0;0;0;1;0;0;0;0
"27/04/2013";"09:23:00";"2779";"sem vítima";"116,6";"BR-116/PR";"Sul";"Tombamento";0;0;1;0;0;0;0;0;0;0;1;0;0;0;0
"27/04/2013";"10:08:00";"2782";"sem vítima";"82";"BR-116/SC";"Sul";"Choque - Suporte de Sinalização";0;0;1;0;0;0;0;0;0;0;1;0;0;0;0
"27/04/2013";"12:15:00";"2789";"sem vítima";"75,6";"BR-116/SC";"Sul";"Objeto lançado contra veículo";0;0;1;0;0;0;0;0;0;0;1;0;0;0;0
"27/04/2013";"17:18:00";"2816";"com vítima";"159";"BR-116/PR";"Norte";"Capotamento";1;0;0;0;0;0;0;0;0;0;2;1;0;0;0
"27/04/2013";"18:02:00";"2821";"com vítima";"123";"BR-116/PR";"Sul";"Saida de Pista";1;0;0;0;0;0;0;0;0;0;0;2;0;0;0
"28/04/2013";"12:17:00";"2881";"sem vítima";"74";"BR-116/SC";"Sul";"Objeto lançado contra veículo";0;0;0;0;0;0;0;0;0;1;3;0;0;0;0
"28/04/2013";"13:29:00";"2885";"sem vítima";"0";"BR-116/SC";"Norte";"Colisão Lateral";2;0;0;0;0;0;0;0;0;0;2;0;0;0;0
"28/04/2013";"16:36:00";"2906";"com vítima";"160,2";"BR-116/SC";"Sul";"Colisão Frontal";2;0;0;0;0;0;0;0;0;0;0;5;0;0;0
"28/04/2013";"17:05:00";"2912";"sem vítima";"74";"BR-116/SC";"Sul";"Objeto lançado contra veículo";0;0;1;0;0;0;0;0;0;0;1;0;0;0;0
"28/04/2013";"17:14:00";"2914";"sem vítima";"145";"BR-116/PR";"Norte";"Objeto lançado contra veículo";1;0;0;0;0;0;0;0;0;0;1;0;0;0;0
"28/04/2013";"18:20:00";"2917";"sem vítima";"211";"BR-116/PR";"Norte";"Colisão Traseira";1;0;1;0;0;0;0;0;0;0;2;0;0;0;0
"28/04/2013";"19:11:00";"2927";"com vítima";"122,04";"BR-116/PR";"Norte";"Colisão Frontal";1;0;0;1;0;0;0;0;0;0;1;0;0;1;0
"28/04/2013";"19:48:00";"2930";"sem vítima";"70";"BR-116/SC";"Sul";"Objeto lançado contra veículo";1;0;0;0;0;0;0;0;0;0;2;0;0;0;0
"29/04/2013";"06:33:00";"2959";"sem vítima";"125,5";"BR-116/PR";"Norte";"Colisão Traseira";1;0;0;1;0;0;0;0;0;0;3;0;0;0;0
"29/04/2013";"07:30:00";"2963";"sem vítima";"129,4";"BR-116/PR";"Sul";"Colisão Traseira";2;0;0;0;0;0;0;0;0;0;2;0;0;0;0
"29/04/2013";"17:34:00";"3025";"sem vítima";"12";"BR-116/SC";"Norte";"Outros - Sequência";0;0;1;0;0;0;0;0;0;0;1;0;0;0;0
"29/04/2013";"18:00:00";"3031";"com vítima";"163,3";"BR-116/PR";"Sul";"Colisão Traseira";0;0;0;1;0;0;0;0;0;1;1;0;0;1;0
"29/04/2013";"18:59:00";"3040";"sem vítima";"168";"BR-116/PR";"Norte";"Choque - Objeto sobre a pista";1;0;0;0;0;0;0;0;0;0;1;0;0;0;0
"29/04/2013";"19:06:00";"3041";"sem vítima";"140,9";"BR-116/PR";"Norte";"Colisão Traseira";2;0;0;0;0;0;0;0;0;0;3;0;0;0;0
"30/04/2013";"08:35:00";"3081";"sem vítima";"120";"BR-116/PR";"Norte";"Colisão Traseira";2;0;0;0;0;0;0;0;0;0;2;0;0;0;0
"30/04/2013";"10:42:00";"3094";"sem vítima";"130";"BR-116/PR";"Sul";"Colisão Traseira";1;0;0;1;0;0;0;0;0;0;2;0;0;0;0
"30/04/2013";"19:40:00";"3135";"com vítima";"11,5";"BR-116/SC";"Norte";"Colisão Traseira";0;0;2;0;0;0;0;0;0;1;7;2;0;0;0
"30/04/2013";"19:45:00";"3137";"sem vítima";"206";"BR-116/PR";"Norte";"Objeto lançado contra veículo";0;0;1;0;0;0;0;0;0;0;1;0;0;0;0
"30/04/2013";"21:00:00";"3143";"sem vítima";"205,8";"BR-116/PR";"Sul";"Objeto lançado contra veículo";0;0;1;0;0;0;0;0;0;0;1;0;0;0;0
"30/04/2013";"21:42:00";"3147";"sem vítima";"8,2";"BR-116/SC";"Sul";"Colisão Lateral";1;0;0;0;0;1;0;0;0;0;4;0;0;0;0
"01/05/2013";"05:58:00";"13";"sem vítima";"4,5";"BR-116/SC";"Norte";"Choque - Objeto sobre a pista";1;0;0;0;0;0;0;0;0;0;3;0;0;0;0
"01/05/2013";"06:49:00";"18";"sem vítima";"181,3";"BR-116/SC";"Norte";"Capotamento";1;0;0;0;0;0;0;0;0;0;1;0;0;0;0
"01/05/2013";"08:09:00";"23";"sem vítima";"115,4";"BR-116/PR";"Sul";"Colisão Traseira";2;0;0;0;0;0;0;0;0;1;3;0;0;0;0
"01/05/2013";"09:08:00";"27";"sem vítima";"125";"BR-116/PR";"Sul";"Engavetamento";3;0;0;0;0;0;0;0;0;0;10;0;0;0;0
"01/05/2013";"12:12:00";"44";"sem vítima";"225,8";"BR-116/SC";"Sul";"Colisão Traseira";1;0;0;0;0;1;0;0;0;0;5;0;0;0;0
"01/05/2013";"17:27:00";"64";"com vítima";"133,3";"BR-116/SC";"Norte";"Queda de Moto";0;0;0;1;0;0;0;0;0;0;0;0;2;0;0
"01/05/2013";"18:28:00";"73";"sem vítima";"232,8";"BR-116/SC";"Sul";"Objeto lançado contra veículo";0;0;1;0;0;0;0;0;0;0;1;0;0;0;0
"01/05/2013";"20:27:00";"86";"sem vítima";"232,15";"BR-116/SC";"Sul";"Choque - Objeto sobre a pista";1;0;0;0;0;0;0;0;0;0;2;0;0;0;0
"02/05/2013";"04:46:00";"110";"sem vítima";"121,3";"BR-116/PR";"Norte";"Colisão Lateral";0;0;0;0;0;1;0;0;0;1;3;0;0;0;0