data;horario;n_da_ocorrencia;tipo_de_ocorrencia;km;trecho;sentido;tipo_de_acidente;automovel;bicicleta;caminhao;moto;onibus;outros;tracao_animal;transporte_de_cargas_especiais;trator_maquinas;utilitarios;ilesos;levemente_feridos;moderadamente_feridos;gravemente_feridos;mortos
"26/05/2013";"05:32:00";"2569";"sem vítima";"172,9";"BR-116/SC";"Norte";"Saida de Pista";1;0;0;0;0;0;0;0;0;0;4;0;0;0;0
"26/05/2013";"18:39:00";"2627";"sem vítima";"91,6";"BR-116/SC";"Sul";"Colisão Lateral";2;0;0;0;0;0;0;0;0;0;5;0;0;0;0
"26/05/2013";"19:17:00";"2633";"sem vítima";"152";"BR-116/SC";"Sul";"Choque - Objeto sobre a pista";0;0;1;0;0;0;0;0;0;0;1;0;0;0;0
"26/05/2013";"23:12:00";"2655";"sem vítima";"117,6";"BR-116/PR";"Sul";"Saida de Pista";1;0;0;0;0;0;0;0;0;0;1;0;0;0;0
"27/05/2013";"07:25:00";"2663";"sem vítima";"125,1";"BR-116/PR";"Norte";"Colisão Lateral";1;0;1;0;0;0;0;0;0;0;5;0;0;0;0
"27/05/2013";"08:17:00";"2671";"com vítima";"193,8";"BR-116/PR";"Norte";"Saida de Pista";1;0;0;0;0;0;0;0;0;0;2;1;0;0;0
"27/05/2013";"08:59:00";"2674";"sem vítima";"1";"BR-116/SC";"Norte";"Colisão Traseira";2;0;0;0;0;0;0;0;0;0;2;0;0;0;0
"27/05/2013";"12:39:00";"2693";"sem vítima";"63,7";"BR-116/SC";"Norte";"Atropelamento de Animal";1;0;0;0;0;0;0;0;0;0;3;0;0;0;0
"27/05/2013";"17:30:00";"2717";"com vítima";"120";"BR-116/PR";"Sul";"Colisão Transversal";0;0;1;1;0;0;0;0;0;0;2;0;0;1;0
"27/05/2013";"18:34:00";"2721";"com vítima";"166,95";"BR-116/PR";"Sul";"Choque - Veiculo parado no acostamento";0;0;0;1;0;1;0;0;0;0;1;0;1;0;0
"28/05/2013";"07:36:00";"2748";"sem vítima";"59,4";"BR-116/SC";"Norte";"Saida de Pista";1;0;0;0;0;0;0;0;0;0;1;0;0;0;0
"28/05/2013";"09:44:00";"2760";"sem vítima";"240";"BR-116/SC";"Sul";"Objeto lançado contra veículo";1;0;0;0;0;0;0;0;0;0;2;0;0;0;0
"28/05/2013";"12:41:00";"2776";"sem vítima";"115";"BR-116/PR";"Norte";"Colisão Traseira";2;0;0;0;0;0;0;0;0;0;2;0;0;0;0
"28/05/2013";"16:19:00";"2793";"sem vítima";"202";"BR-116/PR";"Sul";"Saida de Pista";1;0;0;0;0;0;0;0;0;0;1;0;0;0;0
"28/05/2013";"18:35:00";"2800";"sem vítima";"127,5";"BR-116/PR";"Sul";"Engavetamento";1;0;0;0;0;0;0;0;0;2;4;0;0;0;0
"28/05/2013";"18:50:00";"2801";"sem vítima";"180,9";"BR-116/SC";"Norte";"Saida de Pista";1;0;0;0;0;0;0;0;0;0;1;0;0;0;0
"28/05/2013";"19:14:00";"2803";"com vítima";"211,4";"BR-116/PR";"Sul";"Saida de Pista";0;0;0;1;0;0;0;0;0;0;0;0;0;1;0
"29/05/2013";"07:41:00";"2835";"com vítima";"275,7";"BR-116/SC";"Norte";"Queda de Moto";0;0;0;1;0;0;0;0;0;0;0;1;0;0;0
"29/05/2013";"11:38:00";"2871";"sem vítima";"134";"BR-116/PR";"Norte";"Choque - Outros";0;0;0;0;0;1;0;0;0;0;1;0;0;0;0
"29/05/2013";"12:05:00";"2873";"sem vítima";"161,9";"BR-116/PR";"Norte";"Choque - Objeto sobre a pista";1;0;0;0;0;0;0;0;0;0;1;0;0;0;0
"29/05/2013";"13:09:00";"2876";"com vítima";"172";"BR-116/SC";"Norte";"Colisão Frontal";2;0;0;0;0;0;0;0;0;0;3;2;0;0;0
"29/05/2013";"19:49:00";"2917";"com vítima";"7,1";"BR-116/SC";"Norte";"Colisão Transversal";1;0;0;1;0;0;0;0;0;0;1;0;1;0;0
"29/05/2013";"20:07:00";"2918";"sem vítima";"169,7";"BR-116/SC";"Norte";"Colisão Traseira";1;0;1;0;0;0;0;0;0;0;5;0;0;0;0
"29/05/2013";"20:48:00";"2925";"sem vítima";"79,9";"BR-116/SC";"Sul";"Choque - Objeto sobre a pista";1;0;0;0;0;0;0;0;0;0;4;0;0;0;0
"29/05/2013";"22:16:00";"2936";"sem vítima";"202,2";"BR-116/SC";"Sul";"Colisão Lateral";1;0;0;0;0;1;0;0;0;0;2;0;0;0;0
"30/05/2013";"00:22:00";"2940";"sem vítima";"81";"BR-116/SC";"Norte";"Choque - Objeto sobre a pista";1;0;0;0;0;0;0;0;0;0;2;0;0;0;0
"30/05/2013";"05:50:00";"2952";"sem vítima";"204";"BR-116/PR";"Sul";"Choque - Veiculo parado no acostamento";0;0;1;0;0;1;0;0;0;0;2;0;0;0;0
"30/05/2013";"09:27:00";"2975";"com vítima";"139";"BR-116/SC";"Sul";"Colisão Transversal";0;0;1;1;0;0;0;0;0;0;3;1;0;0;0
"30/05/2013";"11:23:00";"2979";"sem vítima";"152";"BR-116/PR";"Sul";"Objeto lançado contra veículo";1;0;0;0;0;0;0;0;0;0;1;0;0;0;0
"30/05/2013";"11:32:00";"2980";"sem vítima";"204";"BR-116/SC";"Norte";"Objeto lançado contra veículo";0;0;0;0;0;0;0;0;0;1;1;0;0;0;0
"30/05/2013";"14:38:00";"2990";"sem vítima";"4,5";"BR-116/SC";"Norte";"Colisão Traseira";2;0;0;0;0;0;0;0;0;0;2;0;0;0;0
"30/05/2013";"15:23:00";"2993";"sem vítima";"160";"BR-116/SC";"Norte";"Choque - Objeto sobre a pista";1;0;0;0;0;0;0;0;0;0;2;0;0;0;0
"30/05/2013";"19:10:00";"3021";"sem vítima";"168,3";"BR-116/SC";"Sul";"Choque - Veiculo parado na pista";1;0;0;0;0;1;0;0;0;0;6;0;0;0;0
"30/05/2013";"19:21:00";"3022";"com vítima";"31,7";"BR-116/SC";"Sul";"Saida de Pista";1;0;0;0;0;0;0;0;0;0;1;0;3;0;0
"30/05/2013";"21:12:00";"3025";"sem vítima";"270,2";"BR-116/SC";"Sul";"Atropelamento de Animal";1;0;0;0;0;0;0;0;0;0;1;0;0;0;0
"30/05/2013";"21:45:00";"3029";"sem vítima";"241,05";"BR-116/SC";"Norte";"Atropelamento de Animal";1;0;0;0;0;0;0;0;0;0;1;0;0;0;0
"30/05/2013";"22:08:00";"3033";"sem vítima";"189";"BR-116/SC";"Norte";"Choque - Objeto sobre a pista";0;0;0;0;0;0;0;0;0;1;1;0;0;0;0
"31/05/2013";"16:53:00";"3092";"sem vítima";"128,15";"BR-116/PR";"Norte";"Choque - Veiculo parado na pista";1;0;1;0;0;0;0;0;0;0;3;0;0;0;0
"31/05/2013";"19:26:00";"3104";"sem vítima";"7";"BR-116/SC";"Norte";"Choque - Veiculo parado na pista";1;0;0;1;0;0;0;0;0;0;3;0;0;0;0
"31/05/2013";"20:01:00";"3109";"com vítima";"137,8";"BR-116/SC";"Norte";"Colisão Frontal";2;0;0;0;0;0;0;0;0;0;1;1;4;0;0
"01/06/2013";"05:29:00";"11";"sem vítima";"123,1";"BR-116/PR";"Norte";"Saida de Pista";0;0;1;0;0;0;0;0;0;0;2;0;0;0;0
"01/06/2013";"08:04:00";"19";"sem vítima";"100";"BR-116/SC";"Sul";"Objeto lançado contra veículo";0;0;1;0;0;0;0;0;0;0;1;0;0;0;0
"01/06/2013";"10:39:00";"31";"sem vítima";"218";"BR-116/SC";"Norte";"Colisão Transversal";2;0;0;0;0;0;0;0;0;0;4;0;0;0;0
"01/06/2013";"14:43:00";"50";"sem vítima";"211,08";"BR-116/PR";"Norte";"Choque - Objeto sobre a pista";1;0;0;0;0;0;0;0;0;0;1;0;0;0;0
"01/06/2013";"15:51:00";"56";"sem vítima";"262";"BR-116/SC";"Sul";"Saida de Pista";1;0;0;0;0;0;0;0;0;0;1;0;0;0;0
"01/06/2013";"15:53:00";"57";"sem vítima";"10,5";"BR-116/SC";"Sul";"Saida de Pista";1;0;0;0;0;0;0;0;0;0;1;0;0;0;0
"01/06/2013";"18:38:00";"68";"com vítima";"167,9";"BR-116/PR";"Sul";"Colisão Transversal";1;0;0;1;0;0;0;0;0;0;4;2;0;0;0
"01/06/2013";"20:38:00";"79";"com vítima";"5,7";"BR-116/SC";"Sul";"Atropelamento - Morador";1;0;0;0;0;0;0;0;0;0;2;0;0;0;1
"01/06/2013";"21:43:00";"82";"com vítima";"36,3";"BR-116/SC";"Norte";"Colisão Frontal";2;0;0;0;0;0;0;0;0;0;0;1;2;0;0
"01/06/2013";"21:51:00";"83";"sem vítima";"201,5";"BR-116/PR";"Sul";"Saida de Pista";1;0;0;0;0;0;0;0;0;0;5;0;0;0;0
"01/06/2013";"23:26:00";"89";"com vítima";"222,5";"BR-116/SC";"Norte";"Saida de Pista";1;0;0;0;0;0;0;0;0;0;0;1;0;0;0
"02/06/2013";"04:22:00";"99";"com vítima";"263,09";"BR-116/SC";"Sul";"Saida de Pista";0;0;0;0;0;0;0;0;0;1;0;2;0;0;0
"02/06/2013";"11:44:00";"135";"sem vítima";"2,2";"BR-116/SC";"Norte";"Colisão Traseira";2;0;0;0;0;0;0;0;0;0;6;0;0;0;0
"02/06/2013";"17:12:00";"176";"sem vítima";"2,9";"BR-116/SC";"Norte";"Colisão Traseira";1;0;1;0;0;0;0;0;0;0;2;0;0;0;0
"02/06/2013";"17:57:00";"184";"com vítima";"126";"BR-116/PR";"Sul";"Colisão Transversal";2;0;0;0;0;0;0;0;0;0;2;3;0;0;0
"02/06/2013";"20:38:00";"192";"sem vítima";"266,04";"BR-116/SC";"Norte";"Colisão Lateral";1;0;0;1;0;0;0;0;0;0;2;0;0;0;0
"03/06/2013";"08:19:00";"236";"com vítima";"125,3";"BR-116/PR";"Norte";"Colisão Lateral";1;0;0;1;0;0;0;0;0;0;3;1;0;0;0
"03/06/2013";"12:54:00";"275";"sem vítima";"176,5";"BR-116/PR";"Norte";"Saida de Pista";1;0;0;0;0;0;0;0;0;0;1;0;0;0;0
"03/06/2013";"14:18:00";"286";"sem vítima";"120,95";"BR-116/PR";"Norte";"Colisão Lateral";0;0;1;0;1;0;0;0;0;0;42;0;0;0;0
"03/06/2013";"16:49:00";"312";"sem vítima";"226";"BR-116/SC";"Sul";"Objeto lançado contra veículo";1;0;0;0;0;0;0;0;0;0;1;0;0;0;0
"03/06/2013";"23:35:00";"338";"sem vítima";"65,5";"BR-116/SC";"Norte";"Saida de Pista";1;0;0;0;0;0;0;0;0;0;1;0;0;0;0
"04/06/2013";"06:13:00";"346";"sem vítima";"35";"BR-116/SC";"Sul";"Atropelamento de Animal";0;0;1;0;0;0;0;0;0;0;1;0;0;0;0
"04/06/2013";"13:04:00";"388";"sem vítima";"4,5";"BR-116/SC";"Norte";"Outros";1;0;0;0;0;0;0;0;0;0;1;0;0;0;0
"04/06/2013";"17:28:00";"416";"sem vítima";"139,8";"BR-116/PR";"Norte";"Choque - Objeto sobre a pista";1;0;0;0;0;0;0;0;0;0;1;0;0;0;0
"04/06/2013";"18:14:00";"427";"sem vítima";"117";"BR-116/PR";"Norte";"Colisão Lateral";1;0;1;0;0;0;0;0;0;0;5;0;0;0;0
"05/06/2013";"11:30:00";"498";"sem vítima";"117,4";"BR-116/PR";"Sul";"Colisão Lateral";1;0;1;0;0;0;0;0;0;0;2;0;0;0;0
"05/06/2013";"17:15:00";"522";"sem vítima";"171";"BR-116/SC";"Norte";"Colisão Transversal";2;0;0;0;0;0;0;0;0;0;5;0;0;0;0
"05/06/2013";"18:07:00";"530";"com vítima";"4,4";"BR-116/SC";"Sul";"Atropelamento de Animal";0;0;0;1;0;0;0;0;0;0;0;1;0;0;0
"05/06/2013";"19:25:00";"534";"sem vítima";"119,7";"BR-116/PR";"Sul";"Colisão Traseira";1;0;0;0;0;1;0;0;0;0;2;0;0;0;0
"06/06/2013";"08:08:00";"565";"sem vítima";"49";"BR-116/SC";"Norte";"Choque - Veiculo parado na pista";2;0;0;0;0;0;0;0;0;0;2;0;0;0;0
"06/06/2013";"13:31:00";"607";"sem vítima";"69,3";"BR-116/SC";"Sul";"Atropelamento de Animal";1;0;0;0;0;0;0;0;0;0;1;0;0;0;0
"06/06/2013";"14:16:00";"614";"sem vítima";"203,6";"BR-116/PR";"Norte";"Colisão Traseira";1;0;1;0;0;0;0;0;0;0;3;0;0;0;0
"07/06/2013";"10:23:00";"692";"sem vítima";"221,2";"BR-116/SC";"Sul";"Colisão Traseira";1;0;1;0;0;0;0;0;0;0;2;0;0;0;0
"07/06/2013";"13:22:00";"708";"com vítima";"231,4";"BR-116/SC";"Norte";"Saida de Pista";0;0;0;0;0;0;0;0;0;1;0;2;0;0;0
"07/06/2013";"14:04:00";"714";"com vítima";"140,2";"BR-116/PR";"Norte";"Colisão Transversal";3;0;0;0;0;0;0;0;0;0;6;1;0;0;0
"07/06/2013";"14:36:00";"717";"sem vítima";"12";"BR-116/SC";"Norte";"Colisão Transversal";0;0;2;0;0;0;0;0;0;0;2;0;0;0;0
"07/06/2013";"17:01:00";"737";"sem vítima";"160,1";"BR-116/PR";"Norte";"Atropelamento - Usuário";1;0;0;0;0;0;0;0;0;0;3;0;0;0;0
"07/06/2013";"19:15:00";"751";"com vítima";"8,6";"BR-116/SC";"Norte";"Colisão Lateral";2;0;0;0;0;0;0;0;0;0;1;1;0;0;0
"07/06/2013";"19:46:00";"754";"sem vítima";"139,6";"BR-116/SC";"Sul";"Choque - Objeto sobre a pista";0;0;1;0;0;0;0;0;0;0;1;0;0;0;0
"07/06/2013";"20:59:00";"763";"sem vítima";"281,7";"BR-116/SC";"Norte";"Atropelamento de Animal";0;0;1;0;0;0;0;0;0;0;1;0;0;0;0
"08/06/2013";"02:29:00";"779";"com vítima";"116,3";"BR-116/PR";"Sul";"Choque - Defensa, barreira ou "submarino"";0;0;0;1;0;0;0;0;0;0;0;1;0;0;0
"08/06/2013";"05:31:00";"786";"sem vítima";"67,7";"BR-116/SC";"Norte";"Saida de Pista";0;0;1;0;0;0;0;0;0;0;1;0;0;0;0
"08/06/2013";"12:37:00";"818";"sem vítima";"245,2";"BR-116/SC";"Norte";"Colisão Transversal";1;0;1;0;0;0;0;0;0;0;3;0;0;0;0
"08/06/2013";"14:08:00";"823";"sem vítima";"134";"BR-116/PR";"Sul";"Choque - Veiculo parado na pista";2;0;0;0;0;0;0;0;0;0;8;0;0;0;0
"08/06/2013";"16:07:00";"839";"sem vítima";"162";"BR-116/PR";"Sul";"Objeto lançado contra veículo";1;0;0;0;0;0;0;0;0;0;1;0;0;0;0
"08/06/2013";"18:52:00";"857";"sem vítima";"260";"BR-116/SC";"Sul";"Saida de Pista";1;0;0;0;0;0;0;0;0;0;5;0;0;0;0
"09/06/2013";"02:42:00";"873";"sem vítima";"9,15";"BR-116/SC";"Norte";"Saida de Pista";1;0;0;0;0;0;0;0;0;0;1;0;0;0;0
"09/06/2013";"05:07:00";"877";"sem vítima";"242,8";"BR-116/SC";"Sul";"Saida de Pista";1;0;0;0;0;0;0;0;0;0;2;0;0;0;0
"09/06/2013";"06:34:00";"878";"com vítima";"118,9";"BR-116/PR";"Norte";"Colisão Lateral";1;0;1;0;0;0;0;0;0;0;1;1;0;0;0
"09/06/2013";"13:57:00";"899";"com vítima";"128,2";"BR-116/PR";"Norte";"Choque - Veiculo parado na pista";3;0;0;0;0;0;0;0;0;0;2;2;0;0;0
"09/06/2013";"15:52:00";"908";"sem vítima";"85,5";"BR-116/SC";"Norte";"Colisão Traseira";2;0;0;0;0;0;0;0;0;0;2;0;0;0;0
"09/06/2013";"16:28:00";"913";"sem vítima";"125,3";"BR-116/PR";"Norte";"Colisão Transversal";1;0;1;0;0;0;0;0;0;0;2;0;0;0;0
"09/06/2013";"16:35:00";"914";"sem vítima";"204";"BR-116/PR";"Norte";"Atropelamento - Morador";1;0;0;0;0;0;0;0;0;0;2;0;0;0;0
"09/06/2013";"19:53:00";"934";"sem vítima";"54";"BR-116/SC";"Sul";"Atropelamento de Animal";1;0;0;0;0;0;0;0;0;0;1;0;0;0;0
"09/06/2013";"20:00:00";"937";"com vítima";"149,1";"BR-116/PR";"Sul";"Saida de Pista";1;0;0;0;0;0;0;0;0;0;0;1;0;0;0
"09/06/2013";"23:41:00";"954";"sem vítima";"145,9";"BR-116/PR";"Norte";"Saida de Pista";1;0;0;0;0;0;0;0;0;0;1;0;0;0;0
"10/06/2013";"05:55:00";"965";"sem vítima";"239";"BR-116/SC";"Norte";"Objeto lançado contra veículo";1;0;1;0;0;0;0;0;0;0;2;0;0;0;0
"10/06/2013";"05:56:00";"966";"com vítima";"119,7";"BR-116/PR";"Norte";"Colisão Traseira";0;0;0;1;0;1;0;0;0;0;2;0;1;0;0
"10/06/2013";"11:24:00";"1004";"sem vítima";"139,3";"BR-116/SC";"Norte";"Objeto lançado contra veículo";1;0;0;0;0;0;0;0;0;0;1;0;0;0;0
"10/06/2013";"12:58:00";"1011";"sem vítima";"77";"BR-116/SC";"Sul";"Atropelamento de Animal";0;0;1;0;0;0;0;0;0;0;1;0;0;0;0
"10/06/2013";"13:57:00";"1019";"sem vítima";"22,4";"BR-116/SC";"Norte";"Colisão Lateral";1;0;1;0;0;0;0;0;0;0;4;0;0;0;0
"10/06/2013";"14:49:00";"1024";"sem vítima";"58";"BR-116/SC";"Norte";"Colisão Traseira";1;0;1;0;0;0;0;0;0;0;2;0;0;0;0
"10/06/2013";"20:18:00";"1058";"sem vítima";"214,2";"BR-116/SC";"Sul";"Colisão Lateral";0;0;1;0;1;0;0;0;0;0;26;0;0;0;0
"11/06/2013";"13:53:00";"1118";"sem vítima";"242,2";"BR-116/SC";"Sul";"Colisão Traseira";1;0;0;0;0;1;0;0;0;0;3;0;0;0;0
"11/06/2013";"17:03:00";"1142";"sem vítima";"107,8";"BR-116/SC";"Norte";"Saida de Pista";1;0;0;0;0;0;0;0;0;0;1;0;0;0;0
"11/06/2013";"18:20:00";"1149";"sem vítima";"172";"BR-116/SC";"Norte";"Choque - Talude";0;0;0;0;0;0;0;0;0;1;1;0;0;0;0
"11/06/2013";"19:11:00";"1154";"sem vítima";"191,4";"BR-116/PR";"Norte";"Colisão Transversal";1;0;1;0;0;0;0;0;0;0;2;0;0;0;0
"11/06/2013";"19:13:00";"1155";"sem vítima";"122,7";"BR-116/PR";"Sul";"Colisão Transversal";1;0;0;1;0;0;0;0;0;0;2;0;0;0;0
"11/06/2013";"20:32:00";"1165";"com vítima";"119,5";"BR-116/PR";"Sul";"Colisão Transversal";0;0;1;1;0;0;0;0;0;0;2;1;0;0;0
"11/06/2013";"22:26:00";"1172";"sem vítima";"116,2";"BR-116/PR";"Sul";"Colisão Lateral";1;0;1;0;0;0;0;0;0;0;2;0;0;0;0
"12/06/2013";"04:02:00";"1185";"sem vítima";"189,8";"BR-116/PR";"Sul";"Atropelamento de Animal";0;0;1;0;0;0;0;0;0;0;1;0;0;0;0
"12/06/2013";"06:47:00";"1191";"com vítima";"117,4";"BR-116/PR";"Norte";"Colisão Traseira";1;0;0;1;0;0;0;0;0;0;1;1;0;0;0
"12/06/2013";"10:09:00";"1216";"com vítima";"126";"BR-116/PR";"Norte";"Colisão Lateral";0;0;1;1;0;0;0;0;0;0;1;1;0;0;0
"12/06/2013";"16:50:00";"1260";"sem vítima";"184,3";"BR-116/SC";"Sul";"Saida de Pista";1;0;0;0;0;0;0;0;0;0;3;0;0;0;0
"12/06/2013";"18:48:00";"1274";"com vítima";"163,8";"BR-116/SC";"Norte";"Colisão Frontal";1;0;1;0;0;0;0;0;0;0;1;0;0;0;1
"12/06/2013";"19:37:00";"1276";"sem vítima";"116";"BR-116/PR";"Norte";"Colisão Traseira";1;0;0;0;0;1;0;0;0;0;2;0;0;0;0
"12/06/2013";"19:44:00";"1277";"com vítima";"145,1";"BR-116/PR";"Sul";"Queda de Moto";0;0;0;1;0;0;0;0;0;0;0;1;0;0;0
"12/06/2013";"22:13:00";"1284";"sem vítima";"62";"BR-116/SC";"Sul";"Choque - Objeto sobre a pista";0;0;1;0;0;0;0;0;0;0;1;0;0;0;0
"12/06/2013";"22:57:00";"1288";"sem vítima";"62";"BR-116/SC";"Norte";"Choque - Objeto sobre a pista";0;0;1;0;0;0;0;0;0;0;1;0;0;0;0
"12/06/2013";"23:59:00";"1293";"com vítima";"143,7";"BR-116/PR";"Sul";"Atropelamento - Ciclista";0;0;0;0;1;0;0;0;0;0;1;0;1;0;0
"13/06/2013";"00:51:00";"1295";"com vítima";"253,2";"BR-116/SC";"Sul";"Colisão Lateral";1;0;0;1;0;0;0;0;0;0;4;1;0;0;0
"13/06/2013";"04:28:00";"1299";"sem vítima";"233";"BR-116/SC";"Sul";"Choque - Cancela de Pedagio";0;0;1;0;0;0;0;0;0;0;1;0;0;0;0
"13/06/2013";"13:58:00";"1345";"com vítima";"165,1";"BR-116/PR";"Sul";"Colisão Transversal";1;0;1;0;0;0;0;0;0;0;1;1;0;0;0
"13/06/2013";"17:16:00";"1368";"com vítima";"211,2";"BR-116/SC";"Sul";"Colisão Lateral";1;0;1;0;0;0;0;0;0;0;1;4;0;0;0
"13/06/2013";"17:42:00";"1370";"com vítima";"120,8";"BR-116/PR";"Norte";"Atropelamento - Usuário";0;0;0;1;0;0;0;0;0;0;1;1;0;0;0
"13/06/2013";"20:00:00";"1376";"com vítima";"61,3";"BR-116/SC";"Sul";"Choque - Objeto sobre a pista";0;0;1;1;0;0;0;0;0;0;1;1;0;0;0
"14/06/2013";"00:11:00";"1387";"sem vítima";"26";"BR-116/SC";"Sul";"Saida de Pista";1;0;0;0;0;0;0;0;0;0;1;0;0;0;0
"14/06/2013";"06:00:00";"1394";"com vítima";"126,4";"BR-116/PR";"Sul";"Choque - Veiculo parado na pista";0;0;2;0;0;0;0;0;0;0;1;1;0;0;0
"14/06/2013";"06:58:00";"1397";"com vítima";"125,9";"BR-116/PR";"Sul";"Colisão Traseira";0;0;1;1;0;0;0;0;0;0;1;0;1;0;0
"14/06/2013";"07:34:00";"1401";"com vítima";"125,2";"BR-116/PR";"Sul";"Colisão Traseira";1;0;1;0;0;0;0;0;0;0;2;1;0;0;0
"14/06/2013";"08:14:00";"1405";"com vítima";"220,8";"BR-116/SC";"Norte";"Colisão Transversal";1;0;1;0;0;0;0;0;0;0;1;1;0;0;0
"14/06/2013";"08:28:00";"1406";"sem vítima";"203";"BR-116/PR";"Sul";"Colisão Traseira";0;0;2;0;0;0;0;0;0;0;2;0;0;0;0
"14/06/2013";"10:48:00";"1417";"sem vítima";"179,1";"BR-116/PR";"Norte";"Saida de Pista";1;0;0;0;0;0;0;0;0;0;1;0;0;0;0
"14/06/2013";"17:21:00";"1457";"sem vítima";"144,7";"BR-116/SC";"Norte";"Objeto lançado contra veículo";1;0;0;0;0;0;0;0;0;0;3;0;0;0;0
"15/06/2013";"10:40:00";"1502";"sem vítima";"125,8";"BR-116/PR";"Norte";"Colisão Traseira";1;0;0;0;0;0;0;0;0;1;6;0;0;0;0
"15/06/2013";"13:42:00";"1509";"sem vítima";"154,3";"BR-116/PR";"Sul";"Colisão Transversal";0;0;1;0;0;0;0;0;0;1;2;0;0;0;0
"15/06/2013";"15:59:00";"1518";"sem vítima";"197,5";"BR-116/PR";"Norte";"Choque - Objeto sobre a pista";0;0;1;0;0;0;0;0;0;0;1;0;0;0;0
"15/06/2013";"16:13:00";"1522";"sem vítima";"118";"BR-116/PR";"Norte";"Colisão Transversal";1;0;1;0;0;0;0;0;0;0;2;0;0;0;0
"15/06/2013";"17:40:00";"1528";"sem vítima";"119,4";"BR-116/PR";"Sul";"Colisão Traseira";2;0;0;0;0;0;0;0;0;0;4;0;0;0;0
"15/06/2013";"18:30:00";"1532";"com vítima";"150";"BR-116/PR";"Norte";"Queda de Moto";0;0;0;1;0;0;0;0;0;0;0;0;0;0;2
"15/06/2013";"20:34:00";"1541";"sem vítima";"119";"BR-116/PR";"Sul";"Colisão Traseira";1;0;1;0;0;0;0;0;0;0;5;0;0;0;0
"15/06/2013";"22:20:00";"1546";"sem vítima";"164,4";"BR-116/PR";"Sul";"Colisão Lateral";1;0;0;0;0;0;0;0;0;1;2;0;0;0;0
"16/06/2013";"00:42:00";"1552";"com vítima";"168,5";"BR-116/PR";"Norte";"Colisão Transversal";1;0;1;0;0;0;0;0;0;0;1;0;0;0;2
"16/06/2013";"06:45:00";"1559";"sem vítima";"117";"BR-116/PR";"Norte";"Colisão Traseira";1;0;1;0;0;0;0;0;0;0;2;0;0;0;0
"16/06/2013";"11:44:00";"1581";"sem vítima";"107,8";"BR-116/SC";"Norte";"Queda de Moto";0;0;0;1;0;0;0;0;0;0;2;0;0;0;0
"16/06/2013";"14:33:00";"1590";"sem vítima";"115,9";"BR-116/PR";"Norte";"Colisão Transversal";2;0;0;0;0;0;0;0;0;0;2;0;0;0;0
"16/06/2013";"15:39:00";"1596";"sem vítima";"305,1";"BR-116/SC";"Sul";"Saida de Pista";0;0;1;0;0;0;0;0;0;0;2;0;0;0;0
"16/06/2013";"16:10:00";"1600";"sem vítima";"210,8";"BR-116/PR";"Sul";"Colisão Transversal";2;0;0;0;0;0;0;0;0;0;2;0;0;0;0
"16/06/2013";"18:14:00";"1612";"sem vítima";"128,2";"BR-116/PR";"Norte";"Colisão Traseira";1;0;0;0;0;0;0;0;0;1;2;0;0;0;0
"16/06/2013";"19:59:00";"1625";"sem vítima";"173";"BR-116/PR";"Norte";"Objeto lançado contra veículo";1;0;0;0;0;0;0;0;0;0;1;0;0;0;0
"16/06/2013";"20:00:00";"1626";"com vítima";"72,5";"BR-116/SC";"Norte";"Atropelamento - Usuário";0;0;1;0;0;0;0;0;0;0;1;0;0;0;1
"16/06/2013";"22:48:00";"1633";"sem vítima";"188,5";"BR-116/SC";"Norte";"Saida de Pista";1;0;0;0;0;0;0;0;0;0;3;0;0;0;0
"16/06/2013";"23:51:00";"1636";"sem vítima";"159,3";"BR-116/PR";"Norte";"Saida de Pista";1;0;0;0;0;0;0;0;0;0;5;0;0;0;0
"17/06/2013";"06:15:00";"1644";"sem vítima";"122,4";"BR-116/PR";"Sul";"Colisão Transversal";2;0;0;0;0;0;0;0;0;0;2;0;0;0;0
"17/06/2013";"06:44:00";"1646";"com vítima";"0,3";"BR-116/SC";"Sul";"Colisão Traseira";2;0;0;0;0;0;0;0;0;0;2;1;0;0;0
"17/06/2013";"06:53:00";"1648";"sem vítima";"233,8";"BR-116/SC";"Norte";"Atropelamento de Animal";1;0;0;0;0;0;0;0;0;0;1;0;0;0;0
"17/06/2013";"07:46:00";"1652";"com vítima";"120,8";"BR-116/PR";"Norte";"Atropelamento - Morador";0;0;0;1;0;0;0;0;0;0;1;1;0;0;0
"17/06/2013";"11:12:00";"1672";"sem vítima";"59,84";"BR-116/SC";"Norte";"Colisão Transversal";1;0;0;1;0;0;0;0;0;0;3;0;0;0;0
"17/06/2013";"14:23:00";"1687";"sem vítima";"132,9";"BR-116/PR";"Sul";"Objeto lançado contra veículo";1;0;0;0;0;0;0;0;0;0;2;0;0;0;0
"17/06/2013";"14:27:00";"1688";"com vítima";"251,35";"BR-116/SC";"Sul";"Colisão Transversal";1;0;1;0;0;0;0;0;0;0;1;1;0;0;0
"17/06/2013";"18:17:00";"1711";"sem vítima";"119,5";"BR-116/PR";"Sul";"Colisão Transversal";1;0;0;0;0;1;0;0;0;0;2;0;0;0;0
"17/06/2013";"21:56:00";"1726";"com vítima";"236,3";"BR-116/SC";"Norte";"Colisão Lateral";1;0;1;0;0;0;0;0;0;0;5;0;0;1;0