data;horario;n_da_ocorrencia;tipo_de_ocorrencia;km;trecho;sentido;tipo_de_acidente;automovel;bicicleta;caminhao;moto;onibus;outros;tracao_animal;transporte_de_cargas_especiais;trator_maquinas;utilitarios;ilesos;levemente_feridos;moderadamente_feridos;gravemente_feridos;mortos
"28/07/2013";"20:42:00";"3315";"com vítima";"123,4";"BR-116/PR";"Norte";"Colisão Traseira";1;0;1;0;0;0;0;0;0;0;1;1;0;0;0
"28/07/2013";"22:46:00";"3321";"sem vítima";"129,4";"BR-116/PR";"Sul";"Colisão Transversal";1;0;1;0;0;0;0;0;0;0;2;0;0;0;0
"29/07/2013";"04:50:00";"3341";"sem vítima";"127";"BR-116/PR";"Sul";"Saida de Pista";1;0;0;0;0;0;0;0;0;0;1;0;0;0;0
"29/07/2013";"07:32:00";"3356";"com vítima";"197,65";"BR-116/PR";"Norte";"Saida de Pista";0;0;0;1;0;0;0;0;0;0;0;0;0;1;0
"29/07/2013";"12:51:00";"3398";"sem vítima";"139,4";"BR-116/PR";"Sul";"Colisão Transversal";1;0;1;0;0;0;0;0;0;0;2;0;0;0;0
"29/07/2013";"13:05:00";"3400";"sem vítima";"17";"BR-116/SC";"Norte";"Objeto lançado contra veículo";1;0;0;0;0;0;0;0;0;0;1;0;0;0;0
"29/07/2013";"14:11:00";"3407";"sem vítima";"36,4";"BR-116/SC";"Sul";"Colisão Traseira";0;0;2;0;0;0;0;0;0;0;4;0;0;0;0
"29/07/2013";"15:51:00";"3425";"sem vítima";"85";"BR-116/SC";"Sul";"Objeto lançado contra veículo";1;0;0;0;0;0;0;0;0;0;1;0;0;0;0
"29/07/2013";"16:50:00";"3433";"sem vítima";"11,8";"BR-116/SC";"Norte";"Objeto lançado contra veículo";1;0;0;0;0;0;0;0;0;0;2;0;0;0;0
"30/07/2013";"03:45:00";"3484";"sem vítima";"202,8";"BR-116/PR";"Norte";"Choque - Veiculo parado na pista";1;0;1;0;0;0;0;0;0;0;5;0;0;0;0
"30/07/2013";"07:22:00";"3490";"com vítima";"52,6";"BR-116/SC";"Norte";"Colisão Traseira";2;0;0;0;0;0;0;0;0;0;3;1;0;0;0
"30/07/2013";"11:47:00";"3518";"com vítima";"46,8";"BR-116/SC";"Norte";"Saida de Pista";0;0;2;0;0;0;0;0;0;0;1;1;0;0;0
"30/07/2013";"15:34:00";"3539";"sem vítima";"161";"BR-116/PR";"Norte";"Saida de Pista";1;0;0;0;0;0;0;0;0;0;2;0;0;0;0
"30/07/2013";"18:03:00";"3567";"com vítima";"58,5";"BR-116/SC";"Norte";"Saida de Pista";1;0;0;0;0;0;0;0;0;0;0;1;0;0;0
"30/07/2013";"18:43:00";"3575";"com vítima";"2,8";"BR-116/SC";"Sul";"Atropelamento - Ciclista";1;1;0;0;0;0;0;0;0;0;1;1;0;0;0
"30/07/2013";"19:08:00";"3578";"com vítima";"118,6";"BR-116/PR";"Norte";"Queda de Moto";0;0;0;1;0;0;0;0;0;0;0;1;0;0;0
"30/07/2013";"20:16:00";"3583";"sem vítima";"272,2";"BR-116/SC";"Norte";"Objeto lançado contra veículo";1;0;0;0;0;0;0;0;0;0;3;0;0;0;0
"31/07/2013";"06:34:00";"3619";"sem vítima";"65";"BR-116/SC";"Norte";"Atropelamento de Animal";0;0;1;0;0;0;0;0;0;0;1;0;0;0;0
"31/07/2013";"09:40:00";"3644";"sem vítima";"133,9";"BR-116/PR";"Sul";"Objeto lançado contra veículo";0;0;1;0;0;0;0;0;0;0;1;0;0;0;0
"31/07/2013";"13:20:00";"3661";"com vítima";"223,8";"BR-116/SC";"Norte";"Colisão Frontal";1;0;1;0;0;0;0;0;0;0;3;0;0;5;1
"31/07/2013";"14:45:00";"3664";"sem vítima";"117,2";"BR-116/PR";"Norte";"Colisão Lateral";1;0;1;0;0;0;0;0;0;0;2;0;0;0;0
"31/07/2013";"19:10:00";"3691";"sem vítima";"131,8";"BR-116/PR";"Sul";"Objeto lançado contra veículo";1;0;0;0;0;0;0;0;0;0;3;0;0;0;0
"01/08/2013";"13:54:00";"56";"sem vítima";"56";"BR-116/SC";"Norte";"Objeto lançado contra veículo";1;0;0;0;0;0;0;0;0;0;1;0;0;0;0
"01/08/2013";"15:32:00";"79";"sem vítima";"205";"BR-116/PR";"Norte";"Objeto lançado contra veículo";1;0;0;0;0;0;0;0;0;0;1;0;0;0;0
"01/08/2013";"16:31:00";"90";"sem vítima";"172";"BR-116/SC";"Norte";"Colisão Lateral";0;0;1;0;0;1;0;0;0;0;2;0;0;0;0
"01/08/2013";"18:58:00";"104";"sem vítima";"204,4";"BR-116/PR";"Norte";"Colisão Transversal";1;0;1;0;0;0;0;0;0;0;2;0;0;0;0
"02/08/2013";"07:39:00";"143";"sem vítima";"115";"BR-116/SC";"Sul";"Colisão Traseira";1;0;1;0;0;0;0;0;0;0;2;0;0;0;0
"02/08/2013";"11:55:00";"171";"com vítima";"167,4";"BR-116/SC";"Norte";"Objeto lançado contra veículo";1;0;0;0;0;0;0;0;0;0;2;0;1;0;0
"02/08/2013";"15:25:00";"197";"com vítima";"266";"BR-116/SC";"Norte";"Saida de Pista";0;0;1;0;0;0;0;0;0;0;0;1;0;0;0
"02/08/2013";"17:14:00";"213";"com vítima";"17";"BR-116/SC";"Norte";"Colisão Transversal";1;0;0;1;0;0;0;0;0;0;3;0;1;0;0
"02/08/2013";"18:08:00";"214";"sem vítima";"153,8";"BR-116/PR";"Sul";"Colisão Transversal";1;0;0;0;0;1;0;0;0;0;2;0;0;0;0
"02/08/2013";"19:57:00";"226";"sem vítima";"121";"BR-116/SC";"Norte";"Colisão Lateral";1;0;1;0;1;0;0;0;0;0;6;0;0;0;0
"03/08/2013";"06:37:00";"259";"sem vítima";"121";"BR-116/PR";"Sul";"Objeto lançado contra veículo";1;0;0;0;0;0;0;0;0;0;3;0;0;0;0
"03/08/2013";"09:29:00";"275";"sem vítima";"135,5";"BR-116/PR";"Norte";"Objeto lançado contra veículo";1;0;0;0;0;0;0;0;0;0;1;0;0;0;0
"03/08/2013";"10:00:00";"278";"com vítima";"7";"BR-116/SC";"Norte";"Colisão Lateral";1;0;0;0;1;0;0;0;0;0;3;2;0;0;0
"03/08/2013";"11:51:00";"285";"com vítima";"58,68";"BR-116/SC";"Sul";"Colisão Lateral";2;0;0;0;0;0;0;0;0;0;4;0;1;0;0
"03/08/2013";"14:38:00";"301";"sem vítima";"202";"BR-116/PR";"Sul";"Colisão Lateral";0;0;1;0;0;0;0;0;0;1;3;0;0;0;0
"03/08/2013";"15:58:00";"309";"com vítima";"138,6";"BR-116/SC";"Norte";"Atropelamento - Usuário";0;0;1;0;0;0;0;0;0;0;1;0;1;0;0
"03/08/2013";"16:04:00";"310";"com vítima";"131,1";"BR-116/PR";"Norte";"Colisão Transversal";0;0;0;1;0;0;0;0;0;1;4;0;1;0;0
"03/08/2013";"16:59:00";"312";"sem vítima";"209,5";"BR-116/SC";"Sul";"Saida de Pista";1;0;0;0;0;0;0;0;0;0;1;0;0;0;0
"03/08/2013";"18:30:00";"322";"com vítima";"131,8";"BR-116/PR";"Sul";"Colisão Transversal";1;0;1;0;0;0;0;0;0;0;1;0;1;0;0
"03/08/2013";"22:16:00";"339";"sem vítima";"206";"BR-116/PR";"Sul";"Saida de Pista";1;0;0;0;0;0;0;0;0;0;1;0;0;0;0
"04/08/2013";"00:11:00";"347";"com vítima";"262,5";"BR-116/SC";"Norte";"Saida de Pista";1;0;0;0;0;0;0;0;0;0;0;3;0;1;0
"04/08/2013";"00:34:00";"349";"com vítima";"124,2";"BR-116/PR";"Norte";"Colisão Traseira";5;0;0;0;0;0;0;0;0;0;7;1;1;5;0
"04/08/2013";"01:28:00";"352";"com vítima";"172,9";"BR-116/SC";"Norte";"Saida de Pista";1;0;0;0;0;0;0;0;0;0;1;2;0;0;0
"04/08/2013";"01:46:00";"353";"sem vítima";"68";"BR-116/SC";"Sul";"Objeto lançado contra veículo";0;0;1;0;0;0;0;0;0;0;1;0;0;0;0
"04/08/2013";"02:02:00";"357";"com vítima";"125,3";"BR-116/PR";"Norte";"Colisão Traseira";2;0;0;0;0;1;0;0;0;0;5;1;0;0;0
"04/08/2013";"05:23:00";"364";"sem vítima";"147";"BR-116/SC";"Sul";"Objeto lançado contra veículo";0;0;1;0;0;0;0;0;0;0;1;0;0;0;0
"04/08/2013";"06:21:00";"370";"sem vítima";"170";"BR-116/SC";"Norte";"Atropelamento de Animal";0;0;1;0;0;0;0;0;0;0;2;0;0;0;0
"04/08/2013";"17:25:00";"408";"sem vítima";"168";"BR-116/SC";"Sul";"Colisão Lateral";1;0;1;0;0;0;0;0;0;0;4;0;0;0;0
"04/08/2013";"17:40:00";"411";"sem vítima";"133";"BR-116/PR";"Norte";"Colisão Traseira";2;0;0;0;0;0;0;0;0;0;2;0;0;0;0
"04/08/2013";"17:46:00";"414";"sem vítima";"133,4";"BR-116/PR";"Norte";"Choque - Veiculo parado na pista";2;0;0;0;0;0;0;0;0;0;8;0;0;0;0
"04/08/2013";"19:45:00";"425";"com vítima";"131,1";"BR-116/PR";"Norte";"Colisão Transversal";2;0;0;0;0;0;0;0;0;0;2;1;0;0;0
"05/08/2013";"08:18:00";"462";"sem vítima";"148,6";"BR-116/PR";"Norte";"Colisão Lateral";2;0;0;0;0;0;0;0;0;0;4;0;0;0;0
"05/08/2013";"10:28:00";"483";"sem vítima";"120";"BR-116/PR";"Norte";"Choque - Veiculo parado na pista";0;0;2;0;0;0;0;0;0;0;4;0;0;0;0
"05/08/2013";"15:05:00";"514";"sem vítima";"98";"BR-116/SC";"Norte";"Objeto lançado contra veículo";1;0;0;0;0;0;0;0;0;0;1;0;0;0;0
"05/08/2013";"21:15:00";"559";"com vítima";"218,65";"BR-116/SC";"Norte";"Colisão Traseira";2;0;0;0;0;0;0;0;0;0;5;1;0;0;0
"06/08/2013";"00:31:00";"568";"sem vítima";"117,6";"BR-116/PR";"Sul";"Saida de Pista";1;0;0;0;0;0;0;0;0;0;2;0;0;0;0
"06/08/2013";"00:32:00";"569";"sem vítima";"177";"BR-116/PR";"Norte";"Colisão Traseira";0;0;2;0;0;0;0;0;0;0;2;0;0;0;0
"06/08/2013";"06:39:00";"580";"com vítima";"131,05";"BR-116/PR";"Sul";"Saida de Pista";0;0;1;0;0;0;0;0;0;0;0;1;0;0;0
"06/08/2013";"07:19:00";"586";"sem vítima";"125,8";"BR-116/PR";"Sul";"Colisão Transversal";2;0;0;0;0;0;0;0;0;0;4;0;0;0;0
"06/08/2013";"14:33:00";"619";"sem vítima";"241,3";"BR-116/SC";"Sul";"Objeto lançado contra veículo";0;0;0;0;0;0;0;0;0;1;1;0;0;0;0
"06/08/2013";"16:36:00";"628";"sem vítima";"147";"BR-116/SC";"Norte";"Choque - Objeto sobre a pista";0;0;1;0;0;0;0;0;0;0;1;0;0;0;0
"06/08/2013";"16:48:00";"630";"sem vítima";"132,7";"BR-116/SC";"Norte";"Colisão Transversal";1;0;1;0;0;0;0;0;0;0;2;0;0;0;0
"06/08/2013";"23:13:00";"649";"sem vítima";"69,05";"BR-116/SC";"Sul";"Choque - Defensa, barreira ou "submarino"";0;0;0;0;1;0;0;0;0;0;13;0;0;0;0
"07/08/2013";"05:08:00";"659";"com vítima";"126";"BR-116/PR";"Sul";"Colisão Traseira";1;0;0;1;0;0;0;0;0;0;1;1;0;0;0
"07/08/2013";"06:47:00";"662";"sem vítima";"119,4";"BR-116/PR";"Norte";"Colisão Transversal";1;0;1;0;0;0;0;0;0;0;3;0;0;0;0
"07/08/2013";"07:15:00";"664";"sem vítima";"128";"BR-116/PR";"Sul";"Objeto lançado contra veículo";1;0;0;0;0;0;0;0;0;0;1;0;0;0;0
"07/08/2013";"07:37:00";"666";"sem vítima";"115,3";"BR-116/PR";"Norte";"Colisão Lateral";1;0;2;0;0;0;0;0;0;0;3;0;0;0;0
"07/08/2013";"08:28:00";"669";"sem vítima";"115,5";"BR-116/PR";"Norte";"Colisão Traseira";1;0;1;0;0;0;0;0;0;0;2;0;0;0;0
"07/08/2013";"10:52:00";"686";"sem vítima";"213";"BR-116/SC";"Norte";"Objeto lançado contra veículo";1;0;0;0;0;0;0;0;0;0;1;0;0;0;0
"07/08/2013";"19:04:00";"749";"sem vítima";"142,6";"BR-116/SC";"Sul";"Colisão Lateral";1;0;1;0;0;0;0;0;0;0;3;0;0;0;0
"07/08/2013";"20:41:00";"760";"com vítima";"173,8";"BR-116/SC";"Norte";"Saida de Pista";0;0;1;0;0;0;0;0;0;0;0;0;1;0;0
"08/08/2013";"04:59:00";"772";"com vítima";"49,3";"BR-116/SC";"Sul";"Colisão Traseira";0;0;2;0;0;0;0;0;0;0;0;0;2;0;0
"08/08/2013";"06:01:00";"775";"sem vítima";"212";"BR-116/SC";"Norte";"Saida de Pista";0;0;1;0;0;0;0;0;0;0;1;0;0;0;0
"08/08/2013";"06:34:00";"779";"sem vítima";"119,55";"BR-116/PR";"Norte";"Colisão Traseira";2;0;0;0;0;0;0;0;0;0;2;0;0;0;0
"08/08/2013";"07:24:00";"782";"com vítima";"117,5";"BR-116/PR";"Norte";"Colisão Lateral";1;0;0;1;0;1;0;0;0;0;2;1;0;0;0
"08/08/2013";"08:31:00";"785";"sem vítima";"134";"BR-116/PR";"Sul";"Colisão Traseira";2;0;0;0;0;0;0;0;0;0;2;0;0;0;0
"08/08/2013";"08:34:00";"786";"sem vítima";"204,8";"BR-116/SC";"Sul";"Objeto lançado contra veículo";1;0;0;0;0;0;0;0;0;0;1;0;0;0;0
"08/08/2013";"11:33:00";"813";"sem vítima";"116";"BR-116/PR";"Norte";"Colisão Traseira";1;0;0;0;0;1;0;0;0;0;2;0;0;0;0
"08/08/2013";"12:32:00";"816";"sem vítima";"140";"BR-116/PR";"Sul";"Objeto lançado contra veículo";1;0;0;0;0;0;0;0;0;0;1;0;0;0;0
"08/08/2013";"17:29:00";"857";"sem vítima";"195,7";"BR-116/PR";"Norte";"Tombamento";0;0;1;0;0;0;0;0;0;0;1;0;0;0;0
"08/08/2013";"17:50:00";"858";"sem vítima";"78";"BR-116/SC";"Sul";"Objeto lançado contra veículo";1;0;0;0;0;0;0;0;0;0;1;0;0;0;0
"08/08/2013";"19:39:00";"873";"com vítima";"150,4";"BR-116/PR";"Norte";"Colisão Transversal";1;0;0;1;0;0;0;0;0;0;1;0;0;1;0
"08/08/2013";"20:21:00";"876";"sem vítima";"121,5";"BR-116/PR";"Sul";"Choque - Veiculo parado na pista";1;0;1;0;0;0;0;0;0;0;3;0;0;0;0
"08/08/2013";"21:14:00";"882";"sem vítima";"186,25";"BR-116/SC";"Norte";"Choque - Objeto não identificado";1;0;0;0;0;0;0;0;0;0;3;0;0;0;0
"09/08/2013";"08:43:00";"914";"com vítima";"124,7";"BR-116/PR";"Norte";"Colisão Lateral";1;0;0;1;0;0;0;0;0;0;1;1;0;0;0
"09/08/2013";"15:29:00";"948";"sem vítima";"192,7";"BR-116/SC";"Sul";"Saida de Pista";1;0;0;0;0;0;0;0;0;0;1;0;0;0;0
"09/08/2013";"16:56:00";"963";"sem vítima";"118";"BR-116/PR";"Sul";"Colisão Traseira";1;0;1;0;0;0;0;0;0;0;2;0;0;0;0
"09/08/2013";"18:46:00";"978";"com vítima";"12";"BR-116/SC";"Sul";"Colisão Transversal";0;0;2;0;0;0;0;0;0;0;1;1;0;0;0
"09/08/2013";"19:47:00";"984";"sem vítima";"217,6";"BR-116/SC";"Norte";"Saida de Pista";1;0;0;0;0;0;0;0;0;0;1;0;0;0;0
"09/08/2013";"19:54:00";"986";"sem vítima";"152,4";"BR-116/PR";"Sul";"Saida de Pista";1;0;0;0;0;0;0;0;0;0;1;0;0;0;0
"10/08/2013";"08:01:00";"1024";"sem vítima";"116,6";"BR-116/PR";"Sul";"Tombamento";0;0;1;0;0;0;0;0;0;0;1;0;0;0;0
"10/08/2013";"10:28:00";"1037";"sem vítima";"39";"BR-116/SC";"Sul";"Objeto lançado contra veículo";1;0;0;0;0;0;0;0;0;0;1;0;0;0;0
"10/08/2013";"11:06:00";"1040";"com vítima";"116,2";"BR-116/PR";"Sul";"Colisão Frontal";1;0;1;0;0;0;0;0;0;0;2;0;1;0;0
"10/08/2013";"11:36:00";"1044";"sem vítima";"116,2";"BR-116/PR";"Sul";"Colisão Lateral";1;0;1;0;0;0;0;0;0;0;2;0;0;0;0
"10/08/2013";"12:27:00";"1049";"sem vítima";"217";"BR-116/SC";"Norte";"Colisão Traseira";1;0;1;0;0;0;0;0;0;0;6;0;0;0;0
"10/08/2013";"13:51:00";"1058";"sem vítima";"262,5";"BR-116/SC";"Norte";"Colisão Lateral";1;0;1;0;0;0;0;0;0;0;4;0;0;0;0
"10/08/2013";"19:26:00";"1089";"sem vítima";"124";"BR-116/PR";"Norte";"Colisão Traseira";2;0;0;0;0;0;0;0;0;0;2;0;0;0;0
"10/08/2013";"21:14:00";"1095";"com vítima";"197,7";"BR-116/PR";"Sul";"Colisão Frontal";2;0;1;0;0;0;0;0;0;0;1;4;0;0;0
"10/08/2013";"23:38:00";"1104";"com vítima";"143";"BR-116/SC";"Norte";"Saida de Pista";1;0;0;0;0;0;0;0;0;0;0;0;1;0;0
"11/08/2013";"00:23:00";"1105";"sem vítima";"172,9";"BR-116/SC";"Sul";"Choque - Defensa, barreira ou "submarino"";0;0;0;0;0;0;0;0;0;1;1;0;0;0;0
"11/08/2013";"07:26:00";"1117";"sem vítima";"117,4";"BR-116/PR";"Sul";"Capotamento";1;0;0;0;0;0;0;0;0;0;1;0;0;0;0
"11/08/2013";"08:58:00";"1121";"sem vítima";"126";"BR-116/PR";"Norte";"Colisão Lateral";1;0;1;0;0;0;0;0;0;0;2;0;0;0;0
"11/08/2013";"11:46:00";"1127";"sem vítima";"304,2";"BR-116/SC";"Sul";"Colisão Traseira";0;0;1;0;0;0;0;0;0;1;2;0;0;0;0
"11/08/2013";"11:58:00";"1128";"sem vítima";"119,4";"BR-116/PR";"Sul";"Colisão Traseira";2;0;0;0;0;0;0;0;0;0;2;0;0;0;0
"11/08/2013";"13:27:00";"1131";"sem vítima";"84";"BR-116/SC";"Sul";"Saida de Pista";1;0;0;0;0;0;0;0;0;0;1;0;0;0;0
"11/08/2013";"13:56:00";"1134";"sem vítima";"184,5";"BR-116/SC";"Norte";"Tombamento";0;0;1;0;0;0;0;0;0;0;1;0;0;0;0
"11/08/2013";"15:03:00";"1140";"sem vítima";"120,3";"BR-116/PR";"Norte";"Colisão Traseira";1;0;1;0;0;0;0;0;0;0;2;0;0;0;0
"11/08/2013";"17:15:00";"1151";"com vítima";"174,2";"BR-116/PR";"Norte";"Colisão Transversal";2;0;0;0;0;0;0;0;0;0;1;3;0;0;0
"11/08/2013";"17:24:00";"1152";"sem vítima";"117,4";"BR-116/PR";"Norte";"Choque - Objeto sobre a pista";0;0;0;0;0;0;0;0;0;1;1;0;0;0;0
"11/08/2013";"17:42:00";"1153";"sem vítima";"129,6";"BR-116/PR";"Norte";"Colisão Transversal";2;0;0;0;0;0;0;0;0;0;2;0;0;0;0
"11/08/2013";"19:25:00";"1171";"sem vítima";"216,2";"BR-116/SC";"Sul";"Atropelamento de Animal";1;0;0;0;0;0;0;0;0;0;3;0;0;0;0
"11/08/2013";"20:41:00";"1178";"sem vítima";"204";"BR-116/PR";"Norte";"Colisão Lateral";1;0;1;0;0;0;0;0;0;0;2;0;0;0;0
"11/08/2013";"22:08:00";"1184";"com vítima";"234,8";"BR-116/SC";"Sul";"Saida de Pista";1;0;0;0;0;0;0;0;0;0;0;2;0;1;0
"11/08/2013";"23:07:00";"1188";"sem vítima";"136";"BR-116/PR";"Norte";"Atropelamento de Animal";1;0;0;0;0;0;0;0;0;0;1;0;0;0;0
"12/08/2013";"06:45:00";"1202";"sem vítima";"304,9";"BR-116/SC";"Norte";"Saida de Pista";1;0;0;0;0;0;0;0;0;0;1;0;0;0;0
"12/08/2013";"07:20:00";"1205";"sem vítima";"116";"BR-116/PR";"Norte";"Colisão Lateral";1;0;0;0;1;0;0;0;0;0;2;0;0;0;0
"12/08/2013";"09:19:00";"1214";"sem vítima";"204,65";"BR-116/PR";"Sul";"Choque - Cancela de Pedagio";1;0;0;0;0;0;0;0;0;0;1;0;0;0;0
"12/08/2013";"13:49:00";"1240";"sem vítima";"184";"BR-116/PR";"Norte";"Saida de Pista";0;0;1;0;0;0;0;0;0;0;1;0;0;0;0
"12/08/2013";"16:30:00";"1263";"com vítima";"116";"BR-116/PR";"Norte";"Colisão Traseira";2;0;0;0;0;0;0;0;0;0;2;0;1;0;0
"12/08/2013";"19:02:00";"1273";"com vítima";"217,6";"BR-116/SC";"Norte";"Colisão Lateral";1;0;0;1;0;0;0;0;0;0;1;1;0;0;0
"13/08/2013";"00:06:00";"1294";"com vítima";"4,1";"BR-116/SC";"Sul";"Queda de Moto";0;0;0;1;0;0;0;0;0;0;0;1;0;0;0
"13/08/2013";"02:54:00";"1303";"com vítima";"209,7";"BR-116/PR";"Norte";"Queda de Moto";0;0;0;1;0;0;0;0;0;0;0;0;0;1;0
"13/08/2013";"03:57:00";"1304";"sem vítima";"87,8";"BR-116/SC";"Norte";"Saida de Pista";0;0;1;0;0;0;0;0;0;0;1;0;0;0;0
"13/08/2013";"06:36:00";"1312";"sem vítima";"125,1";"BR-116/PR";"Sul";"Colisão Lateral";1;0;1;0;0;0;0;0;0;0;2;0;0;0;0
"13/08/2013";"13:45:00";"1361";"sem vítima";"115,9";"BR-116/PR";"Sul";"Colisão Traseira";1;0;0;0;0;0;0;0;0;1;4;0;0;0;0
"13/08/2013";"13:47:00";"1362";"sem vítima";"204";"BR-116/PR";"Norte";"Choque - Outros";0;0;1;0;0;0;0;0;0;0;1;0;0;0;0
"13/08/2013";"13:51:00";"1364";"sem vítima";"206";"BR-116/PR";"Norte";"Objeto lançado contra veículo";1;0;0;0;0;0;0;0;0;0;2;0;0;0;0
"13/08/2013";"15:11:00";"1372";"sem vítima";"243,3";"BR-116/SC";"Norte";"Tombamento";0;0;0;0;0;0;0;0;0;1;1;0;0;0;0
"13/08/2013";"17:59:00";"1388";"sem vítima";"247";"BR-116/SC";"Sul";"Colisão Transversal";2;0;0;0;0;0;0;0;0;0;2;0;0;0;0
"13/08/2013";"19:03:00";"1395";"com vítima";"121,2";"BR-116/PR";"Norte";"Atropelamento - Outros";1;0;0;0;0;0;0;0;0;0;2;1;0;0;0
"14/08/2013";"00:29:00";"1416";"sem vítima";"183,6";"BR-116/PR";"Sul";"Saida de Pista";1;0;0;0;0;0;0;0;0;0;1;0;0;0;0
"14/08/2013";"08:02:00";"1439";"sem vítima";"118";"BR-116/PR";"Sul";"Engavetamento";0;0;3;0;0;0;0;0;0;0;3;0;0;0;0
"14/08/2013";"09:40:00";"1449";"com vítima";"115,2";"BR-116/PR";"Sul";"Engavetamento";0;0;1;0;0;1;0;0;0;1;3;2;0;0;0
"14/08/2013";"10:49:00";"1459";"sem vítima";"215,6";"BR-116/SC";"Norte";"Objeto lançado contra veículo";1;0;0;0;0;0;0;0;0;0;1;0;0;0;0
"14/08/2013";"13:02:00";"1471";"sem vítima";"42,5";"BR-116/SC";"Norte";"Objeto lançado contra veículo";0;0;0;0;0;0;0;0;0;1;1;0;0;0;0
"14/08/2013";"15:04:00";"1481";"sem vítima";"116,1";"BR-116/PR";"Norte";"Colisão Transversal";0;0;1;1;0;0;0;0;0;0;2;0;0;0;0
"14/08/2013";"17:59:00";"1496";"sem vítima";"200";"BR-116/PR";"Sul";"Tombamento";1;0;0;0;0;0;0;0;0;0;2;0;0;0;0
"14/08/2013";"18:20:00";"1499";"sem vítima";"140,6";"BR-116/SC";"Sul";"Objeto lançado contra veículo";2;0;0;0;0;0;0;0;0;0;6;0;0;0;0
"14/08/2013";"18:30:00";"1500";"com vítima";"210,5";"BR-116/SC";"Norte";"Choque - Veiculo parado na pista";1;1;0;0;0;0;0;0;0;0;1;1;0;0;0
"14/08/2013";"18:34:00";"1501";"sem vítima";"115,2";"BR-116/PR";"Norte";"Colisão Lateral";1;0;1;0;0;0;0;0;0;0;2;0;0;0;0
"15/08/2013";"07:55:00";"1534";"com vítima";"118,3";"BR-116/PR";"Norte";"Colisão Transversal";1;0;0;1;0;0;0;0;0;0;1;1;0;0;0
"15/08/2013";"08:25:00";"1536";"sem vítima";"68";"BR-116/SC";"Norte";"Choque - Objeto sobre a pista";0;0;1;0;0;0;0;0;0;0;1;0;0;0;0
"15/08/2013";"15:36:00";"1585";"sem vítima";"154";"BR-116/PR";"Sul";"Choque - Objeto sobre a pista";1;0;0;0;0;0;0;0;0;0;1;0;0;0;0
"15/08/2013";"16:18:00";"1587";"com vítima";"245,6";"BR-116/SC";"Norte";"Colisão Lateral";1;0;1;0;0;0;0;0;0;0;4;1;0;0;0
"15/08/2013";"17:00:00";"1593";"com vítima";"116";"BR-116/PR";"Norte";"Queda de Moto";0;0;0;1;0;0;0;0;0;0;0;1;0;0;0
"15/08/2013";"22:09:00";"1619";"com vítima";"65,5";"BR-116/SC";"Sul";"Atropelamento de Animal";0;0;0;1;0;0;0;0;0;0;0;1;0;0;0
"16/08/2013";"08:21:00";"1644";"sem vítima";"125,3";"BR-116/PR";"Norte";"Colisão Traseira";1;0;1;0;0;0;0;0;0;0;2;0;0;0;0
"16/08/2013";"10:00:00";"1656";"sem vítima";"217,2";"BR-116/SC";"Norte";"Colisão Traseira";1;0;1;0;0;0;0;0;0;0;6;0;0;0;0
"16/08/2013";"12:44:00";"1671";"com vítima";"30,6";"BR-116/SC";"Norte";"Colisão Transversal";0;0;0;1;0;1;0;0;0;0;1;1;0;0;0
"16/08/2013";"13:57:00";"1683";"sem vítima";"31";"BR-116/SC";"Sul";"Choque - Objeto sobre a pista";0;0;0;0;0;0;0;0;0;1;1;0;0;0;0
"17/08/2013";"03:18:00";"1753";"com vítima";"130,8";"BR-116/PR";"Norte";"Colisão Frontal";1;0;1;0;0;0;0;0;0;0;1;0;0;0;2
"17/08/2013";"08:19:00";"1761";"sem vítima";"117";"BR-116/PR";"Norte";"Capotamento";1;0;0;0;0;1;0;0;0;0;2;0;0;0;0
"17/08/2013";"10:25:00";"1768";"sem vítima";"119";"BR-116/PR";"Norte";"Queda de Moto";0;0;0;1;0;0;0;0;0;0;1;0;0;0;0
"17/08/2013";"10:38:00";"1769";"sem vítima";"202";"BR-116/PR";"Norte";"Choque - Veiculo parado na pista";2;0;0;0;0;0;0;0;0;0;2;0;0;0;0
"17/08/2013";"14:50:00";"1791";"sem vítima";"253";"BR-116/SC";"Sul";"Colisão Lateral";1;0;1;0;0;0;0;0;0;0;3;0;0;0;0
"17/08/2013";"15:02:00";"1793";"sem vítima";"123,8";"BR-116/PR";"Norte";"Choque - Objeto sobre a pista";1;0;0;0;0;0;0;0;0;0;1;0;0;0;0
"17/08/2013";"16:14:00";"1799";"sem vítima";"134";"BR-116/PR";"Sul";"Colisão Traseira";2;0;0;0;0;0;0;0;0;0;2;0;0;0;0
"17/08/2013";"17:24:00";"1801";"sem vítima";"119,4";"BR-116/PR";"Norte";"Colisão Transversal";1;0;0;0;0;0;0;0;0;1;2;0;0;0;0
"17/08/2013";"20:12:00";"1816";"sem vítima";"52,8";"BR-116/SC";"Sul";"Saida de Pista";1;0;0;0;0;0;0;0;0;0;1;0;0;0;0
"18/08/2013";"04:03:00";"1836";"sem vítima";"148,4";"BR-116/PR";"Sul";"Choque - Arvore";0;0;0;0;0;0;0;0;0;1;2;0;0;0;0