data;horario;n_da_ocorrencia;tipo_de_ocorrencia;km;trecho;sentido;tipo_de_acidente;automovel;bicicleta;caminhao;moto;onibus;outros;tracao_animal;transporte_de_cargas_especiais;trator_maquinas;utilitarios;ilesos;levemente_feridos;moderadamente_feridos;gravemente_feridos;mortos
"03/10/2013";"16:59:00";"270";"sem vítima";"203,65";"BR-116/PR";"Sul";"Choque - Suporte de Sinalização";0;0;1;0;0;0;0;0;0;0;1;0;0;0;0
"03/10/2013";"17:58:00";"272";"sem vítima";"132";"BR-116/PR";"Norte";"Colisão Transversal";1;0;0;0;1;0;0;0;0;0;61;0;0;0;0
"03/10/2013";"19:20:00";"281";"sem vítima";"120,5";"BR-116/PR";"Sul";"Colisão Transversal";1;0;1;0;0;0;0;0;0;0;2;0;0;0;0
"04/10/2013";"01:42:00";"304";"sem vítima";"233";"BR-116/SC";"Sul";"Colisão Lateral";0;0;1;0;0;1;0;0;0;0;2;0;0;0;0
"04/10/2013";"07:29:00";"317";"sem vítima";"131,9";"BR-116/PR";"Sul";"Colisão Transversal";1;0;1;0;0;0;0;0;0;0;2;0;0;0;0
"04/10/2013";"18:30:00";"377";"sem vítima";"138,9";"BR-116/PR";"Norte";"Colisão Transversal";1;0;1;0;0;0;0;0;0;0;4;0;0;0;0
"04/10/2013";"19:19:00";"384";"sem vítima";"202";"BR-116/PR";"Norte";"Atropelamento de Animal";1;0;0;0;0;0;0;0;0;0;2;0;0;0;0
"04/10/2013";"19:47:00";"388";"sem vítima";"69";"BR-116/SC";"Sul";"Colisão Transversal";2;0;0;0;0;0;0;0;0;0;2;0;0;0;0
"04/10/2013";"19:58:00";"389";"sem vítima";"197";"BR-116/PR";"Sul";"Objeto lançado contra veículo";1;0;0;0;0;0;0;0;0;0;1;0;0;0;0
"04/10/2013";"20:26:00";"393";"com vítima";"71,5";"BR-116/SC";"Norte";"Colisão Lateral";1;0;0;0;0;0;0;0;0;1;4;1;0;0;0
"04/10/2013";"20:59:00";"395";"com vítima";"140,2";"BR-116/PR";"Sul";"Colisão Transversal";1;0;0;1;0;0;0;0;0;0;3;1;0;0;0
"04/10/2013";"22:52:00";"404";"sem vítima";"196";"BR-116/PR";"Sul";"Saida de Pista";0;0;0;1;0;0;0;0;0;0;1;0;0;0;0
"05/10/2013";"00:51:00";"412";"sem vítima";"120,9";"BR-116/PR";"Sul";"Saida de Pista";1;0;0;0;0;0;0;0;0;0;1;0;0;0;0
"05/10/2013";"04:54:00";"417";"com vítima";"38";"BR-116/SC";"Sul";"Colisão Traseira";1;0;0;1;0;0;0;0;0;0;1;0;1;0;0
"05/10/2013";"15:31:00";"459";"com vítima";"200,7";"BR-116/SC";"Sul";"Queda de Moto";0;0;0;1;0;0;0;0;0;0;1;1;0;0;0
"05/10/2013";"17:10:00";"466";"com vítima";"157,8";"BR-116/PR";"Sul";"Saida de Pista";1;0;0;0;0;0;0;0;0;0;0;1;0;1;0
"05/10/2013";"17:20:00";"467";"sem vítima";"134,8";"BR-116/PR";"Sul";"Choque - Cancela de Pedagio";0;0;1;0;0;0;0;0;0;0;1;0;0;0;0
"05/10/2013";"18:54:00";"472";"com vítima";"237";"BR-116/SC";"Sul";"Colisão Traseira";2;0;0;1;0;0;0;0;0;0;6;0;0;0;1
"05/10/2013";"23:41:00";"482";"sem vítima";"130";"BR-116/PR";"Sul";"Colisão Traseira";2;0;0;0;0;0;0;0;0;0;2;0;0;0;0
"06/10/2013";"00:53:00";"483";"sem vítima";"122";"BR-116/PR";"Norte";"Saida de Pista";1;0;0;0;0;0;0;0;0;0;1;0;0;0;0
"06/10/2013";"04:14:00";"491";"sem vítima";"255";"BR-116/SC";"Sul";"Colisão Lateral";2;0;0;0;0;0;0;0;0;0;7;0;0;0;0
"06/10/2013";"10:02:00";"507";"com vítima";"231,7";"BR-116/SC";"Sul";"Tombamento";1;0;0;0;0;0;0;0;0;0;0;2;0;0;0
"06/10/2013";"13:25:00";"516";"sem vítima";"81";"BR-116/SC";"Norte";"Choque - Cancela de Pedagio";1;0;0;0;0;0;0;0;0;0;1;0;0;0;0
"06/10/2013";"14:43:00";"529";"sem vítima";"180,8";"BR-116/PR";"Sul";"Colisão Lateral";1;0;0;0;0;1;0;0;0;0;2;0;0;0;0
"06/10/2013";"15:38:00";"536";"sem vítima";"173,3";"BR-116/PR";"Sul";"Colisão Transversal";2;0;0;0;0;0;0;0;0;0;6;0;0;0;0
"06/10/2013";"18:58:00";"555";"sem vítima";"152,4";"BR-116/PR";"Sul";"Colisão Transversal";2;0;0;0;0;0;0;0;0;0;9;0;0;0;0
"06/10/2013";"19:02:00";"556";"com vítima";"72,9";"BR-116/SC";"Norte";"Atropelamento - Ciclista";0;1;0;0;0;1;0;0;0;0;1;0;1;0;0
"06/10/2013";"22:40:00";"572";"sem vítima";"162,3";"BR-116/PR";"Norte";"Atropelamento de Animal";1;0;0;0;0;0;0;0;0;0;3;0;0;0;0
"07/10/2013";"00:11:00";"580";"sem vítima";"126,2";"BR-116/PR";"Norte";"Colisão Traseira";0;0;1;0;0;0;0;0;0;1;2;0;0;0;0
"07/10/2013";"06:23:00";"588";"com vítima";"115,9";"BR-116/PR";"Sul";"Colisão Traseira";2;0;0;0;0;0;0;0;0;0;1;1;0;0;0
"07/10/2013";"07:07:00";"591";"sem vítima";"134";"BR-116/PR";"Sul";"Objeto lançado contra veículo";1;0;0;0;0;0;0;0;0;0;1;0;0;0;0
"08/10/2013";"07:41:00";"709";"sem vítima";"304";"BR-116/SC";"Norte";"Objeto lançado contra veículo";0;0;1;0;0;0;0;0;0;0;1;0;0;0;0
"08/10/2013";"08:51:00";"718";"sem vítima";"140,5";"BR-116/SC";"Sul";"Tombamento";0;0;1;0;0;0;0;0;0;0;1;0;0;0;0
"08/10/2013";"10:09:00";"727";"sem vítima";"17";"BR-116/SC";"Sul";"Objeto lançado contra veículo";1;0;0;0;0;0;0;0;0;0;1;0;0;0;0
"08/10/2013";"10:23:00";"730";"sem vítima";"197";"BR-116/SC";"Norte";"Saida de Pista";0;0;1;0;0;0;0;0;0;0;1;0;0;0;0
"08/10/2013";"10:38:00";"731";"sem vítima";"119";"BR-116/PR";"Norte";"Colisão Lateral";1;0;0;0;0;1;0;0;0;0;2;0;0;0;0
"08/10/2013";"12:51:00";"741";"com vítima";"130";"BR-116/PR";"Sul";"Colisão Transversal";1;1;0;0;0;0;0;0;0;0;2;0;0;1;0
"09/10/2013";"10:29:00";"832";"sem vítima";"115,3";"BR-116/PR";"Norte";"Colisão Traseira";1;0;0;1;0;0;0;0;0;0;2;0;0;0;0
"09/10/2013";"10:57:00";"838";"sem vítima";"217";"BR-116/SC";"Norte";"Colisão Traseira";1;0;0;1;0;0;0;0;0;0;2;0;0;0;0
"09/10/2013";"14:28:00";"851";"com vítima";"118";"BR-116/PR";"Sul";"Colisão Lateral";2;0;0;0;0;0;0;0;0;0;2;1;0;0;0
"09/10/2013";"14:30:00";"852";"sem vítima";"82";"BR-116/SC";"Norte";"Objeto lançado contra veículo";0;0;1;0;0;0;0;0;0;0;1;0;0;0;0
"09/10/2013";"16:40:00";"869";"sem vítima";"198";"BR-116/PR";"Sul";"Objeto lançado contra veículo";1;0;0;0;0;0;0;0;0;0;1;0;0;0;0
"10/10/2013";"00:23:00";"900";"com vítima";"127,3";"BR-116/PR";"Norte";"Atropelamento - Usuário";1;0;0;0;0;0;0;0;0;0;1;0;0;0;1
"10/10/2013";"02:50:00";"905";"com vítima";"126,2";"BR-116/PR";"Norte";"Colisão Traseira";0;0;0;0;0;0;0;0;0;2;1;1;0;0;0
"10/10/2013";"07:34:00";"922";"com vítima";"118,7";"BR-116/PR";"Sul";"Colisão Traseira";1;0;0;1;0;0;0;0;0;0;5;1;0;0;0
"10/10/2013";"14:22:00";"963";"sem vítima";"125,8";"BR-116/PR";"Sul";"Choque - Veiculo parado na pista";2;0;0;0;0;0;0;0;0;0;2;0;0;0;0
"10/10/2013";"18:55:00";"1003";"sem vítima";"52";"BR-116/SC";"Sul";"Atropelamento de Animal";1;0;0;0;0;0;0;0;0;0;1;0;0;0;0
"10/10/2013";"20:47:00";"1015";"sem vítima";"23,3";"BR-116/SC";"Sul";"Atropelamento de Animal";1;0;0;0;0;0;0;0;0;0;1;0;0;0;0
"10/10/2013";"23:20:00";"1031";"com vítima";"127,8";"BR-116/PR";"Sul";"Colisão Transversal";1;0;1;0;0;0;0;0;0;0;1;1;0;0;0
"11/10/2013";"10:40:00";"1087";"sem vítima";"195";"BR-116/SC";"Sul";"Atropelamento de Animal";0;0;0;0;0;0;0;0;0;1;1;0;0;0;0
"11/10/2013";"11:24:00";"1092";"com vítima";"122,5";"BR-116/PR";"Sul";"Colisão Traseira";1;0;0;1;0;0;0;0;0;0;5;1;0;0;0
"11/10/2013";"12:11:00";"1098";"sem vítima";"118,95";"BR-116/PR";"Sul";"Choque - Veiculo parado na pista";3;0;0;0;0;0;0;0;0;0;6;0;0;0;0
"11/10/2013";"18:55:00";"1155";"com vítima";"19,8";"BR-116/SC";"Sul";"Colisão Lateral";0;0;1;1;0;0;0;0;0;0;1;1;0;0;0
"11/10/2013";"21:19:00";"1167";"sem vítima";"119";"BR-116/PR";"Sul";"Colisão Traseira";3;0;0;0;0;0;0;0;0;0;3;0;0;0;0
"11/10/2013";"21:55:00";"1168";"sem vítima";"86,9";"BR-116/SC";"Sul";"Colisão Lateral";1;0;0;1;0;0;0;0;0;0;5;0;0;0;0
"12/10/2013";"07:07:00";"1198";"sem vítima";"209";"BR-116/PR";"Norte";"Colisão Traseira";2;0;0;0;0;0;0;0;0;0;5;0;0;0;0
"12/10/2013";"13:16:00";"1227";"com vítima";"126,3";"BR-116/PR";"Norte";"Colisão Transversal";2;0;0;1;0;0;0;0;0;0;4;1;0;1;0
"12/10/2013";"18:10:00";"1261";"sem vítima";"191,5";"BR-116/PR";"Sul";"Colisão Lateral";1;0;0;0;1;0;0;0;0;0;2;0;0;0;0
"13/10/2013";"01:52:00";"1289";"com vítima";"121,5";"BR-116/PR";"Norte";"Choque - Defensa, barreira ou "submarino"";1;0;0;0;0;0;0;0;0;0;1;1;0;0;0
"13/10/2013";"10:06:00";"1307";"sem vítima";"123,8";"BR-116/SC";"Norte";"Saida de Pista";1;0;0;0;0;0;0;0;0;0;1;0;0;0;0
"13/10/2013";"12:28:00";"1314";"com vítima";"152,3";"BR-116/PR";"Norte";"Colisão Transversal";1;0;0;1;0;0;0;0;0;0;4;1;0;0;0
"13/10/2013";"13:26:00";"1320";"sem vítima";"12";"BR-116/SC";"Norte";"Colisão Transversal";2;0;0;0;0;0;0;0;0;0;3;0;0;0;0
"13/10/2013";"14:41:00";"1329";"sem vítima";"135,5";"BR-116/PR";"Sul";"Colisão Lateral";1;0;0;1;0;0;0;0;0;0;2;0;0;0;0
"13/10/2013";"17:59:00";"1355";"sem vítima";"303,6";"BR-116/SC";"Sul";"Colisão Traseira";1;0;0;0;0;0;0;0;0;1;3;0;0;0;0
"13/10/2013";"18:40:00";"1359";"sem vítima";"132,9";"BR-116/PR";"Norte";"Choque - Veiculo parado na pista";3;0;0;0;0;0;0;0;0;0;13;0;0;0;0
"13/10/2013";"18:57:00";"1362";"com vítima";"36";"BR-116/SC";"Norte";"Atropelamento - Usuário";1;0;0;0;0;0;0;0;0;0;1;0;0;1;0
"13/10/2013";"22:56:00";"1374";"com vítima";"189,5";"BR-116/SC";"Sul";"Saida de Pista";1;0;0;0;0;0;0;0;0;0;0;1;0;0;0
"14/10/2013";"01:20:00";"1383";"sem vítima";"141";"BR-116/PR";"Norte";"Choque - Objeto sobre a pista";1;0;0;0;0;0;0;0;0;0;1;0;0;0;0
"14/10/2013";"01:20:00";"1381";"sem vítima";"141";"BR-116/PR";"Norte";"Choque - Objeto sobre a pista";1;0;0;0;0;0;0;0;0;0;1;0;0;0;0
"14/10/2013";"05:29:00";"1387";"com vítima";"126,3";"BR-116/PR";"Sul";"Atropelamento - Ciclista";1;1;0;0;0;0;0;0;0;0;1;0;0;1;0
"14/10/2013";"10:34:00";"1420";"sem vítima";"120";"BR-116/SC";"Sul";"Objeto lançado contra veículo";1;0;0;0;0;0;0;0;0;0;1;0;0;0;0
"14/10/2013";"11:44:00";"1426";"sem vítima";"172";"BR-116/SC";"Norte";"Objeto lançado contra veículo";1;0;0;0;0;0;0;0;0;0;5;0;0;0;0
"14/10/2013";"19:32:00";"1481";"sem vítima";"48,1";"BR-116/SC";"Sul";"Atropelamento de Animal";0;0;1;0;0;0;0;0;0;0;1;0;0;0;0
"15/10/2013";"08:55:00";"1517";"sem vítima";"123,35";"BR-116/PR";"Norte";"Colisão Lateral";0;0;1;0;0;1;0;0;0;0;2;0;0;0;0
"15/10/2013";"10:22:00";"1531";"sem vítima";"124,1";"BR-116/PR";"Norte";"Colisão Traseira";4;0;0;0;0;0;0;0;0;0;5;0;0;0;0
"15/10/2013";"10:28:00";"1532";"com vítima";"118,3";"BR-116/PR";"Norte";"Colisão Transversal";1;0;1;1;0;0;0;0;0;0;2;1;0;0;0
"15/10/2013";"13:35:00";"1546";"sem vítima";"139,5";"BR-116/SC";"Sul";"Objeto lançado contra veículo";1;0;0;0;0;0;0;0;0;0;1;0;0;0;0
"15/10/2013";"15:05:00";"1558";"sem vítima";"103,5";"BR-116/SC";"Norte";"Choque - Outros";1;0;0;0;0;0;0;0;0;0;3;0;0;0;0
"15/10/2013";"19:12:00";"1582";"sem vítima";"258";"BR-116/SC";"Norte";"Choque - Veiculo parado no acostamento";0;0;2;0;0;0;0;0;0;0;2;0;0;0;0
"16/10/2013";"09:08:00";"1626";"sem vítima";"12,3";"BR-116/SC";"Norte";"Colisão Transversal";2;0;0;0;0;0;0;0;0;0;5;0;0;0;0
"16/10/2013";"09:43:00";"1632";"sem vítima";"81";"BR-116/SC";"Norte";"Objeto lançado contra veículo";1;0;0;0;0;0;0;0;0;0;1;0;0;0;0
"16/10/2013";"11:26:00";"1645";"sem vítima";"140";"BR-116/PR";"Norte";"Tombamento";0;0;1;0;0;0;0;0;0;0;1;0;0;0;0
"16/10/2013";"13:52:00";"1660";"sem vítima";"1,3";"BR-116/SC";"Sul";"Saida de Pista";0;0;1;0;0;0;0;0;0;0;1;0;0;0;0
"17/10/2013";"06:14:00";"1710";"com vítima";"179,7";"BR-116/SC";"Sul";"Saida de Pista";1;0;0;0;0;0;0;0;0;0;0;1;0;0;0
"17/10/2013";"08:58:00";"1720";"sem vítima";"0,9";"BR-116/SC";"Norte";"Choque - Defensa, barreira ou "submarino"";0;0;1;0;0;0;0;0;0;0;1;0;0;0;0
"17/10/2013";"09:33:00";"1725";"sem vítima";"115,8";"BR-116/PR";"Norte";"Colisão Traseira";2;0;0;0;0;0;0;0;0;0;3;0;0;0;0
"17/10/2013";"13:31:00";"1753";"com vítima";"204";"BR-116/PR";"Norte";"Colisão Transversal";1;0;0;1;0;0;0;0;0;0;1;1;0;0;0
"17/10/2013";"17:39:00";"1771";"sem vítima";"210";"BR-116/PR";"Sul";"Colisão Transversal";2;0;0;0;0;0;0;0;0;0;2;0;0;0;0
"17/10/2013";"18:20:00";"1774";"sem vítima";"35";"BR-116/SC";"Sul";"Objeto lançado contra veículo";0;0;1;0;0;0;0;0;0;0;1;0;0;0;0
"17/10/2013";"19:02:00";"1777";"com vítima";"142,15";"BR-116/SC";"Sul";"Colisão Frontal";2;0;0;0;0;0;0;0;0;0;1;2;0;0;0
"17/10/2013";"23:07:00";"1787";"com vítima";"145";"BR-116/PR";"Sul";"Choque - Objeto sobre a pista";1;0;0;0;0;0;0;0;0;0;1;1;0;0;0
"18/10/2013";"17:26:00";"1872";"com vítima";"4";"BR-116/SC";"Norte";"Colisão Transversal";1;0;0;1;0;0;0;0;0;0;1;1;0;0;0
"18/10/2013";"17:53:00";"1874";"sem vítima";"171,4";"BR-116/SC";"Norte";"Colisão Traseira";1;0;0;0;0;0;0;0;0;1;5;0;0;0;0
"18/10/2013";"18:05:00";"1877";"sem vítima";"132";"BR-116/SC";"Sul";"Objeto lançado contra veículo";0;0;0;0;0;0;0;0;0;1;1;0;0;0;0
"19/10/2013";"02:19:00";"1902";"sem vítima";"202";"BR-116/PR";"Norte";"Choque - Veiculo parado na pista";1;0;1;0;0;0;0;0;0;0;3;0;0;0;0
"19/10/2013";"07:04:00";"1912";"sem vítima";"126,1";"BR-116/PR";"Norte";"Colisão Traseira";2;0;0;0;0;1;0;0;0;0;3;0;0;0;0
"19/10/2013";"10:40:00";"1928";"sem vítima";"174,8";"BR-116/SC";"Norte";"Tombamento";0;0;1;0;0;0;0;0;0;0;1;0;0;0;0
"19/10/2013";"12:49:00";"1940";"sem vítima";"204";"BR-116/PR";"Sul";"Objeto lançado contra veículo";1;0;0;0;0;0;0;0;0;0;1;0;0;0;0
"19/10/2013";"19:23:00";"1973";"sem vítima";"123,7";"BR-116/PR";"Norte";"Colisão Traseira";2;0;0;0;0;0;0;0;0;1;5;0;0;0;0
"19/10/2013";"19:56:00";"1976";"com vítima";"119,4";"BR-116/PR";"Sul";"Colisão Transversal";2;0;0;0;0;0;0;0;0;0;2;1;0;0;0
"19/10/2013";"19:57:00";"1977";"sem vítima";"32,3";"BR-116/SC";"Sul";"Saida de Pista";1;0;0;0;0;0;0;0;0;0;1;0;0;0;0
"19/10/2013";"20:32:00";"1978";"com vítima";"61,7";"BR-116/SC";"Sul";"Colisão Traseira";0;0;0;1;0;0;0;0;0;1;4;1;0;0;0
"19/10/2013";"21:25:00";"1983";"sem vítima";"78,4";"BR-116/SC";"Norte";"Atropelamento de Animal";0;0;1;0;0;0;0;0;0;0;1;0;0;0;0
"20/10/2013";"03:52:00";"2000";"com vítima";"196";"BR-116/PR";"Sul";"Saida de Pista";0;0;0;1;0;0;0;0;0;0;0;1;0;0;0
"20/10/2013";"05:00:00";"2001";"com vítima";"129,8";"BR-116/PR";"Sul";"Colisão Traseira";0;0;0;1;0;1;0;0;0;0;1;1;0;0;0
"20/10/2013";"05:35:00";"2002";"com vítima";"122";"BR-116/PR";"Sul";"Colisão Transversal";2;0;0;0;0;0;0;0;0;0;3;2;0;0;0
"20/10/2013";"06:07:00";"2003";"sem vítima";"190,95";"BR-116/PR";"Norte";"Colisão Traseira";1;0;1;0;0;0;0;0;0;0;3;0;0;0;0
"20/10/2013";"07:52:00";"2008";"sem vítima";"122,9";"BR-116/PR";"Norte";"Choque - Defensa, barreira ou "submarino"";1;0;0;0;0;0;0;0;0;0;1;0;0;0;0
"20/10/2013";"12:21:00";"2025";"sem vítima";"120";"BR-116/SC";"Sul";"Choque - Objeto sobre a pista";0;0;1;0;0;0;0;0;0;0;1;0;0;0;0
"20/10/2013";"15:32:00";"2042";"sem vítima";"42";"BR-116/SC";"Norte";"Objeto lançado contra veículo";0;0;1;0;0;0;0;0;0;0;1;0;0;0;0
"20/10/2013";"16:10:00";"2044";"sem vítima";"150,1";"BR-116/PR";"Norte";"Colisão Traseira";1;0;0;0;1;0;0;0;0;0;4;0;0;0;0
"20/10/2013";"17:28:00";"2050";"sem vítima";"99";"BR-116/SC";"Norte";"Colisão Traseira";0;0;2;0;0;0;0;0;0;0;2;0;0;0;0
"21/10/2013";"08:03:00";"2103";"com vítima";"118,1";"BR-116/PR";"Norte";"Colisão Transversal";1;0;0;1;0;0;0;0;0;0;1;0;0;1;0
"21/10/2013";"15:34:00";"2162";"sem vítima";"193,1";"BR-116/SC";"Sul";"Saida de Pista";0;0;1;0;0;0;0;0;0;0;1;0;0;0;0
"21/10/2013";"15:47:00";"2164";"sem vítima";"41";"BR-116/SC";"Sul";"Objeto lançado contra veículo";1;0;0;0;0;0;0;0;0;0;4;0;0;0;0
"21/10/2013";"16:32:00";"2169";"sem vítima";"59,3";"BR-116/SC";"Norte";"Saida de Pista";0;0;0;0;0;0;0;0;0;1;1;0;0;0;0
"21/10/2013";"18:31:00";"2177";"sem vítima";"123,5";"BR-116/PR";"Norte";"Choque - Veiculo parado na pista";3;0;0;0;0;0;0;0;0;0;3;0;0;0;0
"21/10/2013";"21:47:00";"2193";"sem vítima";"233";"BR-116/SC";"Norte";"Objeto lançado contra veículo";0;0;0;0;0;0;0;0;0;1;1;0;0;0;0
"22/10/2013";"01:36:00";"2206";"sem vítima";"304,005";"BR-116/SC";"Sul";"Saida de Pista";0;0;1;0;0;0;0;0;0;0;1;0;0;0;0
"22/10/2013";"04:56:00";"2213";"sem vítima";"203,3";"BR-116/PR";"Norte";"Choque - Veiculo parado na pista";1;0;0;0;0;1;0;0;0;0;4;0;0;0;0
"22/10/2013";"09:10:00";"2230";"sem vítima";"120";"BR-116/SC";"Sul";"Objeto lançado contra veículo";0;0;1;0;0;0;0;0;0;0;1;0;0;0;0
"22/10/2013";"11:02:00";"2243";"sem vítima";"119,4";"BR-116/PR";"Sul";"Colisão Traseira";1;0;1;0;0;0;0;0;0;0;3;0;0;0;0
"22/10/2013";"12:19:00";"2253";"sem vítima";"136,4";"BR-116/PR";"Sul";"Saida de Pista";1;0;1;0;0;0;0;0;0;0;2;0;0;0;0
"22/10/2013";"18:14:00";"2291";"com vítima";"91";"BR-116/SC";"Norte";"Colisão Traseira";0;0;2;0;0;0;0;0;0;0;2;1;0;0;0
"22/10/2013";"21:23:00";"2301";"sem vítima";"191,5";"BR-116/PR";"Sul";"Choque - Elemento de Drenagem";1;0;0;0;0;0;0;0;0;0;1;0;0;0;0
"22/10/2013";"22:44:00";"2308";"sem vítima";"115,7";"BR-116/PR";"Sul";"Colisão Transversal";2;0;0;0;0;0;0;0;0;0;2;0;0;0;0
"22/10/2013";"23:32:00";"2312";"com vítima";"197,2";"BR-116/PR";"Sul";"Capotamento";1;0;0;0;0;0;0;0;0;0;0;1;0;0;0
"23/10/2013";"06:43:00";"2324";"com vítima";"116";"BR-116/PR";"Norte";"Atropelamento - Usuário";1;0;0;1;0;0;0;0;0;0;1;0;2;0;0
"23/10/2013";"13:58:00";"2368";"sem vítima";"187,3";"BR-116/PR";"Norte";"Objeto lançado contra veículo";1;0;1;0;0;0;0;0;0;0;12;0;0;0;0
"23/10/2013";"17:51:00";"2398";"sem vítima";"152";"BR-116/SC";"Norte";"Colisão Traseira";0;0;2;0;0;0;0;0;0;0;2;0;0;0;0
"23/10/2013";"18:46:00";"2403";"sem vítima";"85,5";"BR-116/SC";"Norte";"Choque - Veiculo parado na pista";0;0;3;0;1;0;0;0;0;0;4;0;0;0;0
"23/10/2013";"23:03:00";"2423";"com vítima";"128,2";"BR-116/PR";"Sul";"Colisão Transversal";1;0;0;1;0;0;0;0;0;0;1;0;1;0;0
"23/10/2013";"23:50:00";"2317";"sem vítima";"197,2";"BR-116/PR";"Norte";"Objeto lançado contra veículo";0;0;1;0;0;0;0;0;0;0;1;0;0;0;0
"24/10/2013";"07:02:00";"2437";"sem vítima";"124";"BR-116/PR";"Norte";"Colisão Traseira";1;0;0;0;0;1;0;0;0;0;2;0;0;0;0
"24/10/2013";"10:06:00";"2450";"sem vítima";"122";"BR-116/PR";"Norte";"Colisão Traseira";1;0;1;0;0;0;0;0;0;0;2;0;0;0;0
"24/10/2013";"11:41:00";"2457";"com vítima";"64,5";"BR-116/SC";"Norte";"Saida de Pista";1;0;0;0;0;0;0;0;0;0;0;1;0;0;0
"24/10/2013";"14:23:00";"2466";"com vítima";"133,5";"BR-116/PR";"Norte";"Tombamento";0;0;1;0;0;0;0;0;0;0;0;1;0;0;0
"24/10/2013";"15:02:00";"2468";"sem vítima";"211,4";"BR-116/PR";"Sul";"Colisão Lateral";2;0;0;0;0;0;0;0;0;0;2;0;0;0;0
"24/10/2013";"16:16:00";"2475";"sem vítima";"195,5";"BR-116/PR";"Norte";"Saida de Pista";1;0;0;0;0;0;0;0;0;0;1;0;0;0;0
"24/10/2013";"18:07:00";"2483";"com vítima";"230,32";"BR-116/SC";"Sul";"Colisão Traseira";1;0;0;0;0;0;0;0;0;1;2;1;0;0;0
"24/10/2013";"18:16:00";"2485";"sem vítima";"204";"BR-116/PR";"Sul";"Choque - Cancela de Pedagio";1;0;0;0;0;0;0;0;0;0;1;0;0;0;0
"25/10/2013";"00:04:00";"2508";"sem vítima";"142";"BR-116/PR";"Norte";"Choque - Objeto não identificado";0;0;1;0;0;0;0;0;0;0;1;0;0;0;0
"25/10/2013";"06:11:00";"2526";"sem vítima";"47";"BR-116/SC";"Norte";"Colisão Traseira";2;0;0;0;0;0;0;0;0;0;2;0;0;0;0
"25/10/2013";"06:36:00";"2527";"com vítima";"118,4";"BR-116/PR";"Norte";"Colisão Transversal";1;0;0;1;0;0;0;0;0;0;1;2;0;0;0
"25/10/2013";"07:08:00";"2528";"sem vítima";"132";"BR-116/PR";"Sul";"Objeto lançado contra veículo";1;0;0;0;0;0;0;0;0;0;1;0;0;0;0
"25/10/2013";"08:12:00";"2534";"sem vítima";"119,5";"BR-116/PR";"Norte";"Colisão Traseira";1;0;1;0;0;0;0;0;0;0;2;0;0;0;0
"25/10/2013";"08:36:00";"2540";"sem vítima";"268";"BR-116/SC";"Sul";"Saida de Pista";1;0;0;0;0;0;0;0;0;0;1;0;0;0;0
"25/10/2013";"08:39:00";"2541";"com vítima";"205";"BR-116/PR";"Norte";"Colisão Transversal";1;0;0;0;0;0;0;0;0;1;2;0;1;0;0
"25/10/2013";"12:34:00";"2559";"sem vítima";"118,6";"BR-116/PR";"Sul";"Colisão Traseira";0;0;1;0;1;0;0;0;0;0;2;0;0;0;0
"25/10/2013";"19:59:00";"2597";"sem vítima";"274";"BR-116/SC";"Norte";"Atropelamento de Animal";1;0;0;0;0;0;0;0;0;0;1;0;0;0;0
"25/10/2013";"21:59:00";"2604";"com vítima";"209";"BR-116/PR";"Norte";"Colisão Frontal";2;0;0;0;0;0;0;0;0;0;0;2;1;0;0
"26/10/2013";"08:24:00";"2632";"sem vítima";"245,6";"BR-116/SC";"Sul";"Colisão Transversal";2;0;0;0;0;0;0;0;0;0;5;0;0;0;0
"26/10/2013";"15:30:00";"2658";"com vítima";"3";"BR-116/SC";"Norte";"Saida de Pista";1;0;0;0;0;0;0;0;0;0;0;1;0;0;0
"26/10/2013";"18:09:00";"2670";"sem vítima";"183";"BR-116/PR";"Sul";"Saida de Pista";1;0;0;0;0;0;0;0;0;0;3;0;0;0;0
"26/10/2013";"23:30:00";"2689";"sem vítima";"119,4";"BR-116/PR";"Norte";"Colisão Transversal";1;0;0;0;0;1;0;0;0;0;2;0;0;0;0
"26/10/2013";"23:31:00";"2690";"com vítima";"183,3";"BR-116/SC";"Sul";"Colisão Frontal";1;0;1;0;0;0;0;0;0;0;1;0;0;0;1
"27/10/2013";"03:23:00";"2701";"sem vítima";"41";"BR-116/SC";"Norte";"Saida de Pista";0;0;1;0;0;0;0;0;0;0;1;0;0;0;0
"27/10/2013";"05:22:00";"2705";"sem vítima";"128,2";"BR-116/PR";"Sul";"Colisão Transversal";1;0;0;1;0;0;0;0;0;0;3;0;0;0;0
"27/10/2013";"15:21:00";"2739";"sem vítima";"185";"BR-116/SC";"Sul";"Colisão Lateral";2;0;0;0;0;0;0;0;0;0;2;0;0;0;0
"27/10/2013";"16:37:00";"2746";"sem vítima";"6";"BR-116/SC";"Norte";"Objeto lançado contra veículo";1;0;1;0;0;0;0;0;0;0;2;0;0;0;0
"27/10/2013";"17:15:00";"2749";"sem vítima";"123,7";"BR-116/PR";"Norte";"Choque - Veiculo parado na pista";3;0;0;0;0;0;0;0;0;0;5;0;0;0;0