data;horario;n_da_ocorrencia;tipo_de_ocorrencia;km;trecho;sentido;tipo_de_acidente;automovel;bicicleta;caminhao;moto;onibus;outros;tracao_animal;transporte_de_cargas_especiais;trator_maquinas;utilitarios;ilesos;levemente_feridos;moderadamente_feridos;gravemente_feridos;mortos
"09/12/2013";"06:33:00";"841";"sem vítima";"31,5";"BR-116/SC";"Sul";"Colisão Lateral";1;0;1;0;0;0;0;0;0;0;2;0;0;0;0
"09/12/2013";"10:18:00";"859";"sem vítima";"111";"BR-116/SC";"Sul";"Colisão Lateral";1;0;2;0;0;0;0;0;0;0;3;0;0;0;0
"09/12/2013";"10:40:00";"861";"sem vítima";"11";"BR-116/SC";"Norte";"Choque - Objeto sobre a pista";1;0;0;0;0;0;0;0;0;0;1;0;0;0;0
"09/12/2013";"15:19:00";"881";"sem vítima";"134,5";"BR-116/PR";"Norte";"Choque - Veiculo parado na pista";0;0;2;0;0;0;0;0;0;0;2;0;0;0;0
"09/12/2013";"17:32:00";"897";"com vítima";"128,7";"BR-116/PR";"Sul";"Atropelamento de Animal";0;0;0;1;0;0;0;0;0;0;0;1;0;0;0
"09/12/2013";"19:11:00";"906";"sem vítima";"245,6";"BR-116/SC";"Norte";"Colisão Transversal";0;0;1;0;1;0;0;0;0;0;2;0;0;0;0
"09/12/2013";"20:29:00";"912";"com vítima";"128,2";"BR-116/PR";"Sul";"Colisão Transversal";2;0;0;0;0;0;0;0;0;0;3;2;0;0;0
"09/12/2013";"21:43:00";"918";"com vítima";"206,4";"BR-116/SC";"Sul";"Colisão Traseira";0;0;0;1;0;1;0;0;0;0;1;0;1;0;0
"09/12/2013";"23:13:00";"933";"sem vítima";"204";"BR-116/PR";"Sul";"Choque - Objeto sobre a pista";0;0;0;0;0;0;0;0;0;1;1;0;0;0;0
"10/12/2013";"01:04:00";"939";"com vítima";"0";"BR-116/SC";"Sul";"Saida de Pista";0;0;0;1;0;0;0;0;0;0;0;1;0;0;0
"10/12/2013";"02:56:00";"941";"com vítima";"126,95";"BR-116/SC";"Sul";"Atropelamento - Morador";0;0;1;0;0;0;0;0;0;0;1;0;0;0;1
"10/12/2013";"07:04:00";"946";"sem vítima";"201";"BR-116/PR";"Norte";"Objeto lançado contra veículo";1;0;0;0;0;0;0;0;0;0;1;0;0;0;0
"10/12/2013";"13:18:00";"981";"com vítima";"308";"BR-116/SC";"Sul";"Colisão Transversal";2;0;0;0;0;0;0;0;0;0;0;1;0;0;1
"10/12/2013";"14:36:00";"989";"sem vítima";"147";"BR-116/PR";"Norte";"Objeto lançado contra veículo";1;0;0;0;0;0;0;0;0;0;4;0;0;0;0
"10/12/2013";"17:53:00";"1008";"sem vítima";"218,9";"BR-116/SC";"Norte";"Colisão Lateral";1;0;0;0;0;1;0;0;0;0;2;0;0;0;0
"10/12/2013";"19:13:00";"1018";"com vítima";"129,6";"BR-116/PR";"Norte";"Colisão Lateral";0;1;0;0;0;1;0;0;0;0;1;1;0;0;0
"10/12/2013";"22:37:00";"1030";"com vítima";"125,9";"BR-116/PR";"Norte";"Colisão Traseira";1;0;1;0;0;0;0;0;0;0;1;0;0;1;1
"11/12/2013";"04:26:00";"1042";"sem vítima";"26";"BR-116/SC";"Sul";"Saida de Pista";1;0;0;0;0;0;0;0;0;0;2;0;0;0;0
"11/12/2013";"08:31:00";"1056";"sem vítima";"7";"BR-116/SC";"Sul";"Colisão Transversal";1;0;1;0;0;0;0;0;0;0;3;0;0;0;0
"11/12/2013";"09:22:00";"1063";"sem vítima";"308,9";"BR-116/SC";"Sul";"Saida de Pista";0;0;1;0;0;0;0;0;0;0;1;0;0;0;0
"11/12/2013";"13:29:00";"1088";"sem vítima";"117,4";"BR-116/PR";"Sul";"Capotamento";0;0;0;0;0;0;0;0;0;2;2;0;0;0;0
"11/12/2013";"18:00:00";"1127";"com vítima";"43,3";"BR-116/SC";"Norte";"Colisão Frontal";2;0;0;0;0;0;0;0;0;0;2;1;1;0;0
"11/12/2013";"18:52:00";"1130";"sem vítima";"117,4";"BR-116/PR";"Sul";"Colisão Traseira";2;0;0;0;0;0;0;0;0;0;3;0;0;0;0
"11/12/2013";"19:05:00";"1131";"sem vítima";"122";"BR-116/PR";"Norte";"Colisão Transversal";1;0;0;1;0;0;0;0;0;0;3;0;0;0;0
"11/12/2013";"22:42:00";"1153";"sem vítima";"117,6";"BR-116/PR";"Norte";"Colisão Lateral";1;0;0;0;1;0;0;0;0;0;5;0;0;0;0
"11/12/2013";"23:33:00";"1157";"sem vítima";"226,2";"BR-116/SC";"Sul";"Outros";0;0;1;0;0;0;0;0;0;0;1;0;0;0;0
"12/12/2013";"12:50:00";"1211";"sem vítima";"128";"BR-116/PR";"Norte";"Colisão Lateral";0;0;2;0;0;0;0;0;0;0;2;0;0;0;0
"12/12/2013";"14:32:00";"1218";"com vítima";"117";"BR-116/PR";"Sul";;0;0;0;0;0;1;0;0;0;0;1;1;0;0;0
"12/12/2013";"16:02:00";"1234";"sem vítima";"130,6";"BR-116/PR";"Sul";"Objeto lançado contra veículo";1;0;0;0;0;0;0;0;0;0;1;0;0;0;0
"12/12/2013";"16:30:00";"1237";"sem vítima";"131,8";"BR-116/PR";"Sul";"Objeto lançado contra veículo";1;0;0;0;0;0;0;0;0;0;2;0;0;0;0
"13/12/2013";"00:11:00";"1269";"sem vítima";"203";"BR-116/PR";"Sul";"Atropelamento de Animal";1;0;0;0;0;0;0;0;0;0;1;0;0;0;0
"13/12/2013";"04:33:00";"1282";"sem vítima";"135,5";"BR-116/PR";"Sul";"Atropelamento de Animal";0;0;1;0;0;0;0;0;0;0;1;0;0;0;0
"13/12/2013";"10:07:00";"1302";"sem vítima";"49";"BR-116/SC";"Sul";"Objeto lançado contra veículo";1;0;0;0;0;0;0;0;0;0;1;0;0;0;0
"13/12/2013";"12:36:00";"1314";"sem vítima";"115";"BR-116/PR";"Norte";"Colisão Traseira";2;0;0;0;0;0;0;0;0;0;2;0;0;0;0
"13/12/2013";"17:19:00";"1351";"sem vítima";"204";"BR-116/PR";"Norte";"Colisão Lateral";1;0;1;0;0;0;0;0;0;0;2;0;0;0;0
"13/12/2013";"18:31:00";"1359";"sem vítima";"219,4";"BR-116/SC";"Norte";"Colisão Transversal";2;0;0;0;0;0;0;0;0;0;2;0;0;0;0
"13/12/2013";"18:32:00";"1360";"sem vítima";"233";"BR-116/SC";"Norte";"Choque - Cancela de Pedagio";1;0;0;0;0;0;0;0;0;0;1;0;0;0;0
"13/12/2013";"19:08:00";"1364";"sem vítima";"203";"BR-116/PR";"Sul";"Choque - Objeto sobre a pista";0;0;1;0;0;0;0;0;0;0;1;0;0;0;0
"14/12/2013";"00:31:00";"1383";"sem vítima";"0,05";"BR-116/SC";"Norte";"Colisão Traseira";1;0;0;0;0;1;0;0;0;0;2;0;0;0;0
"14/12/2013";"04:04:00";"1391";"com vítima";"123,3";"BR-116/PR";"Norte";"Colisão Traseira";1;0;0;1;0;0;0;0;0;0;1;1;1;0;0
"14/12/2013";"05:17:00";"1396";"sem vítima";"208";"BR-116/PR";"Norte";"Saida de Pista";1;0;0;0;0;0;0;0;0;0;1;0;0;0;0
"14/12/2013";"06:20:00";"1402";"sem vítima";"93,3";"BR-116/SC";"Sul";"Colisão Transversal";0;0;2;0;0;0;0;0;0;0;2;0;0;0;0
"14/12/2013";"06:40:00";"1404";"sem vítima";"203";"BR-116/SC";"Sul";"Saida de Pista";1;0;0;0;0;0;0;0;0;0;1;0;0;0;0
"14/12/2013";"06:52:00";"1405";"sem vítima";"1,2";"BR-116/SC";"Sul";"Saida de Pista";0;0;1;0;0;0;0;0;0;0;1;0;0;0;0
"14/12/2013";"08:03:00";"1411";"sem vítima";"244,9";"BR-116/SC";"Norte";"Saida de Pista";1;0;0;0;0;0;0;0;0;0;1;0;0;0;0
"14/12/2013";"08:03:00";"1410";"com vítima";"152";"BR-116/PR";"Sul";"Colisão Frontal";2;0;0;0;0;0;0;0;0;0;1;3;0;2;0
"14/12/2013";"10:25:00";"1417";"com vítima";"184";"BR-116/SC";"Sul";"Saida de Pista";1;0;0;0;0;0;0;0;0;0;1;1;0;0;0
"14/12/2013";"14:31:00";"1430";"sem vítima";"199";"BR-116/PR";"Sul";"Choque - Objeto sobre a pista";1;0;0;0;0;0;0;0;0;0;1;0;0;0;0
"14/12/2013";"17:04:00";"1446";"sem vítima";"73";"BR-116/SC";"Norte";"Saida de Pista";0;0;0;0;0;0;0;0;0;1;1;0;0;0;0
"14/12/2013";"17:30:00";"1449";"sem vítima";"52,3";"BR-116/SC";"Norte";"Colisão Transversal";1;0;1;0;0;0;0;0;0;0;7;0;0;0;0
"15/12/2013";"00:51:00";"1469";"sem vítima";"117";"BR-116/PR";"Sul";"Saida de Pista";1;0;0;0;0;0;0;0;0;0;2;0;0;0;0
"15/12/2013";"02:50:00";"1476";"com vítima";"117,3";"BR-116/PR";"Norte";"Colisão Traseira";1;0;0;1;0;0;0;0;0;0;1;0;1;0;0
"15/12/2013";"04:07:00";"1482";"sem vítima";"156,8";"BR-116/PR";"Sul";"Colisão Lateral";1;0;1;0;0;0;0;0;0;0;4;0;0;0;0
"15/12/2013";"05:14:00";"1486";"com vítima";"170,9";"BR-116/SC";"Sul";"Choque - Talude";0;0;1;0;0;0;0;0;0;0;4;2;1;0;1
"15/12/2013";"07:38:00";"1488";"com vítima";"35,2";"BR-116/SC";"Sul";"Saida de Pista";1;0;0;0;0;0;0;0;0;0;0;0;0;1;0
"15/12/2013";"08:47:00";"1490";"sem vítima";"142";"BR-116/SC";"Sul";"Capotamento";1;0;0;0;0;0;0;0;0;0;1;0;0;0;0
"15/12/2013";"10:07:00";"1499";"sem vítima";"121";"BR-116/PR";"Sul";"Objeto lançado contra veículo";1;0;0;0;0;0;0;0;0;0;1;0;0;0;0
"15/12/2013";"10:40:00";"1502";"sem vítima";"0,09";"BR-116/SC";"Norte";"Colisão Traseira";2;0;0;0;0;0;0;0;0;0;2;0;0;0;0
"15/12/2013";"13:40:00";"1513";"sem vítima";"134";"BR-116/PR";"Sul";"Choque - Objeto sobre a pista";0;0;1;0;0;0;0;0;0;0;1;0;0;0;0
"15/12/2013";"15:28:00";"1527";"sem vítima";"123,7";"BR-116/PR";"Norte";"Choque - Veiculo parado na pista";3;0;0;0;0;0;0;0;0;0;8;0;0;0;0
"15/12/2013";"15:43:00";"1529";"com vítima";"189,3";"BR-116/SC";"Sul";"Capotamento";1;0;0;0;0;0;0;0;0;0;0;0;0;0;1
"15/12/2013";"16:11:00";"1533";"com vítima";"129";"BR-116/PR";"Norte";"Atropelamento - Morador";0;0;0;0;0;1;0;0;0;0;1;1;0;0;0
"15/12/2013";"17:00:00";"1541";"sem vítima";"191";"BR-116/PR";"Sul";"Saida de Pista";1;0;0;0;0;0;0;0;0;0;4;0;0;0;0
"15/12/2013";"20:43:00";"1567";"sem vítima";"126";"BR-116/PR";"Norte";;2;0;0;0;0;0;0;0;0;0;2;0;0;0;0
"15/12/2013";"20:59:00";"1572";"sem vítima";"126";"BR-116/PR";"Norte";"Colisão Traseira";1;0;0;0;0;0;0;0;0;1;2;0;0;0;0
"15/12/2013";"21:04:00";"1573";"sem vítima";"233";"BR-116/SC";"Norte";"Choque - Objeto sobre a pista";1;0;0;0;0;0;0;0;0;0;1;0;0;0;0
"15/12/2013";"22:21:00";"1580";"sem vítima";"147";"BR-116/SC";"Norte";"Atropelamento de Animal";1;0;0;0;0;0;0;0;0;0;1;0;0;0;0
"15/12/2013";"23:01:00";"1584";"sem vítima";"129,8";"BR-116/PR";"Norte";"Colisão Transversal";2;0;0;0;0;0;0;0;0;0;2;0;0;0;0
"16/12/2013";"07:16:00";"1603";"sem vítima";"117";"BR-116/PR";"Norte";"Colisão Lateral";0;0;1;0;1;0;0;0;0;0;2;0;0;0;0
"16/12/2013";"07:54:00";"1608";"com vítima";"124";"BR-116/PR";"Norte";"Colisão Traseira";0;0;2;0;0;0;0;0;0;0;1;1;0;0;0
"16/12/2013";"12:02:00";"1637";"sem vítima";"5";"BR-116/SC";"Sul";"Colisão Transversal";1;0;0;0;0;1;0;0;0;0;2;0;0;0;0
"16/12/2013";"14:28:00";"1649";"sem vítima";"134";"BR-116/PR";"Sul";"Objeto lançado contra veículo";1;0;0;0;0;0;0;0;0;0;1;0;0;0;0
"16/12/2013";"14:30:00";"1650";"sem vítima";"233";"BR-116/SC";"Sul";"Objeto lançado contra veículo";1;0;0;0;0;0;0;0;0;0;1;0;0;0;0
"16/12/2013";"22:40:00";"1696";"sem vítima";"115,8";"BR-116/PR";"Sul";"Colisão Traseira";2;0;0;0;0;0;0;0;0;0;2;0;0;0;0
"17/12/2013";"00:51:00";"1701";"sem vítima";"70";"BR-116/SC";"Norte";"Atropelamento de Animal";1;0;0;0;0;0;0;0;0;0;2;0;0;0;0
"17/12/2013";"04:12:00";"1717";"sem vítima";"115,8";"BR-116/PR";"Sul";"Colisão Lateral";0;0;0;1;0;0;0;0;0;1;2;0;0;0;0
"17/12/2013";"06:14:00";"1719";"sem vítima";"140";"BR-116/PR";"Norte";"Colisão Transversal";3;0;0;0;0;0;0;0;0;0;6;0;0;0;0
"17/12/2013";"16:41:00";"1787";"sem vítima";"116,6";"BR-116/PR";"Norte";"Colisão Traseira";1;0;1;0;0;0;0;0;0;0;2;0;0;0;0
"17/12/2013";"16:44:00";"1788";"sem vítima";"214,8";"BR-116/SC";"Sul";"Choque - Objeto sobre a pista";1;0;0;0;0;0;0;0;0;0;2;0;0;0;0
"17/12/2013";"17:34:00";"1793";"sem vítima";"210,81";"BR-116/PR";"Norte";"Colisão Lateral";1;0;0;1;0;0;0;0;0;0;4;0;0;0;0
"18/12/2013";"08:51:00";"1843";"sem vítima";"172,2";"BR-116/SC";"Norte";"Capotamento";1;0;0;0;0;0;0;0;0;0;1;0;0;0;0
"18/12/2013";"12:40:00";"1866";"sem vítima";"64";"BR-116/SC";"Sul";"Objeto lançado contra veículo";0;0;1;0;0;0;0;0;0;0;1;0;0;0;0
"18/12/2013";"18:26:00";"1899";"com vítima";"131,2";"BR-116/PR";"Norte";"Colisão Transversal";1;0;1;0;0;0;0;0;0;0;2;1;0;0;0
"18/12/2013";"22:46:00";"1912";"sem vítima";"257,6";"BR-116/SC";"Norte";"Saida de Pista";1;0;0;0;0;0;0;0;0;0;1;0;0;0;0
"19/12/2013";"01:42:00";"1922";"sem vítima";"14";"BR-116/SC";"Sul";"Saida de Pista";1;0;0;0;0;0;0;0;0;0;2;0;0;0;0
"19/12/2013";"06:46:00";"1933";"sem vítima";"130";"BR-116/PR";"Norte";"Colisão Transversal";2;0;0;0;0;0;0;0;0;0;2;0;0;0;0
"19/12/2013";"11:53:00";"1976";"sem vítima";"206";"BR-116/PR";"Norte";"Choque - Objeto sobre a pista";1;0;0;0;0;0;0;0;0;0;1;0;0;0;0
"19/12/2013";"15:46:00";"1998";"sem vítima";"203";"BR-116/PR";"Norte";"Choque - Cancela de Pedagio";1;0;0;0;0;0;0;0;0;0;1;0;0;0;0
"19/12/2013";"15:51:00";"1999";"sem vítima";"34";"BR-116/SC";"Norte";"Colisão Traseira";1;0;0;0;0;1;0;0;0;0;2;0;0;0;0
"19/12/2013";"15:51:00";"2001";"com vítima";"104";"BR-116/SC";"Sul";"Saida de Pista";1;0;0;0;0;0;0;0;0;0;0;1;0;0;0
"19/12/2013";"18:46:00";"2019";"sem vítima";"130,9";"BR-116/PR";"Norte";"Colisão Traseira";1;0;1;0;0;0;0;0;0;0;2;0;0;0;0
"19/12/2013";"22:38:00";"2030";"sem vítima";"166";"BR-116/SC";"Norte";"Colisão Lateral";0;0;1;0;0;1;0;0;0;0;2;0;0;0;0
"20/12/2013";"04:32:00";"2045";"com vítima";"186,7";"BR-116/PR";"Norte";"Saida de Pista";0;0;0;0;0;0;0;0;0;1;0;1;0;0;0
"20/12/2013";"06:49:00";"2049";"sem vítima";"14";"BR-116/SC";"Norte";"Objeto lançado contra veículo";1;0;0;0;0;0;0;0;0;0;1;0;0;0;0
"20/12/2013";"06:55:00";"2050";"sem vítima";"125,8";"BR-116/PR";"Norte";"Colisão Traseira";2;0;0;0;0;0;0;0;0;0;2;0;0;0;0
"20/12/2013";"07:15:00";"2052";"com vítima";"5,5";"BR-116/SC";"Norte";"Colisão Transversal";2;0;1;0;0;0;0;0;0;0;3;2;0;0;0
"20/12/2013";"14:28:00";"2089";"sem vítima";"137,6";"BR-116/PR";"Norte";"Objeto lançado contra veículo";1;0;0;0;0;0;0;0;0;0;3;0;0;0;0
"20/12/2013";"18:32:00";"2124";"sem vítima";"117,5";"BR-116/SC";"Sul";"Choque - Objeto sobre a pista";0;0;1;0;1;0;0;0;0;0;2;0;0;0;0
"21/12/2013";"03:20:00";"2159";"sem vítima";"298,2";"BR-116/SC";"Norte";"Colisão Lateral";0;0;1;0;1;0;0;0;0;0;42;0;0;0;0
"21/12/2013";"06:29:00";"2168";"sem vítima";"0,005";"BR-116/SC";"Norte";"Colisão Traseira";2;0;0;0;0;0;0;0;0;0;2;0;0;0;0
"21/12/2013";"06:38:00";"2169";"sem vítima";"193";"BR-116/SC";"Sul";"Saida de Pista";1;0;0;0;0;0;0;0;0;0;1;0;0;0;0
"21/12/2013";"07:45:00";"2178";"sem vítima";"191";"BR-116/PR";"Sul";"Colisão Frontal";2;0;0;0;0;0;0;0;0;0;2;0;0;0;0
"21/12/2013";"09:13:00";"2186";"sem vítima";"199";"BR-116/PR";"Sul";"Atropelamento de Animal";1;0;0;0;0;0;0;0;0;0;1;0;0;0;0
"21/12/2013";"09:28:00";"2189";"sem vítima";"267,6";"BR-116/SC";"Sul";"Colisão Traseira";2;0;0;0;0;0;0;0;0;0;2;0;0;0;0
"21/12/2013";"10:33:00";"2194";"sem vítima";"123";"BR-116/PR";"Norte";"Colisão Traseira";2;0;0;0;0;0;0;0;0;0;2;0;0;0;0
"21/12/2013";"10:46:00";"2196";"sem vítima";"152";"BR-116/PR";"Sul";"Colisão Transversal";1;0;1;0;0;0;0;0;0;0;2;0;0;0;0
"21/12/2013";"10:50:00";"2197";"com vítima";"140";"BR-116/SC";"Sul";"Colisão Transversal";1;0;0;1;0;0;0;0;0;0;1;1;0;0;0
"21/12/2013";"11:14:00";"2199";"sem vítima";"184";"BR-116/SC";"Sul";"Colisão Traseira";2;0;0;0;0;0;0;0;0;0;2;0;0;0;0
"21/12/2013";"16:55:00";"2233";"sem vítima";"191";"BR-116/PR";"Sul";"Colisão Lateral";0;0;2;0;0;0;0;0;0;0;2;0;0;0;0
"21/12/2013";"19:24:00";"2247";"sem vítima";"69,4";"BR-116/SC";"Norte";"Colisão Traseira";2;0;0;0;0;0;0;0;0;0;4;0;0;0;0
"21/12/2013";"20:48:00";"2253";"sem vítima";"131";"BR-116/PR";"Sul";"Colisão Transversal";2;0;0;0;0;0;0;0;0;0;2;0;0;0;0
"21/12/2013";"22:13:00";"2262";"sem vítima";"220,3";"BR-116/SC";"Sul";"Atropelamento - Morador";0;0;0;1;0;0;0;0;0;0;2;0;0;0;0
"22/12/2013";"00:47:00";"2275";"sem vítima";"284,7";"BR-116/SC";"Sul";"Saida de Pista";1;0;0;0;0;0;0;0;0;0;1;0;0;0;0
"22/12/2013";"01:42:00";"2276";"com vítima";"122";"BR-116/PR";"Norte";"Colisão Frontal";2;0;0;0;0;0;0;0;0;0;3;1;0;0;0
"22/12/2013";"05:32:00";"2287";"sem vítima";"308,57";"BR-116/SC";"Sul";"Saida de Pista";1;0;0;0;0;0;0;0;0;0;1;0;0;0;0
"22/12/2013";"17:22:00";"2356";"sem vítima";"81";"BR-116/SC";"Sul";"Choque - Cancela de Pedagio";0;0;1;0;0;0;0;0;0;1;6;0;0;0;0
"22/12/2013";"17:40:00";"2359";"sem vítima";"115";"BR-116/PR";"Sul";"Choque - Objeto sobre a pista";0;0;0;0;0;0;0;0;0;1;1;0;0;0;0
"22/12/2013";"18:19:00";"2361";"sem vítima";"131,05";"BR-116/PR";"Norte";"Colisão Transversal";2;0;0;0;0;0;0;0;0;0;4;0;0;0;0
"22/12/2013";"18:32:00";"2363";"sem vítima";"122,5";"BR-116/PR";"Norte";"Colisão Traseira";2;0;0;0;0;0;0;0;0;0;2;0;0;0;0
"22/12/2013";"19:28:00";"2369";"sem vítima";"115,8";"BR-116/PR";"Sul";"Engavetamento";2;0;1;0;0;0;0;0;0;0;6;0;0;0;0
"22/12/2013";"23:35:00";"2386";"com vítima";"54";"BR-116/SC";"Norte";"Choque - Defensa, barreira ou "submarino"";1;0;0;0;0;0;0;0;0;0;0;1;0;0;0
"23/12/2013";"08:55:00";"2404";"sem vítima";"191";"BR-116/PR";"Sul";"Colisão Transversal";1;0;1;0;0;0;0;0;0;0;2;0;0;0;0
"23/12/2013";"10:09:00";"2408";"com vítima";"86";"BR-116/SC";"Norte";"Colisão Transversal";2;0;0;0;0;0;0;0;0;0;0;4;0;0;0
"23/12/2013";"12:16:00";"2416";"sem vítima";"117";"BR-116/PR";"Sul";"Colisão Traseira";1;0;1;0;0;0;0;0;0;0;2;0;0;0;0
"23/12/2013";"15:57:00";"2442";"sem vítima";"148";"BR-116/PR";"Sul";"Choque - Objeto sobre a pista";1;0;1;0;0;0;0;0;0;0;3;0;0;0;0
"23/12/2013";"16:51:00";"2455";"com vítima";"298,5";"BR-116/SC";"Sul";"Colisão Frontal";2;0;1;0;0;0;0;0;0;0;3;0;0;0;1
"23/12/2013";"23:16:00";"2483";"com vítima";"207";"BR-116/SC";"Norte";"Saida de Pista";1;0;0;0;0;0;0;0;0;0;0;1;0;0;0
"24/12/2013";"04:39:00";"2506";"com vítima";"82,3";"BR-116/SC";"Norte";"Colisão Frontal";1;0;1;0;0;0;0;0;0;0;1;0;0;0;1
"24/12/2013";"10:25:00";"2523";"sem vítima";"264,9";"BR-116/SC";"Sul";"Colisão Lateral";1;0;1;0;0;0;0;0;0;0;2;0;0;0;0
"24/12/2013";"13:01:00";"2537";"com vítima";"170,3";"BR-116/PR";"Norte";"Colisão Transversal";1;0;0;0;1;0;0;0;0;0;9;6;0;0;0
"24/12/2013";"15:40:00";"2546";"com vítima";"268";"BR-116/SC";"Norte";"Colisão Transversal";1;0;0;0;0;0;0;0;0;1;5;3;0;0;0
"24/12/2013";"17:20:00";"2556";"com vítima";"117,4";"BR-116/PR";"Norte";"Colisão Lateral";1;0;0;1;0;0;0;0;0;0;1;1;0;0;0
"24/12/2013";"19:24:00";"2568";"sem vítima";"218,2";"BR-116/SC";"Norte";"Saida de Pista";1;0;0;0;0;0;0;0;0;0;2;0;0;0;0
"25/12/2013";"06:04:00";"2593";"com vítima";"39,1";"BR-116/SC";"Norte";"Saida de Pista";1;0;0;0;0;0;0;0;0;0;1;1;0;0;0
"25/12/2013";"11:17:00";"2604";"sem vítima";"119";"BR-116/PR";"Norte";"Colisão Transversal";1;0;0;0;1;0;0;0;0;0;2;0;0;0;0
"25/12/2013";"14:48:00";"2613";"sem vítima";"153,8";"BR-116/PR";"Norte";"Choque - Objeto sobre a pista";1;0;0;0;0;0;0;0;0;0;3;0;0;0;0
"25/12/2013";"16:10:00";"2617";"sem vítima";"59,09";"BR-116/SC";"Norte";"Colisão Transversal";2;0;0;0;0;0;0;0;0;0;4;0;0;0;0
"25/12/2013";"18:42:00";"2633";"com vítima";"167";"BR-116/PR";"Sul";"Colisão Transversal";0;0;0;1;0;0;0;0;0;1;4;1;0;0;0
"25/12/2013";"19:05:00";"2635";"sem vítima";"152";"BR-116/SC";"Norte";"Queda de Moto";0;0;0;1;0;0;0;0;0;0;2;0;0;0;0
"26/12/2013";"04:20:00";"2665";"sem vítima";"160";"BR-116/PR";"Norte";"Saida de Pista";1;0;0;0;0;0;0;0;0;0;1;0;0;0;0
"26/12/2013";"11:18:00";"2691";"sem vítima";"301";"BR-116/SC";"Sul";"Colisão Traseira";1;0;0;0;0;0;0;0;0;1;2;0;0;0;0
"26/12/2013";"13:34:00";"2698";"sem vítima";"289,9";"BR-116/SC";"Sul";"Colisão Lateral";1;0;1;0;0;0;0;0;0;0;4;0;0;0;0
"26/12/2013";"15:15:00";"2707";"sem vítima";"206";"BR-116/PR";"Sul";"Tombamento";1;0;0;0;0;0;0;0;0;0;5;0;0;0;0
"26/12/2013";"16:49:00";"2717";"sem vítima";"134";"BR-116/PR";"Sul";"Objeto lançado contra veículo";1;0;0;0;0;0;0;0;0;0;1;0;0;0;0
"26/12/2013";"17:39:00";"2727";"sem vítima";"184,5";"BR-116/SC";"Norte";"Saida de Pista";1;0;0;0;0;0;0;0;0;0;3;0;0;0;0
"27/12/2013";"04:30:00";"2776";"sem vítima";"173";"BR-116/PR";"Norte";"Atropelamento de Animal";1;0;0;0;0;0;0;0;0;0;1;0;0;0;0
"27/12/2013";"15:07:00";"2841";"sem vítima";"12";"BR-116/SC";"Norte";"Colisão Transversal";2;0;0;0;0;0;0;0;0;0;3;0;0;0;0
"27/12/2013";"17:03:00";"2858";"com vítima";"93";"BR-116/SC";"Norte";"Saida de Pista";1;0;0;0;0;0;0;0;0;0;0;4;0;0;0
"27/12/2013";"17:45:00";"2865";"com vítima";"140";"BR-116/SC";"Norte";"Choque - Veiculo parado no acostamento";2;0;0;0;0;0;0;0;0;0;2;1;0;0;0
"27/12/2013";"19:01:00";"2870";"sem vítima";"204";"BR-116/PR";"Norte";"Colisão Traseira";0;0;2;0;0;0;0;0;0;0;2;0;0;0;0
"27/12/2013";"21:06:00";"2878";"sem vítima";"134";"BR-116/PR";"Norte";;1;0;0;0;0;0;0;0;0;0;1;0;0;0;0
"27/12/2013";"22:20:00";"2887";"sem vítima";"233";"BR-116/SC";"Sul";"Atropelamento de Animal";1;0;0;0;0;0;0;0;0;0;1;0;0;0;0
"28/12/2013";"08:50:00";"2927";"sem vítima";"153";"BR-116/PR";"Sul";"Colisão Traseira";2;0;0;0;0;0;0;0;0;0;2;0;0;0;0
"28/12/2013";"11:29:00";"2944";"com vítima";"190,9";"BR-116/PR";"Sul";"Queda de Moto";0;0;0;1;0;0;0;0;0;0;1;1;0;0;0
"28/12/2013";"12:53:00";"2951";"sem vítima";"128";"BR-116/PR";"Sul";"Colisão Traseira";2;0;0;0;0;0;0;0;0;0;2;0;0;0;0
"28/12/2013";"14:19:00";"2959";"sem vítima";"118,1";"BR-116/PR";"Sul";"Colisão Lateral";1;0;1;0;0;0;0;0;0;0;2;0;0;0;0
"28/12/2013";"17:53:00";"2978";"sem vítima";"139,6";"BR-116/SC";"Norte";"Colisão Traseira";2;0;0;0;0;0;0;0;0;0;2;0;0;0;0
"28/12/2013";"23:35:00";"3000";"com vítima";"125,8";"BR-116/PR";"Norte";"Colisão Transversal";2;0;0;0;0;0;0;0;0;0;2;2;0;0;0
"29/12/2013";"07:36:00";"3014";"sem vítima";"13,3";"BR-116/SC";"Norte";"Colisão Lateral";1;0;1;0;0;0;0;0;0;0;2;0;0;0;0
"29/12/2013";"11:08:00";"3029";"com vítima";"47,5";"BR-116/SC";"Norte";"Saida de Pista";0;0;1;0;0;0;0;0;0;0;0;0;0;1;0
"29/12/2013";"15:36:00";"3044";"com vítima";"33,8";"BR-116/SC";"Norte";"Colisão Frontal";2;0;0;0;0;0;0;0;0;0;0;3;2;0;2
"29/12/2013";"15:54:00";"3047";"sem vítima";"210";"BR-116/PR";"Norte";"Objeto lançado contra veículo";1;0;0;0;0;0;0;0;0;0;1;0;0;0;0
"29/12/2013";"18:44:00";"3057";"sem vítima";"121,8";"BR-116/PR";"Norte";"Colisão Traseira";1;0;0;0;1;0;0;0;0;0;24;0;0;0;0