data;horario;n_da_ocorrencia;tipo_de_ocorrencia;km;trecho;sentido;tipo_de_acidente;automovel;bicicleta;caminhao;moto;onibus;outros;tracao_animal;transporte_de_cargas_especiais;trator_maquinas;utilitarios;ilesos;levemente_feridos;moderadamente_feridos;gravemente_feridos;mortos
"29/12/2013";"20:01:00";"3059";"sem vítima";"147";"BR-116/PR";"Norte";"Objeto lançado contra veículo";1;0;0;0;0;0;0;0;0;0;1;0;0;0;0
"30/12/2013";"01:15:00";"3077";"com vítima";"37,05";"BR-116/SC";"Norte";"Colisão Frontal";0;0;1;1;0;0;0;0;0;0;1;0;0;1;0
"30/12/2013";"17:38:00";"3123";"com vítima";"210,7";"BR-116/SC";"Norte";"Colisão Transversal";2;0;0;0;0;0;0;0;0;0;0;2;0;0;0
"01/01/2014";"03:41:00";"5";"com vítima";"116,5";"BR-116/PR";"Norte";"Queda de Moto";0;0;0;1;0;0;0;0;0;0;0;2;0;0;0
"01/01/2014";"10:11:00";"18";"sem vítima";"139,8";"BR-116/SC";"Sul";"Colisão Transversal";2;0;0;0;0;0;0;0;0;0;2;0;0;0;0
"01/01/2014";"15:56:00";"31";"sem vítima";"53,4";"BR-116/SC";"Sul";"Saida de Pista";1;0;0;0;0;0;0;0;0;0;2;0;0;0;0
"01/01/2014";"22:13:00";"62";"sem vítima";"125,8";"BR-116/PR";"Sul";"Choque - Veiculo parado na pista";2;0;0;0;0;0;0;0;0;0;2;0;0;0;0
"02/01/2014";"09:26:00";"89";"sem vítima";"79";"BR-116/SC";"Sul";"Objeto lançado contra veículo";1;0;0;0;0;0;0;0;0;0;1;0;0;0;0
"02/01/2014";"22:41:00";"135";"com vítima";"145,5";"BR-116/PR";"Norte";"Atropelamento - Sem Informação";0;0;0;1;0;0;0;0;0;0;1;0;0;1;0
"03/01/2014";"08:22:00";"153";"sem vítima";"117";"BR-116/PR";"Norte";"Colisão Traseira";1;0;1;0;0;0;0;0;0;0;2;0;0;0;0
"03/01/2014";"08:31:00";"156";"sem vítima";"67";"BR-116/SC";"Norte";"Colisão Traseira";2;0;0;0;0;0;0;0;0;0;2;0;0;0;0
"03/01/2014";"09:08:00";"160";"sem vítima";"187,95";"BR-116/PR";"Norte";"Saida de Pista";1;0;0;0;0;0;0;0;0;0;1;0;0;0;0
"03/01/2014";"14:53:00";"182";"sem vítima";"155,2";"BR-116/SC";"Sul";"Capotamento";0;0;1;0;0;0;0;0;0;0;2;0;0;0;0
"03/01/2014";"18:10:00";"205";"sem vítima";"126";"BR-116/PR";"Sul";"Colisão Lateral";1;0;1;0;0;0;0;0;0;0;3;0;0;0;0
"03/01/2014";"18:31:00";"207";"sem vítima";"197,25";"BR-116/PR";"Sul";"Saida de Pista";1;0;0;0;0;0;0;0;0;0;5;0;0;0;0
"03/01/2014";"20:42:00";"218";"sem vítima";"9,5";"BR-116/SC";"Norte";"Colisão Lateral";2;0;0;0;0;0;0;0;0;0;4;0;0;0;0
"04/01/2014";"09:45:00";"249";"sem vítima";"171,6";"BR-116/PR";"Sul";"Choque - Objeto sobre a pista";1;0;0;0;0;0;0;0;0;0;2;0;0;0;0
"04/01/2014";"13:44:00";"267";"sem vítima";"134,5";"BR-116/PR";"Sul";"Objeto lançado contra veículo";1;0;0;0;0;0;0;0;0;0;2;0;0;0;0
"04/01/2014";"18:03:00";"289";"sem vítima";"117,5";"BR-116/PR";"Norte";"Colisão Traseira";2;0;0;0;0;0;0;0;0;0;2;0;0;0;0
"04/01/2014";"22:28:00";"296";"com vítima";"35,5";"BR-116/SC";"Sul";"Colisão Traseira";1;0;0;1;0;0;0;0;0;0;4;1;0;0;0
"05/01/2014";"02:40:00";"305";"sem vítima";"178,7";"BR-116/SC";"Sul";"Saida de Pista";1;0;0;0;0;0;0;0;0;0;1;0;0;0;0
"05/01/2014";"14:05:00";"369";"com vítima";"244,6";"BR-116/SC";"Norte";"Atropelamento - Outros";0;0;1;1;0;0;0;0;0;0;2;0;0;0;1
"05/01/2014";"15:11:00";"372";"sem vítima";"245,6";"BR-116/SC";"Norte";"Colisão Transversal";2;0;0;0;0;0;0;0;0;0;5;0;0;0;0
"05/01/2014";"15:39:00";"376";"sem vítima";"123,5";"BR-116/PR";"Norte";"Colisão Traseira";3;0;0;0;0;0;0;0;0;0;10;0;0;0;0
"05/01/2014";"17:47:00";"386";"com vítima";"125,9";"BR-116/PR";"Sul";"Queda de Moto";0;0;0;1;0;0;0;0;0;0;0;1;0;0;0
"05/01/2014";"19:26:00";"410";"sem vítima";"243";"BR-116/SC";"Sul";"Colisão Lateral";2;0;0;0;0;0;0;0;0;0;3;0;0;0;0
"06/01/2014";"01:17:00";"428";"com vítima";"125,8";"BR-116/PR";"Sul";"Colisão Transversal";2;0;0;0;0;0;0;0;0;0;0;2;0;0;0
"06/01/2014";"12:37:00";"471";"sem vítima";"134";"BR-116/PR";"Sul";"Objeto lançado contra veículo";1;0;0;0;0;0;0;0;0;0;1;0;0;0;0
"06/01/2014";"14:11:00";"479";"sem vítima";"134";"BR-116/PR";"Norte";"Objeto lançado contra veículo";1;0;0;0;0;0;0;0;0;0;1;0;0;0;0
"07/01/2014";"08:01:00";"546";"sem vítima";"207,4";"BR-116/SC";"Norte";"Colisão Transversal";2;0;0;0;0;0;0;0;0;0;2;0;0;0;0
"07/01/2014";"08:13:00";"547";"com vítima";"152";"BR-116/PR";"Norte";"Atropelamento de Animal";0;0;0;1;0;0;0;0;0;0;0;1;0;0;0
"07/01/2014";"09:11:00";"554";"sem vítima";"134";"BR-116/SC";"Sul";"Objeto lançado contra veículo";1;0;0;0;0;0;0;0;0;0;1;0;0;0;0
"07/01/2014";"10:25:00";"562";"sem vítima";"202,6";"BR-116/PR";"Norte";"Choque - Objeto não identificado";0;0;1;0;0;0;0;0;0;0;1;0;0;0;0
"07/01/2014";"12:35:00";"569";"sem vítima";"103";"BR-116/SC";"Sul";"Objeto lançado contra veículo";1;0;0;0;0;0;0;0;0;0;1;0;0;0;0
"07/01/2014";"13:54:00";"575";"com vítima";"219";"BR-116/SC";"Sul";"Choque - Objeto sobre a pista";1;0;1;0;0;0;0;0;0;0;1;1;0;0;0
"07/01/2014";"17:51:00";"610";"com vítima";"128,1";"BR-116/PR";"Sul";"Colisão Transversal";1;0;0;1;0;0;0;0;0;0;2;1;0;0;0
"08/01/2014";"08:21:00";"665";"sem vítima";"134";"BR-116/PR";"Norte";"Choque - Cancela de Pedagio";1;0;0;0;0;0;0;0;0;0;1;0;0;0;0
"08/01/2014";"09:10:00";"670";"sem vítima";"189";"BR-116/PR";"Norte";"Saida de Pista";0;0;1;0;0;0;0;0;0;0;1;0;0;0;0
"08/01/2014";"16:05:00";"725";"sem vítima";"135,8";"BR-116/PR";"Sul";"Colisão Traseira";1;0;1;0;0;0;0;0;0;0;2;0;0;0;0
"09/01/2014";"07:19:00";"778";"sem vítima";"141";"BR-116/SC";"Norte";"Choque - Talude";1;0;0;0;0;0;0;0;0;0;1;0;0;0;0
"09/01/2014";"07:23:00";"779";"com vítima";"122";"BR-116/PR";"Sul";"Colisão Transversal";1;0;0;1;0;0;0;0;0;0;1;0;1;0;0
"09/01/2014";"08:11:00";"785";"sem vítima";"121";"BR-116/PR";"Sul";"Colisão Traseira";0;0;2;0;0;0;0;0;0;0;8;0;0;0;0
"09/01/2014";"09:42:00";"801";"sem vítima";"263";"BR-116/SC";"Norte";"Choque - Objeto sobre a pista";1;0;0;0;0;0;0;0;0;0;1;0;0;0;0
"09/01/2014";"14:10:00";"823";"com vítima";"12,4";"BR-116/SC";"Sul";"Colisão Transversal";1;0;1;0;0;0;0;0;0;0;0;0;1;2;2
"09/01/2014";"16:56:00";"842";"sem vítima";"168,3";"BR-116/SC";"Sul";"Saida de Pista";1;0;0;0;0;0;0;0;0;0;3;0;0;0;0
"09/01/2014";"17:28:00";"846";"sem vítima";"140";"BR-116/SC";"Norte";"Colisão Transversal";2;0;0;0;0;0;0;0;0;0;4;0;0;0;0
"09/01/2014";"19:47:00";"858";"sem vítima";"204";"BR-116/PR";"Norte";"Choque - Cancela de Pedagio";1;0;0;0;0;0;0;0;0;0;1;0;0;0;0
"09/01/2014";"22:12:00";"868";"sem vítima";"208,6";"BR-116/SC";"Norte";"Atropelamento de Animal";1;0;0;0;0;0;0;0;0;0;1;0;0;0;0
"10/01/2014";"06:25:00";"897";"sem vítima";"122";"BR-116/PR";"Norte";"Engavetamento";3;0;0;0;0;0;0;0;0;0;3;0;0;0;0
"10/01/2014";"08:02:00";"907";"sem vítima";"117";"BR-116/PR";"Sul";"Colisão Traseira";2;0;0;0;0;0;0;0;0;0;2;0;0;0;0
"10/01/2014";"10:54:00";"927";"sem vítima";"96";"BR-116/SC";"Sul";"Objeto lançado contra veículo";1;0;0;0;0;0;0;0;0;0;1;0;0;0;0
"10/01/2014";"17:04:00";"956";"sem vítima";"175";"BR-116/SC";"Norte";"Atropelamento de Animal";1;0;0;0;0;0;0;0;0;0;1;0;0;0;0
"10/01/2014";"18:22:00";"966";"com vítima";"139,9";"BR-116/SC";"Sul";"Saida de Pista";1;0;0;0;0;0;0;0;0;0;0;2;0;0;0
"10/01/2014";"18:25:00";"968";"sem vítima";"126";"BR-116/PR";"Sul";"Objeto lançado contra veículo";0;0;1;0;0;0;0;0;0;0;1;0;0;0;0
"10/01/2014";"19:43:00";"974";"sem vítima";"204";"BR-116/PR";"Norte";"Colisão Traseira";0;0;1;0;0;0;0;0;0;1;2;0;0;0;0
"10/01/2014";"20:06:00";"976";"sem vítima";"75,3";"BR-116/SC";"Norte";"Choque - Defensa, barreira ou "submarino"";2;0;0;0;0;0;0;0;0;0;2;0;0;0;0
"10/01/2014";"22:33:00";"989";"sem vítima";"203";"BR-116/PR";"Sul";"Objeto lançado contra veículo";1;0;0;0;0;0;0;0;0;0;1;0;0;0;0
"11/01/2014";"00:36:00";"995";"sem vítima";"35,5";"BR-116/SC";"Norte";"Choque - Objeto sobre a pista";1;0;0;0;0;0;0;0;0;0;1;0;0;0;0
"11/01/2014";"07:42:00";"1009";"sem vítima";"96,1";"BR-116/SC";"Norte";"Colisão Traseira";2;0;0;0;0;0;0;0;0;0;3;0;0;0;0
"11/01/2014";"16:20:00";"1052";"com vítima";"210";"BR-116/SC";"Sul";"Saida de Pista";1;0;0;0;0;0;0;0;0;0;0;0;0;1;1
"11/01/2014";"19:29:00";"1075";"com vítima";"207,4";"BR-116/SC";"Sul";"Atropelamento - Morador";0;0;0;0;0;1;0;0;0;0;1;2;0;0;0
"11/01/2014";"20:30:00";"1080";"sem vítima";"122,5";"BR-116/PR";"Sul";"Colisão Frontal";2;0;0;0;0;0;0;0;0;0;2;0;0;0;0
"12/01/2014";"05:48:00";"1108";"com vítima";"138,8";"BR-116/PR";"Norte";"Atropelamento - Morador";1;0;0;0;0;0;0;0;0;0;1;0;1;0;0
"12/01/2014";"06:18:00";"1110";"sem vítima";"157";"BR-116/PR";"Norte";"Saida de Pista";1;0;0;0;0;0;0;0;0;0;1;0;0;0;0
"12/01/2014";"06:58:00";"1117";"sem vítima";"177";"BR-116/PR";"Norte";"Capotamento";1;0;0;0;0;0;0;0;0;0;1;0;0;0;0
"12/01/2014";"12:13:00";"1140";"sem vítima";"118";"BR-116/PR";"Norte";"Colisão Lateral";1;0;1;0;0;0;0;0;0;0;2;0;0;0;0
"12/01/2014";"14:28:00";"1146";"sem vítima";"139,15";"BR-116/PR";"Sul";"Saida de Pista";1;0;0;0;0;0;0;0;0;0;1;0;0;0;0
"13/01/2014";"07:40:00";"1208";"sem vítima";"25,9";"BR-116/SC";"Sul";"Saida de Pista";0;0;1;0;0;0;0;0;0;0;1;0;0;0;0
"13/01/2014";"13:05:00";"1263";"sem vítima";"292";"BR-116/SC";"Sul";"Saida de Pista";0;0;1;0;0;0;0;0;0;0;1;0;0;0;0
"13/01/2014";"13:49:00";"1272";"com vítima";"169";"BR-116/PR";"Sul";"Colisão Traseira";2;0;0;0;0;0;0;0;0;0;3;0;0;1;0
"13/01/2014";"15:43:00";"1286";"sem vítima";"123";"BR-116/PR";"Norte";"Colisão Traseira";2;0;0;0;0;0;0;0;0;0;3;0;0;0;0
"13/01/2014";"18:10:00";"1305";"sem vítima";"134,4";"BR-116/PR";"Sul";"Objeto lançado contra veículo";1;0;0;0;0;0;0;0;0;0;1;0;0;0;0
"13/01/2014";"22:10:00";"1319";"sem vítima";"218,6";"BR-116/SC";"Sul";"Saida de Pista";1;0;0;0;0;0;0;0;0;0;1;0;0;0;0
"14/01/2014";"00:00:00";"1329";"sem vítima";"39,5";"BR-116/SC";"Sul";"Tombamento";0;0;1;0;0;0;0;0;0;0;1;0;0;0;0
"14/01/2014";"12:35:00";"1378";"com vítima";"186,6";"BR-116/SC";"Norte";"Capotamento";1;0;0;0;0;0;0;0;0;0;0;2;0;0;0
"14/01/2014";"12:50:00";"1380";"sem vítima";"210";"BR-116/SC";"Norte";"Saida de Pista";0;0;1;0;0;0;0;0;0;0;1;0;0;0;0
"14/01/2014";"14:53:00";"1387";"sem vítima";"134";"BR-116/PR";"Norte";"Objeto lançado contra veículo";1;0;0;0;0;0;0;0;0;0;2;0;0;0;0
"14/01/2014";"21:29:00";"1426";"sem vítima";"177,2";"BR-116/PR";"Norte";"Saida de Pista";0;0;1;0;0;0;0;0;0;0;1;0;0;0;0
"15/01/2014";"07:14:00";"1448";"sem vítima";"74";"BR-116/SC";"Sul";"Objeto lançado contra veículo";1;0;0;0;0;0;0;0;0;0;2;0;0;0;0
"15/01/2014";"09:52:00";"1465";"sem vítima";"203,65";"BR-116/PR";"Sul";"Colisão Traseira";1;0;1;0;0;0;0;0;0;0;3;0;0;0;0
"15/01/2014";"16:40:00";"1500";"sem vítima";"129,1";"BR-116/PR";"Norte";"Queda de Moto";0;0;0;1;0;0;0;0;0;0;1;0;0;0;0
"15/01/2014";"17:22:00";"1505";"com vítima";"245,6";"BR-116/SC";"Norte";"Colisão Transversal";2;0;0;0;0;0;0;0;0;0;2;1;0;0;0
"15/01/2014";"17:43:00";"1506";"sem vítima";"152,6";"BR-116/SC";"Sul";"Colisão Traseira";1;0;0;0;0;0;0;0;0;1;2;0;0;0;0
"15/01/2014";"18:20:00";"1509";"sem vítima";"240";"BR-116/SC";"Norte";"Choque - Objeto sobre a pista";1;0;0;0;0;0;0;0;0;0;1;0;0;0;0
"15/01/2014";"18:32:00";"1510";"sem vítima";"118";"BR-116/PR";"Sul";"Colisão Traseira";2;0;0;0;0;0;0;0;0;0;2;0;0;0;0
"16/01/2014";"05:24:00";"1535";"sem vítima";"119,4";"BR-116/PR";"Norte";"Colisão Transversal";2;0;0;0;0;0;0;0;0;0;2;0;0;0;0
"16/01/2014";"07:24:00";"1539";"com vítima";"210,98";"BR-116/SC";"Norte";"Tombamento";0;0;1;0;0;0;0;0;0;0;0;0;0;1;0
"16/01/2014";"08:12:00";"1542";"com vítima";"289,9";"BR-116/SC";"Sul";"Saida de Pista";1;0;0;0;0;0;0;0;0;0;0;0;0;0;1
"16/01/2014";"11:38:00";"1558";"sem vítima";"134";"BR-116/PR";"Sul";"Choque - Cancela de Pedagio";1;0;0;0;0;0;0;0;0;0;1;0;0;0;0
"16/01/2014";"12:00:00";"1562";"com vítima";"162,2";"BR-116/SC";"Sul";"Tombamento";0;0;1;0;0;0;0;0;0;0;0;1;0;0;0
"16/01/2014";"14:10:00";"1572";"sem vítima";"193";"BR-116/PR";"Norte";"Choque - Poste";0;0;1;0;0;0;0;0;0;0;1;0;0;0;0
"16/01/2014";"16:30:00";"1588";"sem vítima";"50,5";"BR-116/SC";"Sul";"Colisão Traseira";0;0;1;0;0;0;0;0;0;1;4;0;0;0;0
"16/01/2014";"18:44:00";"1600";"sem vítima";"125,8";"BR-116/PR";"Sul";"Saida de Pista";1;0;0;0;0;0;0;0;0;0;1;0;0;0;0
"16/01/2014";"19:49:00";"1608";"sem vítima";"106";"BR-116/SC";"Norte";"Choque - Elemento de Drenagem";1;0;0;0;0;0;0;0;0;0;2;0;0;0;0
"17/01/2014";"15:51:00";"1698";"sem vítima";"7,8";"BR-116/SC";"Sul";"Objeto lançado contra veículo";1;0;0;0;0;0;0;0;0;0;1;0;0;0;0
"17/01/2014";"22:40:00";"1722";"sem vítima";"162,4";"BR-116/PR";"Norte";"Colisão Frontal";1;0;1;0;0;0;0;0;0;0;2;0;0;0;0
"18/01/2014";"09:20:00";"1758";"sem vítima";"130";"BR-116/PR";"Sul";"Objeto lançado contra veículo";1;0;0;0;0;0;0;0;0;0;1;0;0;0;0
"18/01/2014";"13:55:00";"1790";"sem vítima";"89";"BR-116/SC";"Norte";"Objeto lançado contra veículo";1;0;0;0;0;0;0;0;0;0;1;0;0;0;0
"18/01/2014";"14:43:00";"1795";"com vítima";"119,4";"BR-116/PR";"Norte";"Colisão Lateral";0;0;0;2;0;1;0;0;0;0;2;1;0;0;0
"18/01/2014";"16:33:00";"1812";"sem vítima";"303,8";"BR-116/SC";"Sul";"Colisão Traseira";2;0;0;0;0;0;0;0;0;0;6;0;0;0;0
"18/01/2014";"16:47:00";"1813";"com vítima";"132";"BR-116/PR";"Sul";"Colisão Transversal";2;0;0;0;0;0;0;0;0;0;2;1;0;0;0
"18/01/2014";"18:59:00";"1818";"com vítima";"246,1";"BR-116/SC";"Norte";"Colisão Transversal";1;0;0;1;0;0;0;0;0;0;3;2;0;0;0
"19/01/2014";"01:32:00";"1841";"com vítima";"122,9";"BR-116/SC";"Norte";"Choque - Defensa, barreira ou "submarino"";1;0;0;0;0;0;0;0;0;0;1;2;0;0;0
"19/01/2014";"04:43:00";"1851";"sem vítima";"165,2";"BR-116/PR";"Norte";"Tombamento";0;0;1;0;0;0;0;0;0;0;1;0;0;0;0
"19/01/2014";"11:27:00";"1881";"sem vítima";"209";"BR-116/PR";"Norte";"Colisão Lateral";2;0;0;0;0;0;0;0;0;0;5;0;0;0;0
"19/01/2014";"15:23:00";"1908";"sem vítima";"245,7";"BR-116/SC";"Sul";"Colisão Transversal";2;0;0;0;0;0;0;0;0;0;4;0;0;0;0
"19/01/2014";"22:16:00";"1940";"com vítima";"125,8";"BR-116/PR";"Norte";"Colisão Traseira";2;0;1;0;0;0;0;0;0;0;5;0;0;1;0
"20/01/2014";"04:04:00";"1958";"sem vítima";"298,6";"BR-116/SC";"Sul";"Choque - Objeto sobre a pista";1;0;0;0;0;0;0;0;0;0;2;0;0;0;0
"20/01/2014";"05:17:00";"1960";"sem vítima";"66";"BR-116/SC";"Sul";"Atropelamento de Animal";1;0;0;0;0;0;0;0;0;0;1;0;0;0;0
"20/01/2014";"06:27:00";"1964";"sem vítima";"77,8";"BR-116/SC";"Sul";"Saida de Pista";2;0;0;0;0;0;0;0;0;0;3;0;0;0;0
"20/01/2014";"06:34:00";"1965";"com vítima";"184,4";"BR-116/PR";"Norte";"Saida de Pista";1;0;0;0;0;0;0;0;0;0;0;0;2;0;0
"20/01/2014";"08:56:00";"1976";"sem vítima";"133,5";"BR-116/PR";"Sul";"Objeto lançado contra veículo";1;0;0;0;0;0;0;0;0;0;1;0;0;0;0
"20/01/2014";"18:15:00";"2038";"sem vítima";"5";"BR-116/SC";"Sul";"Colisão Transversal";2;0;0;0;0;0;0;0;0;0;2;0;0;0;0
"20/01/2014";"20:47:00";"2049";"sem vítima";"37";"BR-116/SC";"Sul";"Atropelamento de Animal";1;0;0;0;0;0;0;0;0;0;1;0;0;0;0
"21/01/2014";"07:39:00";"2080";"sem vítima";"87";"BR-116/SC";"Sul";"Objeto lançado contra veículo";1;0;0;0;0;0;0;0;0;0;1;0;0;0;0
"21/01/2014";"11:33:00";"2132";"sem vítima";"134,9";"BR-116/SC";"Norte";"Objeto lançado contra veículo";1;0;0;0;0;0;0;0;0;0;1;0;0;0;0
"21/01/2014";"13:21:00";"2140";"sem vítima";"238,9";"BR-116/SC";"Norte";"Saida de Pista";0;0;1;0;0;0;0;0;0;0;1;0;0;0;0
"21/01/2014";"14:42:00";"2147";"sem vítima";"149";"BR-116/PR";"Norte";"Objeto lançado contra veículo";1;0;1;0;0;0;0;0;0;0;3;0;0;0;0
"21/01/2014";"16:57:00";"2166";"com vítima";"96,1";"BR-116/SC";"Sul";"Saida de Pista";1;0;1;0;0;0;0;0;0;0;1;1;0;0;0
"21/01/2014";"23:18:00";"2186";"com vítima";"26,4";"BR-116/SC";"Norte";"Colisão Frontal";0;0;1;1;0;0;0;0;0;0;1;0;0;0;2
"21/01/2014";"23:57:00";"2187";"sem vítima";"188,8";"BR-116/PR";"Norte";"Saida de Pista";0;0;1;0;0;0;0;0;0;0;1;0;0;0;0
"22/01/2014";"01:39:00";"2191";"sem vítima";"132";"BR-116/SC";"Norte";"Objeto lançado contra veículo";0;0;0;0;0;0;0;0;0;1;1;0;0;0;0
"22/01/2014";"10:02:00";"2224";"sem vítima";"206,8";"BR-116/SC";"Norte";"Colisão Transversal";2;0;0;0;0;0;0;0;0;0;3;0;0;0;0
"22/01/2014";"10:51:00";"2227";"sem vítima";"140,9";"BR-116/PR";"Norte";"Colisão Traseira";1;0;1;0;0;0;0;0;0;0;2;0;0;0;0
"22/01/2014";"14:49:00";"2253";"sem vítima";"69";"BR-116/SC";"Norte";"Choque - Objeto sobre a pista";1;0;0;0;0;0;0;0;0;0;1;0;0;0;0
"22/01/2014";"15:20:00";"2258";"sem vítima";"77";"BR-116/SC";"Sul";"Choque - Objeto sobre a pista";1;0;0;0;0;0;0;0;0;0;1;0;0;0;0
"23/01/2014";"10:47:00";"2342";"sem vítima";"127";"BR-116/SC";"Sul";"Atropelamento de Animal";1;0;0;0;0;0;0;0;0;0;1;0;0;0;0
"23/01/2014";"15:44:00";"2375";"sem vítima";"247";"BR-116/SC";"Sul";"Colisão Traseira";2;0;0;0;0;0;0;0;0;0;2;0;0;0;0
"23/01/2014";"17:03:00";"2386";"sem vítima";"122";"BR-116/PR";"Sul";"Colisão Lateral";1;0;1;0;0;0;0;0;0;0;2;0;0;0;0
"23/01/2014";"18:24:00";"2396";"sem vítima";"123,5";"BR-116/PR";"Norte";"Colisão Lateral";1;0;0;1;0;0;0;0;0;0;2;0;0;0;0
"23/01/2014";"18:48:00";"2398";"sem vítima";"245";"BR-116/SC";"Sul";"Colisão Transversal";2;0;0;0;0;0;0;0;0;0;2;0;0;0;0
"24/01/2014";"07:51:00";"2444";"com vítima";"107,8";"BR-116/SC";"Norte";"Tombamento";0;0;1;0;0;0;0;0;0;0;0;0;1;0;0
"24/01/2014";"08:04:00";"2445";"sem vítima";"134";"BR-116/PR";"Sul";"Choque - Cancela de Pedagio";1;0;0;0;0;0;0;0;0;0;1;0;0;0;0
"24/01/2014";"08:07:00";"2446";"sem vítima";"116,3";"BR-116/PR";"Norte";"Colisão Lateral";1;0;0;1;0;0;0;0;0;0;2;0;0;0;0
"24/01/2014";"08:49:00";"2449";"sem vítima";"139,2";"BR-116/SC";"Sul";"Colisão Lateral";1;0;0;0;0;0;0;0;0;1;4;0;0;0;0
"24/01/2014";"09:00:00";"2450";"sem vítima";"266";"BR-116/SC";"Sul";"Choque - Veiculo parado no acostamento";0;0;2;0;0;0;0;0;0;0;4;0;0;0;0
"24/01/2014";"11:25:00";"2466";"sem vítima";"52";"BR-116/SC";"Sul";"Objeto lançado contra veículo";0;0;0;0;0;0;0;0;0;1;3;0;0;0;0
"24/01/2014";"12:20:00";"2472";"sem vítima";"91";"BR-116/SC";"Sul";"Saida de Pista";1;0;0;0;0;0;0;0;0;0;1;0;0;0;0
"24/01/2014";"12:44:00";"2473";"sem vítima";"35";"BR-116/SC";"Sul";"Queda de Moto";0;0;0;1;0;0;0;0;0;0;1;0;0;0;0
"24/01/2014";"12:56:00";"2474";"sem vítima";"129,4";"BR-116/PR";"Sul";"Objeto lançado contra veículo";0;0;1;0;0;0;0;0;0;0;1;0;0;0;0
"24/01/2014";"14:22:00";"2480";"sem vítima";"119";"BR-116/PR";"Norte";"Objeto lançado contra veículo";0;0;2;0;0;0;0;0;0;1;3;0;0;0;0
"24/01/2014";"20:13:00";"2512";"com vítima";"164,9";"BR-116/PR";"Norte";"Saida de Pista";1;0;0;0;0;0;0;0;0;0;0;0;1;0;0
"24/01/2014";"23:15:00";"2529";"com vítima";"18,2";"BR-116/SC";"Norte";"Colisão Traseira";3;0;0;0;0;0;0;0;0;0;6;2;1;1;0
"24/01/2014";"23:23:00";"2530";"sem vítima";"58";"BR-116/SC";"Sul";"Colisão Lateral";1;0;1;0;0;0;0;0;0;0;2;0;0;0;0
"24/01/2014";"23:49:00";"2531";"sem vítima";"139,9";"BR-116/SC";"Norte";"Colisão Transversal";1;0;1;0;0;0;0;0;0;0;2;0;0;0;0
"25/01/2014";"06:02:00";"2542";"com vítima";"183,1";"BR-116/SC";"Norte";"Colisão Frontal";1;0;1;0;0;0;0;0;0;0;1;0;1;0;0
"25/01/2014";"11:15:00";"2567";"sem vítima";"134";"BR-116/PR";"Sul";"Choque - Veiculo parado na pista";0;0;2;0;0;0;0;0;0;0;3;0;0;0;0
"25/01/2014";"13:08:00";"2577";"com vítima";"116,3";"BR-116/PR";"Sul";"Colisão Lateral";0;0;1;1;0;0;0;0;0;0;1;2;0;0;0
"25/01/2014";"15:09:00";"2596";"sem vítima";"126,2";"BR-116/PR";"Norte";"Colisão Transversal";0;0;0;0;1;0;0;0;0;1;2;0;0;0;0
"25/01/2014";"15:40:00";"2599";"sem vítima";"204";"BR-116/PR";"Sul";"Objeto lançado contra veículo";0;0;0;0;0;0;0;0;0;1;2;0;0;0;0
"25/01/2014";"17:51:00";"2608";"sem vítima";"85,5";"BR-116/SC";"Sul";"Saida de Pista";1;0;0;0;0;0;0;0;0;0;1;0;0;0;0
"25/01/2014";"20:37:00";"2619";"sem vítima";"135,4";"BR-116/PR";"Norte";"Colisão Transversal";0;0;1;0;0;0;0;0;0;1;2;0;0;0;0
"26/01/2014";"09:18:00";"2654";"sem vítima";"134";"BR-116/PR";"Sul";"Choque - Cancela de Pedagio";1;0;0;0;0;0;0;0;0;0;1;0;0;0;0
"26/01/2014";"09:36:00";"2657";"sem vítima";"46";"BR-116/SC";"Norte";"Choque - Objeto sobre a pista";0;0;1;0;0;0;0;0;0;0;1;0;0;0;0
"26/01/2014";"11:02:00";"2662";"sem vítima";"55,85";"BR-116/SC";"Norte";"Colisão Traseira";0;0;2;0;0;0;0;0;0;0;2;0;0;0;0
"26/01/2014";"11:10:00";"2663";"sem vítima";"184,6";"BR-116/SC";"Sul";"Colisão Transversal";1;0;1;0;0;0;0;0;0;0;7;0;0;0;0
"26/01/2014";"15:04:00";"2680";"sem vítima";"98,8";"BR-116/SC";"Sul";"Choque - Outros";0;0;2;0;0;0;0;0;0;0;2;0;0;0;0
"26/01/2014";"16:46:00";"2690";"sem vítima";"134";"BR-116/PR";"Sul";"Objeto lançado contra veículo";1;0;0;0;0;0;0;0;0;0;1;0;0;0;0
"26/01/2014";"18:03:00";"2700";"sem vítima";"154,3";"BR-116/PR";"Sul";"Saida de Pista";1;0;0;0;0;0;0;0;0;0;2;0;0;0;0
"26/01/2014";"18:56:00";"2705";"sem vítima";"129,8";"BR-116/SC";"Norte";"Colisão Traseira";2;0;0;0;0;1;0;0;0;0;3;0;0;0;0
"26/01/2014";"19:30:00";"2708";"com vítima";"65,35";"BR-116/SC";"Norte";"Atropelamento - Morador";1;0;0;0;0;0;0;0;0;0;2;0;0;0;1
"26/01/2014";"21:24:00";"2714";"sem vítima";"164,4";"BR-116/PR";"Norte";"Colisão Transversal";2;0;0;0;0;0;0;0;0;0;7;0;0;0;0