data;horario;n_da_ocorrencia;tipo_de_ocorrencia;km;trecho;sentido;tipo_de_acidente;automovel;bicicleta;caminhao;moto;onibus;outros;tracao_animal;transporte_de_cargas_especiais;trator_maquinas;utilitarios;ilesos;levemente_feridos;moderadamente_feridos;gravemente_feridos;mortos
"27/01/2014";"01:52:00";"2734";"sem vítima";"35";"BR-116/SC";"Norte";"Choque - Objeto sobre a pista";1;0;0;0;0;0;0;0;0;0;5;0;0;0;0
"27/01/2014";"06:59:00";"2742";"com vítima";"124,8";"BR-116/PR";"Norte";"Atropelamento - Usuário";0;0;0;1;0;0;0;0;0;0;1;0;1;0;0
"27/01/2014";"16:57:00";"2817";"com vítima";"176";"BR-116/PR";"Norte";"Colisão Frontal";2;0;0;0;0;0;0;0;0;0;1;1;0;0;0
"27/01/2014";"20:25:00";"2834";"sem vítima";"218,6";"BR-116/SC";"Sul";"Colisão Traseira";1;0;0;0;0;0;0;0;0;1;3;0;0;0;0
"27/01/2014";"23:42:00";"2845";"sem vítima";"47,5";"BR-116/SC";"Norte";"Choque - Defensa, barreira ou "submarino"";0;0;1;0;0;0;0;0;0;0;1;0;0;0;0
"28/01/2014";"01:21:00";"2849";"sem vítima";"148,5";"BR-116/PR";"Norte";"Atropelamento de Animal";0;0;0;0;0;0;0;0;0;1;1;0;0;0;0
"28/01/2014";"11:36:00";"2923";"sem vítima";"138";"BR-116/PR";"Norte";"Objeto lançado contra veículo";0;0;0;0;0;0;0;0;0;1;1;0;0;0;0
"28/01/2014";"12:03:00";"2925";"sem vítima";"152,6";"BR-116/SC";"Sul";"Choque - Suporte de Sinalização";0;0;0;0;0;0;0;0;0;1;1;0;0;0;0
"28/01/2014";"14:11:00";"2931";"sem vítima";"203";"BR-116/PR";"Sul";"Objeto lançado contra veículo";1;0;0;0;0;0;0;0;0;0;1;0;0;0;0
"28/01/2014";"15:43:00";"2943";"sem vítima";"203";"BR-116/PR";"Sul";"Objeto lançado contra veículo";0;0;0;0;0;0;0;0;0;1;1;0;0;0;0
"28/01/2014";"16:59:00";"2955";"sem vítima";"172";"BR-116/PR";"Norte";"Objeto lançado contra veículo";1;0;0;0;0;0;0;0;0;0;1;0;0;0;0
"28/01/2014";"21:01:00";"2977";"com vítima";"133,9";"BR-116/SC";"Sul";"Colisão Traseira";0;0;0;1;0;1;0;0;0;0;1;1;0;0;0
"28/01/2014";"22:18:00";"2982";"sem vítima";"134";"BR-116/SC";"Sul";"Objeto lançado contra veículo";1;0;0;0;0;0;0;0;0;0;1;0;0;0;0
"29/01/2014";"10:16:00";"3039";"sem vítima";"69,3";"BR-116/SC";"Norte";"Choque - Objeto sobre a pista";1;0;0;0;0;0;0;0;0;0;1;0;0;0;0
"29/01/2014";"11:19:00";"3045";"sem vítima";"9,7";"BR-116/SC";"Norte";"Colisão Traseira";2;0;0;0;0;0;0;0;0;0;2;0;0;0;0
"29/01/2014";"12:11:00";"3048";"sem vítima";"139,4";"BR-116/PR";"Sul";"Colisão Transversal";0;0;1;1;0;0;0;0;0;0;2;0;0;0;0
"29/01/2014";"15:16:00";"3071";"sem vítima";"130";"BR-116/PR";"Sul";"Objeto lançado contra veículo";1;0;0;0;0;0;0;0;0;0;1;0;0;0;0
"29/01/2014";"17:01:00";"3081";"sem vítima";"233";"BR-116/SC";"Norte";"Choque - Cancela de Pedagio";1;0;0;0;0;0;0;0;0;0;1;0;0;0;0
"29/01/2014";"17:07:00";"3084";"sem vítima";"134";"BR-116/PR";"Sul";"Choque - Cancela de Pedagio";1;0;0;0;0;0;0;0;0;0;1;0;0;0;0
"29/01/2014";"17:56:00";"3090";"sem vítima";"117";"BR-116/PR";"Sul";"Colisão Traseira";1;0;1;0;0;0;0;0;0;0;2;0;0;0;0
"29/01/2014";"19:08:00";"3098";"sem vítima";"122,4";"BR-116/PR";"Sul";"Colisão Transversal";2;0;0;0;0;0;0;0;0;0;5;0;0;0;0
"30/01/2014";"16:12:00";"3196";"com vítima";"107";"BR-116/SC";"Norte";"Tombamento";0;0;1;0;0;0;0;0;0;0;0;1;0;0;0
"30/01/2014";"16:16:00";"3198";"sem vítima";"127";"BR-116/PR";"Norte";"Objeto lançado contra veículo";1;0;0;0;0;0;0;0;0;0;1;0;0;0;0
"30/01/2014";"18:47:00";"3209";"sem vítima";"110";"BR-116/SC";"Sul";"Choque - Objeto sobre a pista";1;0;0;0;0;0;0;0;0;0;1;0;0;0;0
"31/01/2014";"04:24:00";"3247";"sem vítima";"163,9";"BR-116/PR";"Sul";"Saida de Pista";0;0;0;0;0;0;0;0;0;1;1;0;0;0;0
"31/01/2014";"06:22:00";"3250";"sem vítima";"198";"BR-116/SC";"Norte";"Colisão Frontal";1;0;1;0;0;0;0;0;0;0;2;0;0;0;0
"31/01/2014";"07:34:00";"3253";"sem vítima";"202,3";"BR-116/PR";"Norte";"Choque - Objeto sobre a pista";0;0;1;0;0;0;0;0;0;0;1;0;0;0;0
"31/01/2014";"09:27:00";"3266";"sem vítima";"246";"BR-116/SC";"Sul";"Colisão Transversal";1;0;1;0;0;0;0;0;0;0;2;0;0;0;0
"31/01/2014";"12:34:00";"3287";"com vítima";"126,3";"BR-116/PR";"Sul";"Colisão Transversal";0;1;0;1;0;0;0;0;0;0;2;0;0;1;0
"31/01/2014";"15:14:00";"3298";"sem vítima";"210";"BR-116/SC";"Sul";"Objeto lançado contra veículo";1;0;0;0;0;0;0;0;0;0;1;0;0;0;0
"31/01/2014";"15:23:00";"3300";"sem vítima";"289,5";"BR-116/SC";"Sul";"Colisão Traseira";2;0;0;0;0;0;0;0;0;0;2;0;0;0;0
"31/01/2014";"16:08:00";"3306";"sem vítima";"202";"BR-116/PR";"Sul";"Choque - Veiculo parado no acostamento";1;0;1;0;0;0;0;0;0;0;2;0;0;0;0
"31/01/2014";"20:50:00";"3337";"sem vítima";"204";"BR-116/PR";"Norte";"Choque - Cancela de Pedagio";1;0;0;0;0;0;0;0;0;0;1;0;0;0;0
"31/01/2014";"21:26:00";"3342";"com vítima";"122,3";"BR-116/PR";"Sul";"Colisão Traseira";2;0;0;0;0;0;0;0;0;0;5;1;0;0;0
"31/01/2014";"23:54:00";"3347";"sem vítima";"70,4";"BR-116/SC";"Norte";"Atropelamento de Animal";0;0;0;0;0;0;0;0;0;1;1;0;0;0;0
"01/02/2014";"11:39:00";"50";"com vítima";"149";"BR-116/PR";"Sul";"Colisão Lateral";0;0;1;1;0;0;0;0;0;0;3;1;0;0;0
"01/02/2014";"11:52:00";"53";"sem vítima";"211";"BR-116/PR";"Sul";"Colisão Traseira";2;0;0;0;0;0;0;0;0;0;2;0;0;0;0
"01/02/2014";"16:17:00";"83";"sem vítima";"5,5";"BR-116/SC";"Sul";"Colisão Transversal";2;0;0;0;0;0;0;0;0;0;3;0;0;0;0
"01/02/2014";"19:11:00";"107";"com vítima";"96";"BR-116/SC";"Sul";"Choque - Veiculo parado na pista";0;0;1;1;0;0;0;0;0;0;1;1;0;0;0
"01/02/2014";"19:15:00";"109";"com vítima";"121,15";"BR-116/PR";"Norte";"Colisão Traseira";2;0;1;0;0;0;0;0;0;0;7;1;0;0;0
"01/02/2014";"19:53:00";"113";"sem vítima";"183";"BR-116/SC";"Norte";"Choque - Objeto sobre a pista";0;0;0;1;0;0;0;0;0;0;1;0;0;0;0
"02/02/2014";"01:37:00";"136";"sem vítima";"139";"BR-116/PR";"Norte";"Objeto lançado contra veículo";0;0;1;0;0;0;0;0;0;0;1;0;0;0;0
"02/02/2014";"04:13:00";"146";"com vítima";"142,9";"BR-116/SC";"Norte";"Capotamento";1;0;0;0;0;0;0;0;0;0;3;1;0;0;0
"02/02/2014";"09:41:00";"156";"sem vítima";"203,2";"BR-116/PR";"Norte";"Colisão Traseira";2;0;0;0;0;0;0;0;0;0;5;0;0;0;0
"02/02/2014";"11:05:00";"161";"sem vítima";"54";"BR-116/SC";"Sul";"Colisão Traseira";0;0;2;0;0;0;0;0;0;0;2;0;0;0;0
"02/02/2014";"11:54:00";"166";"sem vítima";"105,5";"BR-116/SC";"Norte";"Colisão Traseira";0;0;2;0;0;0;0;0;0;0;2;0;0;0;0
"02/02/2014";"15:22:00";"181";"sem vítima";"233,1";"BR-116/SC";"Norte";"Choque - Cancela de Pedagio";0;0;1;0;0;0;0;0;0;0;1;0;0;0;0
"02/02/2014";"15:57:00";"184";"sem vítima";"13";"BR-116/SC";"Norte";"Colisão Lateral";1;0;1;0;0;0;0;0;0;0;7;0;0;0;0
"02/02/2014";"16:53:00";"190";"com vítima";"209";"BR-116/PR";"Sul";"Colisão Transversal";1;0;0;1;0;0;0;0;0;0;4;1;0;0;0
"02/02/2014";"18:38:00";"207";"sem vítima";"128";"BR-116/PR";"Norte";"Colisão Traseira";2;0;0;0;0;0;0;0;0;0;7;0;0;0;0
"02/02/2014";"20:22:00";"217";"sem vítima";"90";"BR-116/SC";"Sul";"Objeto lançado contra veículo";1;0;0;0;0;0;0;0;0;0;2;0;0;0;0
"03/02/2014";"06:52:00";"256";"sem vítima";"7,8";"BR-116/SC";"Norte";"Objeto lançado contra veículo";1;0;0;0;0;0;0;0;0;0;1;0;0;0;0
"03/02/2014";"09:38:00";"272";"sem vítima";"154";"BR-116/SC";"Norte";"Objeto lançado contra veículo";1;0;0;0;0;0;0;0;0;0;1;0;0;0;0
"03/02/2014";"14:43:00";"299";"sem vítima";"205";"BR-116/PR";"Sul";"Objeto lançado contra veículo";1;0;0;0;0;0;0;0;0;0;1;0;0;0;0
"03/02/2014";"16:11:00";"315";"com vítima";"194,2";"BR-116/PR";"Sul";"Saida de Pista";0;0;0;0;0;0;0;0;0;1;0;4;0;0;0
"04/02/2014";"07:54:00";"363";"sem vítima";"90,1";"BR-116/SC";"Norte";"Objeto lançado contra veículo";1;0;0;0;0;0;0;0;0;0;3;0;0;0;0
"04/02/2014";"12:47:00";"392";"sem vítima";"9";"BR-116/SC";"Sul";"Objeto lançado contra veículo";1;0;0;0;0;0;0;0;0;0;1;0;0;0;0
"04/02/2014";"16:18:00";"409";"com vítima";"12,5";"BR-116/SC";"Norte";"Colisão Transversal";0;0;0;1;0;0;0;0;0;1;4;0;0;1;0
"04/02/2014";"16:34:00";"414";"sem vítima";"117";"BR-116/PR";"Sul";"Colisão Traseira";0;0;1;0;0;0;0;0;0;1;2;0;0;0;0
"04/02/2014";"16:43:00";"417";"sem vítima";"126";"BR-116/PR";"Sul";"Colisão Traseira";2;0;1;0;0;0;0;0;0;0;3;0;0;0;0
"04/02/2014";"17:29:00";"425";"com vítima";"183,5";"BR-116/PR";"Sul";"Saida de Pista";1;0;0;0;0;0;0;0;0;0;1;2;0;0;0
"04/02/2014";"17:48:00";"428";"sem vítima";"120";"BR-116/PR";"Sul";"Choque - Defensa, barreira ou "submarino"";1;0;0;0;0;0;0;0;0;0;1;0;0;0;0
"04/02/2014";"17:51:00";"429";"sem vítima";"234";"BR-116/SC";"Sul";"Tombamento";0;0;1;0;0;0;0;0;0;0;1;0;0;0;0
"04/02/2014";"22:10:00";"442";"sem vítima";"233";"BR-116/SC";"Norte";"Choque - Cancela de Pedagio";0;0;1;0;0;0;0;0;0;0;1;0;0;0;0
"04/02/2014";"23:47:00";"447";"sem vítima";"216,5";"BR-116/SC";"Sul";"Atropelamento de Animal";0;0;0;0;0;0;0;0;0;1;1;0;0;0;0
"05/02/2014";"07:57:00";"465";"sem vítima";"135";"BR-116/PR";"Norte";"Objeto lançado contra veículo";1;0;0;0;0;0;0;0;0;0;1;0;0;0;0
"05/02/2014";"11:20:00";"492";"sem vítima";"233,9";"BR-116/SC";"Norte";"Saida de Pista";0;0;1;0;0;0;0;0;0;0;1;0;0;0;0
"05/02/2014";"17:37:00";"523";"com vítima";"166,1";"BR-116/PR";"Norte";"Colisão Transversal";2;0;0;0;0;0;0;0;0;0;1;1;0;0;0
"05/02/2014";"21:45:00";"541";"com vítima";"127,6";"BR-116/PR";"Norte";"Colisão Traseira";1;0;0;1;0;0;0;0;0;0;4;2;0;0;0
"06/02/2014";"04:17:00";"552";"com vítima";"117,4";"BR-116/PR";"Sul";"Colisão Frontal";1;1;0;0;0;0;0;0;0;0;1;0;1;0;0
"06/02/2014";"10:54:00";"590";"sem vítima";"134";"BR-116/SC";"Norte";"Colisão Lateral";1;0;1;0;0;0;0;0;0;0;2;0;0;0;0
"06/02/2014";"13:43:00";"603";"sem vítima";"135";"BR-116/PR";"Norte";"Objeto lançado contra veículo";1;0;0;0;0;0;0;0;0;0;1;0;0;0;0
"06/02/2014";"14:42:00";"610";"sem vítima";"123,7";"BR-116/PR";"Sul";"Colisão Traseira";2;0;0;0;0;0;0;0;0;0;2;0;0;0;0
"06/02/2014";"15:44:00";"617";"sem vítima";"109";"BR-116/SC";"Norte";"Objeto lançado contra veículo";1;0;0;0;0;0;0;0;0;0;1;0;0;0;0
"06/02/2014";"16:12:00";"623";"sem vítima";"238";"BR-116/SC";"Norte";"Objeto lançado contra veículo";0;0;0;0;0;0;0;0;0;1;1;0;0;0;0
"06/02/2014";"17:11:00";"628";"com vítima";"148";"BR-116/PR";"Norte";"Saida de Pista";1;0;0;0;0;0;0;0;0;0;0;0;0;1;0
"06/02/2014";"17:31:00";"631";"com vítima";"88,2";"BR-116/SC";"Sul";"Choque - Veiculo parado na pista";0;0;3;0;0;0;0;0;0;0;2;0;0;0;1
"06/02/2014";"19:43:00";"646";"sem vítima";"244,8";"BR-116/SC";"Sul";"Colisão Traseira";1;0;0;0;0;1;0;0;0;0;2;0;0;0;0
"07/02/2014";"05:52:00";"669";"com vítima";"166,5";"BR-116/PR";"Sul";"Colisão Traseira";1;0;0;1;0;0;0;0;0;0;2;1;0;0;0
"07/02/2014";"06:45:00";"670";"com vítima";"126";"BR-116/PR";"Norte";"Capotamento";1;0;1;0;0;0;0;0;0;0;1;1;0;0;0
"07/02/2014";"08:16:00";"680";"sem vítima";"180,1";"BR-116/PR";"Sul";"Tombamento";0;0;1;0;0;0;0;0;0;0;1;0;0;0;0
"07/02/2014";"08:42:00";"682";"sem vítima";"140";"BR-116/PR";"Sul";"Colisão Traseira";2;0;0;0;0;0;0;0;0;0;2;0;0;0;0
"07/02/2014";"10:21:00";"689";"sem vítima";"134,3";"BR-116/SC";"Sul";"Choque - Objeto sobre a pista";1;0;0;0;0;0;0;0;0;0;1;0;0;0;0
"07/02/2014";"13:12:00";"706";"sem vítima";"133,8";"BR-116/SC";"Norte";"Choque - Veiculo parado no acostamento";1;0;1;0;0;0;0;0;0;0;2;0;0;0;0
"07/02/2014";"13:30:00";"710";"sem vítima";"133,8";"BR-116/PR";"Sul";"Objeto lançado contra veículo";1;0;0;0;0;0;0;0;0;0;1;0;0;0;0
"07/02/2014";"15:07:00";"722";"sem vítima";"230,8";"BR-116/SC";"Norte";"Queda de Moto";0;0;0;1;0;0;0;0;0;0;1;0;0;0;0
"07/02/2014";"15:18:00";"725";"sem vítima";"138";"BR-116/PR";"Norte";"Objeto lançado contra veículo";0;0;0;0;0;0;0;0;0;1;1;0;0;0;0
"07/02/2014";"19:05:00";"753";"sem vítima";"96,5";"BR-116/SC";"Sul";"Saida de Pista";0;0;0;0;0;0;0;0;0;1;1;0;0;0;0
"07/02/2014";"20:38:00";"762";"sem vítima";"120,5";"BR-116/PR";"Sul";"Colisão Lateral";0;0;2;0;0;0;0;0;0;0;2;0;0;0;0
"08/02/2014";"06:15:00";"793";"sem vítima";"81";"BR-116/SC";"Norte";"Choque - Veiculo parado na pista";0;0;0;0;1;0;0;0;0;1;3;0;0;0;0
"08/02/2014";"07:12:00";"796";"sem vítima";"124,8";"BR-116/PR";"Norte";"Saida de Pista";1;0;0;0;0;0;0;0;0;0;1;0;0;0;0
"08/02/2014";"07:38:00";"798";"com vítima";"117,3";"BR-116/PR";"Sul";"Choque - Veiculo parado no acostamento";1;0;0;0;1;0;0;0;0;0;10;1;0;0;0
"08/02/2014";"08:10:00";"801";"sem vítima";"33";"BR-116/SC";"Sul";"Choque - Outros";1;0;0;0;0;0;0;0;0;0;2;0;0;0;0
"08/02/2014";"08:25:00";"804";"com vítima";"129,5";"BR-116/PR";"Sul";"Saida de Pista";1;0;0;0;0;0;0;0;0;0;0;1;0;0;0
"08/02/2014";"09:30:00";"810";"sem vítima";"145";"BR-116/SC";"Norte";"Choque - Outros";1;0;0;0;0;0;0;0;0;0;1;0;0;0;0
"08/02/2014";"14:20:00";"831";"sem vítima";"204,9";"BR-116/SC";"Sul";"Colisão Transversal";0;0;2;0;0;0;0;0;0;0;2;0;0;0;0
"08/02/2014";"14:23:00";"832";"sem vítima";"231";"BR-116/SC";"Sul";"Atropelamento de Animal";1;0;0;0;0;0;0;0;0;0;1;0;0;0;0
"08/02/2014";"16:17:00";"843";"sem vítima";"122";"BR-116/PR";"Norte";"Colisão Traseira";2;0;0;0;0;0;0;0;0;0;2;0;0;0;0
"08/02/2014";"18:30:00";"860";"com vítima";"117,4";"BR-116/PR";"Norte";"Engavetamento";4;0;1;0;0;0;0;0;0;0;5;1;0;0;0
"08/02/2014";"19:00:00";"866";"sem vítima";"247,85";"BR-116/SC";"Sul";"Colisão Transversal";1;0;1;0;0;0;0;0;0;0;2;0;0;0;0
"08/02/2014";"20:54:00";"872";"com vítima";"44";"BR-116/SC";"Sul";"Colisão Transversal";1;0;1;0;0;0;0;0;0;0;1;1;1;0;0
"09/02/2014";"00:06:00";"882";"sem vítima";"127,3";"BR-116/PR";"Sul";"Colisão Lateral";1;0;1;0;0;0;0;0;0;0;2;0;0;0;0
"09/02/2014";"06:51:00";"898";"sem vítima";"124,1";"BR-116/PR";"Sul";"Saida de Pista";1;0;0;0;0;0;0;0;0;0;1;0;0;0;0
"09/02/2014";"07:50:00";"903";"com vítima";"136,4";"BR-116/PR";"Sul";"Colisão Frontal";1;0;0;0;1;0;0;0;0;0;31;0;0;0;1
"09/02/2014";"08:24:00";"906";"sem vítima";"292,7";"BR-116/SC";"Sul";"Choque - Objeto sobre a pista";1;0;0;0;0;0;0;0;0;0;4;0;0;0;0
"09/02/2014";"17:26:00";"944";"com vítima";"12";"BR-116/SC";"Norte";"Colisão Transversal";1;0;1;0;0;0;0;0;0;0;2;1;0;0;0
"09/02/2014";"17:36:00";"947";"sem vítima";"206,5";"BR-116/PR";"Norte";"Colisão Traseira";1;0;0;0;0;1;0;0;0;0;2;0;0;0;0
"10/02/2014";"15:05:00";"1047";"sem vítima";"5,5";"BR-116/SC";"Norte";"Colisão Transversal";1;0;0;0;0;0;0;0;0;1;6;0;0;0;0
"10/02/2014";"21:09:00";"1080";"sem vítima";"84";"BR-116/SC";"Norte";"Choque - Outros";1;0;0;0;0;0;0;0;0;0;1;0;0;0;0
"10/02/2014";"21:41:00";"1083";"sem vítima";"163";"BR-116/SC";"Norte";"Objeto lançado contra veículo";0;0;1;0;0;0;0;0;0;0;1;0;0;0;0
"10/02/2014";"23:13:00";"1087";"sem vítima";"136";"BR-116/PR";"Sul";"Choque - Objeto sobre a pista";1;0;0;0;0;0;0;0;0;0;3;0;0;0;0
"11/02/2014";"07:40:00";"1109";"com vítima";"144";"BR-116/PR";"Norte";"Colisão Frontal";1;0;0;1;0;0;0;0;0;0;1;0;0;1;0
"11/02/2014";"09:11:00";"1117";"sem vítima";"166,03";"BR-116/SC";"Sul";"Choque - Elemento de Drenagem";0;0;1;0;0;0;0;0;0;0;1;0;0;0;0
"11/02/2014";"15:43:00";"1152";"sem vítima";"100";"BR-116/SC";"Sul";"Objeto lançado contra veículo";1;0;0;0;0;0;0;0;0;0;3;0;0;0;0
"11/02/2014";"17:35:00";"1166";"sem vítima";"124";"BR-116/PR";"Sul";"Colisão Traseira";2;0;0;0;0;0;0;0;0;0;2;0;0;0;0
"11/02/2014";"17:53:00";"1169";"com vítima";"304,8";"BR-116/SC";"Sul";"Tombamento";0;0;1;0;0;0;0;0;0;0;0;1;0;0;0
"11/02/2014";"20:07:00";"1189";"sem vítima";"185,6";"BR-116/SC";"Sul";"Saida de Pista";0;0;1;0;0;0;0;0;0;0;1;0;0;0;0
"11/02/2014";"22:44:00";"1201";"sem vítima";"134";"BR-116/PR";"Sul";"Objeto lançado contra veículo";0;0;0;0;0;0;0;0;0;1;2;0;0;0;0
"12/02/2014";"11:10:00";"1242";"sem vítima";"184,2";"BR-116/SC";"Sul";"Colisão Lateral";1;0;1;0;0;0;0;0;0;0;2;0;0;0;0
"12/02/2014";"14:31:00";"1254";"sem vítima";"195,6";"BR-116/PR";"Sul";"Choque - Arvore";0;0;1;0;0;0;0;0;0;0;1;0;0;0;0
"12/02/2014";"15:24:00";"1263";"com vítima";"178";"BR-116/SC";"Norte";"Saida de Pista";1;0;0;0;0;0;0;0;0;0;0;0;2;0;0
"12/02/2014";"18:33:00";"1285";"sem vítima";"124,15";"BR-116/PR";"Norte";"Colisão Traseira";1;0;1;0;1;0;0;0;0;0;5;0;0;0;0
"12/02/2014";"20:52:00";"1290";"sem vítima";"133,3";"BR-116/PR";"Norte";"Colisão Lateral";0;0;1;0;0;0;0;0;0;1;2;0;0;0;0
"12/02/2014";"22:22:00";"1296";"sem vítima";"85";"BR-116/SC";"Norte";"Choque - Objeto sobre a pista";0;0;1;0;0;0;0;0;0;0;1;0;0;0;0
"13/02/2014";"07:34:00";"1316";"com vítima";"126,3";"BR-116/PR";"Sul";"Colisão Transversal";1;0;0;1;0;0;0;0;0;0;1;1;0;0;0
"13/02/2014";"10:02:00";"1340";"sem vítima";"163,8";"BR-116/SC";"Norte";"Colisão Lateral";0;0;2;0;0;0;0;0;0;0;2;0;0;0;0
"13/02/2014";"10:55:00";"1346";"sem vítima";"81";"BR-116/SC";"Sul";"Colisão Lateral";1;0;1;0;0;0;0;0;0;0;2;0;0;0;0
"13/02/2014";"12:41:00";"1355";"sem vítima";"159,3";"BR-116/PR";"Norte";"Saida de Pista";0;0;1;0;0;0;0;0;0;0;1;0;0;0;0
"13/02/2014";"13:04:00";"1357";"sem vítima";"159,3";"BR-116/PR";"Norte";"Choque - Objeto sobre a pista";0;0;0;0;0;0;0;0;0;1;1;0;0;0;0
"13/02/2014";"15:18:00";"1368";"sem vítima";"103";"BR-116/SC";"Sul";"Choque - Objeto sobre a pista";0;0;0;0;0;0;0;0;0;1;1;0;0;0;0
"13/02/2014";"16:56:00";"1383";"sem vítima";"170";"BR-116/PR";"Sul";"Objeto lançado contra veículo";1;0;0;0;0;0;0;0;0;0;1;0;0;0;0
"13/02/2014";"18:43:00";"1398";"sem vítima";"1";"BR-116/SC";"Norte";"Saida de Pista";0;0;1;0;0;0;0;0;0;0;1;0;0;0;0
"13/02/2014";"21:12:00";"1411";"sem vítima";"119,5";"BR-116/PR";"Sul";"Saida de Pista";1;0;0;0;0;0;0;0;0;0;1;0;0;0;0
"13/02/2014";"22:59:00";"1421";"sem vítima";"134";"BR-116/PR";"Sul";"Objeto lançado contra veículo";0;0;1;0;0;0;0;0;0;0;1;0;0;0;0
"14/02/2014";"06:05:00";"1440";"com vítima";"126,5";"BR-116/PR";"Norte";"Colisão Traseira";1;0;0;1;0;0;0;0;0;0;1;3;0;0;0
"14/02/2014";"06:45:00";"1441";"com vítima";"128,25";"BR-116/PR";"Norte";"Saida de Pista";1;0;0;0;0;0;0;0;0;0;0;1;0;0;0
"14/02/2014";"09:01:00";"1459";"sem vítima";"8";"BR-116/SC";"Norte";"Colisão Traseira";2;0;0;0;0;0;0;0;0;0;2;0;0;0;0
"14/02/2014";"09:41:00";"1461";"sem vítima";"213";"BR-116/SC";"Sul";"Objeto lançado contra veículo";0;0;0;0;0;0;0;0;0;1;1;0;0;0;0
"14/02/2014";"11:05:00";"1470";"com vítima";"115,8";"BR-116/PR";"Norte";"Atropelamento - Sem Informação";0;0;0;1;0;0;0;0;0;0;1;1;0;0;0
"14/02/2014";"14:00:00";"1485";"sem vítima";"250,7";"BR-116/SC";"Sul";"Capotamento";1;0;0;0;0;0;0;0;0;0;1;0;0;0;0
"14/02/2014";"14:24:00";"1487";"sem vítima";"82";"BR-116/SC";"Norte";"Colisão Lateral";1;0;0;0;0;0;0;0;0;0;1;0;0;0;0
"14/02/2014";"15:44:00";"1492";"sem vítima";"125,9";"BR-116/PR";"Norte";"Colisão Traseira";3;0;0;0;0;0;0;0;0;0;7;0;0;0;0
"14/02/2014";"16:13:00";"1498";"sem vítima";"183,1";"BR-116/PR";"Sul";"Saida de Pista";0;0;1;0;0;0;0;0;0;0;1;0;0;0;0
"14/02/2014";"16:35:00";"1501";"com vítima";"184,3";"BR-116/PR";"Norte";"Choque - Suporte de Sinalização";1;0;0;0;0;0;0;0;0;0;0;2;0;0;0
"14/02/2014";"16:52:00";"1505";"sem vítima";"91,2";"BR-116/SC";"Norte";"Outros";1;0;0;0;0;0;0;0;0;0;1;0;0;0;0
"14/02/2014";"16:52:00";"1504";"sem vítima";"12";"BR-116/SC";"Norte";"Colisão Transversal";1;0;1;0;0;0;0;0;0;0;2;0;0;0;0
"14/02/2014";"18:41:00";"1519";"sem vítima";"78";"BR-116/SC";"Norte";"Objeto lançado contra veículo";0;0;1;0;0;0;0;0;0;0;1;0;0;0;0
"14/02/2014";"18:56:00";"1521";"com vítima";"129,8";"BR-116/PR";"Norte";"Colisão Transversal";1;0;0;1;0;0;0;0;0;0;1;1;0;0;0
"14/02/2014";"20:41:00";"1533";"com vítima";"153,5";"BR-116/PR";"Norte";"Colisão Transversal";1;0;0;1;0;0;0;0;0;0;2;1;0;0;0
"14/02/2014";"21:04:00";"1536";"sem vítima";"92,3";"BR-116/SC";"Norte";"Choque - Outros";1;0;0;0;0;0;0;0;0;0;4;0;0;0;0
"14/02/2014";"21:54:00";"1539";"sem vítima";"92,3";"BR-116/SC";"Norte";"Choque - Outros";1;0;0;0;0;0;0;0;0;0;2;0;0;0;0
"15/02/2014";"08:50:00";"1572";"com vítima";"235,8";"BR-116/SC";"Sul";"Colisão Frontal";0;0;1;1;0;0;0;0;0;0;1;0;0;0;2
"15/02/2014";"13:27:00";"1586";"com vítima";"127";"BR-116/PR";"Norte";"Colisão Lateral";0;0;1;1;0;0;0;0;0;0;1;1;0;0;0
"15/02/2014";"15:37:00";"1599";"sem vítima";"134";"BR-116/PR";"Norte";"Choque - Defensa, barreira ou "submarino"";1;0;0;0;0;0;0;0;0;0;1;0;0;0;0
"15/02/2014";"18:02:00";"1623";"sem vítima";"107,4";"BR-116/SC";"Sul";"Colisão Lateral";1;0;1;0;0;0;0;0;0;0;2;0;0;0;0
"15/02/2014";"23:45:00";"1651";"sem vítima";"130";"BR-116/PR";"Sul";"Choque - Objeto sobre a pista";0;0;1;0;0;0;0;0;0;0;1;0;0;0;0
"16/02/2014";"03:24:00";"1659";"sem vítima";"162,8";"BR-116/PR";"Sul";"Colisão Lateral";1;0;1;0;0;0;0;0;0;0;4;0;0;0;0
"16/02/2014";"03:45:00";"1661";"sem vítima";"252,2";"BR-116/SC";"Norte";"Saida de Pista";1;0;0;0;0;0;0;0;0;0;1;0;0;0;0
"16/02/2014";"08:51:00";"1672";"sem vítima";"90";"BR-116/SC";"Norte";"Objeto lançado contra veículo";1;0;0;0;0;0;0;0;0;0;5;0;0;0;0
"16/02/2014";"11:56:00";"1687";"com vítima";"117,8";"BR-116/PR";"Sul";"Queda de Moto";0;0;0;1;0;0;0;0;0;0;0;1;0;0;0
"16/02/2014";"16:17:00";"1716";"sem vítima";"120";"BR-116/SC";"Sul";"Choque - Outros";1;0;0;0;0;0;0;0;0;0;1;0;0;0;0
"16/02/2014";"16:59:00";"1724";"sem vítima";"234,6";"BR-116/SC";"Norte";"Saida de Pista";1;0;0;0;0;0;0;0;0;0;1;0;0;0;0