data;horario;n_da_ocorrencia;tipo_de_ocorrencia;km;trecho;sentido;tipo_de_acidente;automovel;bicicleta;caminhao;moto;onibus;outros;tracao_animal;transporte_de_cargas_especiais;trator_maquinas;utilitarios;ilesos;levemente_feridos;moderadamente_feridos;gravemente_feridos;mortos
"16/02/2014";"17:46:00";"1729";"com vítima";"129,9";"BR-116/PR";"Norte";"Colisão Transversal";2;0;0;0;0;0;0;0;0;0;2;1;0;0;0
"16/02/2014";"17:59:00";"1731";"sem vítima";"38";"BR-116/SC";"Sul";"Objeto lançado contra veículo";1;0;0;0;0;0;0;0;0;0;1;0;0;0;0
"16/02/2014";"19:29:00";"1746";"com vítima";"131,8";"BR-116/PR";"Sul";"Colisão Transversal";1;0;0;1;0;0;0;0;0;0;2;1;0;0;0
"16/02/2014";"22:59:00";"1757";"sem vítima";"117,6";"BR-116/PR";"Norte";"Colisão Traseira";2;0;0;0;0;0;0;0;0;0;5;0;0;0;0
"17/02/2014";"05:52:00";"1767";"com vítima";"117";"BR-116/PR";"Norte";"Colisão Lateral";0;0;2;0;1;0;0;0;0;0;63;1;0;0;0
"17/02/2014";"10:58:00";"1793";"sem vítima";"6";"BR-116/SC";"Sul";"Colisão Traseira";1;0;0;0;0;1;0;0;0;0;4;0;0;0;0
"17/02/2014";"14:41:00";"1815";"sem vítima";"122,9";"BR-116/PR";"Sul";"Colisão Lateral";2;0;0;0;0;0;0;0;0;0;2;0;0;0;0
"17/02/2014";"17:41:00";"1830";"com vítima";"122,5";"BR-116/PR";"Norte";"Colisão Transversal";1;0;0;1;0;0;0;0;0;0;2;1;0;0;0
"17/02/2014";"18:23:00";"1836";"com vítima";"117,5";"BR-116/PR";"Norte";"Choque - Outros";1;0;0;0;0;0;0;0;1;0;1;0;1;0;0
"17/02/2014";"20:30:00";"1848";"sem vítima";"123,3";"BR-116/PR";"Norte";"Colisão Lateral";2;0;0;0;1;0;0;0;0;0;4;0;0;0;0
"18/02/2014";"00:29:00";"1857";"sem vítima";"185,6";"BR-116/PR";"Sul";"Saida de Pista";0;0;1;0;0;0;0;0;0;0;1;0;0;0;0
"18/02/2014";"04:50:00";"1864";"sem vítima";"37";"BR-116/SC";"Sul";"Colisão Traseira";0;0;2;0;0;0;0;0;0;0;2;0;0;0;0
"18/02/2014";"07:16:00";"1868";"com vítima";"145,7";"BR-116/PR";"Sul";"Saida de Pista";1;0;0;0;0;0;0;0;0;0;2;1;0;0;0
"18/02/2014";"10:25:00";"1895";"sem vítima";"152,3";"BR-116/PR";"Norte";"Colisão Lateral";0;0;2;0;0;0;0;0;0;0;3;0;0;0;0
"18/02/2014";"15:09:00";"1916";"sem vítima";"298,9";"BR-116/SC";"Sul";"Saida de Pista";1;0;0;0;0;0;0;0;0;0;1;0;0;0;0
"18/02/2014";"18:01:00";"1940";"sem vítima";"96";"BR-116/SC";"Norte";"Objeto lançado contra veículo";1;0;0;0;0;0;0;0;0;0;1;0;0;0;0
"18/02/2014";"23:22:00";"1961";"sem vítima";"117,4";"BR-116/PR";"Sul";"Choque - Veiculo parado na pista";1;0;1;0;0;0;0;0;0;0;2;0;0;0;0
"19/02/2014";"08:06:00";"1983";"sem vítima";"134";"BR-116/PR";"Norte";"Choque - Cancela de Pedagio";0;0;0;0;0;0;0;0;0;1;1;0;0;0;0
"19/02/2014";"13:04:00";"2013";"sem vítima";"121";"BR-116/PR";"Norte";"Objeto lançado contra veículo";1;0;0;0;0;0;0;0;0;0;1;0;0;0;0
"19/02/2014";"13:09:00";"2014";"sem vítima";"204,7";"BR-116/PR";"Norte";"Colisão Traseira";2;0;0;0;0;0;0;0;0;0;5;0;0;0;0
"19/02/2014";"15:22:00";"2032";"sem vítima";"84";"BR-116/SC";"Norte";"Objeto lançado contra veículo";1;0;0;0;0;0;0;0;0;0;1;0;0;0;0
"19/02/2014";"15:41:00";"2036";"sem vítima";"84";"BR-116/SC";"Norte";"Objeto lançado contra veículo";1;0;0;0;0;0;0;0;0;0;1;0;0;0;0
"19/02/2014";"16:42:00";"2044";"sem vítima";"197";"BR-116/PR";"Sul";"Objeto lançado contra veículo";1;0;0;0;0;0;0;0;0;0;1;0;0;0;0
"20/02/2014";"08:42:00";"2094";"sem vítima";"169";"BR-116/PR";"Norte";"Choque - Objeto sobre a pista";1;0;0;0;0;0;0;0;0;0;3;0;0;0;0
"20/02/2014";"12:17:00";"2117";"com vítima";"204,5";"BR-116/SC";"Sul";"Colisão Lateral";0;0;1;0;0;0;0;0;1;0;1;0;1;0;0
"20/02/2014";"14:28:00";"2125";"sem vítima";"233";"BR-116/SC";"Sul";"Choque - Cancela de Pedagio";1;0;0;0;0;0;0;0;0;0;1;0;0;0;0
"20/02/2014";"14:36:00";"2127";"com vítima";"115,85";"BR-116/PR";"Sul";"Atropelamento - Usuário";0;0;0;0;0;1;0;0;0;0;1;1;0;0;0
"20/02/2014";"15:23:00";"2133";"sem vítima";"114,6";"BR-116/SC";"Sul";"Objeto lançado contra veículo";1;0;0;0;0;0;0;0;0;0;1;0;0;0;0
"20/02/2014";"16:33:00";"2140";"sem vítima";"123,7";"BR-116/PR";"Sul";"Choque - Suporte de Sinalização";1;0;0;0;0;0;0;0;0;0;1;0;0;0;0
"20/02/2014";"17:50:00";"2146";"sem vítima";"108,3";"BR-116/SC";"Norte";"Saida de Pista";0;0;2;0;0;0;0;0;0;0;2;0;0;0;0
"20/02/2014";"18:36:00";"2150";"com vítima";"122,5";"BR-116/PR";"Sul";"Colisão Transversal";0;0;0;2;0;0;0;0;0;0;1;2;0;0;0
"20/02/2014";"20:49:00";"2157";"sem vítima";"117,4";"BR-116/PR";"Norte";"Colisão Lateral";0;0;2;0;0;0;0;0;0;0;2;0;0;0;0
"21/02/2014";"01:12:00";"2171";"sem vítima";"306,6";"BR-116/SC";"Sul";"Choque - Talude";0;0;0;0;0;0;0;0;0;1;1;0;0;0;0
"21/02/2014";"16:08:00";"2230";"sem vítima";"135";"BR-116/PR";"Sul";"Objeto lançado contra veículo";0;0;0;0;0;0;0;0;0;1;1;0;0;0;0
"21/02/2014";"18:20:00";"2244";"com vítima";"285,2";"BR-116/SC";"Sul";"Saida de Pista";1;0;0;0;0;0;0;0;0;0;2;2;1;0;0
"21/02/2014";"22:18:00";"2257";"sem vítima";"115";"BR-116/PR";"Sul";"Colisão Traseira";2;0;0;0;0;0;0;0;0;0;6;0;0;0;0
"21/02/2014";"23:34:00";"2267";"sem vítima";"134,1";"BR-116/PR";"Norte";"Saida de Pista";0;0;0;0;0;0;0;0;0;1;2;0;0;0;0
"21/02/2014";"23:44:00";"2268";"sem vítima";"122,8";"BR-116/PR";"Norte";"Choque - Defensa, barreira ou "submarino"";1;0;0;0;0;0;0;0;0;0;1;0;0;0;0
"22/02/2014";"02:26:00";"2272";"com vítima";"126,2";"BR-116/PR";"Norte";"Atropelamento - Morador";1;0;0;0;0;0;0;0;0;0;2;0;0;1;0
"22/02/2014";"05:31:00";"2279";"com vítima";"142,1";"BR-116/SC";"Norte";"Colisão Frontal";0;0;0;1;1;0;0;0;0;0;1;0;0;0;1
"22/02/2014";"08:24:00";"2287";"sem vítima";"245";"BR-116/SC";"Sul";"Colisão Transversal";2;0;0;0;0;0;0;0;0;0;2;0;0;0;0
"22/02/2014";"10:59:00";"2303";"sem vítima";"127";"BR-116/PR";"Norte";"Colisão Traseira";1;0;1;0;0;0;0;0;0;0;2;0;0;0;0
"22/02/2014";"12:33:00";"2312";"sem vítima";"119,8";"BR-116/PR";"Norte";"Tombamento";0;0;1;0;0;0;0;0;0;0;1;0;0;0;0
"22/02/2014";"14:19:00";"2317";"sem vítima";"129";"BR-116/PR";"Sul";"Colisão Lateral";1;0;1;0;0;0;0;0;0;0;2;0;0;0;0
"22/02/2014";"14:44:00";"2320";"com vítima";"128,4";"BR-116/PR";"Sul";"Colisão Traseira";3;0;0;0;0;0;0;0;0;0;8;0;1;0;0
"22/02/2014";"15:00:00";"2321";"sem vítima";"129";"BR-116/PR";"Sul";"Colisão Traseira";2;0;0;0;0;0;0;0;0;0;2;0;0;0;0
"22/02/2014";"16:30:00";"2328";"sem vítima";"119,4";"BR-116/PR";"Sul";"Engavetamento";3;0;0;0;0;0;0;0;0;0;3;0;0;0;0
"22/02/2014";"16:57:00";"2330";"sem vítima";"116";"BR-116/PR";"Sul";"Objeto lançado contra veículo";0;0;0;0;0;0;0;0;0;1;1;0;0;0;0
"22/02/2014";"17:33:00";"2332";"com vítima";"41,9";"BR-116/SC";"Sul";"Colisão Frontal";1;0;1;0;0;0;0;0;0;0;1;0;0;1;3
"22/02/2014";"17:35:00";"2333";"sem vítima";"120";"BR-116/PR";"Norte";"Colisão Lateral";1;0;1;0;0;0;0;0;0;0;5;0;0;0;0
"22/02/2014";"19:26:00";"2337";"sem vítima";"20,8";"BR-116/SC";"Norte";"Colisão Lateral";1;0;1;0;0;0;0;0;0;0;2;0;0;0;0
"22/02/2014";"19:27:00";"2348";"sem vítima";"20,8";"BR-116/SC";"Norte";"Colisão Lateral";1;0;0;0;0;1;0;0;0;0;2;0;0;0;0
"22/02/2014";"19:56:00";"2343";"com vítima";"60";"BR-116/SC";"Norte";"Saida de Pista";1;0;0;0;0;1;0;0;0;0;1;3;2;0;0
"22/02/2014";"21:22:00";"2351";"sem vítima";"99";"BR-116/SC";"Norte";"Colisão Transversal";1;0;1;0;0;0;0;0;0;0;2;0;0;0;0
"22/02/2014";"23:40:00";"2358";"sem vítima";"183";"BR-116/PR";"Norte";"Colisão Lateral";1;0;1;0;0;0;0;0;0;0;7;0;0;0;0
"23/02/2014";"01:24:00";"2363";"sem vítima";"121,8";"BR-116/PR";"Sul";"Choque - Defensa, barreira ou "submarino"";1;0;0;0;0;0;0;0;0;0;1;0;0;0;0
"23/02/2014";"02:00:00";"2364";"sem vítima";"137,5";"BR-116/PR";"Norte";"Saida de Pista";1;0;0;0;0;0;0;0;0;0;1;0;0;0;0
"23/02/2014";"05:45:00";"2376";"sem vítima";"150,2";"BR-116/PR";"Sul";"Saida de Pista";1;0;0;0;0;0;0;0;0;0;1;0;0;0;0
"23/02/2014";"11:31:00";"2397";"com vítima";"159,4";"BR-116/PR";"Norte";"Colisão Lateral";2;0;1;0;0;0;0;0;0;0;7;0;1;0;0
"23/02/2014";"11:33:00";"2398";"com vítima";"129,5";"BR-116/PR";"Sul";"Atropelamento - Outros";1;0;0;0;0;0;0;0;0;0;2;0;1;0;0
"23/02/2014";"18:20:00";"2424";"sem vítima";"262,5";"BR-116/SC";"Norte";"Saida de Pista";1;0;0;0;0;0;0;0;0;0;1;0;0;0;0
"23/02/2014";"18:59:00";"2429";"com vítima";"180,9";"BR-116/SC";"Norte";"Saida de Pista";1;0;1;0;0;0;0;0;0;0;2;2;0;0;0
"23/02/2014";"20:06:00";"2431";"sem vítima";"241,6";"BR-116/SC";"Sul";"Saida de Pista";1;0;0;0;0;0;0;0;0;0;1;0;0;0;0
"24/02/2014";"06:24:00";"2452";"sem vítima";"134";"BR-116/PR";"Norte";"Choque - Cancela de Pedagio";1;0;0;0;0;0;0;0;0;0;5;0;0;0;0
"24/02/2014";"09:06:00";"2469";"sem vítima";"152";"BR-116/SC";"Sul";"Colisão Traseira";0;0;2;0;0;0;0;0;0;0;2;0;0;0;0
"24/02/2014";"15:30:00";"2511";"sem vítima";"119";"BR-116/PR";"Norte";"Objeto lançado contra veículo";1;0;0;0;0;0;0;0;0;0;1;0;0;0;0
"24/02/2014";"15:43:00";"2513";"sem vítima";"140";"BR-116/PR";"Sul";"Objeto lançado contra veículo";1;0;0;0;0;0;0;0;0;0;1;0;0;0;0
"24/02/2014";"16:00:00";"2516";"sem vítima";"172";"BR-116/PR";"Sul";"Saida de Pista";1;0;0;0;0;0;0;0;0;0;1;0;0;0;0
"24/02/2014";"16:37:00";"2521";"sem vítima";"250";"BR-116/SC";"Sul";"Objeto lançado contra veículo";1;0;0;0;0;0;0;0;0;0;1;0;0;0;0
"24/02/2014";"17:23:00";"2528";"sem vítima";"158";"BR-116/PR";"Norte";"Objeto lançado contra veículo";1;0;0;0;0;0;0;0;0;0;1;0;0;0;0
"24/02/2014";"19:41:00";"2542";"sem vítima";"134";"BR-116/PR";"Norte";"Choque - Cancela de Pedagio";1;0;0;0;0;0;0;0;0;0;1;0;0;0;0
"24/02/2014";"22:13:00";"2546";"sem vítima";"115,4";"BR-116/PR";"Norte";"Colisão Lateral";1;0;0;0;1;0;0;0;0;0;3;0;0;0;0
"25/02/2014";"04:56:00";"2565";"com vítima";"128,7";"BR-116/PR";"Norte";"Colisão Traseira";0;0;2;0;0;0;0;0;0;0;1;1;0;0;0
"25/02/2014";"07:45:00";"2575";"sem vítima";"237";"BR-116/SC";"Norte";"Objeto lançado contra veículo";0;0;0;0;0;0;0;0;0;1;2;0;0;0;0
"25/02/2014";"10:56:00";"2594";"sem vítima";"206";"BR-116/SC";"Sul";"Objeto lançado contra veículo";1;0;0;0;0;0;0;0;0;0;1;0;0;0;0
"25/02/2014";"17:07:00";"2632";"sem vítima";"134";"BR-116/PR";"Sul";"Objeto lançado contra veículo";1;0;0;0;0;0;0;0;0;0;1;0;0;0;0
"25/02/2014";"20:29:00";"2650";"sem vítima";"134";"BR-116/PR";"Sul";"Objeto lançado contra veículo";1;0;0;0;0;0;0;0;0;0;1;0;0;0;0
"25/02/2014";"21:35:00";"2652";"com vítima";"118";"BR-116/PR";"Sul";"Colisão Transversal";1;0;0;1;0;0;0;0;0;0;1;1;1;0;0
"26/02/2014";"05:08:00";"2677";"com vítima";"183,6";"BR-116/PR";"Sul";"Saida de Pista";0;0;1;0;0;0;0;0;0;0;0;1;0;0;0
"26/02/2014";"05:45:00";"2679";"sem vítima";"122";"BR-116/PR";"Sul";"Choque - Objeto sobre a pista";1;0;0;0;0;0;0;0;0;0;2;0;0;0;0
"26/02/2014";"12:35:00";"2723";"sem vítima";"116,8";"BR-116/PR";"Norte";"Colisão Traseira";3;0;0;0;0;0;0;0;0;0;3;0;0;0;0
"26/02/2014";"14:15:00";"2731";"com vítima";"226";"BR-116/SC";"Norte";"Colisão Transversal";3;0;0;0;0;0;0;0;0;0;2;1;1;0;0
"26/02/2014";"14:49:00";"2736";"com vítima";"117,5";"BR-116/PR";"Norte";"Atropelamento - Funcionário";0;0;0;0;0;1;0;0;0;0;1;1;0;0;0
"26/02/2014";"15:11:00";"2738";"sem vítima";"115,9";"BR-116/PR";"Norte";"Colisão Lateral";1;0;1;0;0;0;0;0;0;0;2;0;0;0;0
"26/02/2014";"17:39:00";"2753";"sem vítima";"20";"BR-116/SC";"Norte";"Objeto lançado contra veículo";1;0;0;0;0;0;0;0;0;0;1;0;0;0;0
"26/02/2014";"18:39:00";"2760";"sem vítima";"120";"BR-116/PR";"Sul";"Objeto lançado contra veículo";1;0;0;0;0;0;0;0;0;0;1;0;0;0;0
"26/02/2014";"19:49:00";"2774";"com vítima";"201,002";"BR-116/PR";"Sul";"Atropelamento - Ciclista";1;1;0;0;0;0;0;0;0;0;1;0;1;0;0
"26/02/2014";"22:41:00";"2782";"sem vítima";"273";"BR-116/SC";"Norte";"Choque - Objeto sobre a pista";1;0;0;0;0;0;0;0;0;0;1;0;0;0;0
"27/02/2014";"01:20:00";"2796";"sem vítima";"169,9";"BR-116/SC";"Norte";"Saida de Pista";0;0;1;0;0;0;0;0;0;0;1;0;0;0;0
"27/02/2014";"06:25:00";"2808";"sem vítima";"234,5";"BR-116/SC";"Norte";"Saida de Pista";0;0;1;0;0;0;0;0;0;0;1;0;0;0;0
"27/02/2014";"06:46:00";"2811";"sem vítima";"189";"BR-116/PR";"Norte";"Saida de Pista";0;0;1;0;0;0;0;0;0;0;1;0;0;0;0
"27/02/2014";"07:04:00";"2812";"sem vítima";"118,9";"BR-116/PR";"Norte";"Colisão Traseira";3;0;0;0;0;0;0;0;0;0;3;0;0;0;0
"27/02/2014";"09:30:00";"2821";"sem vítima";"139,54";"BR-116/SC";"Sul";"Colisão Transversal";1;0;0;0;0;0;0;0;0;1;4;0;0;0;0
"27/02/2014";"12:22:00";"2835";"sem vítima";"212";"BR-116/SC";"Sul";"Queda de Moto";0;0;0;1;0;0;0;0;0;0;2;0;0;0;0
"27/02/2014";"18:36:00";"2869";"sem vítima";"185,8";"BR-116/PR";"Sul";"Saida de Pista";0;0;0;0;0;0;0;0;0;1;1;0;0;0;0
"27/02/2014";"20:27:00";"2877";"com vítima";"133,7";"BR-116/PR";"Norte";"Colisão Lateral";0;0;0;1;0;1;0;0;0;0;1;0;2;0;0
"27/02/2014";"22:31:00";"2880";"sem vítima";"66";"BR-116/SC";"Norte";"Colisão Lateral";0;0;0;0;0;1;0;0;0;1;4;0;0;0;0
"28/02/2014";"12:20:00";"2931";"sem vítima";"40";"BR-116/SC";"Sul";"Objeto lançado contra veículo";0;0;1;0;0;0;0;0;0;0;2;0;0;0;0
"28/02/2014";"13:42:00";"2938";"sem vítima";"4,5";"BR-116/SC";"Norte";"Colisão Transversal";1;0;0;0;0;0;0;0;0;1;2;0;0;0;0
"28/02/2014";"14:09:00";"2940";"sem vítima";"152";"BR-116/SC";"Sul";"Choque - Cancela de Pedagio";1;0;0;0;0;0;0;0;0;0;1;0;0;0;0
"28/02/2014";"14:23:00";"2943";"com vítima";"210,7";"BR-116/PR";"Sul";"Colisão Transversal";1;0;1;0;0;0;0;0;0;0;2;1;0;0;0
"28/02/2014";"17:54:00";"2971";"sem vítima";"44";"BR-116/SC";"Sul";"Atropelamento de Animal";1;0;0;0;0;0;0;0;0;0;1;0;0;0;0
"28/02/2014";"21:27:00";"2992";"sem vítima";"195";"BR-116/SC";"Norte";"Atropelamento de Animal";1;0;0;0;0;0;0;0;0;0;1;0;0;0;0
"28/02/2014";"21:36:00";"2996";"com vítima";"117,4";"BR-116/PR";"Norte";"Colisão Traseira";1;0;0;0;1;0;0;0;0;0;2;1;0;0;0
"28/02/2014";"22:32:00";"2998";"com vítima";"118,2";"BR-116/PR";"Sul";"Queda de Moto";0;0;0;1;0;0;0;0;0;0;1;1;0;0;0
"01/03/2014";"02:07:00";"10";"com vítima";"116";"BR-116/PR";"Sul";"Colisão Lateral";1;0;0;1;0;0;0;0;0;0;1;0;1;0;0
"01/03/2014";"06:50:00";"27";"sem vítima";"119,3";"BR-116/PR";"Sul";"Colisão Traseira";1;0;1;0;0;0;0;0;0;0;2;0;0;0;0
"01/03/2014";"10:06:00";"57";"sem vítima";"134";"BR-116/PR";"Norte";"Colisão Traseira";2;0;0;0;0;0;0;0;0;0;2;0;0;0;0
"01/03/2014";"13:06:00";"73";"com vítima";"12";"BR-116/SC";"Sul";"Colisão Transversal";2;0;0;0;0;0;0;0;0;0;2;1;0;0;0
"01/03/2014";"14:55:00";"82";"com vítima";"113,6";"BR-116/SC";"Sul";"Colisão Traseira";3;0;0;0;0;0;0;0;0;0;3;1;0;0;0
"01/03/2014";"18:11:00";"103";"com vítima";"154,9";"BR-116/SC";"Sul";"Tombamento";0;0;1;0;0;0;0;0;0;0;0;1;0;0;0
"01/03/2014";"19:30:00";"112";"sem vítima";"129,3";"BR-116/PR";"Norte";"Colisão Transversal";1;0;0;0;1;0;0;0;0;0;2;0;0;0;0
"01/03/2014";"21:04:00";"120";"com vítima";"129,35";"BR-116/PR";"Sul";"Atropelamento - Usuário";1;0;0;0;0;0;0;0;0;0;2;0;0;1;0
"02/03/2014";"02:07:00";"143";"com vítima";"117,5";"BR-116/PR";"Sul";"Colisão Traseira";2;0;0;0;0;0;0;0;0;0;2;1;0;0;0
"02/03/2014";"13:08:00";"177";"sem vítima";"184,3";"BR-116/SC";"Sul";"Saida de Pista";1;0;0;0;0;0;0;0;0;0;1;0;0;0;0
"03/03/2014";"03:43:00";"224";"sem vítima";"118,9";"BR-116/PR";"Sul";"Saida de Pista";1;0;0;0;0;0;0;0;0;0;1;0;0;0;0
"03/03/2014";"11:56:00";"254";"sem vítima";"129,9";"BR-116/PR";"Sul";"Colisão Transversal";0;0;0;1;0;0;0;0;0;1;2;0;0;0;0
"03/03/2014";"16:34:00";"273";"sem vítima";"23";"BR-116/SC";"Norte";"Objeto lançado contra veículo";0;0;1;0;0;0;0;0;0;0;1;0;0;0;0
"03/03/2014";"17:36:00";"277";"sem vítima";"125,8";"BR-116/PR";"Sul";"Engavetamento";2;0;0;0;0;0;0;0;0;1;3;0;0;0;0
"03/03/2014";"18:34:00";"285";"com vítima";"152";"BR-116/PR";"Norte";"Colisão Transversal";2;0;0;0;0;0;0;0;0;0;1;1;0;0;0
"03/03/2014";"18:52:00";"286";"sem vítima";"101";"BR-116/SC";"Norte";"Queda de Moto";0;0;0;1;0;0;0;0;0;0;1;0;0;0;0
"04/03/2014";"05:00:00";"310";"com vítima";"173";"BR-116/SC";"Norte";"Saida de Pista";0;0;0;0;0;0;0;0;0;1;1;1;0;0;0
"04/03/2014";"15:02:00";"348";"com vítima";"216";"BR-116/SC";"Sul";"Colisão Lateral";1;0;1;0;0;0;0;0;0;0;1;3;0;0;0
"04/03/2014";"16:46:00";"361";"sem vítima";"130";"BR-116/PR";"Sul";"Colisão Transversal";1;0;1;0;0;0;0;0;0;0;2;0;0;0;0
"04/03/2014";"17:36:00";"366";"sem vítima";"116,3";"BR-116/PR";"Norte";"Colisão Lateral";1;0;1;0;0;0;0;0;0;0;2;0;0;0;0
"04/03/2014";"18:22:00";"371";"com vítima";"131,1";"BR-116/PR";"Sul";"Colisão Transversal";1;0;0;0;1;0;0;0;0;0;2;2;1;0;2
"04/03/2014";"18:52:00";"374";"sem vítima";"77,8";"BR-116/SC";"Sul";"Saida de Pista";1;0;0;0;0;0;0;0;0;0;1;0;0;0;0
"05/03/2014";"02:33:00";"392";"sem vítima";"21,4";"BR-116/SC";"Sul";"Saida de Pista";0;0;1;0;0;0;0;0;0;0;1;0;0;0;0
"05/03/2014";"10:31:00";"416";"sem vítima";"72";"BR-116/SC";"Norte";"Objeto lançado contra veículo";1;0;1;0;0;0;0;0;0;0;2;0;0;0;0
"05/03/2014";"10:43:00";"418";"sem vítima";"204";"BR-116/PR";"Norte";"Colisão Lateral";1;0;1;0;0;0;0;0;0;0;4;0;0;0;0
"05/03/2014";"15:40:00";"453";"sem vítima";"236";"BR-116/SC";"Norte";"Colisão Lateral";0;0;1;0;0;0;0;0;0;1;2;0;0;0;0
"05/03/2014";"17:33:00";"460";"sem vítima";"304,8";"BR-116/SC";"Norte";"Colisão Transversal";0;0;2;0;0;0;0;0;0;0;2;0;0;0;0
"05/03/2014";"19:02:00";"471";"sem vítima";"155,1";"BR-116/PR";"Sul";"Colisão Lateral";0;0;2;0;0;0;0;0;0;0;2;0;0;0;0
"05/03/2014";"20:09:00";"475";"com vítima";"128";"BR-116/PR";"Norte";"Atropelamento - Usuário";0;0;0;1;0;0;0;0;0;0;1;1;0;0;0
"06/03/2014";"00:41:00";"490";"sem vítima";"210,3";"BR-116/SC";"Norte";"Saida de Pista";0;0;1;0;0;0;0;0;0;0;1;0;0;0;0
"06/03/2014";"06:36:00";"497";"sem vítima";"116,5";"BR-116/PR";"Norte";"Choque - Defensa, barreira ou "submarino"";1;0;0;0;0;0;0;0;0;0;1;0;0;0;0
"06/03/2014";"06:53:00";"498";"com vítima";"179,9";"BR-116/SC";"Norte";"Colisão Transversal";0;0;1;0;0;0;0;0;0;1;1;1;0;0;0
"06/03/2014";"08:36:00";"503";"sem vítima";"115";"BR-116/PR";"Sul";"Colisão Lateral";0;0;0;0;0;0;0;0;0;2;4;0;0;0;0
"06/03/2014";"11:49:00";"523";"sem vítima";"126,5";"BR-116/PR";"Norte";"Colisão Traseira";0;0;1;0;0;0;0;0;0;1;3;0;0;0;0
"06/03/2014";"14:11:00";"529";"sem vítima";"7";"BR-116/SC";"Norte";"Objeto lançado contra veículo";1;0;0;0;0;0;0;0;0;0;1;0;0;0;0
"06/03/2014";"17:55:00";"556";"sem vítima";"202,65";"BR-116/PR";"Sul";"Objeto lançado contra veículo";1;0;0;0;0;0;0;0;0;0;1;0;0;0;0
"06/03/2014";"18:12:00";"557";"sem vítima";"124";"BR-116/PR";"Norte";"Colisão Traseira";2;0;0;0;0;0;0;0;0;0;2;0;0;0;0
"06/03/2014";"21:16:00";"570";"sem vítima";"43,4";"BR-116/SC";"Sul";"Saida de Pista";0;0;1;0;0;0;0;0;0;0;1;0;0;0;0
"06/03/2014";"22:43:00";"575";"sem vítima";"150,5";"BR-116/SC";"Norte";"Choque - Objeto sobre a pista";1;0;0;0;0;0;0;0;0;0;1;0;0;0;0
"07/03/2014";"05:41:00";"598";"sem vítima";"304,7";"BR-116/SC";"Sul";"Choque - Objeto sobre a pista";0;0;1;0;0;0;0;0;0;0;1;0;0;0;0
"07/03/2014";"09:04:00";"614";"sem vítima";"45";"BR-116/SC";"Sul";"Objeto lançado contra veículo";1;0;0;0;0;0;0;0;0;0;3;0;0;0;0
"07/03/2014";"09:05:00";"615";"com vítima";"166,8";"BR-116/PR";"Sul";"Colisão Transversal";1;0;0;0;0;0;0;0;0;1;2;0;1;0;0
"07/03/2014";"10:55:00";"630";"sem vítima";"124,3";"BR-116/PR";"Norte";"Atropelamento de Animal";1;0;0;0;0;0;0;0;0;0;1;0;0;0;0
"07/03/2014";"15:59:00";"655";"sem vítima";"202";"BR-116/PR";"Norte";"Colisão Traseira";2;0;0;0;0;0;0;0;0;0;3;0;0;0;0
"07/03/2014";"17:37:00";"666";"com vítima";"132";"BR-116/PR";"Norte";"Queda de Moto";0;0;0;1;0;0;0;0;0;0;0;1;0;0;0
"08/03/2014";"01:23:00";"695";"sem vítima";"245,6";"BR-116/SC";"Norte";"Colisão Transversal";2;0;0;0;0;0;0;0;0;0;6;0;0;0;0
"08/03/2014";"01:49:00";"696";"com vítima";"125,1";"BR-116/PR";"Norte";"Colisão Lateral";2;0;0;0;0;0;0;0;0;0;1;1;0;0;0
"08/03/2014";"02:48:00";"698";"sem vítima";"107,85";"BR-116/SC";"Norte";"Saida de Pista";1;0;0;0;0;0;0;0;0;0;1;0;0;0;0
"08/03/2014";"07:27:00";"707";"sem vítima";"235,8";"BR-116/SC";"Sul";"Colisão Frontal";2;0;0;0;0;0;0;0;0;0;5;0;0;0;0
"08/03/2014";"12:13:00";"734";"sem vítima";"136";"BR-116/PR";"Sul";"Objeto lançado contra veículo";1;0;0;0;0;0;0;0;0;0;2;0;0;0;0
"08/03/2014";"12:40:00";"736";"sem vítima";"1,8";"BR-116/SC";"Norte";"Objeto lançado contra veículo";0;0;1;0;0;0;0;0;0;0;1;0;0;0;0
"08/03/2014";"16:52:00";"756";"com vítima";"107,6";"BR-116/SC";"Norte";"Queda de Moto";0;0;0;1;0;0;0;0;0;0;1;1;0;0;0
"08/03/2014";"18:32:00";"768";"com vítima";"166,5";"BR-116/SC";"Sul";"Colisão Frontal";2;0;0;0;0;0;0;0;0;0;2;1;0;0;0
"08/03/2014";"23:05:00";"792";"sem vítima";"216,4";"BR-116/SC";"Sul";"Choque - Elemento de Drenagem";1;0;0;0;0;0;0;0;0;0;3;0;0;0;0
"08/03/2014";"23:50:00";"793";"sem vítima";"177,2";"BR-116/SC";"Sul";"Saida de Pista";1;0;0;0;0;0;0;0;0;0;2;0;0;0;0
"09/03/2014";"10:45:00";"829";"sem vítima";"117,4";"BR-116/PR";"Norte";"Engavetamento";3;0;0;0;0;0;0;0;0;0;3;0;0;0;0
"09/03/2014";"16:42:00";"857";"sem vítima";"131,2";"BR-116/PR";"Sul";"Colisão Lateral";2;0;0;0;0;0;0;0;0;0;2;0;0;0;0