data;horario;n_da_ocorrencia;tipo_de_ocorrencia;km;trecho;sentido;tipo_de_acidente;automovel;bicicleta;caminhao;moto;onibus;outros;tracao_animal;transporte_de_cargas_especiais;trator_maquinas;utilitarios;ilesos;levemente_feridos;moderadamente_feridos;gravemente_feridos;mortos
"09/03/2014";"17:51:00";"865";"sem vítima";"82";"BR-116/SC";"Sul";"Saida de Pista";1;0;0;0;0;0;0;0;0;0;1;0;0;0;0
"09/03/2014";"19:40:00";"879";"com vítima";"180,1";"BR-116/SC";"Norte";"Colisão Lateral";1;0;1;0;0;0;0;0;0;0;3;1;0;0;0
"10/03/2014";"07:00:00";"911";"sem vítima";"126";"BR-116/PR";"Sul";"Engavetamento";3;0;0;0;0;0;0;0;0;0;3;0;0;0;0
"10/03/2014";"08:10:00";"922";"sem vítima";"128,4";"BR-116/PR";"Norte";"Engavetamento";3;0;0;0;0;0;0;0;0;0;3;0;0;0;0
"10/03/2014";"09:57:00";"931";"sem vítima";"217,2";"BR-116/SC";"Sul";"Colisão Transversal";1;0;0;1;0;0;0;0;0;0;2;0;0;0;0
"10/03/2014";"10:31:00";"937";"sem vítima";"176";"BR-116/PR";"Sul";"Choque - Objeto sobre a pista";1;0;1;0;0;0;0;0;0;0;2;0;0;0;0
"10/03/2014";"16:05:00";"970";"sem vítima";"115,8";"BR-116/PR";"Sul";"Choque - Veiculo parado na pista";0;0;0;0;0;0;0;0;0;2;2;0;0;0;0
"10/03/2014";"16:45:00";"978";"sem vítima";"139";"BR-116/PR";"Sul";"Objeto lançado contra veículo";0;0;1;0;0;0;0;0;0;0;1;0;0;0;0
"10/03/2014";"17:06:00";"983";"sem vítima";"209";"BR-116/PR";"Norte";"Colisão Lateral";2;0;0;0;0;0;0;0;0;0;2;0;0;0;0
"10/03/2014";"21:08:00";"1002";"sem vítima";"124";"BR-116/PR";"Sul";"Choque - Suporte de Sinalização";1;0;0;0;0;0;0;0;0;0;1;0;0;0;0
"10/03/2014";"21:37:00";"1006";"sem vítima";"99";"BR-116/SC";"Norte";"Choque - Objeto sobre a pista";0;0;1;0;0;0;0;0;0;0;1;0;0;0;0
"11/03/2014";"06:03:00";"1022";"com vítima";"120,97";"BR-116/PR";"Norte";"Colisão Traseira";0;0;1;1;0;0;0;0;0;0;1;0;0;0;2
"11/03/2014";"07:02:00";"1025";"com vítima";"151";"BR-116/PR";"Norte";"Colisão Lateral";0;0;1;1;0;0;0;0;0;0;1;1;0;0;0
"11/03/2014";"13:13:00";"1058";"sem vítima";"31";"BR-116/SC";"Norte";"Objeto lançado contra veículo";1;0;0;0;0;0;0;0;0;0;1;0;0;0;0
"11/03/2014";"21:14:00";"1101";"sem vítima";"117,2";"BR-116/PR";"Sul";"Colisão Transversal";1;0;1;0;0;0;0;0;0;0;2;0;0;0;0
"12/03/2014";"03:44:00";"1114";"sem vítima";"110";"BR-116/SC";"Sul";"Colisão Traseira";0;0;1;0;0;0;0;0;0;1;2;0;0;0;0
"12/03/2014";"06:15:00";"1117";"com vítima";"119,4";"BR-116/PR";"Norte";"Queda de Moto";0;0;0;1;0;0;0;0;0;0;1;1;0;0;0
"12/03/2014";"16:43:00";"1182";"com vítima";"105";"BR-116/SC";"Norte";"Saida de Pista";0;0;1;0;0;0;0;0;0;0;1;1;0;0;0
"12/03/2014";"18:05:00";"1191";"sem vítima";"230";"BR-116/SC";"Sul";"Objeto lançado contra veículo";1;0;0;0;0;0;0;0;0;0;1;0;0;0;0
"13/03/2014";"00:50:00";"1217";"sem vítima";"183,5";"BR-116/PR";"Sul";"Saida de Pista";0;0;1;0;0;0;0;0;0;0;2;0;0;0;0
"13/03/2014";"05:16:00";"1228";"com vítima";"185,5";"BR-116/SC";"Norte";"Colisão Traseira";0;0;2;0;0;0;0;0;0;0;1;1;0;0;0
"13/03/2014";"05:57:00";"1230";"sem vítima";"140,3";"BR-116/SC";"Sul";"Tombamento";0;0;1;0;0;0;0;0;0;0;1;0;0;0;0
"13/03/2014";"07:24:00";"1235";"sem vítima";"141,3";"BR-116/SC";"Norte";"Colisão Traseira";1;0;1;0;0;0;0;0;0;0;2;0;0;0;0
"13/03/2014";"08:41:00";"1245";"sem vítima";"60";"BR-116/SC";"Sul";"Saida de Pista";1;0;0;0;0;0;0;0;0;0;1;0;0;0;0
"13/03/2014";"13:10:00";"1277";"sem vítima";"197";"BR-116/PR";"Sul";"Saida de Pista";1;0;0;0;0;0;0;0;0;0;1;0;0;0;0
"13/03/2014";"13:30:00";"1279";"sem vítima";"134,8";"BR-116/PR";"Norte";"Choque - Cancela de Pedagio";1;0;0;0;0;0;0;0;0;0;1;0;0;0;0
"13/03/2014";"17:31:00";"1304";"sem vítima";"5,7";"BR-116/SC";"Norte";"Colisão Transversal";2;0;0;0;0;0;0;0;0;0;3;0;0;0;0
"13/03/2014";"17:51:00";"1308";"com vítima";"122,2";"BR-116/PR";"Sul";"Colisão Lateral";2;0;0;1;0;0;0;0;0;0;4;4;0;0;0
"13/03/2014";"18:34:00";"1310";"com vítima";"267,7";"BR-116/SC";"Norte";"Colisão Transversal";1;0;1;0;0;0;0;0;0;0;1;2;0;0;0
"13/03/2014";"20:13:00";"1315";"sem vítima";"149,6";"BR-116/SC";"Sul";"Choque - Objeto não identificado";0;0;0;0;0;0;0;0;0;1;3;0;0;0;0
"13/03/2014";"20:52:00";"1320";"sem vítima";"33";"BR-116/SC";"Sul";"Objeto lançado contra veículo";0;0;1;0;0;0;0;0;0;0;1;0;0;0;0
"14/03/2014";"02:44:00";"1344";"sem vítima";"152";"BR-116/PR";"Sul";"Choque - Objeto não identificado";0;0;1;0;0;0;0;0;0;0;1;0;0;0;0
"14/03/2014";"08:52:00";"1361";"sem vítima";"12";"BR-116/SC";"Norte";"Colisão Transversal";1;0;1;0;0;0;0;0;0;0;2;0;0;0;0
"14/03/2014";"11:13:00";"1373";"com vítima";"107,7";"BR-116/SC";"Norte";"Colisão Frontal";0;0;2;0;0;0;0;0;0;0;1;1;0;0;0
"14/03/2014";"14:51:00";"1389";"com vítima";"4,6";"BR-116/SC";"Norte";"Colisão Frontal";1;0;1;0;0;0;0;0;0;0;1;1;0;0;0
"14/03/2014";"20:51:00";"1429";"com vítima";"218,3";"BR-116/SC";"Sul";"Colisão Frontal";2;0;0;0;0;0;0;0;0;0;0;0;0;2;0
"14/03/2014";"20:55:00";"1430";"sem vítima";"142";"BR-116/SC";"Sul";"Choque - Objeto sobre a pista";0;0;1;0;0;0;0;0;0;0;1;0;0;0;0
"14/03/2014";"22:35:00";"1437";"sem vítima";"203";"BR-116/PR";"Sul";"Colisão Traseira";1;0;1;0;0;0;0;0;0;0;2;0;0;0;0
"14/03/2014";"23:12:00";"1440";"com vítima";"211,3";"BR-116/SC";"Sul";"Saida de Pista";1;0;0;0;0;0;0;0;0;0;0;1;0;0;0
"15/03/2014";"00:06:00";"1444";"com vítima";"48,4";"BR-116/SC";"Norte";"Colisão Frontal";1;0;1;0;0;0;0;0;0;0;0;2;0;0;1
"15/03/2014";"00:12:00";"1445";"com vítima";"84,8";"BR-116/SC";"Norte";"Atropelamento - Morador";0;0;1;0;0;0;0;0;0;0;1;0;0;0;1
"15/03/2014";"00:47:00";"1449";"sem vítima";"117,5";"BR-116/PR";"Sul";"Choque - Defensa, barreira ou "submarino"";1;0;0;0;0;0;0;0;0;0;1;0;0;0;0
"15/03/2014";"04:12:00";"1456";"com vítima";"117,4";"BR-116/PR";"Sul";"Colisão Traseira";0;0;1;1;0;0;0;0;0;0;1;0;1;0;0
"15/03/2014";"08:43:00";"1469";"com vítima";"115";"BR-116/PR";"Norte";"Colisão Lateral";1;0;0;1;0;0;0;0;0;0;4;2;0;0;0
"15/03/2014";"10:01:00";"1476";"sem vítima";"1,2";"BR-116/SC";"Norte";"Tombamento";0;0;1;0;0;0;0;0;0;0;1;0;0;0;0
"15/03/2014";"13:16:00";"1491";"sem vítima";"134";"BR-116/PR";"Norte";"Choque - Cancela de Pedagio";1;0;0;0;0;0;0;0;0;0;1;0;0;0;0
"15/03/2014";"14:18:00";"1495";"sem vítima";"130,9";"BR-116/PR";"Norte";"Saida de Pista";1;0;0;0;0;0;0;0;0;0;1;0;0;0;0
"15/03/2014";"15:55:00";"1508";"sem vítima";"117,3";"BR-116/PR";"Sul";"Engavetamento";3;0;0;0;0;0;0;0;0;0;3;0;0;0;0
"15/03/2014";"16:09:00";"1510";"sem vítima";"119,7";"BR-116/PR";"Sul";"Colisão Traseira";2;0;0;0;0;0;0;0;0;0;2;0;0;0;0
"15/03/2014";"22:30:00";"1540";"sem vítima";"134";"BR-116/PR";"Norte";"Colisão Traseira";2;0;0;0;0;0;0;0;0;0;7;0;0;0;0
"16/03/2014";"00:02:00";"1544";"sem vítima";"60";"BR-116/SC";"Norte";"Atropelamento de Animal";1;0;0;0;0;0;0;0;0;0;2;0;0;0;0
"16/03/2014";"03:01:00";"1554";"sem vítima";"136,9";"BR-116/SC";"Sul";"Saida de Pista";1;0;0;0;0;0;0;0;0;0;1;0;0;0;0
"16/03/2014";"10:49:00";"1582";"sem vítima";"33";"BR-116/SC";"Sul";"Colisão Traseira";0;0;0;2;0;0;0;0;0;0;2;0;0;0;0
"16/03/2014";"14:18:00";"1595";"sem vítima";"66";"BR-116/SC";"Norte";"Objeto lançado contra veículo";1;0;1;0;0;0;0;0;0;0;2;0;0;0;0
"16/03/2014";"14:23:00";"1597";"com vítima";"129,2";"BR-116/PR";"Norte";"Queda de Moto";0;0;0;1;0;0;0;0;0;0;0;1;0;0;0
"16/03/2014";"15:33:00";"1602";"com vítima";"246,65";"BR-116/SC";"Sul";"Atropelamento - Morador";0;0;0;0;0;1;0;0;0;0;1;1;0;0;0
"16/03/2014";"17:48:00";"1615";"sem vítima";"130";"BR-116/PR";"Norte";"Saida de Pista";1;0;0;0;0;0;0;0;0;0;1;0;0;0;0
"16/03/2014";"18:43:00";"1622";"com vítima";"132";"BR-116/PR";"Norte";"Colisão Traseira";2;0;0;0;0;0;0;0;0;0;7;2;0;0;0
"16/03/2014";"19:40:00";"1632";"sem vítima";"159,7";"BR-116/SC";"Norte";"Saida de Pista";1;0;0;0;0;0;0;0;0;0;3;0;0;0;0
"16/03/2014";"21:31:00";"1639";"sem vítima";"123";"BR-116/PR";"Sul";"Saida de Pista";1;0;0;0;0;0;0;0;0;0;1;0;0;0;0
"16/03/2014";"21:55:00";"1642";"sem vítima";"119";"BR-116/SC";"Sul";"Colisão Traseira";2;0;0;0;0;0;0;0;0;0;3;0;0;0;0
"17/03/2014";"05:45:00";"1651";"com vítima";"116";"BR-116/PR";"Sul";"Queda de Moto";0;0;0;1;0;0;0;0;0;0;0;1;0;0;0
"17/03/2014";"08:09:00";"1662";"sem vítima";"116,7";"BR-116/PR";"Sul";"Colisão Lateral";0;0;1;0;1;0;0;0;0;0;2;0;0;0;0
"17/03/2014";"09:30:00";"1672";"sem vítima";"193";"BR-116/PR";"Norte";"Objeto lançado contra veículo";1;0;0;0;0;0;0;0;0;0;1;0;0;0;0
"17/03/2014";"09:46:00";"1674";"sem vítima";"148";"BR-116/PR";"Norte";"Objeto lançado contra veículo";1;0;0;0;0;0;0;0;0;0;1;0;0;0;0
"17/03/2014";"15:34:00";"1704";"sem vítima";"268";"BR-116/SC";"Norte";"Colisão Traseira";1;0;1;0;0;0;0;0;0;0;6;0;0;0;0
"17/03/2014";"17:19:00";"1714";"com vítima";"195,2";"BR-116/SC";"Norte";"Saida de Pista";0;0;1;0;0;0;0;0;0;0;1;2;0;0;0
"17/03/2014";"20:33:00";"1731";"com vítima";"179";"BR-116/PR";"Norte";"Saida de Pista";0;0;1;0;0;0;0;0;0;0;0;1;0;0;0
"17/03/2014";"22:43:00";"1740";"sem vítima";"223";"BR-116/SC";"Sul";"Choque - Suporte de Sinalização";1;0;0;0;0;0;0;0;0;0;3;0;0;0;0
"18/03/2014";"08:41:00";"1778";"sem vítima";"117,4";"BR-116/PR";"Norte";"Colisão Lateral";1;0;1;0;0;0;0;0;0;0;2;0;0;0;0
"18/03/2014";"13:47:00";"1813";"sem vítima";"133";"BR-116/PR";"Norte";"Objeto lançado contra veículo";1;0;0;0;0;0;0;0;0;0;1;0;0;0;0
"18/03/2014";"15:17:00";"1817";"sem vítima";"199,7";"BR-116/SC";"Norte";"Saida de Pista";0;0;0;0;0;0;0;0;0;1;1;0;0;0;0
"18/03/2014";"16:53:00";"1824";"sem vítima";"206";"BR-116/PR";"Sul";"Choque - Suporte de Sinalização";1;0;0;0;0;0;0;0;0;0;1;0;0;0;0
"18/03/2014";"17:23:00";"1828";"sem vítima";"184,4";"BR-116/SC";"Sul";"Colisão Traseira";2;0;1;0;0;0;0;0;0;0;3;0;0;0;0
"18/03/2014";"17:56:00";"1831";"sem vítima";"230";"BR-116/SC";"Sul";"Saida de Pista";1;0;0;0;0;0;0;0;0;0;1;0;0;0;0
"18/03/2014";"21:27:00";"1849";"sem vítima";"127";"BR-116/PR";"Sul";"Colisão Lateral";1;0;0;0;0;0;0;0;0;1;2;0;0;0;0
"18/03/2014";"22:49:00";"1855";"com vítima";"131,3";"BR-116/SC";"Norte";"Saida de Pista";0;0;0;1;0;0;0;0;0;0;0;1;0;0;0
"19/03/2014";"00:20:00";"1859";"sem vítima";"1,2";"BR-116/SC";"Sul";"Saida de Pista";1;0;0;0;0;0;0;0;0;0;1;0;0;0;0
"19/03/2014";"02:09:00";"1865";"sem vítima";"54,4";"BR-116/SC";"Sul";"Choque - Suporte de Sinalização";0;0;1;0;0;0;0;0;0;0;1;0;0;0;0
"19/03/2014";"10:44:00";"1904";"sem vítima";"41";"BR-116/SC";"Sul";"Objeto lançado contra veículo";1;0;0;0;0;0;0;0;0;0;1;0;0;0;0
"19/03/2014";"11:21:00";"1905";"sem vítima";"134";"BR-116/PR";"Sul";"Objeto lançado contra veículo";1;0;0;0;0;0;0;0;0;0;1;0;0;0;0
"19/03/2014";"15:12:00";"1919";"sem vítima";"118,4";"BR-116/PR";"Sul";"Colisão Lateral";1;0;1;0;0;0;0;0;0;0;2;0;0;0;0
"19/03/2014";"16:55:00";"1932";"com vítima";"165,7";"BR-116/PR";"Norte";"Colisão Frontal";1;0;1;0;0;0;0;0;0;0;1;1;0;0;0
"19/03/2014";"20:06:00";"1954";"sem vítima";"163,4";"BR-116/PR";"Norte";"Saida de Pista";1;0;0;0;0;0;0;0;0;0;1;0;0;0;0
"20/03/2014";"06:12:00";"1975";"sem vítima";"115";"BR-116/PR";"Norte";"Colisão Traseira";2;0;0;0;0;0;0;0;0;0;2;0;0;0;0
"20/03/2014";"06:15:00";"1976";"sem vítima";"186";"BR-116/SC";"Sul";"Choque - Objeto sobre a pista";0;0;1;0;0;0;0;0;0;0;1;0;0;0;0
"20/03/2014";"07:07:00";"1981";"sem vítima";"226,9";"BR-116/SC";"Sul";"Saida de Pista";0;0;1;0;0;0;0;0;0;0;1;0;0;0;0
"20/03/2014";"07:16:00";"1982";"sem vítima";"105";"BR-116/SC";"Sul";"Saida de Pista";0;0;1;0;0;0;0;0;0;0;1;0;0;0;0
"20/03/2014";"09:22:00";"1993";"sem vítima";"227,1";"BR-116/SC";"Sul";"Capotamento";0;0;0;0;0;1;0;0;0;1;3;0;0;0;0
"20/03/2014";"10:36:00";"2006";"com vítima";"133";"BR-116/PR";"Sul";"Colisão Lateral";0;0;1;1;0;0;0;0;0;0;1;0;0;1;0
"20/03/2014";"11:28:00";"2010";"sem vítima";"58";"BR-116/SC";"Sul";"Objeto lançado contra veículo";1;0;0;0;0;0;0;0;0;0;1;0;0;0;0
"20/03/2014";"12:53:00";"2020";"sem vítima";"134";"BR-116/SC";"Sul";"Objeto lançado contra veículo";1;0;0;0;0;0;0;0;0;0;1;0;0;0;0
"20/03/2014";"13:24:00";"2024";"sem vítima";"178";"BR-116/PR";"Norte";"Objeto lançado contra veículo";0;0;1;0;0;0;0;0;0;0;1;0;0;0;0
"20/03/2014";"15:30:00";"2044";"com vítima";"205,6";"BR-116/SC";"Sul";"Saida de Pista";1;0;0;0;0;0;0;0;0;0;1;1;0;0;0
"20/03/2014";"16:57:00";"2056";"sem vítima";"34,2";"BR-116/SC";"Norte";"Colisão Traseira";0;0;2;0;0;0;0;0;0;0;2;0;0;0;0
"20/03/2014";"17:54:00";"2065";"com vítima";"121";"BR-116/PR";"Sul";"Queda de Moto";0;0;0;1;0;0;0;0;0;0;1;0;1;0;0
"20/03/2014";"21:48:00";"2077";"sem vítima";"75";"BR-116/SC";"Sul";"Choque - Objeto sobre a pista";1;0;0;0;0;0;0;0;0;0;3;0;0;0;0
"20/03/2014";"21:51:00";"2078";"sem vítima";"75";"BR-116/SC";"Sul";"Choque - Objeto sobre a pista";1;0;0;0;0;0;0;0;0;0;2;0;0;0;0
"20/03/2014";"23:06:00";"2081";"sem vítima";"75";"BR-116/SC";"Norte";"Choque - Objeto sobre a pista";0;0;1;0;0;0;0;0;0;0;1;0;0;0;0
"20/03/2014";"23:38:00";"2083";"com vítima";"206,1";"BR-116/PR";"Sul";"Colisão Traseira";2;0;0;0;0;0;0;0;0;0;4;2;0;0;0
"21/03/2014";"11:42:00";"2123";"com vítima";"143,5";"BR-116/PR";"Norte";"Colisão Lateral";2;0;1;0;0;0;0;0;0;0;2;1;0;0;0
"21/03/2014";"13:03:00";"2126";"sem vítima";"223,4";"BR-116/SC";"Sul";"Saida de Pista";1;0;0;0;0;0;0;0;0;0;1;0;0;0;0
"21/03/2014";"13:20:00";"2127";"sem vítima";"155,35";"BR-116/PR";"Sul";"Saida de Pista";1;0;0;0;0;0;0;0;0;0;2;0;0;0;0
"21/03/2014";"15:47:00";"2145";"sem vítima";"199,5";"BR-116/PR";"Sul";"Saida de Pista";1;0;0;0;0;0;0;0;0;0;3;0;0;0;0
"21/03/2014";"16:58:00";"2155";"sem vítima";"34";"BR-116/SC";"Norte";"Choque - Veiculo parado na pista";1;0;1;0;0;0;0;0;0;1;8;0;0;0;0
"21/03/2014";"17:36:00";"2160";"com vítima";"148,6";"BR-116/SC";"Sul";"Saida de Pista";0;0;0;1;0;0;0;0;0;0;0;1;0;0;0
"21/03/2014";"18:00:00";"2168";"sem vítima";"115";"BR-116/PR";"Norte";"Colisão Traseira";1;0;1;0;0;0;0;0;0;0;2;0;0;0;0
"22/03/2014";"05:21:00";"2190";"sem vítima";"44,8";"BR-116/SC";"Norte";"Colisão Lateral";1;0;1;0;0;0;0;0;0;0;4;0;0;0;0
"22/03/2014";"09:18:00";"2202";"sem vítima";"117";"BR-116/PR";"Norte";"Capotamento";0;0;0;0;0;1;0;0;0;1;2;0;0;0;0
"22/03/2014";"11:17:00";"2212";"sem vítima";"32,8";"BR-116/SC";"Sul";"Choque - Veiculo parado na pista";3;0;0;0;0;0;0;0;0;0;7;0;0;0;0
"22/03/2014";"15:23:00";"2227";"sem vítima";"198";"BR-116/SC";"Norte";"Objeto lançado contra veículo";1;0;0;0;0;0;0;0;0;0;1;0;0;0;0
"22/03/2014";"19:39:00";"2251";"sem vítima";"125,8";"BR-116/PR";"Sul";"Choque - Veiculo parado na pista";2;0;0;0;0;0;0;0;0;0;3;0;0;0;0
"22/03/2014";"19:50:00";"2252";"sem vítima";"80,7";"BR-116/SC";"Sul";"Saida de Pista";0;0;0;0;0;0;0;0;0;1;1;0;0;0;0
"22/03/2014";"21:38:00";"2258";"com vítima";"123,1";"BR-116/PR";"Norte";"Queda de Moto";1;0;0;1;0;0;0;0;0;0;2;0;0;0;1
"23/03/2014";"00:39:00";"2263";"sem vítima";"125,8";"BR-116/PR";"Sul";"Colisão Lateral";1;0;1;0;0;0;0;0;0;0;2;0;0;0;0
"23/03/2014";"02:32:00";"2268";"sem vítima";"237,8";"BR-116/SC";"Sul";"Saida de Pista";1;0;0;0;0;0;0;0;0;0;1;0;0;0;0
"23/03/2014";"16:04:00";"2309";"com vítima";"139,9";"BR-116/PR";"Sul";"Colisão Transversal";2;0;0;0;0;0;0;0;0;0;1;4;0;0;0
"23/03/2014";"18:12:00";"2327";"com vítima";"143,8";"BR-116/PR";"Norte";"Colisão Transversal";4;0;0;0;0;0;0;0;0;0;6;2;0;0;0
"23/03/2014";"19:13:00";"2332";"com vítima";"129";"BR-116/PR";"Sul";"Atropelamento - Sem Informação";1;0;0;0;0;0;0;0;0;1;11;0;0;0;1
"24/03/2014";"05:27:00";"2364";"sem vítima";"135,5";"BR-116/SC";"Sul";"Choque - Objeto sobre a pista";1;0;0;0;0;0;0;0;0;0;1;0;0;0;0
"24/03/2014";"06:39:00";"2369";"sem vítima";"117,6";"BR-116/PR";"Norte";"Colisão Transversal";1;0;1;0;0;0;0;0;0;0;2;0;0;0;0
"24/03/2014";"06:58:00";"2371";"sem vítima";"118";"BR-116/PR";"Norte";"Colisão Lateral";1;0;0;1;0;0;0;0;0;0;2;0;0;0;0
"24/03/2014";"07:13:00";"2373";"sem vítima";"152";"BR-116/SC";"Sul";"Colisão Traseira";1;0;1;0;0;0;0;0;0;0;2;0;0;0;0
"24/03/2014";"09:47:00";"2386";"sem vítima";"42";"BR-116/SC";"Norte";"Objeto lançado contra veículo";1;0;0;0;0;0;0;0;0;0;1;0;0;0;0
"24/03/2014";"13:12:00";"2412";"sem vítima";"134";"BR-116/PR";"Sul";"Choque - Cancela de Pedagio";0;0;0;0;0;0;0;0;0;1;1;0;0;0;0
"24/03/2014";"14:41:00";"2416";"com vítima";"290";"BR-116/SC";"Norte";"Saida de Pista";1;0;0;0;0;0;0;0;0;0;1;1;0;0;0
"24/03/2014";"15:00:00";"2418";"sem vítima";"43";"BR-116/SC";"Norte";"Objeto lançado contra veículo";0;0;1;0;0;0;0;0;0;0;1;0;0;0;0
"24/03/2014";"16:24:00";"2428";"com vítima";"9,8";"BR-116/SC";"Sul";"Colisão Transversal";0;0;0;1;0;0;0;0;0;1;1;1;0;0;0
"24/03/2014";"23:25:00";"2458";"sem vítima";"174,1";"BR-116/SC";"Sul";"Colisão Lateral";0;0;2;0;0;0;0;0;0;0;2;0;0;0;0
"25/03/2014";"09:52:00";"2486";"sem vítima";"156";"BR-116/SC";"Norte";"Objeto lançado contra veículo";0;0;1;0;0;0;0;0;0;0;3;0;0;0;0
"25/03/2014";"16:46:00";"2532";"sem vítima";"117,7";"BR-116/PR";"Sul";"Colisão Lateral";1;0;1;0;0;0;0;0;0;0;2;0;0;0;0
"25/03/2014";"18:51:00";"2541";"com vítima";"247,8";"BR-116/SC";"Sul";"Colisão Transversal";1;0;1;0;0;0;0;0;0;0;1;1;0;0;0
"26/03/2014";"00:01:00";"2557";"sem vítima";"104,3";"BR-116/SC";"Norte";"Colisão Traseira";0;0;2;0;0;0;0;0;0;0;2;0;0;0;0
"26/03/2014";"11:11:00";"2616";"com vítima";"189,7";"BR-116/SC";"Norte";"Colisão Lateral";0;0;0;1;0;0;0;0;0;1;1;1;0;0;0
"26/03/2014";"13:31:00";"2622";"sem vítima";"117";"BR-116/PR";"Norte";"Colisão Lateral";0;0;1;0;1;0;0;0;0;0;2;0;0;0;0
"26/03/2014";"14:08:00";"2625";"sem vítima";"60";"BR-116/SC";"Sul";"Objeto lançado contra veículo";1;0;0;0;0;0;0;0;0;0;1;0;0;0;0
"26/03/2014";"19:21:00";"2657";"com vítima";"194,1";"BR-116/PR";"Sul";"Colisão Traseira";2;0;0;0;0;0;0;0;0;0;3;2;0;0;0
"27/03/2014";"00:51:00";"2671";"sem vítima";"136";"BR-116/PR";"Norte";"Atropelamento de Animal";1;0;0;0;0;0;0;0;0;0;2;0;0;0;0
"27/03/2014";"01:29:00";"2673";"sem vítima";"203";"BR-116/PR";"Norte";"Choque - Cancela de Pedagio";0;0;1;0;0;0;0;0;0;0;1;0;0;0;0
"27/03/2014";"07:37:00";"2689";"com vítima";"118";"BR-116/PR";"Norte";"Atropelamento de Animal";0;0;0;1;0;0;0;0;0;0;0;1;0;0;0
"27/03/2014";"09:26:00";"2696";"sem vítima";"134";"BR-116/PR";"Norte";"Choque - Cancela de Pedagio";1;0;0;0;0;0;0;0;0;0;1;0;0;0;0
"27/03/2014";"10:28:00";"2702";"sem vítima";"124";"BR-116/PR";"Sul";"Objeto lançado contra veículo";1;0;0;0;0;0;0;0;0;0;1;0;0;0;0
"27/03/2014";"16:42:00";"2752";"sem vítima";"156,4";"BR-116/SC";"Norte";"Saida de Pista";1;0;0;0;0;0;0;0;0;0;1;0;0;0;0
"27/03/2014";"18:32:00";"2766";"sem vítima";"127,5";"BR-116/PR";"Norte";"Colisão Lateral";0;0;2;0;0;0;0;0;0;0;2;0;0;0;0
"27/03/2014";"20:55:00";"2777";"sem vítima";"117";"BR-116/PR";"Sul";"Colisão Traseira";1;0;0;0;0;1;0;0;0;0;2;0;0;0;0
"28/03/2014";"11:04:00";"2826";"sem vítima";"130";"BR-116/SC";"Norte";"Saida de Pista";1;0;0;0;0;0;0;0;0;0;2;0;0;0;0
"28/03/2014";"14:38:00";"2848";"sem vítima";"234,5";"BR-116/SC";"Norte";"Saida de Pista";0;0;1;0;0;0;0;0;0;0;1;0;0;0;0
"28/03/2014";"20:43:00";"2889";"com vítima";"126,3";"BR-116/PR";"Norte";"Colisão Transversal";2;0;0;0;0;0;0;0;0;0;0;3;1;0;0
"28/03/2014";"20:49:00";"2891";"sem vítima";"203";"BR-116/PR";"Norte";"Choque - Cancela de Pedagio";0;0;0;0;0;0;0;0;0;1;1;0;0;0;0
"28/03/2014";"22:23:00";"2902";"sem vítima";"158,8";"BR-116/PR";"Norte";"Objeto lançado contra veículo";1;0;1;0;0;0;0;0;0;0;3;0;0;0;0
"28/03/2014";"22:39:00";"2904";"sem vítima";"189,9";"BR-116/PR";"Norte";"Colisão Traseira";2;0;0;0;0;0;0;0;0;0;2;0;0;0;0
"29/03/2014";"05:35:00";"2920";"sem vítima";"125";"BR-116/PR";"Norte";"Saida de Pista";1;0;0;0;0;0;0;0;0;0;1;0;0;0;0
"29/03/2014";"15:57:00";"2969";"sem vítima";"209,4";"BR-116/SC";"Sul";"Choque - Objeto sobre a pista";1;0;1;0;0;0;0;0;0;0;4;0;0;0;0
"29/03/2014";"16:56:00";"2983";"com vítima";"224,8";"BR-116/SC";"Sul";"Choque - Outros";0;1;0;0;0;0;0;0;0;0;0;1;0;0;0
"29/03/2014";"19:48:00";"2999";"sem vítima";"151,9";"BR-116/SC";"Norte";"Colisão Lateral";0;0;2;0;0;0;0;0;0;0;2;0;0;0;0
"29/03/2014";"21:30:00";"3003";"sem vítima";"1,5";"BR-116/SC";"Sul";"Choque - Objeto sobre a pista";1;0;0;0;0;0;0;0;0;0;1;0;0;0;0
"29/03/2014";"22:44:00";"3008";"com vítima";"133,2";"BR-116/PR";"Norte";"Saida de Pista";0;0;0;0;0;0;0;0;0;1;4;2;0;0;0
"30/03/2014";"07:05:00";"3031";"sem vítima";"154,3";"BR-116/SC";"Norte";"Saida de Pista";0;0;1;0;0;0;0;0;0;0;1;0;0;0;0
"30/03/2014";"15:00:00";"3064";"sem vítima";"81,6";"BR-116/SC";"Norte";"Choque - Defensa, barreira ou "submarino"";0;0;1;0;0;0;0;0;0;0;1;0;0;0;0
"30/03/2014";"15:41:00";"3071";"com vítima";"131,9";"BR-116/PR";"Norte";"Colisão Transversal";2;0;0;0;0;0;0;0;0;0;8;1;0;0;0
"30/03/2014";"17:59:00";"3083";"sem vítima";"134,4";"BR-116/PR";"Norte";"Colisão Lateral";1;0;1;0;0;0;0;0;0;0;4;0;0;0;0
"30/03/2014";"18:14:00";"3085";"sem vítima";"117";"BR-116/PR";"Norte";"Colisão Lateral";1;0;1;0;0;0;0;0;0;0;2;0;0;0;0