data;horario;n_da_ocorrencia;tipo_de_ocorrencia;km;trecho;sentido;tipo_de_acidente;automovel;bicicleta;caminhao;moto;onibus;outros;tracao_animal;transporte_de_cargas_especiais;trator_maquinas;utilitarios;ilesos;levemente_feridos;moderadamente_feridos;gravemente_feridos;mortos
"03/06/2014";"03:55:00";"164";"sem vítima";"235,6";"BR-116/SC";"Sul";"Capotamento";1;0;0;0;0;0;0;0;0;0;1;0;0;0;0
"03/06/2014";"07:34:00";"167";"sem vítima";"233,1";"BR-116/SC";"Norte";"Choque - Cancela de Pedagio";0;0;1;0;0;0;0;0;0;0;1;0;0;0;0
"03/06/2014";"09:00:00";"175";"sem vítima";"284";"BR-116/SC";"Norte";"Colisão Lateral";0;0;1;0;0;0;0;0;0;1;3;0;0;0;0
"03/06/2014";"18:35:00";"244";"com vítima";"135,5";"BR-116/PR";"Norte";"Atropelamento de Animal";0;0;0;1;0;0;0;0;0;0;0;1;0;0;0
"03/06/2014";"19:39:00";"248";"com vítima";"115,5";"BR-116/PR";"Sul";"Colisão Lateral";1;0;0;0;1;0;0;0;0;0;10;1;0;0;0
"03/06/2014";"21:48:00";"254";"sem vítima";"304,2";"BR-116/SC";"Sul";"Colisão Lateral";0;0;2;0;0;0;0;0;0;0;2;0;0;0;0
"04/06/2014";"16:27:00";"349";"sem vítima";"142";"BR-116/PR";"Norte";"Choque - Outros";0;0;0;0;0;1;0;0;0;0;1;0;0;0;0
"04/06/2014";"20:35:00";"366";"sem vítima";"59,3";"BR-116/SC";"Norte";"Colisão Lateral";1;0;1;0;0;0;0;0;0;0;3;0;0;0;0
"04/06/2014";"22:28:00";"369";"sem vítima";"141,7";"BR-116/PR";"Norte";"Choque - Outros";1;0;0;0;0;0;0;0;0;0;2;0;0;0;0
"04/06/2014";"23:24:00";"373";"com vítima";"125,5";"BR-116/PR";"Sul";"Colisão Transversal";2;0;0;0;0;0;0;0;0;0;4;1;0;2;0
"05/06/2014";"05:58:00";"383";"sem vítima";"238,9";"BR-116/SC";"Norte";"Saida de Pista";1;0;0;0;0;0;0;0;0;0;1;0;0;0;0
"05/06/2014";"08:12:00";"395";"sem vítima";"233";"BR-116/SC";"Sul";"Choque - Cancela de Pedagio";0;0;1;0;0;0;0;0;0;0;1;0;0;0;0
"05/06/2014";"10:04:00";"414";"sem vítima";"100,9";"BR-116/SC";"Sul";"Colisão Lateral";1;0;1;0;0;0;0;0;0;0;2;0;0;0;0
"05/06/2014";"13:49:00";"439";"sem vítima";"132,3";"BR-116/PR";"Sul";"Colisão Traseira";2;0;0;0;0;0;0;0;0;0;3;0;0;0;0
"05/06/2014";"18:39:00";"473";"sem vítima";"203";"BR-116/PR";"Norte";"Colisão Traseira";1;0;1;0;0;0;0;0;0;0;2;0;0;0;0
"06/06/2014";"06:53:00";"500";"sem vítima";"208";"BR-116/PR";"Norte";"Objeto lançado contra veículo";1;0;0;0;0;0;0;0;0;0;1;0;0;0;0
"06/06/2014";"07:05:00";"501";"sem vítima";"117";"BR-116/PR";"Norte";"Colisão Traseira";1;0;0;0;0;1;0;0;0;0;2;0;0;0;0
"06/06/2014";"12:35:00";"545";"sem vítima";"202";"BR-116/PR";"Norte";"Colisão Traseira";1;0;1;0;0;0;0;0;0;0;2;0;0;0;0
"06/06/2014";"13:34:00";"551";"sem vítima";"204";"BR-116/PR";"Sul";"Objeto lançado contra veículo";1;0;0;0;0;0;0;0;0;0;1;0;0;0;0
"06/06/2014";"14:05:00";"554";"com vítima";"245";"BR-116/SC";"Norte";"Atropelamento - Morador";0;0;1;0;0;0;0;0;0;0;1;1;0;0;0
"06/06/2014";"14:27:00";"557";"sem vítima";"128";"BR-116/PR";"Norte";"Colisão Traseira";0;0;2;0;0;0;0;0;0;0;2;0;0;0;0
"06/06/2014";"16:57:00";"585";"sem vítima";"107,7";"BR-116/SC";"Norte";"Choque - Talude";0;0;1;0;0;0;0;0;0;0;1;0;0;0;0
"07/06/2014";"05:24:00";"629";"sem vítima";"124,9";"BR-116/PR";"Sul";"Saida de Pista";1;0;0;0;0;0;0;0;0;0;1;0;0;0;0
"07/06/2014";"08:00:00";"637";"com vítima";"207,3";"BR-116/SC";"Norte";"Colisão Transversal";1;0;1;0;0;0;0;0;0;0;3;2;0;0;0
"07/06/2014";"08:25:00";"640";"sem vítima";"126,5";"BR-116/SC";"Norte";"Saida de Pista";1;0;0;0;0;0;0;0;0;0;5;0;0;0;0
"07/06/2014";"10:06:00";"647";"sem vítima";"136";"BR-116/PR";"Sul";"Choque - Objeto sobre a pista";0;0;1;0;0;0;0;0;0;0;1;0;0;0;0
"07/06/2014";"10:08:00";"648";"sem vítima";"172,8";"BR-116/PR";"Norte";"Saida de Pista";1;0;0;0;0;0;0;0;0;0;1;0;0;0;0
"07/06/2014";"12:42:00";"669";"com vítima";"264";"BR-116/SC";"Sul";"Saida de Pista";1;0;0;0;0;0;0;0;0;0;0;1;0;0;0
"07/06/2014";"13:14:00";"673";"sem vítima";"126,55";"BR-116/SC";"Norte";"Saida de Pista";0;0;1;0;0;0;0;0;0;0;1;0;0;0;0
"07/06/2014";"13:56:00";"678";"sem vítima";"238,95";"BR-116/SC";"Sul";"Tombamento";0;0;1;0;0;0;0;0;0;0;1;0;0;0;0
"07/06/2014";"16:06:00";"693";"sem vítima";"134";"BR-116/PR";"Norte";"Choque - Defensa, barreira ou "submarino"";0;0;0;0;0;0;0;0;0;1;1;0;0;0;0
"07/06/2014";"18:28:00";"706";"sem vítima";"7";"BR-116/SC";"Norte";"Saida de Pista";1;0;0;0;0;0;0;0;0;0;1;0;0;0;0
"07/06/2014";"19:31:00";"711";"sem vítima";"121,4";"BR-116/PR";"Sul";"Saida de Pista";1;0;0;0;0;0;0;0;0;0;1;0;0;0;0
"07/06/2014";"21:11:00";"715";"sem vítima";"197";"BR-116/PR";"Norte";"Outros";1;0;0;0;0;0;0;0;0;0;1;0;0;0;0
"08/06/2014";"00:06:00";"734";"sem vítima";"108,6";"BR-116/SC";"Sul";"Choque - Objeto sobre a pista";1;0;0;0;0;0;0;0;0;0;5;0;0;0;0
"08/06/2014";"01:06:00";"736";"com vítima";"132,8";"BR-116/PR";"Sul";"Colisão Frontal";1;0;0;0;1;0;0;0;0;0;2;2;0;0;0
"08/06/2014";"02:43:00";"745";"sem vítima";"213";"BR-116/SC";"Sul";"Capotamento";1;0;0;0;0;0;0;0;0;0;1;0;0;0;0
"08/06/2014";"05:09:00";"754";"sem vítima";"141,3";"BR-116/SC";"Sul";"Saida de Pista";1;0;0;0;0;0;0;0;0;0;1;0;0;0;0
"08/06/2014";"07:17:00";"759";"sem vítima";"124,9";"BR-116/PR";"Sul";"Saida de Pista";1;0;0;0;0;0;0;0;0;0;1;0;0;0;0
"08/06/2014";"07:37:00";"760";"com vítima";"171,9";"BR-116/SC";"Norte";"Saida de Pista";1;0;0;0;0;0;0;0;0;0;0;1;0;1;0
"08/06/2014";"08:35:00";"764";"sem vítima";"89,3";"BR-116/SC";"Norte";"Saida de Pista";1;0;0;0;0;0;0;0;0;0;1;0;0;0;0
"08/06/2014";"08:43:00";"765";"sem vítima";"182";"BR-116/SC";"Norte";"Tombamento";0;0;1;0;0;0;0;0;0;0;1;0;0;0;0
"08/06/2014";"10:29:00";"779";"sem vítima";"89,1";"BR-116/SC";"Norte";"Saida de Pista";1;0;0;0;0;0;0;0;0;0;1;0;0;0;0
"08/06/2014";"11:09:00";"783";"sem vítima";"198";"BR-116/PR";"Sul";"Choque - Objeto sobre a pista";1;0;0;0;0;0;0;0;0;0;1;0;0;0;0
"08/06/2014";"13:22:00";"797";"sem vítima";"262,3";"BR-116/SC";"Sul";"Saida de Pista";1;0;0;0;0;0;0;0;0;0;3;0;0;0;0
"08/06/2014";"13:53:00";"800";"sem vítima";"194";"BR-116/PR";"Norte";"Saida de Pista";1;0;0;0;0;0;0;0;0;0;1;0;0;0;0
"08/06/2014";"15:15:00";"813";"sem vítima";"202,5";"BR-116/PR";"Norte";"Engavetamento";4;0;0;0;0;0;0;0;0;0;4;0;0;0;0
"08/06/2014";"18:51:00";"835";"sem vítima";"160,7";"BR-116/PR";"Sul";"Saida de Pista";1;0;0;0;0;0;0;0;0;0;1;0;0;0;0
"08/06/2014";"18:56:00";"837";"sem vítima";"119";"BR-116/PR";"Norte";"Colisão Traseira";2;0;0;0;0;0;0;0;0;0;2;0;0;0;0
"08/06/2014";"20:14:00";"840";"sem vítima";"133,3";"BR-116/PR";"Sul";"Saida de Pista";1;0;0;0;0;0;0;0;0;0;1;0;0;0;0
"08/06/2014";"20:35:00";"841";"com vítima";"124,8";"BR-116/PR";"Sul";"Saida de Pista";1;0;0;0;0;0;0;0;0;0;3;0;0;1;0
"09/06/2014";"00:44:00";"865";"sem vítima";"142";"BR-116/PR";"Norte";"Choque - Outros";1;0;0;0;0;0;0;0;0;0;1;0;0;0;0
"09/06/2014";"05:45:00";"877";"sem vítima";"134";"BR-116/PR";"Sul";"Saida de Pista";0;0;0;0;0;0;0;0;0;1;1;0;0;0;0
"09/06/2014";"10:49:00";"891";"sem vítima";"119,6";"BR-116/PR";"Sul";"Colisão Transversal";2;0;0;0;1;0;0;0;0;0;3;0;0;0;0
"09/06/2014";"14:14:00";"900";"sem vítima";"205,8";"BR-116/PR";"Norte";"Colisão Lateral";1;0;1;0;0;0;0;0;0;0;2;0;0;0;0
"09/06/2014";"16:05:00";"924";"com vítima";"220,5";"BR-116/SC";"Norte";"Colisão Traseira";2;0;0;0;0;0;0;0;0;0;1;1;0;0;0
"10/06/2014";"10:54:00";"984";"com vítima";"125,3";"BR-116/PR";"Norte";"Colisão Traseira";1;0;0;1;0;0;0;0;0;0;1;2;0;0;0
"10/06/2014";"16:55:00";"1021";"sem vítima";"154";"BR-116/SC";"Norte";"Objeto lançado contra veículo";0;0;0;0;0;0;0;0;0;1;1;0;0;0;0
"10/06/2014";"17:56:00";"1027";"sem vítima";"127,5";"BR-116/PR";"Sul";"Colisão Lateral";2;0;0;0;0;0;0;0;0;0;3;0;0;0;0
"10/06/2014";"18:58:00";"1030";"com vítima";"221";"BR-116/SC";"Norte";"Colisão Frontal";2;0;1;0;0;0;0;0;0;0;3;1;0;1;0
"11/06/2014";"05:06:00";"1060";"sem vítima";"206";"BR-116/PR";"Sul";"Saida de Pista";1;0;0;0;0;0;0;0;0;0;1;0;0;0;0
"11/06/2014";"15:34:00";"1111";"sem vítima";"184,3";"BR-116/SC";"Sul";"Colisão Lateral";1;0;1;0;0;0;0;0;0;0;3;0;0;0;0
"11/06/2014";"20:45:00";"1146";"sem vítima";"107,7";"BR-116/SC";"Norte";"Queda de Moto";0;0;0;1;0;0;0;0;0;0;1;0;0;0;0
"12/06/2014";"06:02:00";"1168";"sem vítima";"96,1";"BR-116/SC";"Norte";"Saida de Pista";1;0;0;0;0;0;0;0;0;0;5;0;0;0;0
"12/06/2014";"08:12:00";"1183";"sem vítima";"184,4";"BR-116/SC";"Sul";"Colisão Transversal";1;0;0;0;0;0;0;0;0;1;6;0;0;0;0
"12/06/2014";"08:53:00";"1186";"sem vítima";"131";"BR-116/PR";"Sul";"Objeto lançado contra veículo";0;0;0;0;0;0;0;0;0;1;1;0;0;0;0
"12/06/2014";"14:51:00";"1216";"com vítima";"85,97";"BR-116/SC";"Norte";"Colisão Transversal";1;0;0;1;0;0;0;0;0;0;3;0;0;0;1
"12/06/2014";"20:26:00";"1231";"sem vítima";"68";"BR-116/SC";"Sul";"Objeto lançado contra veículo";0;0;1;0;0;0;0;0;0;0;1;0;0;0;0
"13/06/2014";"06:15:00";"1263";"com vítima";"143,4";"BR-116/SC";"Norte";"Colisão Lateral";1;0;1;0;0;0;0;0;0;0;3;0;0;1;0
"13/06/2014";"11:08:00";"1305";"sem vítima";"149,8";"BR-116/PR";"Sul";"Colisão Transversal";1;0;1;0;0;0;0;0;0;0;2;0;0;0;0
"13/06/2014";"11:42:00";"1309";"sem vítima";"119";"BR-116/PR";"Sul";"Colisão Traseira";1;0;0;0;1;0;0;0;0;0;2;0;0;0;0
"13/06/2014";"13:52:00";"1317";"sem vítima";"166,1";"BR-116/PR";"Sul";"Colisão Transversal";2;0;0;0;0;0;0;0;0;0;5;0;0;0;0
"13/06/2014";"15:24:00";"1324";"sem vítima";"162";"BR-116/SC";"Norte";"Objeto lançado contra veículo";1;0;0;0;0;0;0;0;0;0;1;0;0;0;0
"13/06/2014";"18:02:00";"1342";"com vítima";"132,4";"BR-116/PR";"Sul";"Colisão Transversal";1;0;0;1;0;0;0;0;0;0;1;1;0;0;0
"13/06/2014";"18:59:00";"1346";"sem vítima";"115";"BR-116/PR";"Norte";"Colisão Traseira";2;0;0;0;0;0;0;0;0;0;2;0;0;0;0
"14/06/2014";"04:02:00";"1378";"com vítima";"179";"BR-116/SC";"Sul";"Colisão Transversal";0;0;0;1;0;1;0;0;0;0;1;0;0;2;0
"14/06/2014";"11:51:00";"1408";"com vítima";"184,2";"BR-116/PR";"Norte";"Capotamento";0;0;1;0;0;0;0;0;0;0;0;1;0;0;1
"14/06/2014";"17:21:00";"1435";"com vítima";"163";"BR-116/PR";"Sul";"Colisão Frontal";2;0;0;0;0;0;0;0;0;0;2;3;0;1;0
"14/06/2014";"17:51:00";"1442";"sem vítima";"126";"BR-116/PR";"Norte";"Engavetamento";3;0;0;0;0;0;0;0;0;0;5;0;0;0;0
"14/06/2014";"20:41:00";"1451";"sem vítima";"19,5";"BR-116/SC";"Norte";"Saida de Pista";1;0;0;0;0;0;0;0;0;0;6;0;0;0;0
"14/06/2014";"21:00:00";"1454";"sem vítima";"161,8";"BR-116/PR";"Sul";"Saida de Pista";1;0;0;0;0;0;0;0;0;0;2;0;0;0;0
"15/06/2014";"08:05:00";"1470";"sem vítima";"119";"BR-116/PR";"Norte";"Choque - Veiculo parado na pista";1;0;1;0;0;1;0;0;0;0;3;0;0;0;0
"15/06/2014";"12:37:00";"1488";"sem vítima";"202";"BR-116/PR";"Sul";"Choque - Objeto sobre a pista";1;0;0;0;0;0;0;0;0;0;1;0;0;0;0
"15/06/2014";"15:09:00";"1502";"sem vítima";"125,3";"BR-116/SC";"Norte";"Choque - Objeto sobre a pista";0;0;1;0;0;0;0;0;0;0;2;0;0;0;0
"15/06/2014";"18:07:00";"1528";"sem vítima";"117";"BR-116/PR";"Norte";"Colisão Traseira";2;0;0;0;0;0;0;0;0;0;6;0;0;0;0
"15/06/2014";"18:21:00";"1530";"sem vítima";"35,6";"BR-116/SC";"Sul";"Choque - Veiculo parado no acostamento";2;0;0;0;0;0;0;0;0;0;2;0;0;0;0
"15/06/2014";"18:32:00";"1533";"sem vítima";"136";"BR-116/PR";"Norte";"Objeto lançado contra veículo";1;0;0;0;0;0;0;0;0;0;1;0;0;0;0
"15/06/2014";"18:32:00";"1534";"com vítima";"15";"BR-116/SC";"Norte";"Colisão Traseira";2;0;1;0;0;0;0;0;0;0;3;2;0;0;0
"15/06/2014";"19:00:00";"1535";"sem vítima";"152,4";"BR-116/PR";"Norte";"Colisão Transversal";2;0;0;0;0;0;0;0;0;0;2;0;0;0;0
"15/06/2014";"19:26:00";"1538";"com vítima";"167,1";"BR-116/PR";"Norte";"Colisão Frontal";3;0;0;0;0;0;0;0;0;0;3;3;0;1;0
"16/06/2014";"11:32:00";"1585";"sem vítima";"183,7";"BR-116/SC";"Sul";"Saida de Pista";0;0;1;0;0;0;0;0;0;0;1;0;0;0;0
"16/06/2014";"14:21:00";"1593";"sem vítima";"121";"BR-116/SC";"Sul";"Choque - Objeto não identificado";1;0;0;0;0;0;0;0;0;0;1;0;0;0;0
"16/06/2014";"18:02:00";"1617";"sem vítima";"245,7";"BR-116/SC";"Sul";"Colisão Transversal";2;0;0;0;0;0;0;0;0;0;6;0;0;0;0
"16/06/2014";"20:19:00";"1629";"sem vítima";"150";"BR-116/PR";"Norte";"Colisão Lateral";1;0;1;0;0;0;0;0;0;0;2;0;0;0;0
"16/06/2014";"23:17:00";"1636";"sem vítima";"129,4";"BR-116/PR";"Sul";"Colisão Traseira";1;0;1;0;0;0;0;0;0;0;2;0;0;0;0
"17/06/2014";"06:54:00";"1649";"sem vítima";"115";"BR-116/PR";"Norte";"Colisão Traseira";1;0;2;0;0;0;0;0;0;0;3;0;0;0;0
"17/06/2014";"08:12:00";"1656";"com vítima";"120,5";"BR-116/PR";"Norte";"Colisão Lateral";1;0;0;1;0;0;0;0;0;0;2;1;0;0;0
"17/06/2014";"08:54:00";"1662";"sem vítima";"140,1";"BR-116/SC";"Sul";"Choque - Suporte de Sinalização";0;0;1;0;0;0;0;0;0;0;1;0;0;0;0
"17/06/2014";"11:07:00";"1681";"sem vítima";"258,7";"BR-116/SC";"Norte";"Atropelamento de Animal";0;0;1;0;0;0;0;0;0;0;1;0;0;0;0
"17/06/2014";"14:36:00";"1695";"sem vítima";"126,4";"BR-116/PR";"Norte";"Colisão Traseira";1;0;1;0;0;0;0;0;0;0;2;0;0;0;0
"17/06/2014";"14:37:00";"1696";"sem vítima";"147,4";"BR-116/PR";"Norte";"Colisão Lateral";1;0;1;0;0;0;0;0;0;0;2;0;0;0;0
"17/06/2014";"21:27:00";"1725";"sem vítima";"121,6";"BR-116/PR";"Sul";"Saida de Pista";1;0;0;0;0;0;0;0;0;0;1;0;0;0;0
"17/06/2014";"21:59:00";"1727";"sem vítima";"125";"BR-116/PR";"Norte";"Colisão Traseira";1;0;0;0;0;1;0;0;0;0;6;0;0;0;0
"18/06/2014";"07:12:00";"1741";"com vítima";"129,2";"BR-116/PR";"Sul";"Colisão Transversal";2;0;0;0;0;0;0;0;0;0;1;2;0;0;0
"18/06/2014";"12:25:00";"1768";"com vítima";"124,7";"BR-116/PR";"Sul";"Queda de Moto";0;0;0;1;0;0;0;0;0;0;0;1;0;0;0
"18/06/2014";"16:31:00";"1793";"sem vítima";"118,7";"BR-116/PR";"Norte";"Colisão Traseira";1;0;0;0;0;1;0;0;0;0;2;0;0;0;0
"18/06/2014";"16:34:00";"1794";"com vítima";"59,9";"BR-116/SC";"Norte";"Colisão Transversal";1;0;0;0;0;0;0;0;0;1;4;2;0;0;0
"18/06/2014";"16:48:00";"1796";"sem vítima";"140";"BR-116/PR";"Norte";"Objeto lançado contra veículo";0;0;0;0;0;0;0;0;0;1;1;0;0;0;0
"18/06/2014";"20:37:00";"1819";"sem vítima";"32";"BR-116/SC";"Sul";"Choque - Objeto sobre a pista";1;0;0;0;0;0;0;0;0;0;2;0;0;0;0
"19/06/2014";"00:58:00";"1833";"sem vítima";"107,8";"BR-116/SC";"Norte";"Saida de Pista";0;0;0;0;0;0;0;0;0;1;1;0;0;0;0
"19/06/2014";"05:33:00";"1842";"sem vítima";"262,4";"BR-116/SC";"Sul";"Saida de Pista";0;0;0;0;0;0;0;0;0;1;2;0;0;0;0
"19/06/2014";"06:59:00";"1848";"sem vítima";"136,5";"BR-116/SC";"Sul";"Saida de Pista";1;0;0;0;0;0;0;0;0;0;1;0;0;0;0
"19/06/2014";"08:36:00";"1854";"com vítima";"96,8";"BR-116/SC";"Norte";"Saida de Pista";1;0;0;0;0;0;0;0;0;0;1;1;0;0;0
"19/06/2014";"15:00:00";"1881";"sem vítima";"239";"BR-116/SC";"Norte";"Colisão Traseira";2;0;0;0;0;0;0;0;0;0;2;0;0;0;0
"19/06/2014";"21:04:00";"1910";"com vítima";"191,9";"BR-116/SC";"Sul";"Saida de Pista";1;0;0;0;0;0;0;0;0;0;0;1;0;0;0
"20/06/2014";"02:31:00";"1919";"sem vítima";"201,6";"BR-116/PR";"Sul";"Saida de Pista";1;0;0;0;0;0;0;0;0;0;1;0;0;0;0
"20/06/2014";"05:11:00";"1922";"sem vítima";"239,4";"BR-116/SC";"Norte";"Atropelamento de Animal";1;0;0;0;0;0;0;0;0;0;2;0;0;0;0
"20/06/2014";"10:23:00";"1938";"com vítima";"176,3";"BR-116/SC";"Norte";"Colisão Frontal";0;0;4;0;0;0;0;0;0;0;5;5;0;0;0
"20/06/2014";"13:36:00";"1952";"sem vítima";"41";"BR-116/SC";"Sul";"Colisão Lateral";1;0;1;0;0;0;0;0;0;0;2;0;0;0;0
"20/06/2014";"18:03:00";"1982";"sem vítima";"202";"BR-116/PR";"Sul";"Objeto lançado contra veículo";0;0;0;0;0;0;0;0;0;1;1;0;0;0;0
"20/06/2014";"20:18:00";"1993";"sem vítima";"68";"BR-116/SC";"Norte";"Objeto lançado contra veículo";0;0;1;0;0;0;0;0;0;0;1;0;0;0;0
"21/06/2014";"06:32:00";"2016";"sem vítima";"235,72";"BR-116/SC";"Sul";"Saida de Pista";1;0;0;0;0;0;0;0;0;0;2;0;0;0;0
"21/06/2014";"09:20:00";"2028";"com vítima";"128,3";"BR-116/PR";"Norte";"Colisão Transversal";1;1;0;0;0;0;0;0;0;0;1;1;0;0;0
"21/06/2014";"19:36:00";"2076";"com vítima";"178,8";"BR-116/SC";"Sul";"Saida de Pista";1;0;0;0;0;0;0;0;0;0;4;0;0;1;0
"21/06/2014";"19:38:00";"2077";"sem vítima";"134";"BR-116/PR";"Sul";"Queda de Moto";0;0;0;1;0;0;0;0;0;0;2;0;0;0;0
"21/06/2014";"21:48:00";"2081";"sem vítima";"126,2";"BR-116/PR";"Norte";"Colisão Traseira";1;0;1;0;0;0;0;0;0;0;2;0;0;0;0
"21/06/2014";"22:48:00";"2085";"sem vítima";"119";"BR-116/PR";"Norte";"Colisão Lateral";0;0;0;0;1;1;0;0;0;0;2;0;0;0;0
"22/06/2014";"06:08:00";"2099";"sem vítima";"193";"BR-116/PR";"Norte";"Choque - Defensa, barreira ou "submarino"";0;0;1;0;0;0;0;0;0;0;1;0;0;0;0
"22/06/2014";"06:35:00";"2101";"com vítima";"119";"BR-116/PR";"Sul";"Colisão Transversal";0;0;0;2;0;0;0;0;0;0;0;2;0;0;0
"22/06/2014";"09:46:00";"2115";"com vítima";"161,4";"BR-116/PR";"Norte";"Choque - Veiculo parado na pista";1;0;1;1;0;0;0;0;0;0;5;0;0;0;1
"22/06/2014";"13:19:00";"2129";"com vítima";"7";"BR-116/SC";"Norte";"Colisão Transversal";1;0;0;1;0;0;0;0;0;0;2;1;0;0;0
"22/06/2014";"16:07:00";"2143";"sem vítima";"141,5";"BR-116/PR";"Sul";"Colisão Lateral";1;0;0;0;0;1;0;0;0;0;3;0;0;0;0
"22/06/2014";"16:52:00";"2149";"sem vítima";"300";"BR-116/SC";"Sul";"Colisão Traseira";1;0;0;0;0;1;0;0;0;0;4;0;0;0;0
"22/06/2014";"17:01:00";"2150";"sem vítima";"166,8";"BR-116/PR";"Norte";"Colisão Transversal";2;0;0;0;0;0;0;0;0;0;5;0;0;0;0
"22/06/2014";"18:07:00";"2156";"sem vítima";"133";"BR-116/PR";"Norte";"Colisão Traseira";1;0;0;0;0;2;0;0;0;0;5;0;0;0;0
"22/06/2014";"18:52:00";"2165";"sem vítima";"108";"BR-116/SC";"Norte";"Choque - Objeto sobre a pista";1;0;0;0;0;0;0;0;0;0;2;0;0;0;0
"22/06/2014";"18:57:00";"2167";"sem vítima";"117";"BR-116/PR";"Norte";"Colisão Traseira";2;0;0;0;0;0;0;0;0;0;2;0;0;0;0
"22/06/2014";"23:11:00";"2186";"sem vítima";"233,5";"BR-116/SC";"Sul";"Atropelamento de Animal";0;0;0;0;0;0;0;0;0;1;1;0;0;0;0
"23/06/2014";"07:00:00";"2202";"sem vítima";"117";"BR-116/PR";"Norte";"Colisão Traseira";1;0;1;0;0;0;0;0;0;0;2;0;0;0;0
"23/06/2014";"07:37:00";"2205";"com vítima";"125,6";"BR-116/PR";"Norte";"Colisão Lateral";1;0;0;1;0;0;0;0;0;0;2;1;0;0;0
"23/06/2014";"09:48:00";"2218";"sem vítima";"233";"BR-116/SC";"Norte";"Choque - Cancela de Pedagio";0;0;1;0;0;0;0;0;0;0;1;0;0;0;0
"23/06/2014";"13:43:00";"2240";"com vítima";"1";"BR-116/SC";"Norte";"Tombamento";0;0;1;0;0;0;0;0;0;0;0;1;0;0;0
"23/06/2014";"19:09:00";"2259";"sem vítima";"61";"BR-116/SC";"Norte";"Choque - Objeto sobre a pista";1;0;0;0;0;0;0;0;0;0;1;0;0;0;0
"23/06/2014";"19:09:00";"2260";"sem vítima";"61";"BR-116/SC";"Norte";"Choque - Objeto sobre a pista";1;0;0;0;0;0;0;0;0;0;1;0;0;0;0
"24/06/2014";"00:17:00";"2277";"sem vítima";"210,1";"BR-116/SC";"Sul";"Saida de Pista";1;0;0;0;0;0;0;0;0;0;1;0;0;0;0
"24/06/2014";"07:23:00";"2292";"sem vítima";"167,8";"BR-116/SC";"Sul";"Colisão Traseira";1;0;1;0;0;0;0;0;0;0;2;0;0;0;0
"24/06/2014";"10:14:00";"2309";"sem vítima";"309";"BR-116/SC";"Sul";"Saida de Pista";1;0;0;0;0;0;0;0;0;0;1;0;0;0;0
"24/06/2014";"11:16:00";"2316";"sem vítima";"81,6";"BR-116/SC";"Sul";"Colisão Traseira";1;0;1;0;0;0;0;0;0;0;3;0;0;0;0
"24/06/2014";"11:31:00";"2318";"sem vítima";"4,5";"BR-116/SC";"Sul";"Colisão Traseira";2;0;0;0;0;0;0;0;0;0;2;0;0;0;0
"24/06/2014";"14:15:00";"2335";"sem vítima";"147";"BR-116/PR";"Norte";"Objeto lançado contra veículo";0;0;0;0;0;0;0;0;0;1;1;0;0;0;0
"24/06/2014";"19:01:00";"2359";"sem vítima";"136,05";"BR-116/PR";"Norte";"Colisão Transversal";0;0;0;0;0;0;0;0;0;2;2;0;0;0;0
"24/06/2014";"20:21:00";"2367";"sem vítima";"193";"BR-116/PR";"Norte";"Colisão Traseira";0;0;2;0;0;0;0;0;0;0;2;0;0;0;0
"24/06/2014";"21:11:00";"2368";"sem vítima";"92";"BR-116/SC";"Norte";"Choque - Objeto sobre a pista";0;0;1;0;0;0;0;0;0;0;1;0;0;0;0
"25/06/2014";"12:09:00";"2418";"sem vítima";"59";"BR-116/SC";"Norte";"Saida de Pista";0;0;1;0;0;0;0;0;0;0;1;0;0;0;0
"25/06/2014";"17:35:00";"2442";"com vítima";"310";"BR-116/SC";"Norte";"Colisão Lateral";0;0;2;0;0;0;0;0;0;0;1;1;0;0;0
"25/06/2014";"21:07:00";"2455";"com vítima";"129,3";"BR-116/PR";"Norte";"Colisão Traseira";0;0;0;1;0;1;0;0;0;0;1;1;0;0;0
"25/06/2014";"22:29:00";"2459";"sem vítima";"204,2";"BR-116/PR";"Norte";"Colisão Traseira";1;0;0;0;0;1;0;0;0;0;2;0;0;0;0
"26/06/2014";"03:12:00";"2468";"sem vítima";"47,2";"BR-116/SC";"Sul";"Choque - Outros";0;0;1;0;0;0;0;0;0;0;1;0;0;0;0
"26/06/2014";"08:01:00";"2478";"sem vítima";"17";"BR-116/SC";"Sul";"Choque - Objeto sobre a pista";1;0;0;0;0;0;0;0;0;0;1;0;0;0;0
"26/06/2014";"08:46:00";"2483";"sem vítima";"127,7";"BR-116/PR";"Norte";"Colisão Lateral";1;0;1;0;0;0;0;0;0;0;2;0;0;0;0
"26/06/2014";"10:57:00";"2491";"com vítima";"180";"BR-116/PR";"Norte";"Tombamento";0;0;1;0;0;0;0;0;0;0;0;0;0;1;0
"26/06/2014";"11:36:00";"2492";"sem vítima";"117";"BR-116/PR";"Sul";"Choque - Objeto sobre a pista";1;0;0;0;0;0;0;0;0;0;1;0;0;0;0
"26/06/2014";"16:10:00";"2523";"sem vítima";"118";"BR-116/PR";"Sul";"Colisão Traseira";1;0;1;0;0;0;0;0;0;0;2;0;0;0;0
"26/06/2014";"16:20:00";"2524";"com vítima";"235";"BR-116/SC";"Sul";"Saida de Pista";0;0;1;0;0;0;0;0;0;0;0;1;0;0;0