data;horario;n_da_ocorrencia;tipo_de_ocorrencia;km;trecho;sentido;tipo_de_acidente;automovel;bicicleta;caminhao;moto;onibus;outros;tracao_animal;transporte_de_cargas_especiais;trator_maquinas;utilitarios;ilesos;levemente_feridos;moderadamente_feridos;gravemente_feridos;mortos
"15/08/2014";"11:46:00";"1402";"sem vítima";"117,9";"BR-116/PR";"Norte";"Colisão Lateral";0;0;1;0;0;0;0;0;0;1;2;0;0;0;0
"15/08/2014";"13:24:00";"1405";"com vítima";"122";"BR-116/PR";"Norte";"Colisão Transversal";1;0;0;1;0;0;0;0;0;0;1;0;0;1;0
"15/08/2014";"14:11:00";"1407";"sem vítima";"134";"BR-116/PR";"Norte";"Choque - Cancela de Pedagio";1;0;0;0;0;0;0;0;0;0;1;0;0;0;0
"15/08/2014";"15:40:00";"1416";"com vítima";"46,7";"BR-116/SC";"Sul";"Saida de Pista";0;0;1;0;0;0;0;0;0;0;0;1;0;0;0
"15/08/2014";"20:51:00";"1443";"sem vítima";"217,3";"BR-116/SC";"Norte";"Colisão Transversal";1;0;1;0;0;0;0;0;0;0;2;0;0;0;0
"15/08/2014";"20:51:00";"1444";"sem vítima";"209";"BR-116/PR";"Sul";"Colisão Transversal";1;0;0;1;0;0;0;0;0;0;2;0;0;0;0
"15/08/2014";"22:25:00";"1452";"sem vítima";"202";"BR-116/PR";"Sul";"Atropelamento de Animal";1;0;0;0;0;0;0;0;0;0;1;0;0;0;0
"15/08/2014";"22:42:00";"1456";"com vítima";"138,3";"BR-116/SC";"Norte";"Colisão Transversal";2;0;0;0;0;0;0;0;0;0;2;1;0;0;0
"16/08/2014";"06:42:00";"1470";"sem vítima";"210";"BR-116/SC";"Sul";"Colisão Lateral";1;0;0;0;0;1;0;0;0;0;2;0;0;0;0
"16/08/2014";"09:52:00";"1479";"sem vítima";"134,8";"BR-116/PR";"Sul";"Colisão Traseira";1;0;0;0;0;0;0;0;0;1;7;0;0;0;0
"16/08/2014";"11:46:00";"1489";"sem vítima";"194,7";"BR-116/PR";"Sul";"Saida de Pista";0;0;1;0;0;0;0;0;0;0;1;0;0;0;0
"16/08/2014";"17:32:00";"1522";"com vítima";"153";"BR-116/PR";"Sul";"Colisão Transversal";2;0;0;0;0;0;0;0;0;0;2;1;0;0;0
"16/08/2014";"21:32:00";"1533";"sem vítima";"38";"BR-116/SC";"Sul";"Atropelamento de Animal";0;0;1;0;0;0;0;0;0;0;1;0;0;0;0
"16/08/2014";"21:37:00";"1534";"sem vítima";"160,25";"BR-116/SC";"Sul";"Saida de Pista";1;0;0;0;0;0;0;0;0;0;1;0;0;0;0
"16/08/2014";"22:00:00";"1536";"sem vítima";"141,2";"BR-116/PR";"Sul";"Saida de Pista";1;0;0;0;0;0;0;0;0;0;1;0;0;0;0
"16/08/2014";"23:00:00";"1539";"sem vítima";"187,9";"BR-116/SC";"Sul";"Saida de Pista";1;0;0;0;0;0;0;0;0;0;1;0;0;0;0
"17/08/2014";"18:31:00";"1602";"sem vítima";"131,1";"BR-116/PR";"Norte";"Saida de Pista";1;0;0;0;0;0;0;0;0;0;2;0;0;0;0
"17/08/2014";"18:42:00";"1606";"sem vítima";"267";"BR-116/SC";"Sul";"Atropelamento de Animal";1;0;0;0;0;0;0;0;0;0;5;0;0;0;0
"17/08/2014";"19:10:00";"1608";"sem vítima";"52,3";"BR-116/SC";"Norte";"Outros";1;0;0;0;0;0;0;0;0;0;2;0;0;0;0
"17/08/2014";"21:46:00";"1618";"sem vítima";"135";"BR-116/PR";"Norte";"Atropelamento de Animal";1;0;0;0;0;0;0;0;0;0;1;0;0;0;0
"17/08/2014";"23:29:00";"1623";"sem vítima";"160";"BR-116/SC";"Sul";"Choque - Objeto sobre a pista";1;0;0;0;0;0;0;0;0;0;1;0;0;0;0
"18/08/2014";"00:32:00";"1625";"com vítima";"147,7";"BR-116/PR";"Norte";"Saida de Pista";1;0;0;0;0;0;0;0;0;0;0;2;0;0;0
"18/08/2014";"07:00:00";"1645";"sem vítima";"40,8";"BR-116/SC";"Sul";"Atropelamento de Animal";1;0;0;0;0;0;0;0;0;0;2;0;0;0;0
"18/08/2014";"07:20:00";"1648";"sem vítima";"126,4";"BR-116/PR";"Norte";"Colisão Lateral";1;0;1;0;0;0;0;0;0;0;2;0;0;0;0
"18/08/2014";"07:27:00";"1649";"com vítima";"126,4";"BR-116/PR";"Norte";"Colisão Transversal";1;0;0;1;0;0;0;0;0;0;1;1;0;0;0
"18/08/2014";"10:11:00";"1664";"sem vítima";"54,9";"BR-116/SC";"Norte";"Colisão Frontal";1;0;1;0;0;0;0;0;0;0;3;0;0;0;0
"18/08/2014";"10:50:00";"1670";"com vítima";"70";"BR-116/SC";"Norte";"Colisão Transversal";1;0;0;0;0;0;0;0;0;1;6;1;0;0;0
"18/08/2014";"10:58:00";"1671";"sem vítima";"305,3";"BR-116/SC";"Norte";"Tombamento";0;0;1;0;0;0;0;0;0;0;1;0;0;0;0
"18/08/2014";"11:17:00";"1672";"com vítima";"88";"BR-116/SC";"Sul";"Saida de Pista";1;0;0;0;0;0;0;0;0;0;0;1;0;0;0
"18/08/2014";"13:39:00";"1682";"sem vítima";"263";"BR-116/SC";"Norte";"Saida de Pista";1;0;1;0;0;0;0;0;0;0;2;0;0;0;0
"18/08/2014";"14:03:00";"1685";"sem vítima";"23";"BR-116/SC";"Norte";"Engavetamento";1;0;3;0;0;0;0;0;0;1;6;0;0;0;0
"18/08/2014";"20:43:00";"1716";"sem vítima";"23,1";"BR-116/SC";"Sul";"Choque - Veiculo parado no acostamento";1;0;0;0;0;0;0;0;0;0;1;0;0;0;0
"19/08/2014";"03:55:00";"1732";"sem vítima";"245,5";"BR-116/SC";"Norte";"Colisão Transversal";1;0;1;0;0;0;0;0;0;0;2;0;0;0;0
"19/08/2014";"07:01:00";"1742";"sem vítima";"34";"BR-116/SC";"Sul";"Atropelamento de Animal";1;0;0;0;0;0;0;0;0;0;1;0;0;0;0
"19/08/2014";"07:53:00";"1747";"sem vítima";"52";"BR-116/SC";"Sul";"Choque - Objeto sobre a pista";1;0;0;0;0;0;0;0;0;0;1;0;0;0;0
"19/08/2014";"13:37:00";"1776";"sem vítima";"127";"BR-116/PR";"Norte";"Colisão Traseira";2;0;0;0;1;0;0;0;0;0;3;0;0;0;0
"19/08/2014";"13:54:00";"1779";"com vítima";"120";"BR-116/PR";"Sul";"Choque - Veiculo parado na pista";1;0;1;0;0;0;0;0;0;0;2;1;0;0;0
"19/08/2014";"16:47:00";"1800";"sem vítima";"174";"BR-116/SC";"Sul";"Objeto lançado contra veículo";0;0;0;0;0;0;0;0;0;1;1;0;0;0;0
"19/08/2014";"19:55:00";"1816";"com vítima";"135,7";"BR-116/PR";"Sul";"Atropelamento - Usuário";0;0;0;1;0;0;0;0;0;0;1;1;0;0;0
"20/08/2014";"07:17:00";"1849";"sem vítima";"117,3";"BR-116/PR";"Norte";"Colisão Traseira";2;0;0;0;0;0;0;0;0;0;2;0;0;0;0
"20/08/2014";"08:33:00";"1854";"sem vítima";"134";"BR-116/PR";"Sul";"Choque - Cancela de Pedagio";1;0;0;0;0;0;0;0;0;0;1;0;0;0;0
"20/08/2014";"15:23:00";"1884";"sem vítima";"134";"BR-116/PR";"Sul";"Choque - Cancela de Pedagio";1;0;0;0;0;0;0;0;0;0;1;0;0;0;0
"20/08/2014";"15:49:00";"1886";"sem vítima";"171,1";"BR-116/PR";"Norte";"Atropelamento de Animal";1;0;0;0;0;0;0;0;0;0;1;0;0;0;0
"20/08/2014";"23:53:00";"1929";"sem vítima";"125,8";"BR-116/PR";"Sul";"Colisão Transversal";2;0;0;0;0;0;0;0;0;0;3;0;0;0;0
"21/08/2014";"09:32:00";"1954";"sem vítima";"233,1";"BR-116/SC";"Norte";"Colisão Traseira";0;0;2;0;0;0;0;0;0;0;2;0;0;0;0
"21/08/2014";"10:42:00";"1964";"sem vítima";"166,1";"BR-116/PR";"Norte";"Colisão Transversal";2;0;0;0;0;0;0;0;0;0;3;0;0;0;0
"21/08/2014";"11:39:00";"1972";"sem vítima";"245";"BR-116/SC";"Norte";"Colisão Transversal";1;0;0;1;0;0;0;0;0;0;2;0;0;0;0
"21/08/2014";"12:47:00";"1976";"com vítima";"187,9";"BR-116/SC";"Sul";"Queda de Moto";0;0;0;1;0;0;0;0;0;0;0;0;0;2;0
"22/08/2014";"02:03:00";"2035";"sem vítima";"123";"BR-116/PR";"Sul";"Atropelamento de Animal";0;0;1;0;0;0;0;0;0;0;1;0;0;0;0
"22/08/2014";"06:26:00";"2037";"sem vítima";"117,4";"BR-116/PR";"Norte";"Colisão Lateral";1;0;0;1;0;0;0;0;0;0;2;0;0;0;0
"22/08/2014";"07:42:00";"2043";"com vítima";"129,6";"BR-116/PR";"Sul";"Colisão Transversal";1;0;0;1;0;0;0;0;0;0;1;2;0;0;0
"22/08/2014";"08:58:00";"2045";"sem vítima";"117,7";"BR-116/PR";"Norte";"Colisão Traseira";2;0;0;0;0;0;0;0;0;0;2;0;0;0;0
"22/08/2014";"11:45:00";"2063";"sem vítima";"123";"BR-116/PR";"Sul";"Colisão Lateral";1;0;1;0;0;0;0;0;0;0;2;0;0;0;0
"22/08/2014";"12:14:00";"2066";"sem vítima";"81";"BR-116/SC";"Sul";"Choque - Cancela de Pedagio";1;0;0;0;0;0;0;0;0;0;2;0;0;0;0
"22/08/2014";"16:15:00";"2084";"sem vítima";"221,6";"BR-116/SC";"Norte";"Choque - Veiculo parado na pista";0;0;1;0;1;0;0;0;0;0;17;0;0;0;0
"22/08/2014";"21:35:00";"2111";"sem vítima";"4,5";"BR-116/SC";"Norte";"Colisão Transversal";0;0;1;1;0;0;0;0;0;0;2;0;0;0;0
"23/08/2014";"02:49:00";"2133";"com vítima";"125,8";"BR-116/PR";"Norte";"Colisão Transversal";1;0;1;0;0;0;0;0;0;0;2;1;0;0;0
"23/08/2014";"08:10:00";"2149";"com vítima";"172,8";"BR-116/PR";"Norte";"Colisão Frontal";1;0;0;0;0;0;0;0;0;1;1;2;0;2;0
"23/08/2014";"16:00:00";"2178";"com vítima";"215,4";"BR-116/SC";"Sul";"Colisão Frontal";0;0;1;1;0;0;0;0;0;0;1;0;0;0;2
"23/08/2014";"19:51:00";"2197";"sem vítima";"69,5";"BR-116/SC";"Sul";"Colisão Transversal";1;0;1;0;0;0;0;0;0;0;3;0;0;0;0
"23/08/2014";"20:54:00";"2203";"sem vítima";"119";"BR-116/PR";"Sul";"Colisão Traseira";2;0;0;0;0;0;0;0;0;0;2;0;0;0;0
"23/08/2014";"22:23:00";"2206";"com vítima";"131,03";"BR-116/PR";"Sul";"Colisão Transversal";2;0;0;1;0;0;0;0;0;0;0;4;0;0;0
"24/08/2014";"02:03:00";"2217";"sem vítima";"125,8";"BR-116/PR";"Norte";"Colisão Transversal";2;0;0;0;0;0;0;0;0;0;2;0;0;0;0
"24/08/2014";"03:08:00";"2220";"sem vítima";"168";"BR-116/SC";"Sul";"Queda de Moto";0;0;0;1;0;0;0;0;0;0;1;0;0;0;0
"24/08/2014";"08:46:00";"2229";"sem vítima";"243";"BR-116/SC";"Norte";"Saida de Pista";1;0;0;0;0;0;0;0;0;0;1;0;0;0;0
"24/08/2014";"10:45:00";"2242";"sem vítima";"146,2";"BR-116/PR";"Sul";"Choque - Objeto sobre a pista";1;0;0;0;0;0;0;0;0;0;3;0;0;0;0
"24/08/2014";"14:53:00";"2260";"sem vítima";"168,1";"BR-116/SC";"Sul";"Colisão Lateral";1;0;1;0;0;0;0;0;0;0;5;0;0;0;0
"24/08/2014";"17:39:00";"2289";"sem vítima";"191";"BR-116/PR";"Sul";"Outros";0;0;2;0;0;0;0;0;0;0;2;0;0;0;0
"24/08/2014";"18:36:00";"2297";"com vítima";"119,1";"BR-116/PR";"Sul";"Colisão Lateral";0;0;0;2;0;0;0;0;0;0;1;2;0;0;0
"24/08/2014";"19:11:00";"2302";"com vítima";"126,1";"BR-116/PR";"Norte";"Colisão Transversal";0;0;0;1;0;1;0;0;0;0;1;1;0;0;0
"24/08/2014";"19:22:00";"2303";"com vítima";"124";"BR-116/PR";"Sul";"Capotamento";1;0;0;0;0;0;0;0;0;0;0;2;0;0;0
"25/08/2014";"06:33:00";"2332";"sem vítima";"13";"BR-116/SC";"Sul";"Atropelamento de Animal";1;0;0;0;0;0;0;0;0;0;4;0;0;0;0
"25/08/2014";"06:52:00";"2334";"com vítima";"135,33";"BR-116/PR";"Sul";"Colisão Frontal";0;0;1;0;0;0;0;0;0;1;1;0;0;0;2
"25/08/2014";"08:32:00";"2340";"sem vítima";"55,5";"BR-116/SC";"Norte";"Objeto lançado contra veículo";1;0;0;0;0;0;0;0;0;0;1;0;0;0;0
"25/08/2014";"08:58:00";"2345";"com vítima";"225,2";"BR-116/SC";"Norte";"Colisão Traseira";0;0;0;1;0;1;0;0;0;0;1;1;0;0;0
"26/08/2014";"01:05:00";"2431";"sem vítima";"81,5";"BR-116/SC";"Sul";"Saida de Pista";0;0;1;0;0;0;0;0;0;0;1;0;0;0;0
"26/08/2014";"02:56:00";"2438";"com vítima";"21";"BR-116/SC";"Sul";"Queda de Moto";0;0;0;1;0;0;0;0;0;0;0;1;0;0;0
"26/08/2014";"09:19:00";"2461";"sem vítima";"129";"BR-116/PR";"Sul";"Colisão Transversal";2;0;0;0;0;0;0;0;0;0;2;0;0;0;0
"26/08/2014";"15:53:00";"2501";"sem vítima";"125";"BR-116/PR";"Sul";"Objeto lançado contra veículo";0;0;0;0;0;0;0;0;0;1;1;0;0;0;0
"26/08/2014";"17:22:00";"2508";"sem vítima";"176,5";"BR-116/PR";"Norte";"Colisão Traseira";2;0;0;0;0;0;0;0;0;0;3;0;0;0;0
"26/08/2014";"20:47:00";"2524";"sem vítima";"129,3";"BR-116/PR";"Norte";"Colisão Transversal";1;0;1;0;0;0;0;0;0;0;2;0;0;0;0
"27/08/2014";"10:43:00";"2573";"sem vítima";"153";"BR-116/SC";"Norte";"Objeto lançado contra veículo";1;0;0;0;0;0;0;0;0;0;1;0;0;0;0
"27/08/2014";"11:47:00";"2582";"sem vítima";"204";"BR-116/PR";"Sul";"Choque - Cancela de Pedagio";0;0;1;0;0;0;0;0;0;0;2;0;0;0;0
"27/08/2014";"13:55:00";"2594";"com vítima";"117,5";"BR-116/PR";"Sul";"Queda de Moto";0;0;0;1;0;0;0;0;0;0;0;0;0;1;0
"27/08/2014";"16:34:00";"2616";"sem vítima";"131,8";"BR-116/PR";"Sul";"Choque - Veiculo parado na pista";1;0;0;0;0;1;0;0;0;0;2;0;0;0;0
"27/08/2014";"17:04:00";"2620";"sem vítima";"267,72";"BR-116/SC";"Norte";"Colisão Transversal";1;0;1;0;0;0;0;0;0;0;3;0;0;0;0
"27/08/2014";"18:47:00";"2626";"sem vítima";"191";"BR-116/PR";"Sul";"Não Def.";2;0;0;0;0;0;0;0;0;0;2;0;0;0;0
"27/08/2014";"23:47:00";"2640";"sem vítima";"125,9";"BR-116/PR";"Sul";"Capotamento";1;0;0;0;0;0;0;0;0;0;1;0;0;0;0
"28/08/2014";"09:18:00";"2661";"sem vítima";"62,85";"BR-116/SC";"Sul";"Colisão Lateral";1;0;1;0;0;0;0;0;0;0;2;0;0;0;0
"28/08/2014";"12:49:00";"2675";"sem vítima";"196,8";"BR-116/SC";"Sul";"Capotamento";1;0;0;0;0;0;0;0;0;0;2;0;0;0;0
"28/08/2014";"17:30:00";"2714";"com vítima";"117";"BR-116/PR";"Norte";"Queda de Moto";0;0;0;1;0;1;0;0;0;0;1;1;0;0;0
"28/08/2014";"18:06:00";"2718";"sem vítima";"233";"BR-116/SC";"Sul";"Choque - Cancela de Pedagio";0;0;1;0;0;0;0;0;0;0;1;0;0;0;0
"28/08/2014";"22:00:00";"2730";"com vítima";"180";"BR-116/SC";"Norte";"Queda de Moto";0;0;0;2;0;0;0;0;0;0;2;1;0;0;0
"29/08/2014";"03:29:00";"2743";"sem vítima";"219";"BR-116/SC";"Sul";"Objeto lançado contra veículo";0;0;0;0;1;0;0;0;0;0;1;0;0;0;0
"29/08/2014";"03:58:00";"2746";"sem vítima";"219";"BR-116/SC";"Sul";"Objeto lançado contra veículo";0;0;1;0;0;0;0;0;0;0;1;0;0;0;0
"29/08/2014";"04:13:00";"2747";"sem vítima";"227";"BR-116/SC";"Sul";"Colisão Lateral";0;0;1;0;0;0;0;0;0;1;4;0;0;0;0
"29/08/2014";"07:35:00";"2756";"sem vítima";"184,3";"BR-116/SC";"Norte";"Colisão Traseira";0;0;2;0;0;0;0;0;0;0;2;0;0;0;0
"29/08/2014";"08:01:00";"2759";"sem vítima";"116,4";"BR-116/PR";"Norte";"Colisão Lateral";1;0;0;1;0;0;0;0;0;0;2;0;0;0;0
"29/08/2014";"09:41:00";"2767";"sem vítima";"3,6";"BR-116/SC";"Sul";"Colisão Lateral";1;0;1;0;0;0;0;0;0;0;2;0;0;0;0
"29/08/2014";"10:40:00";"2774";"sem vítima";"119,3";"BR-116/PR";"Norte";"Colisão Lateral";2;0;0;0;0;0;0;0;0;0;2;0;0;0;0
"29/08/2014";"12:12:00";"2782";"sem vítima";"196";"BR-116/PR";"Norte";"Saida de Pista";0;0;1;0;0;0;0;0;0;0;1;0;0;0;0
"29/08/2014";"18:08:00";"2820";"sem vítima";"210,9";"BR-116/SC";"Sul";"Choque - Veiculo parado na pista";1;0;1;0;0;0;0;0;0;0;3;0;0;0;0
"30/08/2014";"16:30:00";"2905";"sem vítima";"167,5";"BR-116/PR";"Sul";"Colisão Traseira";1;0;1;0;0;0;0;0;0;0;2;0;0;0;0
"30/08/2014";"18:49:00";"2922";"com vítima";"236,1";"BR-116/SC";"Norte";"Colisão Lateral";1;0;1;0;0;0;0;0;0;0;1;1;0;0;0
"30/08/2014";"21:14:00";"2931";"sem vítima";"129,8";"BR-116/PR";"Norte";"Colisão Traseira";2;0;0;0;0;0;0;0;0;0;2;0;0;0;0
"30/08/2014";"23:22:00";"2937";"com vítima";"122,7";"BR-116/PR";"Norte";"Colisão Traseira";2;0;0;0;0;0;0;0;0;0;2;2;0;0;0
"31/08/2014";"11:05:00";"2968";"sem vítima";"195,6";"BR-116/PR";"Norte";"Saida de Pista";2;0;0;0;0;0;0;0;0;0;2;0;0;0;0
"31/08/2014";"19:30:00";"3015";"sem vítima";"122";"BR-116/PR";"Norte";"Colisão Lateral";2;0;0;0;0;0;0;0;0;0;5;0;0;0;0
"01/09/2014";"08:47:00";"28";"com vítima";"166,4";"BR-116/SC";"Sul";"Choque - Poste";0;0;1;1;0;0;0;0;0;0;1;1;0;0;0
"01/09/2014";"13:29:00";"60";"sem vítima";"117,4";"BR-116/PR";"Norte";"Colisão Traseira";2;0;0;0;0;0;0;0;0;0;2;0;0;0;0
"01/09/2014";"13:50:00";"61";"com vítima";"158,8";"BR-116/SC";"Norte";"Colisão Lateral";0;0;1;0;0;0;0;0;0;1;1;0;0;1;0
"01/09/2014";"16:30:00";"76";"com vítima";"131,15";"BR-116/PR";"Norte";"Colisão Transversal";1;0;0;1;0;0;0;0;0;0;4;1;0;0;0
"01/09/2014";"17:02:00";"82";"com vítima";"131,8";"BR-116/PR";"Norte";"Colisão Transversal";1;0;0;1;0;0;0;0;0;0;3;1;0;0;0
"01/09/2014";"19:49:00";"94";"sem vítima";"115,1";"BR-116/PR";"Sul";"Colisão Traseira";2;0;0;0;0;0;0;0;0;0;2;0;0;0;0
"01/09/2014";"20:51:00";"97";"sem vítima";"238";"BR-116/SC";"Norte";"Choque - Objeto sobre a pista";0;0;1;0;0;0;0;0;0;0;1;0;0;0;0
"01/09/2014";"21:58:00";"101";"sem vítima";"204,9";"BR-116/PR";"Norte";"Choque - Objeto sobre a pista";1;0;0;0;0;0;0;0;0;0;1;0;0;0;0
"02/09/2014";"09:32:00";"145";"sem vítima";"134";"BR-116/PR";"Sul";"Choque - Cancela de Pedagio";1;0;0;0;0;0;0;0;0;0;1;0;0;0;0
"02/09/2014";"09:46:00";"148";"sem vítima";"114,5";"BR-116/SC";"Norte";"Colisão Traseira";1;0;0;0;0;1;0;0;0;0;2;0;0;0;0
"02/09/2014";"14:58:00";"183";"sem vítima";"141,3";"BR-116/SC";"Norte";"Saida de Pista";1;0;0;0;0;0;0;0;0;0;1;0;0;0;0
"02/09/2014";"15:59:00";"195";"sem vítima";"263,6";"BR-116/SC";"Norte";"Saida de Pista";1;0;0;0;0;0;0;0;0;0;1;0;0;0;0
"02/09/2014";"17:51:00";"222";"sem vítima";"184";"BR-116/SC";"Sul";"Saida de Pista";0;0;0;0;1;0;0;0;0;0;21;0;0;0;0
"02/09/2014";"21:27:00";"251";"sem vítima";"241,8";"BR-116/SC";"Sul";"Saida de Pista";0;0;1;0;0;0;0;0;0;0;1;0;0;0;0
"02/09/2014";"21:41:00";"253";"sem vítima";"122,7";"BR-116/PR";"Norte";"Colisão Traseira";2;0;0;0;0;0;0;0;0;0;2;0;0;0;0
"02/09/2014";"21:46:00";"254";"sem vítima";"122,7";"BR-116/PR";"Norte";"Colisão Traseira";2;0;0;0;0;0;0;0;0;0;2;0;0;0;0
"03/09/2014";"06:42:00";"274";"sem vítima";"117,4";"BR-116/PR";"Norte";"Colisão Traseira";3;0;0;0;0;0;0;0;0;0;3;0;0;0;0
"03/09/2014";"07:41:00";"280";"sem vítima";"12";"BR-116/SC";"Sul";"Colisão Transversal";2;0;0;0;0;0;0;0;0;0;2;0;0;0;0
"03/09/2014";"15:36:00";"322";"sem vítima";"134,6";"BR-116/PR";"Norte";"Colisão Traseira";2;0;0;0;0;0;0;0;0;0;4;0;0;0;0
"03/09/2014";"18:07:00";"340";"sem vítima";"122";"BR-116/PR";"Norte";"Colisão Frontal";2;0;0;0;0;0;0;0;0;0;2;0;0;0;0
"03/09/2014";"18:46:00";"343";"com vítima";"152,6";"BR-116/PR";"Norte";"Colisão Transversal";0;0;0;1;0;0;0;0;0;1;1;1;0;0;0
"03/09/2014";"18:50:00";"344";"sem vítima";"119";"BR-116/PR";"Norte";"Colisão Lateral";1;0;0;0;0;1;0;0;0;0;2;0;0;0;0
"03/09/2014";"21:20:00";"352";"sem vítima";"117,5";"BR-116/PR";"Sul";"Colisão Lateral";2;0;0;0;0;0;0;0;0;0;2;0;0;0;0
"03/09/2014";"23:57:00";"359";"sem vítima";"7";"BR-116/SC";"Norte";"Colisão Transversal";0;0;2;0;0;0;0;0;0;0;2;0;0;0;0
"04/09/2014";"11:39:00";"399";"sem vítima";"123,7";"BR-116/PR";"Sul";"Colisão Traseira";1;0;1;0;0;0;0;0;0;0;2;0;0;0;0
"04/09/2014";"12:33:00";"402";"sem vítima";"139,7";"BR-116/SC";"Sul";"Colisão Transversal";2;0;0;0;0;0;0;0;0;0;2;0;0;0;0
"04/09/2014";"14:01:00";"408";"sem vítima";"130";"BR-116/PR";"Norte";"Objeto lançado contra veículo";0;0;1;0;0;0;0;0;0;0;1;0;0;0;0
"04/09/2014";"18:40:00";"435";"com vítima";"126,4";"BR-116/PR";"Norte";"Atropelamento - Usuário";1;0;0;0;0;0;0;0;0;0;1;0;0;0;1
"05/09/2014";"01:30:00";"448";"sem vítima";"1";"BR-116/SC";"Norte";"Saida de Pista";1;0;0;0;0;0;0;0;0;0;1;0;0;0;0
"05/09/2014";"02:55:00";"450";"com vítima";"248";"BR-116/SC";"Norte";"Atropelamento de Animal";1;0;0;0;0;0;0;0;0;0;0;1;0;0;0
"05/09/2014";"06:23:00";"458";"sem vítima";"166,8";"BR-116/SC";"Norte";"Outros";0;0;1;0;0;0;0;0;0;0;1;0;0;0;0
"05/09/2014";"09:41:00";"489";"sem vítima";"246,8";"BR-116/SC";"Sul";"Colisão Traseira";3;0;0;0;0;0;0;0;0;0;6;0;0;0;0
"05/09/2014";"11:32:00";"501";"com vítima";"115,2";"BR-116/PR";"Norte";"Colisão Transversal";0;1;1;0;0;0;0;0;0;0;1;0;0;1;0
"05/09/2014";"13:56:00";"515";"com vítima";"121";"BR-116/PR";"Norte";"Colisão Transversal";1;0;1;0;0;0;0;0;0;0;1;2;0;0;0
"05/09/2014";"16:25:00";"529";"com vítima";"163";"BR-116/PR";"Sul";"Outros";0;1;0;0;0;0;0;0;0;0;0;1;0;0;0
"05/09/2014";"16:45:00";"530";"sem vítima";"154";"BR-116/PR";"Norte";"Saida de Pista";1;0;0;0;0;0;0;0;0;0;2;0;0;0;0
"05/09/2014";"16:56:00";"532";"com vítima";"131";"BR-116/SC";"Norte";"Objeto lançado contra veículo";1;0;0;0;0;1;0;0;0;0;4;1;0;0;0
"05/09/2014";"22:00:00";"549";"com vítima";"270,5";"BR-116/SC";"Norte";"Capotamento";1;0;0;0;0;0;0;0;0;0;0;1;0;0;0
"06/09/2014";"01:37:00";"558";"sem vítima";"248,22";"BR-116/SC";"Sul";"Atropelamento de Animal";0;0;1;0;0;0;0;0;0;0;2;0;0;0;0
"06/09/2014";"07:14:00";"578";"sem vítima";"143,7";"BR-116/PR";"Sul";"Colisão Traseira";1;0;1;0;0;0;0;0;0;0;2;0;0;0;0
"06/09/2014";"07:42:00";"580";"sem vítima";"146,5";"BR-116/SC";"Norte";"Saida de Pista";0;0;1;0;0;0;0;0;0;0;1;0;0;0;0
"06/09/2014";"17:24:00";"612";"sem vítima";"128";"BR-116/PR";"Sul";"Colisão Traseira";2;0;0;0;0;0;0;0;0;0;4;0;0;0;0
"06/09/2014";"17:46:00";"615";"sem vítima";"200";"BR-116/SC";"Sul";"Outros";0;0;1;0;0;0;0;0;0;0;1;0;0;0;0
"06/09/2014";"18:43:00";"619";"com vítima";"154,05";"BR-116/PR";"Norte";"Colisão Transversal";0;0;0;1;0;1;0;0;0;0;1;1;0;0;0
"06/09/2014";"19:17:00";"623";"sem vítima";"137,5";"BR-116/PR";"Sul";"Colisão Transversal";2;0;0;0;0;0;0;0;0;0;4;0;0;0;0
"06/09/2014";"20:31:00";"628";"sem vítima";"117,4";"BR-116/PR";"Sul";"Colisão Traseira";1;0;0;1;0;0;0;0;0;0;2;0;0;0;0
"07/09/2014";"05:12:00";"646";"sem vítima";"183,8";"BR-116/SC";"Norte";"Saida de Pista";1;0;0;0;0;0;0;0;0;0;1;0;0;0;0
"07/09/2014";"06:54:00";"650";"com vítima";"247,9";"BR-116/SC";"Norte";"Colisão Transversal";2;0;0;0;0;0;0;0;0;0;1;2;0;0;0
"07/09/2014";"11:36:00";"665";"com vítima";"125";"BR-116/PR";"Norte";"Capotamento";1;0;0;0;0;0;0;0;0;0;0;4;0;1;0
"07/09/2014";"18:20:00";"690";"sem vítima";"167,1";"BR-116/PR";"Sul";"Colisão Lateral";2;0;0;0;0;0;0;0;0;0;3;0;0;0;0
"07/09/2014";"18:40:00";"691";"sem vítima";"246";"BR-116/SC";"Sul";"Colisão Transversal";2;0;0;0;0;0;0;0;0;0;4;0;0;0;0
"07/09/2014";"19:02:00";"694";"com vítima";"12";"BR-116/SC";"Sul";"Colisão Transversal";1;0;1;0;0;0;0;0;0;0;1;1;0;0;0
"07/09/2014";"20:00:00";"699";"sem vítima";"141,3";"BR-116/SC";"Sul";"Colisão Lateral";1;0;1;0;0;0;0;0;0;0;2;0;0;0;0
"08/09/2014";"03:56:00";"710";"com vítima";"266,8";"BR-116/SC";"Norte";"Saida de Pista";1;0;0;0;0;0;0;0;0;0;0;1;0;0;0
"08/09/2014";"05:45:00";"717";"sem vítima";"245";"BR-116/SC";"Sul";"Colisão Transversal";1;0;1;0;0;0;0;0;0;0;2;0;0;0;0
"08/09/2014";"15:59:00";"775";"com vítima";"5";"BR-116/SC";"Norte";"Colisão Traseira";0;0;1;1;0;0;0;0;0;0;1;1;0;0;0
"08/09/2014";"17:43:00";"791";"sem vítima";"133";"BR-116/PR";"Norte";"Colisão Traseira";2;0;0;0;0;0;0;0;0;0;4;0;0;0;0