data;horario;n_da_ocorrencia;tipo_de_ocorrencia;km;trecho;sentido;tipo_de_acidente;automovel;bicicleta;caminhao;moto;onibus;outros;tracao_animal;transporte_de_cargas_especiais;trator_maquinas;utilitarios;ilesos;levemente_feridos;moderadamente_feridos;gravemente_feridos;mortos
"28/10/2014";"10:12:00";"3019";"sem vítima";"198";"BR-116/PR";"Sul";"Objeto lançado contra veículo";0;0;0;0;0;0;0;0;0;1;2;0;0;0;0
"28/10/2014";"13:05:00";"3032";"sem vítima";"92,5";"BR-116/SC";"Sul";"Choque - Objeto sobre a pista";1;0;0;0;0;0;0;0;0;0;1;0;0;0;0
"28/10/2014";"13:15:00";"3038";"com vítima";"89,5";"BR-116/SC";"Norte";"Colisão Traseira";0;0;2;0;0;0;0;0;0;0;1;0;0;1;0
"28/10/2014";"13:26:00";"3034";"sem vítima";"139";"BR-116/PR";"Norte";"Atropelamento de Animal";1;0;0;0;0;0;0;0;0;0;1;0;0;0;0
"28/10/2014";"13:36:00";"3035";"sem vítima";"132";"BR-116/PR";"Sul";"Objeto lançado contra veículo";1;0;0;0;0;0;0;0;0;0;1;0;0;0;0
"28/10/2014";"15:51:00";"3047";"com vítima";"116,8";"BR-116/PR";"Norte";"Colisão Lateral";0;0;0;1;0;0;0;0;0;1;1;1;0;0;0
"28/10/2014";"15:58:00";"3049";"com vítima";"178";"BR-116/PR";"Norte";"Colisão Transversal";2;0;0;0;0;0;0;0;0;0;2;1;0;0;0
"28/10/2014";"17:02:00";"3057";"com vítima";"129,7";"BR-116/PR";"Sul";"Colisão Lateral";1;0;1;0;0;0;0;0;0;0;1;1;0;0;0
"28/10/2014";"18:55:00";"3067";"com vítima";"236";"BR-116/SC";"Sul";"Colisão Lateral";0;0;1;0;1;0;0;0;0;0;2;1;0;0;0
"28/10/2014";"21:25:00";"3075";"sem vítima";"134";"BR-116/PR";"Norte";"Choque - Cancela de Pedagio";1;0;0;0;0;0;0;0;0;0;3;0;0;0;0
"28/10/2014";"21:37:00";"3077";"sem vítima";"122";"BR-116/PR";"Sul";"Saida de Pista";1;0;0;0;0;0;0;0;0;0;1;0;0;0;0
"29/10/2014";"13:48:00";"3134";"sem vítima";"117,5";"BR-116/PR";"Norte";"Objeto lançado contra veículo";1;0;0;0;0;0;0;0;0;0;1;0;0;0;0
"29/10/2014";"15:45:00";"3145";"sem vítima";"200";"BR-116/PR";"Sul";"Objeto lançado contra veículo";1;0;0;0;0;0;0;0;0;0;1;0;0;0;0
"29/10/2014";"17:50:00";"3157";"sem vítima";"119,2";"BR-116/PR";"Sul";"Saida de Pista";1;0;0;0;0;0;0;0;0;0;1;0;0;0;0
"29/10/2014";"18:06:00";"3160";"sem vítima";"9,7";"BR-116/SC";"Norte";"Choque - Veiculo parado na pista";2;0;0;0;0;0;0;0;0;0;3;0;0;0;0
"30/10/2014";"13:26:00";"3252";"sem vítima";"204";"BR-116/PR";"Sul";"Choque - Cancela de Pedagio";1;0;0;0;0;0;0;0;0;0;1;0;0;0;0
"30/10/2014";"13:37:00";"3253";"com vítima";"122";"BR-116/PR";"Norte";"Queda de Moto";0;0;0;1;0;0;0;0;0;0;0;2;0;0;0
"30/10/2014";"13:51:00";"3254";"sem vítima";"175";"BR-116/PR";"Sul";"Objeto lançado contra veículo";1;0;0;0;0;0;0;0;0;0;1;0;0;0;0
"30/10/2014";"13:52:00";"3255";"sem vítima";"131";"BR-116/PR";"Norte";"Colisão Transversal";2;0;0;0;0;0;0;0;0;0;5;0;0;0;0
"30/10/2014";"14:02:00";"3256";"sem vítima";"172";"BR-116/PR";"Sul";"Objeto lançado contra veículo";1;0;0;0;0;0;0;0;0;0;1;0;0;0;0
"30/10/2014";"16:13:00";"3278";"sem vítima";"140";"BR-116/PR";"Norte";"Objeto lançado contra veículo";1;0;0;0;0;0;0;0;0;0;1;0;0;0;0
"30/10/2014";"17:50:00";"3290";"sem vítima";"219,5";"BR-116/SC";"Sul";"Choque - Objeto sobre a pista";1;0;1;0;0;0;0;0;0;0;3;0;0;0;0
"30/10/2014";"20:56:00";"3302";"sem vítima";"204";"BR-116/PR";"Norte";"Objeto lançado contra veículo";1;0;0;0;0;0;0;0;0;0;1;0;0;0;0
"30/10/2014";"21:48:00";"3303";"sem vítima";"117,6";"BR-116/PR";"Sul";"Colisão Traseira";1;0;0;0;1;0;0;0;0;0;2;0;0;0;0
"31/10/2014";"10:04:00";"3351";"sem vítima";"2,45";"BR-116/SC";"Norte";"Colisão Traseira";0;0;2;0;0;0;0;0;0;0;2;0;0;0;0
"31/10/2014";"12:22:00";"3371";"com vítima";"178,1";"BR-116/SC";"Norte";"Atropelamento - Morador";1;0;0;0;0;0;0;0;0;0;1;2;0;0;0
"31/10/2014";"15:16:00";"3387";"sem vítima";"161";"BR-116/PR";"Sul";"Saida de Pista";1;0;0;0;0;0;0;0;0;0;1;0;0;0;0
"31/10/2014";"18:32:00";"3418";"sem vítima";"81";"BR-116/SC";"Sul";"Choque - Cancela de Pedagio";0;0;1;0;0;0;0;0;0;0;1;0;0;0;0
"31/10/2014";"18:53:00";"3422";"sem vítima";"135";"BR-116/PR";"Norte";"Saida de Pista";1;0;0;0;0;0;0;0;0;1;5;0;0;0;0
"31/10/2014";"20:30:00";"3436";"sem vítima";"85";"BR-116/SC";"Sul";"Saida de Pista";1;0;0;0;0;0;0;0;0;0;1;0;0;0;0
"01/11/2014";"08:33:00";"16";"sem vítima";"134";"BR-116/PR";"Sul";"Colisão Traseira";2;0;0;0;0;0;0;0;0;0;2;0;0;0;0
"01/11/2014";"10:28:00";"27";"sem vítima";"34";"BR-116/SC";"Sul";"Colisão Lateral";0;0;1;0;0;1;0;0;0;0;2;0;0;0;0
"01/11/2014";"12:01:00";"32";"sem vítima";"267,7";"BR-116/SC";"Norte";"Colisão Transversal";0;0;2;0;0;0;0;0;0;0;2;0;0;0;0
"01/11/2014";"12:13:00";"33";"com vítima";"12";"BR-116/SC";"Sul";"Queda de Moto";0;0;0;1;0;0;0;0;0;0;0;1;0;0;0
"01/11/2014";"12:26:00";"34";"com vítima";"154";"BR-116/PR";"Norte";"Saida de Pista";1;0;0;0;0;0;0;0;0;0;0;1;0;0;0
"01/11/2014";"21:57:00";"81";"com vítima";"207,5";"BR-116/SC";"Sul";"Colisão Transversal";2;0;0;0;0;0;0;0;0;0;1;2;0;0;0
"02/11/2014";"00:19:00";"90";"sem vítima";"14";"BR-116/SC";"Norte";"Choque - Objeto sobre a pista";1;0;1;0;0;0;0;0;0;0;2;0;0;0;0
"02/11/2014";"00:28:00";"91";"sem vítima";"164";"BR-116/PR";"Sul";"Saida de Pista";1;0;0;0;0;0;0;0;0;0;4;0;0;0;0
"02/11/2014";"00:59:00";"92";"sem vítima";"170";"BR-116/PR";"Sul";"Saida de Pista";1;0;0;0;0;0;0;0;0;0;1;0;0;0;0
"02/11/2014";"05:35:00";"101";"sem vítima";"147";"BR-116/PR";"Norte";"Queda de Moto";0;0;0;1;0;0;0;0;0;0;1;0;0;0;0
"02/11/2014";"10:00:00";"109";"sem vítima";"204";"BR-116/PR";"Norte";"Colisão Traseira";1;0;1;0;0;0;0;0;0;0;2;0;0;0;0
"02/11/2014";"13:00:00";"117";"sem vítima";"199,7";"BR-116/PR";"Sul";"Saida de Pista";1;0;0;0;0;0;0;0;0;0;1;0;0;0;0
"02/11/2014";"16:06:00";"130";"sem vítima";"210,8";"BR-116/PR";"Sul";"Colisão Transversal";2;0;0;0;0;0;0;0;0;0;5;0;0;0;0
"02/11/2014";"16:35:00";"133";"sem vítima";"151,1";"BR-116/PR";"Sul";"Colisão Lateral";2;0;0;0;0;0;0;0;0;0;3;0;0;0;0
"02/11/2014";"21:28:00";"161";"com vítima";"267,7";"BR-116/SC";"Sul";"Colisão Transversal";2;0;0;0;0;0;0;0;0;0;2;1;0;0;0
"02/11/2014";"21:52:00";"162";"sem vítima";"122";"BR-116/PR";"Sul";"Colisão Lateral";2;0;0;0;0;0;0;0;0;0;2;0;0;0;0
"02/11/2014";"22:02:00";"164";"com vítima";"127,8";"BR-116/PR";"Norte";"Colisão Traseira";3;0;0;0;0;0;0;0;0;0;7;1;0;0;0
"02/11/2014";"22:03:00";"166";"com vítima";"224,2";"BR-116/SC";"Norte";"Colisão Traseira";2;0;0;0;0;0;0;0;0;0;2;2;0;0;0
"02/11/2014";"23:53:00";"172";"sem vítima";"138";"BR-116/PR";"Norte";"Objeto lançado contra veículo";1;0;0;0;0;0;0;0;0;0;2;0;0;0;0
"03/11/2014";"07:38:00";"187";"sem vítima";"122,5";"BR-116/PR";"Norte";"Engavetamento";4;0;0;0;0;0;0;0;0;0;4;0;0;0;0
"03/11/2014";"07:48:00";"188";"com vítima";"139";"BR-116/PR";"Sul";"Colisão Traseira";0;0;0;1;0;1;0;0;0;0;1;1;0;0;0
"03/11/2014";"11:51:00";"220";"com vítima";"115,4";"BR-116/PR";"Norte";"Colisão Lateral";1;0;0;1;0;0;0;0;0;0;1;0;0;1;0
"04/11/2014";"08:32:00";"306";"sem vítima";"115,5";"BR-116/PR";"Norte";"Engavetamento";5;0;0;0;0;0;0;0;0;0;5;0;0;0;0
"04/11/2014";"11:48:00";"325";"sem vítima";"234,8";"BR-116/SC";"Norte";"Saida de Pista";1;0;0;0;0;0;0;0;0;0;3;0;0;0;0
"04/11/2014";"15:57:00";"346";"com vítima";"199,4";"BR-116/PR";"Norte";"Colisão Frontal";1;0;0;0;0;0;0;0;0;1;1;1;0;0;0
"04/11/2014";"16:53:00";"353";"sem vítima";"154,9";"BR-116/PR";"Norte";"Saida de Pista";1;0;0;0;0;0;0;0;0;0;2;0;0;0;0
"04/11/2014";"18:05:00";"356";"sem vítima";"199,45";"BR-116/PR";"Norte";"Saida de Pista";0;0;1;0;0;0;0;0;0;0;2;0;0;0;0
"04/11/2014";"22:52:00";"373";"sem vítima";"208,05";"BR-116/PR";"Sul";"Colisão Traseira";0;0;2;0;0;0;0;0;0;0;2;0;0;0;0
"05/11/2014";"12:01:00";"420";"com vítima";"211";"BR-116/PR";"Sul";"Atropelamento - Usuário";0;1;0;0;0;1;0;0;0;0;1;1;0;0;0
"05/11/2014";"13:12:00";"426";"sem vítima";"142";"BR-116/PR";"Sul";"Objeto lançado contra veículo";1;0;0;0;0;0;0;0;0;0;1;0;0;0;0
"05/11/2014";"13:39:00";"429";"sem vítima";"191,2";"BR-116/SC";"Norte";"Saida de Pista";1;0;0;0;0;0;0;0;0;0;1;0;0;0;0
"05/11/2014";"17:51:00";"465";"sem vítima";"219,1";"BR-116/SC";"Sul";"Atropelamento de Animal";1;0;0;0;0;0;0;0;0;0;1;0;0;0;0
"06/11/2014";"06:58:00";"494";"com vítima";"128,4";"BR-116/PR";"Norte";"Colisão Lateral";1;0;0;1;0;0;0;0;0;0;2;1;0;0;0
"06/11/2014";"08:42:00";"503";"sem vítima";"141";"BR-116/PR";"Norte";"Colisão Lateral";1;0;1;0;0;0;0;0;0;0;2;0;0;0;0
"06/11/2014";"12:20:00";"533";"com vítima";"124,2";"BR-116/PR";"Norte";"Colisão Traseira";1;0;0;0;0;1;0;0;0;0;1;1;0;0;0
"06/11/2014";"23:39:00";"595";"com vítima";"127";"BR-116/PR";"Sul";"Choque - Veiculo parado na pista";1;0;0;1;0;0;0;0;0;0;1;1;0;0;0
"07/11/2014";"01:03:00";"599";"com vítima";"43,5";"BR-116/SC";"Sul";"Saida de Pista";0;0;0;0;0;0;0;0;0;1;0;1;0;0;0
"07/11/2014";"08:07:00";"606";"sem vítima";"203";"BR-116/PR";"Norte";"Choque - Cancela de Pedagio";0;0;1;0;0;0;0;0;0;0;1;0;0;0;0
"07/11/2014";"12:51:00";"630";"sem vítima";"149,4";"BR-116/PR";"Sul";"Saida de Pista";1;0;0;0;0;0;0;0;0;0;1;0;0;0;0
"07/11/2014";"12:54:00";"631";"com vítima";"85,5";"BR-116/SC";"Norte";"Colisão Frontal";1;0;0;0;0;0;0;0;0;1;0;1;0;2;2
"07/11/2014";"13:32:00";"632";"sem vítima";"89,2";"BR-116/SC";"Sul";"Colisão Frontal";2;0;0;0;0;0;0;0;0;0;2;0;0;0;0
"07/11/2014";"13:51:00";"633";"com vítima";"151,5";"BR-116/PR";"Sul";"Colisão Traseira";0;0;1;1;0;0;0;0;0;0;3;1;0;0;0
"07/11/2014";"14:45:00";"639";"sem vítima";"204";"BR-116/PR";"Sul";"Choque - Cancela de Pedagio";0;0;1;0;0;0;0;0;0;0;1;0;0;0;0
"07/11/2014";"15:24:00";"642";"sem vítima";"122,4";"BR-116/PR";"Sul";"Colisão Transversal";1;0;1;0;0;0;0;0;0;0;2;0;0;0;0
"07/11/2014";"19:46:00";"665";"com vítima";"149,95";"BR-116/PR";"Sul";"Colisão Transversal";1;0;1;0;0;0;0;0;0;0;1;2;0;0;0
"08/11/2014";"04:54:00";"687";"sem vítima";"247,7";"BR-116/SC";"Norte";"Saida de Pista";1;0;0;0;0;0;0;0;0;0;2;0;0;0;0
"08/11/2014";"06:05:00";"689";"sem vítima";"166";"BR-116/SC";"Norte";"Choque - Objeto sobre a pista";0;0;1;0;0;0;0;0;0;0;1;0;0;0;0
"08/11/2014";"09:10:00";"705";"sem vítima";"119,15";"BR-116/PR";"Norte";"Colisão Lateral";2;0;0;0;0;1;0;0;0;0;3;0;0;0;0
"08/11/2014";"15:50:00";"748";"sem vítima";"210,2";"BR-116/PR";"Sul";"Colisão Lateral";1;0;1;0;0;0;0;0;0;0;4;0;0;0;0
"08/11/2014";"16:52:00";"760";"sem vítima";"210,2";"BR-116/PR";"Sul";"Choque - Veiculo parado no acostamento";0;1;1;0;0;0;0;0;0;0;2;0;0;0;0
"08/11/2014";"17:46:00";"763";"sem vítima";"120,6";"BR-116/PR";"Norte";"Colisão Traseira";1;0;1;0;0;0;0;0;0;0;2;0;0;0;0
"08/11/2014";"18:24:00";"765";"com vítima";"163,75";"BR-116/SC";"Sul";"Atropelamento - Andarilho";0;0;0;0;0;1;0;0;0;0;1;1;0;0;0
"08/11/2014";"20:17:00";"777";"sem vítima";"221,2";"BR-116/SC";"Sul";"Colisão Traseira";2;0;0;0;0;0;0;0;0;0;5;0;0;0;0
"08/11/2014";"20:18:00";"778";"sem vítima";"124";"BR-116/PR";"Norte";"Colisão Traseira";2;0;0;0;0;1;0;0;0;0;3;0;0;0;0
"08/11/2014";"20:19:00";"779";"sem vítima";"97,6";"BR-116/SC";"Sul";"Saida de Pista";0;0;1;0;0;0;0;0;0;0;1;0;0;0;0
"08/11/2014";"21:06:00";"781";"sem vítima";"97,4";"BR-116/SC";"Norte";"Choque - Veiculo parado na pista";1;0;1;0;0;0;0;0;0;0;2;0;0;0;0
"08/11/2014";"21:09:00";"783";"com vítima";"140,6";"BR-116/SC";"Norte";"Colisão Lateral";1;0;1;0;0;0;0;0;0;0;4;1;0;0;0
"08/11/2014";"21:48:00";"787";"sem vítima";"140,5";"BR-116/PR";"Sul";"Colisão Transversal";1;0;0;0;0;0;0;0;0;1;2;0;0;0;0
"08/11/2014";"22:06:00";"788";"sem vítima";"140,5";"BR-116/PR";"Norte";"Colisão Traseira";0;0;0;0;0;0;0;0;0;2;2;0;0;0;0
"09/11/2014";"01:02:00";"800";"sem vítima";"63,4";"BR-116/SC";"Norte";"Queda de Moto";0;0;0;1;0;0;0;0;0;0;1;0;0;0;0
"09/11/2014";"03:46:00";"805";"sem vítima";"195";"BR-116/PR";"Sul";"Atropelamento de Animal";1;0;0;0;0;0;0;0;0;0;1;0;0;0;0
"09/11/2014";"06:27:00";"810";"sem vítima";"4,3";"BR-116/SC";"Norte";"Choque - Objeto sobre a pista";1;0;0;0;0;0;0;0;0;0;1;0;0;0;0
"09/11/2014";"13:55:00";"837";"sem vítima";"78";"BR-116/SC";"Norte";"Saida de Pista";1;0;0;0;0;0;0;0;0;0;1;0;0;0;0
"09/11/2014";"16:34:00";"853";"sem vítima";"127";"BR-116/PR";"Norte";"Colisão Lateral";1;0;1;0;0;0;0;0;0;0;2;0;0;0;0
"10/11/2014";"00:34:00";"893";"sem vítima";"205,95";"BR-116/PR";"Sul";"Saida de Pista";1;0;0;0;0;0;0;0;0;0;1;0;0;0;0
"10/11/2014";"11:39:00";"936";"sem vítima";"70";"BR-116/SC";"Norte";"Choque - Objeto sobre a pista";0;0;1;0;0;1;0;0;0;0;2;0;0;0;0
"11/11/2014";"07:21:00";"1022";"sem vítima";"148,9";"BR-116/PR";"Norte";"Saida de Pista";1;0;0;0;0;0;0;0;0;0;1;0;0;0;0
"11/11/2014";"07:39:00";"1026";"com vítima";"117";"BR-116/PR";"Norte";"Colisão Lateral";1;0;0;1;0;0;0;0;0;0;2;1;0;0;0
"11/11/2014";"10:54:00";"1050";"sem vítima";"203,3";"BR-116/SC";"Sul";"Colisão Lateral";1;0;2;0;0;0;0;0;0;0;3;0;0;0;0
"11/11/2014";"12:05:00";"1057";"com vítima";"5,5";"BR-116/SC";"Sul";"Colisão Transversal";1;0;0;1;0;0;0;0;0;0;2;1;0;0;0
"11/11/2014";"20:56:00";"1136";"com vítima";"129,3";"BR-116/PR";"Norte";"Atropelamento - Usuário";0;0;0;0;0;1;0;0;0;0;1;0;0;1;0
"12/11/2014";"07:31:00";"1151";"com vítima";"117,2";"BR-116/PR";"Sul";"Colisão Lateral";1;0;0;1;0;0;0;0;0;0;1;1;0;0;0
"12/11/2014";"07:47:00";"1152";"com vítima";"115,9";"BR-116/PR";"Norte";"Colisão Lateral";1;0;0;1;0;0;0;0;0;0;1;0;0;1;0
"12/11/2014";"11:01:00";"1178";"sem vítima";"168,5";"BR-116/SC";"Norte";"Colisão Transversal";0;0;1;0;0;0;0;0;1;0;2;0;0;0;0
"12/11/2014";"11:16:00";"1183";"com vítima";"4,05";"BR-116/SC";"Norte";"Colisão Traseira";2;0;0;0;0;0;0;0;0;0;2;2;0;0;0
"12/11/2014";"16:34:00";"1218";"sem vítima";"10,6";"BR-116/SC";"Sul";"Choque - Defensa, barreira ou "submarino"";0;0;1;0;0;0;0;0;0;0;1;0;0;0;0
"12/11/2014";"18:29:00";"1230";"sem vítima";"126,7";"BR-116/PR";"Sul";"Colisão Lateral";1;0;1;0;0;0;0;0;0;0;2;0;0;0;0
"12/11/2014";"19:49:00";"1244";"sem vítima";"127";"BR-116/SC";"Norte";"Colisão Lateral";0;0;2;0;0;0;0;0;0;0;2;0;0;0;0
"12/11/2014";"21:31:00";"1249";"sem vítima";"187";"BR-116/SC";"Sul";"Atropelamento de Animal";1;0;0;0;0;0;0;0;0;0;1;0;0;0;0
"13/11/2014";"16:26:00";"1329";"sem vítima";"158,1";"BR-116/PR";"Sul";"Colisão Lateral";0;0;3;0;0;0;0;0;0;0;5;0;0;0;0
"13/11/2014";"21:30:00";"1355";"com vítima";"153";"BR-116/SC";"Norte";"Queda de Moto";0;0;0;1;0;0;0;0;0;0;0;1;0;0;0
"14/11/2014";"10:11:00";"1397";"sem vítima";"194";"BR-116/PR";"Sul";"Choque - Objeto sobre a pista";0;0;1;0;0;0;0;0;0;0;1;0;0;0;0
"14/11/2014";"12:36:00";"1408";"sem vítima";"210,2";"BR-116/SC";"Norte";"Capotamento";1;0;0;0;0;0;0;0;0;0;1;0;0;0;0
"14/11/2014";"15:05:00";"1429";"sem vítima";"146";"BR-116/PR";"Sul";"Objeto lançado contra veículo";1;0;0;0;0;0;0;0;0;0;1;0;0;0;0
"14/11/2014";"22:46:00";"1468";"com vítima";"70";"BR-116/SC";"Sul";"Saida de Pista";1;0;0;0;0;0;0;0;0;0;0;1;0;0;0
"15/11/2014";"04:31:00";"1476";"sem vítima";"182,5";"BR-116/PR";"Norte";"Saida de Pista";1;0;0;0;0;0;0;0;0;0;1;0;0;0;0
"15/11/2014";"08:56:00";"1490";"sem vítima";"204";"BR-116/PR";"Sul";"Choque - Cancela de Pedagio";0;0;0;0;0;0;0;0;0;1;1;0;0;0;0
"15/11/2014";"13:31:00";"1505";"com vítima";"129";"BR-116/PR";"Sul";"Atropelamento - Outros";0;0;0;0;0;0;0;0;0;1;4;0;0;1;0
"15/11/2014";"18:03:00";"1527";"com vítima";"49,5";"BR-116/SC";"Sul";"Saida de Pista";0;0;0;1;0;0;0;0;0;0;0;0;0;1;0
"15/11/2014";"18:15:00";"1528";"com vítima";"156";"BR-116/PR";"Sul";"Colisão Transversal";1;0;0;1;0;0;0;0;0;0;1;1;0;0;0
"15/11/2014";"21:48:00";"1539";"sem vítima";"128,5";"BR-116/PR";"Sul";"Objeto lançado contra veículo";1;0;0;0;0;0;0;0;0;0;1;0;0;0;0
"15/11/2014";"23:06:00";"1543";"com vítima";"107";"BR-116/SC";"Sul";"Saida de Pista";1;0;0;0;0;0;0;0;0;0;0;1;0;0;0
"16/11/2014";"11:11:00";"1570";"sem vítima";"117,5";"BR-116/PR";"Norte";"Colisão Traseira";1;0;0;1;0;0;0;0;0;0;2;0;0;0;0
"16/11/2014";"14:28:00";"1578";"com vítima";"180";"BR-116/SC";"Norte";"Colisão Transversal";1;0;0;1;0;0;0;0;0;0;3;1;0;0;0
"16/11/2014";"15:50:00";"1589";"com vítima";"106";"BR-116/SC";"Norte";"Colisão Traseira";1;0;2;0;0;0;0;0;0;1;3;2;0;1;0
"16/11/2014";"16:26:00";"1597";"sem vítima";"134";"BR-116/PR";"Norte";"Choque - Cancela de Pedagio";1;0;0;0;0;0;0;0;0;0;2;0;0;0;0
"16/11/2014";"16:49:00";"1602";"sem vítima";"120,45";"BR-116/PR";"Sul";"Saida de Pista";1;0;0;0;0;0;0;0;0;0;1;0;0;0;0
"16/11/2014";"21:02:00";"1625";"com vítima";"150,9";"BR-116/PR";"Norte";"Colisão Traseira";0;0;0;1;0;1;0;0;0;0;1;1;0;0;0
"18/11/2014";"04:25:00";"1768";"sem vítima";"127,8";"BR-116/PR";"Norte";"Choque - Suporte de Sinalização";0;0;0;0;0;0;0;0;0;1;1;0;0;0;0
"18/11/2014";"08:50:00";"1785";"sem vítima";"81";"BR-116/SC";"Sul";"Choque - Cancela de Pedagio";1;0;0;0;0;1;0;0;0;0;2;0;0;0;0
"18/11/2014";"08:57:00";"1786";"sem vítima";"77";"BR-116/SC";"Sul";"Tombamento";0;0;0;0;0;0;0;0;1;0;1;0;0;0;0
"18/11/2014";"10:38:00";"1797";"sem vítima";"209";"BR-116/PR";"Sul";"Colisão Traseira";0;0;2;0;0;0;0;0;0;0;2;0;0;0;0
"18/11/2014";"12:25:00";"1805";"sem vítima";"130";"BR-116/PR";"Sul";"Choque - Objeto sobre a pista";1;0;0;0;0;1;0;0;0;0;2;0;0;0;0
"18/11/2014";"23:57:00";"1865";"com vítima";"74,6";"BR-116/SC";"Sul";"Colisão Lateral";1;0;2;0;0;0;0;0;0;0;2;0;0;0;1
"19/11/2014";"09:17:00";"1895";"sem vítima";"206";"BR-116/SC";"Sul";"Choque - Outros";1;0;0;0;0;0;0;0;0;0;1;0;0;0;0
"19/11/2014";"17:44:00";"1948";"sem vítima";"219,3";"BR-116/SC";"Norte";"Colisão Frontal";2;0;0;0;0;0;0;0;0;0;5;0;0;0;0
"19/11/2014";"21:17:00";"1971";"com vítima";"129";"BR-116/PR";"Sul";"Colisão Transversal";1;0;0;1;0;0;0;0;0;0;3;1;0;0;0
"19/11/2014";"23:16:00";"1978";"sem vítima";"184,3";"BR-116/SC";"Norte";"Colisão Transversal";0;0;2;0;0;0;0;0;0;0;3;0;0;0;0
"20/11/2014";"11:25:00";"2018";"com vítima";"292,06";"BR-116/SC";"Sul";"Colisão Traseira";0;0;2;0;0;0;0;0;0;0;3;1;0;0;0
"20/11/2014";"11:50:00";"2022";"sem vítima";"147,1";"BR-116/PR";"Norte";"Colisão Traseira";2;0;0;0;0;0;0;0;0;0;2;0;0;0;0
"20/11/2014";"14:01:00";"2036";"sem vítima";"132,4";"BR-116/SC";"Sul";"Engavetamento";3;0;0;0;0;0;0;0;0;0;6;0;0;0;0
"20/11/2014";"14:46:00";"2040";"sem vítima";"81";"BR-116/SC";"Norte";"Queda de Moto";0;0;0;1;0;1;0;0;0;0;3;0;0;0;0
"20/11/2014";"17:19:00";"2058";"sem vítima";"171";"BR-116/PR";"Norte";"Saida de Pista";1;0;0;0;0;0;0;0;0;0;2;0;0;0;0
"20/11/2014";"20:08:00";"2074";"com vítima";"119,8";"BR-116/PR";"Sul";"Queda de Moto";0;0;0;1;0;0;0;0;0;0;1;1;0;0;0
"21/11/2014";"08:25:00";"2101";"sem vítima";"115,3";"BR-116/PR";"Norte";"Engavetamento";4;0;0;0;0;0;0;0;0;0;4;0;0;0;0
"21/11/2014";"09:43:00";"2116";"sem vítima";"138,4";"BR-116/PR";"Norte";"Colisão Traseira";0;0;2;0;0;0;0;0;0;0;2;0;0;0;0
"21/11/2014";"13:26:00";"2140";"com vítima";"128,4";"BR-116/PR";"Sul";"Queda de Moto";0;0;0;1;0;0;0;0;0;0;1;1;0;0;0
"22/11/2014";"09:48:00";"2225";"sem vítima";"134";"BR-116/PR";"Sul";"Choque - Cancela de Pedagio";1;0;0;0;0;0;0;0;0;0;1;0;0;0;0
"22/11/2014";"11:48:00";"2233";"sem vítima";"204";"BR-116/PR";"Norte";"Choque - Cancela de Pedagio";1;0;0;0;0;0;0;0;0;0;1;0;0;0;0
"22/11/2014";"16:03:00";"2253";"com vítima";"130";"BR-116/PR";"Sul";"Colisão Traseira";1;0;0;0;0;0;0;0;0;1;5;1;0;0;0
"22/11/2014";"17:45:00";"2260";"sem vítima";"255";"BR-116/SC";"Sul";"Objeto lançado contra veículo";0;0;1;0;0;0;0;0;0;0;1;0;0;0;0
"22/11/2014";"18:30:00";"2263";"sem vítima";"113,5";"BR-116/SC";"Sul";"Choque - Objeto sobre a pista";0;0;1;0;0;0;0;0;0;0;1;0;0;0;0
"23/11/2014";"07:35:00";"2293";"sem vítima";"107,75";"BR-116/SC";"Norte";"Tombamento";0;0;1;0;0;0;0;0;0;0;1;0;0;0;0
"23/11/2014";"11:49:00";"2300";"sem vítima";"203";"BR-116/PR";"Norte";"Objeto lançado contra veículo";0;0;0;0;0;0;0;0;0;1;1;0;0;0;0
"23/11/2014";"14:16:00";"2314";"sem vítima";"204";"BR-116/PR";"Sul";"Choque - Veiculo parado na pista";1;0;1;0;0;0;0;0;0;0;2;0;0;0;0
"23/11/2014";"17:28:00";"2333";"sem vítima";"296";"BR-116/SC";"Norte";"Choque - Talude";1;0;0;0;0;0;0;0;0;0;4;0;0;0;0
"23/11/2014";"20:55:00";"2358";"com vítima";"126";"BR-116/PR";"Norte";"Queda de Moto";0;0;0;1;0;0;0;0;0;0;0;1;0;0;0
"23/11/2014";"21:15:00";"2359";"sem vítima";"127";"BR-116/PR";"Sul";"Colisão Lateral";0;0;1;0;0;1;0;0;0;0;2;0;0;0;0
"23/11/2014";"23:52:00";"2369";"sem vítima";"142";"BR-116/SC";"Norte";"Objeto lançado contra veículo";1;0;0;0;0;0;0;0;0;0;2;0;0;0;0
"24/11/2014";"02:45:00";"2370";"sem vítima";"274";"BR-116/SC";"Sul";"Choque - Talude";1;0;0;0;0;0;0;0;0;0;1;0;0;0;0
"24/11/2014";"06:24:00";"2372";"com vítima";"155,8";"BR-116/PR";"Norte";"Atropelamento - Morador";0;0;0;0;0;1;0;0;0;0;1;0;0;0;1
"24/11/2014";"10:00:00";"2401";"sem vítima";"32";"BR-116/SC";"Sul";"Objeto lançado contra veículo";1;0;1;0;0;0;0;0;0;0;2;0;0;0;0
"24/11/2014";"12:30:00";"2415";"sem vítima";"233";"BR-116/SC";"Sul";"Choque - Cancela de Pedagio";1;0;0;0;0;0;0;0;0;0;2;0;0;0;0