data;horario;n_da_ocorrencia;tipo_de_ocorrencia;km;trecho;sentido;tipo_de_acidente;automovel;bicicleta;caminhao;moto;onibus;outros;tracao_animal;transporte_de_cargas_especiais;trator_maquinas;utilitarios;ilesos;levemente_feridos;moderadamente_feridos;gravemente_feridos;mortos
"24/11/2014";"18:39:00";"2456";"sem vítima";"139,2";"BR-116/SC";"Sul";"Colisão Traseira";2;0;0;0;0;0;0;0;0;0;2;0;0;0;0
"24/11/2014";"19:09:00";"2462";"sem vítima";"29";"BR-116/SC";"Norte";"Choque - Objeto sobre a pista";1;0;0;0;0;0;0;0;0;0;1;0;0;0;0
"25/11/2014";"08:08:00";"2496";"sem vítima";"145,2";"BR-116/PR";"Norte";"Atropelamento de Animal";0;0;0;1;0;0;0;0;0;0;1;0;0;0;0
"25/11/2014";"09:25:00";"2506";"sem vítima";"204";"BR-116/PR";"Norte";"Choque - Cancela de Pedagio";1;0;0;0;0;0;0;0;0;0;1;0;0;0;0
"25/11/2014";"10:50:00";"2511";"sem vítima";"181,1";"BR-116/SC";"Norte";"Saida de Pista";0;0;0;0;0;0;0;0;0;1;1;0;0;0;0
"25/11/2014";"14:03:00";"2523";"sem vítima";"161,9";"BR-116/SC";"Norte";"Colisão Lateral";1;0;1;0;0;0;0;0;0;0;2;0;0;0;0
"25/11/2014";"16:57:00";"2538";"sem vítima";"139,6";"BR-116/SC";"Sul";"Colisão Traseira";0;0;0;0;0;0;0;0;0;2;2;0;0;0;0
"25/11/2014";"22:38:00";"2560";"sem vítima";"125,8";"BR-116/PR";"Norte";"Colisão Traseira";2;0;0;0;0;0;0;0;0;0;2;0;0;0;0
"26/11/2014";"00:21:00";"2563";"sem vítima";"122,6";"BR-116/PR";"Sul";"Saida de Pista";1;0;0;0;0;0;0;0;0;0;1;0;0;0;0
"26/11/2014";"10:52:00";"2607";"sem vítima";"134";"BR-116/PR";"Norte";"Choque - Cancela de Pedagio";1;0;0;0;0;0;0;0;0;0;1;0;0;0;0
"26/11/2014";"12:02:00";"2613";"sem vítima";"134";"BR-116/PR";"Sul";"Choque - Cancela de Pedagio";1;0;0;0;0;0;0;0;0;0;1;0;0;0;0
"26/11/2014";"15:22:00";"2637";"sem vítima";"29,8";"BR-116/SC";"Norte";"Objeto lançado contra veículo";0;0;0;0;1;0;0;0;0;0;28;0;0;0;0
"26/11/2014";"18:01:00";"2656";"sem vítima";"138";"BR-116/PR";"Norte";"Colisão Traseira";1;0;0;0;0;0;0;0;0;0;1;0;0;0;0
"26/11/2014";"21:06:00";"2671";"sem vítima";"145";"BR-116/SC";"Sul";"Choque - Objeto sobre a pista";1;0;0;0;0;0;0;0;0;0;1;0;0;0;0
"26/11/2014";"21:06:00";"2670";"sem vítima";"144";"BR-116/SC";"Sul";"Choque - Objeto sobre a pista";1;0;0;0;0;0;0;0;0;0;1;0;0;0;0
"26/11/2014";"23:19:00";"2679";"sem vítima";"117,6";"BR-116/PR";"Sul";"Colisão Traseira";2;0;0;0;0;0;0;0;0;0;2;0;0;0;0
"27/11/2014";"02:18:00";"2685";"sem vítima";"115,5";"BR-116/PR";"Norte";"Saida de Pista";1;0;0;0;0;0;0;0;0;0;1;0;0;0;0
"27/11/2014";"06:38:00";"2693";"com vítima";"77,3";"BR-116/SC";"Norte";"Saida de Pista";1;0;0;0;0;0;0;0;0;0;1;2;0;0;0
"27/11/2014";"07:40:00";"2700";"sem vítima";"0";"BR-116/SC";"Norte";"Atropelamento de Animal";1;0;0;0;0;0;0;0;0;0;1;0;0;0;0
"27/11/2014";"16:32:00";"2768";"sem vítima";"117";"BR-116/PR";"Sul";"Colisão Traseira";2;0;0;0;0;0;0;0;0;0;3;0;0;0;0
"28/11/2014";"06:32:00";"2821";"sem vítima";"122,9";"BR-116/PR";"Norte";"Saida de Pista";1;0;0;0;0;0;0;0;0;0;3;0;0;0;0
"28/11/2014";"06:54:00";"2826";"sem vítima";"115";"BR-116/PR";"Norte";"Colisão Traseira";1;0;0;1;0;0;0;0;0;0;2;0;0;0;0
"28/11/2014";"07:37:00";"2830";"com vítima";"167,9";"BR-116/SC";"Sul";"Queda de Moto";0;0;0;1;0;0;0;0;0;0;0;1;0;0;0
"28/11/2014";"13:03:00";"2863";"sem vítima";"70";"BR-116/SC";"Norte";"Objeto lançado contra veículo";1;0;0;0;0;0;0;0;0;0;1;0;0;0;0
"28/11/2014";"14:08:00";"2870";"sem vítima";"127";"BR-116/PR";"Norte";"Colisão Traseira";0;0;1;0;0;0;0;0;0;1;2;0;0;0;0
"28/11/2014";"16:14:00";"2893";"com vítima";"118,5";"BR-116/PR";"Sul";"Queda de Moto";0;0;0;1;0;0;0;0;0;0;0;0;0;1;0
"28/11/2014";"16:15:00";"2894";"sem vítima";"115,4";"BR-116/SC";"Norte";"Colisão Lateral";1;0;1;0;0;0;0;0;0;0;2;0;0;0;0
"28/11/2014";"19:37:00";"2921";"sem vítima";"159";"BR-116/PR";"Norte";"Objeto lançado contra veículo";0;0;0;0;0;0;0;0;0;1;3;0;0;0;0
"28/11/2014";"19:42:00";"2923";"sem vítima";"140";"BR-116/PR";"Sul";"Objeto lançado contra veículo";1;0;0;0;0;0;0;0;0;0;1;0;0;0;0
"29/11/2014";"04:54:00";"2950";"sem vítima";"268,3";"BR-116/SC";"Norte";"Saida de Pista";1;0;0;0;0;0;0;0;0;0;1;0;0;0;0
"29/11/2014";"19:22:00";"3031";"com vítima";"173";"BR-116/SC";"Norte";"Saida de Pista";1;0;0;0;0;0;0;0;0;0;1;0;0;1;0
"29/11/2014";"20:43:00";"3039";"com vítima";"216";"BR-116/SC";"Norte";"Saida de Pista";1;0;0;0;0;0;0;0;0;0;0;2;0;0;0
"29/11/2014";"20:54:00";"3040";"com vítima";"248";"BR-116/SC";"Sul";"Colisão Lateral";2;0;0;0;0;0;0;0;0;0;2;1;0;0;0
"30/11/2014";"00:15:00";"3057";"sem vítima";"134";"BR-116/PR";"Sul";"Colisão Transversal";2;0;0;0;0;0;0;0;0;0;2;0;0;0;0
"30/11/2014";"11:17:00";"3093";"sem vítima";"5,005";"BR-116/SC";"Sul";"Colisão Transversal";2;0;0;0;0;0;0;0;0;0;5;0;0;0;0
"30/11/2014";"13:38:00";"3105";"sem vítima";"134";"BR-116/PR";"Sul";"Choque - Cancela de Pedagio";1;0;0;0;0;0;0;0;0;0;1;0;0;0;0
"30/11/2014";"15:36:00";"3113";"sem vítima";"156,8";"BR-116/PR";"Sul";"Colisão Transversal";2;0;0;0;0;0;0;0;0;0;8;0;0;0;0
"30/11/2014";"15:51:00";"3115";"sem vítima";"238,9";"BR-116/SC";"Sul";"Colisão Traseira";1;0;0;1;0;0;0;0;0;0;3;0;0;0;0
"30/11/2014";"16:32:00";"3119";"sem vítima";"81,1";"BR-116/SC";"Norte";"Choque - Defensa, barreira ou "submarino"";0;0;2;0;0;0;0;0;0;0;2;0;0;0;0
"30/11/2014";"17:32:00";"3125";"sem vítima";"134";"BR-116/PR";"Sul";"Choque - Defensa, barreira ou "submarino"";1;0;0;0;0;0;0;0;0;0;4;0;0;0;0
"30/11/2014";"18:08:00";"3129";"sem vítima";"131";"BR-116/PR";"Sul";"Colisão Transversal";2;0;0;0;0;0;0;0;0;0;2;0;0;0;0
"30/11/2014";"21:19:00";"3146";"sem vítima";"127,2";"BR-116/PR";"Norte";"Colisão Transversal";0;0;1;0;0;1;0;0;0;0;2;0;0;0;0
"30/11/2014";"22:37:00";"3154";"sem vítima";"200";"BR-116/PR";"Norte";"Choque - Suporte de Sinalização";1;0;0;0;0;0;0;0;0;0;1;0;0;0;0
"01/12/2014";"07:00:00";"7";"sem vítima";"107,72";"BR-116/SC";"Norte";"Saida de Pista";1;0;0;0;0;0;0;0;0;0;2;0;0;0;0
"01/12/2014";"07:57:00";"15";"com vítima";"129";"BR-116/PR";"Norte";"Colisão Traseira";1;0;0;1;0;0;0;0;0;0;1;1;0;0;0
"01/12/2014";"09:39:00";"27";"sem vítima";"191,7";"BR-116/PR";"Sul";"Objeto lançado contra veículo";1;0;0;0;0;0;0;0;0;0;1;0;0;0;0
"01/12/2014";"14:34:00";"53";"sem vítima";"126,1";"BR-116/PR";"Norte";"Engavetamento";1;0;2;0;0;0;0;0;0;0;3;0;0;0;0
"01/12/2014";"14:46:00";"55";"sem vítima";"139";"BR-116/SC";"Sul";"Colisão Transversal";1;0;0;0;0;0;0;0;0;1;2;0;0;0;0
"01/12/2014";"17:08:00";"71";"sem vítima";"70,4";"BR-116/SC";"Norte";"Saida de Pista";0;0;1;0;0;0;0;0;0;0;1;0;0;0;0
"01/12/2014";"17:11:00";"70";"sem vítima";"261,4";"BR-116/SC";"Norte";"Colisão Traseira";2;0;0;0;0;0;0;0;0;0;2;0;0;0;0
"02/12/2014";"10:23:00";"135";"sem vítima";"34";"BR-116/SC";"Norte";"Colisão Transversal";1;0;1;0;0;0;0;0;0;0;2;0;0;0;0
"02/12/2014";"17:23:00";"176";"sem vítima";"118,8";"BR-116/PR";"Sul";"Saida de Pista";1;0;0;0;0;0;0;0;0;0;1;0;0;0;0
"02/12/2014";"18:42:00";"184";"sem vítima";"119,5";"BR-116/PR";"Sul";"Colisão Lateral";1;0;1;0;0;0;0;0;0;0;2;0;0;0;0
"02/12/2014";"21:49:00";"200";"com vítima";"222,3";"BR-116/SC";"Sul";"Atropelamento de Animal";1;0;0;0;0;0;0;0;0;0;3;1;0;0;0
"03/12/2014";"09:34:00";"241";"sem vítima";"228";"BR-116/SC";"Sul";"Choque - Objeto não identificado";1;0;0;0;0;0;0;0;0;0;1;0;0;0;0
"03/12/2014";"17:08:00";"283";"com vítima";"309";"BR-116/SC";"Sul";"Tombamento";0;0;1;0;0;0;0;0;0;0;1;2;0;0;0
"03/12/2014";"19:19:00";"293";"sem vítima";"57";"BR-116/SC";"Sul";"Choque - Objeto sobre a pista";1;0;0;0;0;0;0;0;0;0;1;0;0;0;0
"03/12/2014";"22:38:00";"316";"sem vítima";"309,4";"BR-116/SC";"Sul";"Choque - Veiculo parado no acostamento";1;0;1;0;0;0;0;0;0;0;2;0;0;0;0
"04/12/2014";"08:13:00";"338";"sem vítima";"128,1";"BR-116/PR";"Sul";"Colisão Traseira";2;0;0;0;0;0;0;0;0;0;2;0;0;0;0
"04/12/2014";"14:09:00";"363";"sem vítima";"195,5";"BR-116/SC";"Sul";"Saida de Pista";1;0;0;0;0;0;0;0;0;0;1;0;0;0;0
"04/12/2014";"15:19:00";"371";"com vítima";"119,1";"BR-116/PR";"Sul";"Colisão Lateral";0;0;1;0;1;0;0;0;0;0;2;1;0;0;0
"04/12/2014";"16:31:00";"380";"sem vítima";"134";"BR-116/PR";"Sul";"Choque - Cancela de Pedagio";1;0;0;0;0;0;0;0;0;0;1;0;0;0;0
"04/12/2014";"23:29:00";"409";"com vítima";"58,5";"BR-116/SC";"Norte";"Colisão Lateral";1;0;1;0;0;0;0;0;0;0;3;1;0;0;0
"05/12/2014";"09:37:00";"440";"com vítima";"194,5";"BR-116/SC";"Sul";"Colisão Lateral";2;0;1;0;0;0;0;0;0;0;2;1;0;0;0
"05/12/2014";"13:19:00";"456";"sem vítima";"203";"BR-116/PR";"Sul";"Objeto lançado contra veículo";1;0;0;0;0;0;0;0;0;0;1;0;0;0;0
"05/12/2014";"13:48:00";"458";"com vítima";"166,1";"BR-116/PR";"Norte";"Colisão Transversal";2;0;0;0;0;0;0;0;0;0;1;1;0;0;0
"05/12/2014";"13:56:00";"459";"sem vítima";"204";"BR-116/PR";"Sul";"Choque - Cancela de Pedagio";0;0;1;0;0;0;0;0;0;0;1;0;0;0;0
"05/12/2014";"14:19:00";"460";"sem vítima";"134";"BR-116/PR";"Sul";"Choque - Defensa, barreira ou "submarino"";0;0;0;0;0;0;0;0;0;1;1;0;0;0;0
"05/12/2014";"14:41:00";"462";"sem vítima";"233";"BR-116/SC";"Norte";"Choque - Defensa, barreira ou "submarino"";0;0;1;0;0;0;0;0;0;0;1;0;0;0;0
"05/12/2014";"22:26:00";"510";"sem vítima";"135";"BR-116/PR";"Sul";"Atropelamento de Animal";1;0;0;0;0;0;0;0;0;0;1;0;0;0;0
"06/12/2014";"00:54:00";"526";"sem vítima";"116,8";"BR-116/SC";"Norte";"Colisão Lateral";1;0;2;0;0;0;0;0;0;0;3;0;0;0;0
"06/12/2014";"04:23:00";"531";"sem vítima";"172,5";"BR-116/SC";"Sul";"Atropelamento de Animal";1;0;0;0;0;0;0;0;0;0;5;0;0;0;0
"06/12/2014";"17:07:00";"585";"sem vítima";"139,5";"BR-116/PR";"Sul";"Colisão Traseira";2;0;0;0;0;0;0;0;0;0;2;0;0;0;0
"06/12/2014";"17:55:00";"590";"sem vítima";"40,6";"BR-116/SC";"Sul";"Choque - Objeto sobre a pista";1;0;0;0;0;0;0;0;0;0;3;0;0;0;0
"06/12/2014";"19:24:00";"603";"com vítima";"128";"BR-116/PR";"Sul";"Outros";0;1;0;0;0;0;0;0;0;0;0;1;0;0;0
"06/12/2014";"19:49:00";"605";"sem vítima";"128";"BR-116/PR";"Sul";"Colisão Lateral";1;0;0;0;0;0;0;0;0;1;8;0;0;0;0
"06/12/2014";"20:26:00";"606";"sem vítima";"128";"BR-116/PR";"Sul";"Choque - Veiculo parado na pista";0;0;0;0;0;1;0;0;0;1;4;0;0;0;0
"06/12/2014";"21:23:00";"612";"sem vítima";"120,9";"BR-116/PR";"Norte";"Colisão Traseira";1;0;0;0;0;1;0;0;0;0;3;0;0;0;0
"07/12/2014";"00:25:00";"628";"sem vítima";"137";"BR-116/PR";"Norte";"Atropelamento de Animal";1;0;0;0;0;0;0;0;0;0;1;0;0;0;0
"07/12/2014";"04:30:00";"645";"com vítima";"180,9";"BR-116/SC";"Sul";"Saida de Pista";0;0;1;0;0;0;0;0;0;0;0;1;0;0;0
"07/12/2014";"16:00:00";"685";"sem vítima";"134";"BR-116/PR";"Sul";"Choque - Cancela de Pedagio";1;0;0;0;0;0;0;0;0;0;2;0;0;0;0
"07/12/2014";"17:56:00";"701";"sem vítima";"134";"BR-116/PR";"Norte";"Choque - Defensa, barreira ou "submarino"";1;0;0;0;0;0;0;0;0;0;2;0;0;0;0
"07/12/2014";"20:34:00";"725";"sem vítima";"62,6";"BR-116/SC";"Sul";"Saida de Pista";1;0;0;0;0;0;0;0;0;0;3;0;0;0;0
"07/12/2014";"21:45:00";"731";"com vítima";"148";"BR-116/PR";"Norte";"Saida de Pista";1;0;0;0;0;0;0;0;0;0;0;2;0;1;3
"08/12/2014";"03:09:00";"746";"com vítima";"0,1";"BR-116/SC";"Sul";"Choque - Elemento de Drenagem";1;0;0;0;0;0;0;0;0;0;0;1;0;0;0
"08/12/2014";"06:21:00";"750";"sem vítima";"129";"BR-116/PR";"Sul";"Colisão Transversal";2;0;0;0;0;0;0;0;0;0;2;0;0;0;0
"08/12/2014";"13:38:00";"795";"com vítima";"4,5";"BR-116/SC";"Sul";"Queda de Moto";0;0;0;1;0;0;0;0;0;0;0;1;0;0;0
"08/12/2014";"15:25:00";"811";"sem vítima";"134,3";"BR-116/SC";"Norte";"Colisão Traseira";1;0;1;0;0;0;0;0;0;0;2;0;0;0;0
"08/12/2014";"19:50:00";"847";"com vítima";"140,6";"BR-116/SC";"Norte";"Tombamento";0;0;1;0;0;0;0;0;0;0;1;1;0;0;0
"09/12/2014";"07:35:00";"868";"sem vítima";"118,7";"BR-116/PR";"Norte";"Colisão Lateral";1;0;0;1;0;0;0;0;0;0;2;0;0;0;0
"09/12/2014";"08:05:00";"872";"sem vítima";"152";"BR-116/SC";"Sul";"Choque - Cancela de Pedagio";0;0;1;0;0;0;0;0;0;0;1;0;0;0;0
"09/12/2014";"12:35:00";"905";"com vítima";"129,1";"BR-116/PR";"Norte";"Colisão Lateral";1;0;1;0;0;0;0;0;0;0;4;1;0;0;0
"09/12/2014";"14:44:00";"925";"sem vítima";"193";"BR-116/PR";"Norte";"Objeto lançado contra veículo";0;0;0;0;0;0;0;0;0;1;1;0;0;0;0
"09/12/2014";"15:35:00";"935";"sem vítima";"160";"BR-116/SC";"Norte";"Colisão Lateral";0;0;1;0;1;0;0;0;0;0;18;0;0;0;0
"09/12/2014";"15:52:00";"937";"com vítima";"224";"BR-116/SC";"Sul";"Colisão Lateral";1;0;1;0;0;0;0;0;0;0;1;1;0;0;0
"09/12/2014";"17:02:00";"942";"sem vítima";"167";"BR-116/PR";"Norte";"Colisão Traseira";2;0;0;0;0;0;0;0;0;0;7;0;0;0;0
"09/12/2014";"17:57:00";"945";"sem vítima";"137,1";"BR-116/SC";"Sul";"Colisão Traseira";2;0;0;0;0;1;0;0;0;0;3;0;0;0;0
"09/12/2014";"19:57:00";"952";"com vítima";"147,1";"BR-116/PR";"Norte";"Colisão Transversal";2;0;0;0;0;0;0;0;0;0;2;4;0;0;0
"09/12/2014";"22:36:00";"959";"com vítima";"227";"BR-116/SC";"Norte";"Colisão Lateral";1;0;0;1;0;0;0;0;0;0;1;0;0;1;0
"10/12/2014";"07:57:00";"987";"sem vítima";"134";"BR-116/PR";"Sul";"Choque - Cancela de Pedagio";1;0;0;0;0;0;0;0;0;0;1;0;0;0;0
"10/12/2014";"09:32:00";"996";"sem vítima";"54,2";"BR-116/SC";"Norte";"Atropelamento de Animal";1;0;0;0;0;0;0;0;0;0;1;0;0;0;0
"10/12/2014";"09:54:00";"999";"sem vítima";"209";"BR-116/SC";"Norte";"Colisão Lateral";1;0;0;0;0;1;0;0;0;0;2;0;0;0;0
"10/12/2014";"10:28:00";"1004";"sem vítima";"147";"BR-116/PR";"Sul";"Choque - Objeto sobre a pista";1;0;0;0;0;0;0;0;0;0;1;0;0;0;0
"10/12/2014";"11:23:00";"1012";"sem vítima";"204";"BR-116/PR";"Norte";"Choque - Cancela de Pedagio";1;0;0;0;0;0;0;0;0;0;1;0;0;0;0
"10/12/2014";"11:52:00";"1014";"sem vítima";"117,4";"BR-116/PR";"Sul";"Colisão Traseira";1;0;2;0;0;0;0;0;0;0;3;0;0;0;0
"10/12/2014";"12:45:00";"1021";"sem vítima";"234";"BR-116/SC";"Sul";"Capotamento";1;0;0;0;0;0;0;0;0;0;1;0;0;0;0
"10/12/2014";"14:37:00";"1031";"sem vítima";"205,9";"BR-116/PR";"Norte";"Colisão Transversal";2;0;0;0;0;0;0;0;0;0;3;0;0;0;0
"10/12/2014";"16:31:00";"1049";"sem vítima";"180";"BR-116/SC";"Sul";"Colisão Transversal";2;0;0;0;0;0;0;0;0;0;2;0;0;0;0
"10/12/2014";"19:01:00";"1064";"sem vítima";"15";"BR-116/SC";"Sul";"Choque - Objeto sobre a pista";1;0;0;0;0;0;0;0;0;0;1;0;0;0;0
"10/12/2014";"21:42:00";"1080";"sem vítima";"1";"BR-116/SC";"Norte";"Colisão Traseira";2;0;0;0;0;0;0;0;0;0;2;0;0;0;0
"11/12/2014";"08:23:00";"1105";"com vítima";"107,8";"BR-116/SC";"Sul";"Queda de Moto";0;0;0;1;0;0;0;0;0;0;0;1;0;0;0
"11/12/2014";"08:41:00";"1106";"sem vítima";"13";"BR-116/SC";"Norte";"Colisão Traseira";2;0;0;0;0;0;0;0;0;0;2;0;0;0;0
"11/12/2014";"09:06:00";"1108";"sem vítima";"116";"BR-116/PR";"Norte";"Colisão Lateral";1;0;1;0;0;0;0;0;0;0;2;0;0;0;0
"11/12/2014";"09:07:00";"1109";"sem vítima";"204";"BR-116/PR";"Sul";"Choque - Cancela de Pedagio";1;0;0;0;0;0;0;0;0;0;1;0;0;0;0
"11/12/2014";"09:34:00";"1110";"sem vítima";"116";"BR-116/PR";"Norte";"Colisão Lateral";1;0;1;0;0;0;0;0;0;0;2;0;0;0;0
"11/12/2014";"12:49:00";"1128";"sem vítima";"56";"BR-116/SC";"Sul";"Objeto lançado contra veículo";1;0;0;0;0;0;0;0;0;0;3;0;0;0;0
"11/12/2014";"13:19:00";"1129";"sem vítima";"132";"BR-116/PR";"Sul";"Objeto lançado contra veículo";1;0;0;0;0;0;0;0;0;0;1;0;0;0;0
"11/12/2014";"15:21:00";"1146";"com vítima";"120";"BR-116/PR";"Norte";"Queda de Moto";0;0;0;1;0;0;0;0;0;0;0;1;0;0;0
"11/12/2014";"15:49:00";"1151";"sem vítima";"204";"BR-116/PR";"Norte";"Choque - Cancela de Pedagio";0;0;1;0;0;0;0;0;0;0;1;0;0;0;0
"11/12/2014";"17:18:00";"1160";"sem vítima";"154,4";"BR-116/PR";"Sul";"Saida de Pista";0;0;1;0;0;0;0;0;0;0;1;0;0;0;0
"11/12/2014";"18:33:00";"1166";"sem vítima";"184";"BR-116/SC";"Sul";"Choque - Poste";0;0;0;0;0;0;0;0;0;1;1;0;0;0;0
"12/12/2014";"01:18:00";"1187";"com vítima";"132,7";"BR-116/SC";"Norte";"Saida de Pista";1;0;0;0;0;0;0;0;0;0;0;1;0;2;1
"12/12/2014";"04:43:00";"1195";"sem vítima";"146,8";"BR-116/SC";"Norte";"Outros";0;0;1;0;0;0;0;0;0;0;1;0;0;0;0
"12/12/2014";"07:01:00";"1199";"sem vítima";"121,9";"BR-116/PR";"Norte";"Colisão Traseira";2;0;0;0;0;1;0;0;0;0;3;0;0;0;0
"12/12/2014";"07:27:00";"1201";"sem vítima";"122,5";"BR-116/PR";"Norte";"Colisão Traseira";1;0;0;2;0;0;0;0;0;0;3;0;0;0;0
"12/12/2014";"08:38:00";"1207";"com vítima";"139,9";"BR-116/SC";"Sul";"Colisão Transversal";0;0;1;1;0;0;0;0;0;0;1;1;0;0;0
"12/12/2014";"09:43:00";"1215";"sem vítima";"310";"BR-116/SC";"Norte";"Queda de Moto";0;0;0;1;0;0;0;0;0;0;1;0;0;0;0
"12/12/2014";"10:37:00";"1219";"sem vítima";"134";"BR-116/PR";"Norte";"Choque - Cancela de Pedagio";1;0;0;0;0;0;0;0;0;0;1;0;0;0;0
"12/12/2014";"11:59:00";"1222";"sem vítima";"168";"BR-116/PR";"Norte";"Choque - Objeto não identificado";1;0;0;0;0;0;0;0;0;0;1;0;0;0;0
"12/12/2014";"18:23:00";"1265";"sem vítima";"9";"BR-116/SC";"Sul";"Colisão Lateral";1;0;0;0;0;1;0;0;0;0;2;0;0;0;0
"12/12/2014";"18:52:00";"1271";"sem vítima";"171";"BR-116/SC";"Norte";"Outros";1;0;0;0;0;0;0;0;0;0;1;0;0;0;0
"12/12/2014";"22:33:00";"1287";"sem vítima";"141";"BR-116/SC";"Sul";"Atropelamento de Animal";1;0;0;0;0;0;0;0;0;0;2;0;0;0;0
"13/12/2014";"01:58:00";"1299";"sem vítima";"143";"BR-116/PR";"Norte";"Saida de Pista";1;0;0;0;0;0;0;0;0;0;1;0;0;0;0
"13/12/2014";"05:37:00";"1305";"sem vítima";"128";"BR-116/PR";"Sul";"Saida de Pista";1;0;0;0;0;0;0;0;0;0;1;0;0;0;0
"13/12/2014";"06:10:00";"1307";"sem vítima";"124,5";"BR-116/PR";"Norte";"Colisão Traseira";2;0;0;0;0;0;0;0;0;0;2;0;0;0;0
"13/12/2014";"07:49:00";"1311";"sem vítima";"42";"BR-116/SC";"Norte";"Choque - Veiculo parado no acostamento";0;0;1;0;0;1;0;0;0;0;2;0;0;0;0
"13/12/2014";"08:48:00";"1318";"sem vítima";"130";"BR-116/PR";"Norte";"Choque - Objeto não identificado";1;0;0;0;0;0;0;0;0;0;1;0;0;0;0
"13/12/2014";"09:23:00";"1321";"sem vítima";"192";"BR-116/PR";"Norte";"Choque - Objeto sobre a pista";1;0;0;0;0;0;0;0;0;0;1;0;0;0;0
"13/12/2014";"10:55:00";"1329";"sem vítima";"204";"BR-116/PR";"Norte";"Choque - Cancela de Pedagio";1;0;0;0;0;0;0;0;0;0;1;0;0;0;0
"13/12/2014";"12:44:00";"1336";"sem vítima";"205";"BR-116/PR";"Norte";"Saida de Pista";1;0;0;0;0;0;0;0;0;0;1;0;0;0;0
"13/12/2014";"17:18:00";"1361";"sem vítima";"204";"BR-116/PR";"Sul";"Choque - Cancela de Pedagio";0;0;0;0;0;0;0;0;0;1;3;0;0;0;0
"14/12/2014";"00:12:00";"1392";"com vítima";"119,3";"BR-116/PR";"Norte";"Colisão Traseira";2;0;0;0;0;0;0;0;0;0;4;2;0;0;0
"14/12/2014";"08:31:00";"1416";"com vítima";"121,5";"BR-116/PR";"Norte";"Saida de Pista";1;0;0;0;0;0;0;0;0;0;2;3;0;0;0
"14/12/2014";"15:31:00";"1440";"sem vítima";"193";"BR-116/PR";"Norte";"Choque - Outros";0;0;1;0;0;0;0;0;0;0;1;0;0;0;0
"14/12/2014";"17:47:00";"1459";"com vítima";"248,1";"BR-116/SC";"Norte";"Colisão Lateral";2;0;0;0;0;0;0;0;0;0;4;2;0;0;0
"14/12/2014";"19:27:00";"1474";"sem vítima";"152";"BR-116/SC";"Norte";"Choque - Cancela de Pedagio";1;0;0;0;0;0;0;0;0;0;1;0;0;0;0
"14/12/2014";"20:20:00";"1481";"sem vítima";"134";"BR-116/PR";"Sul";"Colisão Transversal";2;0;0;0;0;0;0;0;0;0;3;0;0;0;0
"15/12/2014";"00:09:00";"1494";"com vítima";"60";"BR-116/SC";"Sul";"Choque - Veiculo parado na pista";0;0;0;1;0;1;0;0;0;0;1;1;0;0;0
"15/12/2014";"13:31:00";"1543";"com vítima";"133";"BR-116/PR";"Norte";"Colisão Lateral";1;0;1;0;0;0;0;0;0;0;2;1;0;0;0
"15/12/2014";"19:13:00";"1584";"com vítima";"118";"BR-116/PR";"Sul";"Queda de Moto";0;0;0;1;0;0;0;0;0;0;0;1;0;0;0
"16/12/2014";"09:16:00";"1633";"sem vítima";"136,32";"BR-116/SC";"Norte";"Outros";0;0;1;0;0;0;0;0;0;0;1;0;0;0;0
"16/12/2014";"10:42:00";"1644";"sem vítima";"134";"BR-116/PR";"Sul";"Choque - Defensa, barreira ou "submarino"";0;0;1;0;0;0;0;0;0;0;1;0;0;0;0
"16/12/2014";"13:20:00";"1655";"sem vítima";"204";"BR-116/PR";"Norte";"Choque - Cancela de Pedagio";1;0;0;0;0;0;0;0;0;0;1;0;0;0;0
"16/12/2014";"13:20:00";"1656";"sem vítima";"127,4";"BR-116/PR";"Norte";"Colisão Lateral";1;0;1;0;0;0;0;0;0;0;2;0;0;0;0
"16/12/2014";"13:58:00";"1660";"sem vítima";"152,3";"BR-116/SC";"Norte";"Outros";0;0;1;0;0;0;0;0;0;0;1;0;0;0;0
"16/12/2014";"14:22:00";"1663";"sem vítima";"119,2";"BR-116/PR";"Sul";"Colisão Frontal";1;0;1;0;0;0;0;0;0;0;2;0;0;0;0
"16/12/2014";"14:32:00";"1664";"sem vítima";"119,25";"BR-116/PR";"Sul";"Colisão Traseira";2;0;0;0;0;0;0;0;0;0;2;0;0;0;0
"16/12/2014";"17:25:00";"1689";"com vítima";"121,4";"BR-116/PR";"Sul";"Colisão Lateral";0;1;0;0;1;0;0;0;0;0;50;0;0;1;0
"16/12/2014";"18:00:00";"1691";"sem vítima";"117,6";"BR-116/PR";"Sul";"Colisão Lateral";1;0;1;0;0;0;0;0;0;0;2;0;0;0;0
"16/12/2014";"22:10:00";"1707";"sem vítima";"188,1";"BR-116/PR";"Norte";"Saida de Pista";0;0;1;0;0;0;0;0;0;0;1;0;0;0;0
"17/12/2014";"06:41:00";"1725";"sem vítima";"213,7";"BR-116/SC";"Norte";"Submersão";1;0;0;0;0;0;0;0;0;0;1;0;0;0;0
"17/12/2014";"07:30:00";"1730";"sem vítima";"81";"BR-116/SC";"Norte";"Choque - Cancela de Pedagio";0;0;1;0;0;0;0;0;0;0;1;0;0;0;0