data;horario;n_da_ocorrencia;tipo_de_ocorrencia;km;trecho;sentido;tipo_de_acidente;automovel;bicicleta;caminhao;moto;onibus;outros;tracao_animal;transporte_de_cargas_especiais;trator_maquinas;utilitarios;ilesos;levemente_feridos;moderadamente_feridos;gravemente_feridos;mortos
"17/12/2014";"12:07:00";"1762";"sem vítima";"157";"BR-116/SC";"Sul";"Objeto lançado contra veículo";1;0;0;0;0;0;0;0;0;0;1;0;0;0;0
"17/12/2014";"12:51:00";"1767";"sem vítima";"134";"BR-116/PR";"Norte";"Choque - Outros";0;0;1;0;0;0;0;0;0;0;1;0;0;0;0
"17/12/2014";"17:58:00";"1819";"sem vítima";"127";"BR-116/PR";"Norte";"Colisão Lateral";1;0;1;0;0;0;0;0;0;0;2;0;0;0;0
"17/12/2014";"18:16:00";"1820";"sem vítima";"117,3";"BR-116/PR";"Norte";"Colisão Lateral";1;0;1;0;0;0;0;0;0;0;3;0;0;0;0
"18/12/2014";"13:24:00";"1894";"sem vítima";"204";"BR-116/PR";"Sul";"Choque - Cancela de Pedagio";1;0;0;0;0;0;0;0;0;0;1;0;0;0;0
"18/12/2014";"15:00:00";"1904";"sem vítima";"213";"BR-116/SC";"Norte";"Objeto lançado contra veículo";0;0;1;0;0;0;0;0;0;0;1;0;0;0;0
"18/12/2014";"15:07:00";"1906";"sem vítima";"5,7";"BR-116/SC";"Norte";"Colisão Traseira";2;0;0;0;0;0;0;0;0;0;4;0;0;0;0
"18/12/2014";"17:00:00";"1918";"sem vítima";"204";"BR-116/PR";"Sul";"Choque - Cancela de Pedagio";0;0;0;0;0;0;0;0;0;1;4;0;0;0;0
"18/12/2014";"17:55:00";"1925";"sem vítima";"204";"BR-116/PR";"Norte";"Choque - Cancela de Pedagio";0;0;0;0;0;0;0;0;0;1;1;0;0;0;0
"18/12/2014";"18:32:00";"1929";"com vítima";"155";"BR-116/PR";"Norte";"Saida de Pista";0;0;1;0;0;0;0;0;0;0;1;1;0;0;0
"18/12/2014";"21:04:00";"1947";"com vítima";"248,1";"BR-116/SC";"Sul";"Colisão Transversal";1;0;0;1;0;0;0;0;0;0;1;1;0;0;0
"18/12/2014";"21:12:00";"1949";"sem vítima";"134";"BR-116/PR";"Sul";"Choque - Cancela de Pedagio";1;0;0;0;0;0;0;0;0;0;4;0;0;0;0
"18/12/2014";"21:42:00";"1950";"sem vítima";"184,5";"BR-116/SC";"Sul";"Choque - Poste";0;0;1;0;0;0;0;0;0;0;1;0;0;0;0
"19/12/2014";"03:28:00";"1964";"sem vítima";"255,8";"BR-116/SC";"Norte";"Saida de Pista";1;0;0;0;0;0;0;0;0;0;1;0;0;0;0
"19/12/2014";"04:36:00";"1968";"sem vítima";"175,4";"BR-116/SC";"Norte";"Saida de Pista";1;0;0;0;0;0;0;0;0;0;1;0;0;0;0
"19/12/2014";"06:40:00";"1969";"sem vítima";"121";"BR-116/PR";"Norte";"Colisão Lateral";1;0;1;0;0;0;0;0;0;0;3;0;0;0;0
"19/12/2014";"08:44:00";"1979";"com vítima";"116,2";"BR-116/PR";"Norte";"Colisão Traseira";0;0;0;1;0;1;0;0;0;0;2;1;0;0;0
"19/12/2014";"11:00:00";"1993";"sem vítima";"140";"BR-116/PR";"Norte";"Objeto lançado contra veículo";1;0;0;0;0;0;0;0;0;0;2;0;0;0;0
"19/12/2014";"16:00:00";"2026";"com vítima";"7";"BR-116/SC";"Sul";"Colisão Transversal";1;0;0;1;0;0;0;0;0;0;2;1;0;0;0
"19/12/2014";"17:29:00";"2038";"sem vítima";"167";"BR-116/SC";"Norte";"Choque - Objeto sobre a pista";1;0;0;0;0;0;0;0;0;0;1;0;0;0;0
"19/12/2014";"18:44:00";"2045";"com vítima";"117";"BR-116/PR";"Sul";"Colisão Traseira";1;0;0;1;0;0;0;0;0;0;5;1;0;0;0
"19/12/2014";"23:09:00";"2062";"com vítima";"185,98";"BR-116/PR";"Sul";"Colisão Frontal";1;0;2;0;0;0;0;0;0;0;1;0;0;1;1
"19/12/2014";"23:40:00";"2066";"sem vítima";"99,8";"BR-116/SC";"Norte";"Colisão Transversal";0;0;1;0;0;0;0;0;0;1;5;0;0;0;0
"20/12/2014";"00:00:00";"2067";"sem vítima";"121,6";"BR-116/PR";"Sul";"Choque - Defensa, barreira ou "submarino"";1;0;0;0;0;0;0;0;0;0;1;0;0;0;0
"20/12/2014";"03:48:00";"2075";"com vítima";"196,5";"BR-116/PR";"Norte";"Colisão Traseira";1;0;0;1;0;0;0;0;0;0;1;0;0;1;0
"20/12/2014";"08:14:00";"2083";"sem vítima";"17";"BR-116/SC";"Norte";"Choque - Poste";0;0;1;0;0;0;0;0;0;0;1;0;0;0;0
"20/12/2014";"09:00:00";"2088";"sem vítima";"130";"BR-116/PR";"Norte";"Colisão Traseira";2;0;0;0;0;0;0;0;0;0;2;0;0;0;0
"20/12/2014";"10:47:00";"2102";"sem vítima";"125,8";"BR-116/PR";"Norte";"Choque - Veiculo parado na pista";2;0;1;0;0;1;0;0;0;0;4;0;0;0;0
"20/12/2014";"11:36:00";"2106";"sem vítima";"203";"BR-116/PR";"Sul";"Choque - Objeto sobre a pista";1;0;0;0;0;0;0;0;0;0;1;0;0;0;0
"20/12/2014";"11:54:00";"2110";"sem vítima";"125,8";"BR-116/PR";"Norte";"Choque - Suporte de Sinalização";1;0;0;0;0;0;0;0;0;0;1;0;0;0;0
"21/12/2014";"03:16:00";"2170";"com vítima";"117";"BR-116/PR";"Sul";"Colisão Frontal";0;1;0;0;0;1;0;0;0;0;1;1;0;0;0
"21/12/2014";"05:39:00";"2174";"com vítima";"0,5";"BR-116/SC";"Norte";"Choque - Defensa, barreira ou "submarino"";1;0;0;0;0;0;0;0;0;0;2;1;0;0;0
"21/12/2014";"06:40:00";"2176";"com vítima";"150,9";"BR-116/PR";"Norte";"Tombamento";0;0;1;0;0;0;0;0;0;0;0;1;0;0;0
"21/12/2014";"08:00:00";"2180";"sem vítima";"125,5";"BR-116/PR";"Sul";"Saida de Pista";1;0;0;0;0;0;0;0;0;0;1;0;0;0;0
"21/12/2014";"08:26:00";"2181";"sem vítima";"117,9";"BR-116/SC";"Norte";"Saida de Pista";0;0;3;0;0;0;0;0;0;0;3;0;0;0;0
"21/12/2014";"09:56:00";"2185";"sem vítima";"134";"BR-116/PR";"Sul";"Choque - Cancela de Pedagio";1;0;0;0;0;0;0;0;0;0;1;0;0;0;0
"21/12/2014";"13:18:00";"2201";"sem vítima";"134";"BR-116/PR";"Sul";"Objeto lançado contra veículo";0;0;1;0;0;0;0;0;0;0;1;0;0;0;0
"21/12/2014";"13:33:00";"2202";"com vítima";"255";"BR-116/SC";"Sul";"Colisão Traseira";2;0;0;0;0;0;0;0;0;2;8;3;0;0;0
"21/12/2014";"13:57:00";"2205";"sem vítima";"191,3";"BR-116/PR";"Sul";"Colisão Traseira";0;0;1;0;0;0;0;0;0;1;5;0;0;0;0
"21/12/2014";"14:11:00";"2207";"sem vítima";"191,3";"BR-116/PR";"Sul";"Choque - Veiculo parado no acostamento";0;0;0;0;0;0;0;0;0;2;4;0;0;0;0
"21/12/2014";"15:10:00";"2215";"sem vítima";"199";"BR-116/PR";"Sul";"Choque - Defensa, barreira ou "submarino"";1;0;0;0;0;0;0;0;0;0;3;0;0;0;0
"21/12/2014";"16:37:00";"2227";"sem vítima";"31,05";"BR-116/SC";"Norte";"Colisão Lateral";1;0;1;0;0;0;0;0;0;0;3;0;0;0;0
"21/12/2014";"17:09:00";"2233";"sem vítima";"81";"BR-116/SC";"Norte";;0;0;1;0;0;0;0;0;0;0;1;0;0;0;0
"21/12/2014";"17:54:00";"2236";"sem vítima";"175,9";"BR-116/PR";"Norte";"Saida de Pista";1;0;0;0;0;0;0;0;0;0;1;0;0;0;0
"21/12/2014";"19:57:00";"2251";"sem vítima";"218,4";"BR-116/SC";"Norte";"Colisão Transversal";1;0;0;0;0;1;0;0;0;0;2;0;0;0;0
"22/12/2014";"07:26:00";"2280";"com vítima";"5,4";"BR-116/SC";"Norte";"Colisão Traseira";0;0;0;1;0;0;0;0;0;1;1;1;0;0;0
"22/12/2014";"09:00:00";"2288";"sem vítima";"140,2";"BR-116/PR";"Norte";"Colisão Traseira";2;0;0;0;0;0;0;0;0;0;5;0;0;0;0
"22/12/2014";"10:20:00";"2300";"sem vítima";"117,4";"BR-116/PR";"Norte";"Colisão Traseira";1;0;0;0;0;1;0;0;0;0;2;0;0;0;0
"22/12/2014";"10:51:00";"2307";"sem vítima";"148,7";"BR-116/PR";"Norte";"Saida de Pista";0;0;1;0;0;0;0;0;0;0;1;0;0;0;0
"22/12/2014";"11:24:00";"2315";"com vítima";"267,72";"BR-116/SC";"Norte";"Colisão Transversal";1;0;0;1;0;0;0;0;0;0;1;4;0;0;0
"22/12/2014";"12:21:00";"2320";"sem vítima";"119,5";"BR-116/PR";"Sul";"Saida de Pista";1;0;0;0;0;0;0;0;0;0;1;0;0;0;0
"22/12/2014";"13:07:00";"2324";"sem vítima";"148";"BR-116/PR";"Sul";"Colisão Traseira";2;0;0;0;0;0;0;0;0;0;3;0;0;0;0
"22/12/2014";"13:10:00";"2325";"com vítima";"225,4";"BR-116/SC";"Norte";"Saida de Pista";1;0;0;0;0;0;0;0;0;0;0;0;0;1;0
"22/12/2014";"13:43:00";"2326";"sem vítima";"17,7";"BR-116/SC";"Norte";"Colisão Lateral";0;0;2;0;0;0;0;0;0;0;3;0;0;0;0
"22/12/2014";"17:11:00";"2355";"sem vítima";"236,1";"BR-116/SC";"Sul";"Saida de Pista";1;0;0;0;0;0;0;0;0;0;1;0;0;0;0
"22/12/2014";"17:24:00";"2357";"sem vítima";"176";"BR-116/SC";"Norte";"Choque - Defensa, barreira ou "submarino"";0;0;1;0;0;0;0;0;0;0;1;0;0;0;0
"22/12/2014";"17:28:00";"2360";"com vítima";"151,47";"BR-116/SC";"Sul";"Colisão Lateral";1;0;1;0;0;0;0;0;0;0;2;2;0;0;0
"22/12/2014";"19:48:00";"2370";"sem vítima";"194,4";"BR-116/PR";"Sul";"Saida de Pista";0;0;1;0;0;0;0;0;0;0;1;0;0;0;0
"22/12/2014";"21:43:00";"2377";"com vítima";"119";"BR-116/PR";"Sul";"Colisão Transversal";1;0;0;0;0;1;0;0;0;0;2;1;0;0;0
"22/12/2014";"22:31:00";"2382";"sem vítima";"143,15";"BR-116/SC";"Sul";"Colisão Lateral";1;0;1;0;0;0;0;0;0;0;3;0;0;0;0
"22/12/2014";"23:31:00";"2385";"sem vítima";"134";"BR-116/PR";"Sul";"Choque - Cancela de Pedagio";1;0;0;0;0;0;0;0;0;0;1;0;0;0;0
"22/12/2014";"23:38:00";"2386";"sem vítima";"81";"BR-116/SC";"Sul";"Choque - Arvore";0;0;1;0;0;0;0;0;0;0;1;0;0;0;0
"23/12/2014";"00:07:00";"2389";"sem vítima";"183,5";"BR-116/PR";"Sul";"Saida de Pista";1;0;0;0;0;0;0;0;0;0;1;0;0;0;0
"23/12/2014";"13:12:00";"2462";"sem vítima";"245";"BR-116/SC";"Sul";"Colisão Transversal";2;0;0;0;0;0;0;0;0;0;5;0;0;0;0
"23/12/2014";"13:50:00";"2466";"sem vítima";"24";"BR-116/SC";"Sul";"Colisão Transversal";1;0;0;1;0;0;0;0;0;0;2;0;0;0;0
"23/12/2014";"15:06:00";"2480";"sem vítima";"116,2";"BR-116/SC";"Sul";"Choque - Suporte de Sinalização";2;0;0;0;0;0;0;0;0;0;3;0;0;0;0
"23/12/2014";"15:30:00";"2482";"sem vítima";"204";"BR-116/PR";"Norte";"Choque - Cancela de Pedagio";1;0;0;0;0;0;0;0;0;0;1;0;0;0;0
"23/12/2014";"16:13:00";"2488";"com vítima";"153";"BR-116/PR";"Sul";"Saida de Pista";1;0;0;0;0;0;0;0;0;0;1;3;0;0;0
"23/12/2014";"17:19:00";"2497";"sem vítima";"134";"BR-116/PR";"Sul";"Colisão Traseira";0;0;2;0;0;0;0;0;0;0;2;0;0;0;0
"23/12/2014";"17:22:00";"2498";"sem vítima";"148";"BR-116/PR";"Sul";"Choque - Objeto sobre a pista";1;0;0;0;0;0;0;0;0;0;5;0;0;0;0
"23/12/2014";"22:07:00";"2517";"sem vítima";"131,8";"BR-116/PR";"Sul";"Colisão Lateral";1;0;1;0;0;0;0;0;0;0;4;0;0;0;0
"23/12/2014";"22:27:00";"2519";"sem vítima";"81";"BR-116/SC";"Sul";"Choque - Cancela de Pedagio";0;0;0;0;0;0;0;0;0;1;1;0;0;0;0
"23/12/2014";"23:55:00";"2527";"com vítima";"219";"BR-116/SC";"Sul";"Colisão Frontal";1;0;0;1;0;0;0;0;0;0;1;1;0;1;0
"24/12/2014";"04:20:00";"2534";"sem vítima";"83,4";"BR-116/SC";"Sul";"Colisão Traseira";0;0;2;0;0;0;0;0;0;0;3;0;0;0;0
"24/12/2014";"06:34:00";"2537";"sem vítima";"204";"BR-116/PR";"Sul";"Choque - Cancela de Pedagio";1;0;0;0;0;0;0;0;0;0;1;0;0;0;0
"24/12/2014";"07:05:00";"2541";"sem vítima";"204";"BR-116/PR";"Sul";"Choque - Cancela de Pedagio";1;0;0;0;0;0;0;0;0;0;1;0;0;0;0
"24/12/2014";"08:21:00";"2546";"sem vítima";"127";"BR-116/PR";"Norte";"Colisão Traseira";2;0;0;0;0;0;0;0;0;1;3;0;0;0;0
"24/12/2014";"11:20:00";"2555";"com vítima";"19,9";"BR-116/SC";"Sul";"Colisão Transversal";0;0;0;1;0;1;0;0;0;0;1;1;0;0;0
"24/12/2014";"13:29:00";"2564";"sem vítima";"204";"BR-116/PR";"Sul";"Choque - Cancela de Pedagio";1;0;0;0;0;0;0;0;0;0;1;0;0;0;0
"24/12/2014";"20:43:00";"2619";"com vítima";"117,2";"BR-116/PR";"Sul";"Atropelamento - Usuário";1;0;0;0;0;0;0;0;0;0;1;1;0;0;0
"24/12/2014";"21:35:00";"2625";"sem vítima";"126";"BR-116/PR";"Norte";"Colisão Traseira";2;0;0;0;0;0;0;0;0;0;2;0;0;0;0
"25/12/2014";"04:06:00";"2634";"sem vítima";"144,08";"BR-116/SC";"Sul";"Saida de Pista";1;0;1;0;0;0;0;0;0;0;3;0;0;0;0
"25/12/2014";"16:26:00";"2665";"sem vítima";"131";"BR-116/PR";"Sul";"Colisão Transversal";2;0;0;0;0;0;0;0;0;0;6;0;0;0;0
"25/12/2014";"17:10:00";"2669";"com vítima";"120,5";"BR-116/PR";"Norte";"Colisão Traseira";2;0;0;0;0;0;0;0;0;0;6;1;0;0;0
"25/12/2014";"17:33:00";"2671";"com vítima";"166,8";"BR-116/PR";"Sul";"Colisão Transversal";2;0;0;1;0;0;0;0;0;0;2;0;0;2;0
"25/12/2014";"23:00:00";"2698";"com vítima";"131,8";"BR-116/PR";"Norte";"Colisão Frontal";2;0;0;0;0;0;0;0;0;0;2;1;0;0;0
"26/12/2014";"00:54:00";"2706";"sem vítima";"185";"BR-116/SC";"Sul";"Saida de Pista";1;0;0;0;0;0;0;0;0;0;1;0;0;0;0
"26/12/2014";"11:48:00";"2733";"sem vítima";"12";"BR-116/SC";"Norte";"Colisão Transversal";1;0;1;0;0;0;0;0;0;0;2;0;0;0;0
"26/12/2014";"12:30:00";"2737";"sem vítima";"148";"BR-116/SC";"Sul";"Objeto lançado contra veículo";1;0;0;0;0;0;0;0;0;0;4;0;0;0;0
"26/12/2014";"14:53:00";"2751";"sem vítima";"134";"BR-116/PR";"Sul";"Choque - Cancela de Pedagio";1;0;0;0;0;0;0;0;0;0;1;0;0;0;0
"26/12/2014";"18:17:00";"2771";"com vítima";"118";"BR-116/PR";"Sul";"Colisão Traseira";1;0;0;1;0;0;0;0;0;0;1;1;0;0;0
"27/12/2014";"00:25:00";"2786";"sem vítima";"125,8";"BR-116/PR";"Sul";"Colisão Traseira";2;0;0;0;0;0;0;0;0;0;2;0;0;0;0
"27/12/2014";"18:02:00";"2838";"com vítima";"84,5";"BR-116/SC";"Norte";"Colisão Lateral";0;0;1;1;0;0;0;0;0;0;1;0;0;1;0
"27/12/2014";"21:15:00";"2851";"com vítima";"126";"BR-116/PR";"Norte";"Colisão Transversal";1;0;0;1;0;0;0;0;0;0;2;1;0;0;0
"28/12/2014";"04:48:00";"2867";"sem vítima";"152,5";"BR-116/PR";"Sul";"Colisão Frontal";2;0;0;0;0;0;0;0;0;0;3;0;0;0;0
"28/12/2014";"07:55:00";"2876";"sem vítima";"107,8";"BR-116/SC";"Sul";"Saida de Pista";1;0;0;0;0;0;0;0;0;0;1;0;0;0;0
"28/12/2014";"08:45:00";"2879";"sem vítima";"203";"BR-116/PR";"Sul";"Choque - Outros";1;0;0;0;0;0;0;0;0;0;1;0;0;0;0
"28/12/2014";"10:10:00";"2881";"sem vítima";"117,2";"BR-116/PR";"Norte";"Colisão Lateral";1;0;1;0;0;0;0;0;0;0;2;0;0;0;0
"28/12/2014";"11:32:00";"2886";"sem vítima";"204";"BR-116/PR";"Norte";"Choque - Cancela de Pedagio";1;0;0;0;0;0;0;0;0;0;1;0;0;0;0
"28/12/2014";"13:50:00";"2892";"sem vítima";"134";"BR-116/PR";"Sul";"Choque - Cancela de Pedagio";1;0;0;0;0;0;0;0;0;0;4;0;0;0;0
"28/12/2014";"14:59:00";"2900";"com vítima";"7";"BR-116/SC";"Sul";"Colisão Transversal";2;0;0;0;0;0;0;0;0;0;2;1;0;0;0
"28/12/2014";"15:34:00";"2905";"com vítima";"205,5";"BR-116/SC";"Sul";"Colisão Frontal";1;0;1;0;0;0;0;0;0;0;1;0;0;1;0
"28/12/2014";"18:20:00";"2923";"com vítima";"107";"BR-116/SC";"Sul";"Colisão Lateral";1;0;1;0;0;0;0;0;0;0;4;2;0;0;0
"29/12/2014";"04:51:00";"2965";"sem vítima";"184,6";"BR-116/SC";"Norte";"Saida de Pista";1;0;0;0;0;0;0;0;0;0;4;0;0;0;0
"29/12/2014";"08:32:00";"2974";"sem vítima";"12";"BR-116/SC";"Sul";"Colisão Transversal";1;0;0;0;0;1;0;0;0;0;6;0;0;0;0
"29/12/2014";"10:20:00";"2980";"sem vítima";"117";"BR-116/PR";"Norte";"Colisão Lateral";1;0;1;0;0;0;0;0;0;0;3;0;0;0;0
"29/12/2014";"10:43:00";"2982";"com vítima";"288";"BR-116/SC";"Sul";"Saida de Pista";0;0;1;0;0;0;0;0;0;0;0;1;0;1;0
"30/12/2014";"01:15:00";"3048";"sem vítima";"139,4";"BR-116/SC";"Sul";"Choque - Objeto sobre a pista";0;0;2;0;0;0;0;0;0;0;2;0;0;0;0
"30/12/2014";"08:04:00";"3064";"sem vítima";"126";"BR-116/PR";"Norte";"Colisão Traseira";2;0;0;0;0;0;0;0;0;0;2;0;0;0;0
"30/12/2014";"23:11:00";"3141";"com vítima";"13,5";"BR-116/SC";"Sul";"Colisão Traseira";1;0;0;1;0;0;0;0;0;0;2;1;0;0;0
"31/12/2014";"06:16:00";"3153";"sem vítima";"142,8";"BR-116/SC";"Norte";"Colisão Traseira";2;0;1;1;0;0;0;0;0;0;5;0;0;0;0
"31/12/2014";"06:37:00";"3154";"sem vítima";"169,15";"BR-116/PR";"Norte";"Saida de Pista";1;0;0;0;0;0;0;0;0;0;1;0;0;0;0
"31/12/2014";"10:54:00";"3182";"sem vítima";"202,2";"BR-116/PR";"Sul";"Colisão Traseira";1;0;0;1;0;0;0;0;0;0;2;0;0;0;0
"31/12/2014";"16:11:00";"3202";"sem vítima";"245";"BR-116/SC";"Norte";"Colisão Traseira";1;0;0;0;0;0;0;0;0;0;2;0;0;0;0
"31/12/2014";"19:02:00";"3211";"sem vítima";"106,5";"BR-116/SC";"Sul";"Saida de Pista";1;0;0;0;0;0;0;0;0;0;1;0;0;0;0
"31/12/2014";"22:21:00";"3218";"sem vítima";"141,6";"BR-116/PR";"Sul";"Colisão Lateral";1;0;1;0;0;0;0;0;0;0;2;0;0;0;0
"01/01/2015";"02:22:00";"4";"sem vítima";"220,4";"BR-116/SC";"Sul";"Colisão Transversal";2;0;0;0;0;0;0;0;0;0;2;0;0;0;0
"01/01/2015";"22:34:00";"54";"sem vítima";"98,4";"BR-116/SC";"Norte";"Atropelamento de Animal";1;0;0;0;0;0;0;0;0;0;1;0;0;0;0
"02/01/2015";"21:00:00";"120";"sem vítima";"152";"BR-116/PR";"Sul";"Colisão Transversal";1;0;0;0;0;0;0;0;0;1;5;0;0;0;0
"03/01/2015";"12:37:00";"157";"sem vítima";"204";"BR-116/PR";"Sul";"Choque - Cancela de Pedagio";1;0;0;0;0;0;0;0;0;0;1;0;0;0;0
"03/01/2015";"14:03:00";"163";"sem vítima";"134";"BR-116/PR";"Norte";"Choque - Cancela de Pedagio";1;0;0;0;0;0;0;0;0;0;2;0;0;0;0
"03/01/2015";"15:54:00";"169";"sem vítima";"310,24";"BR-116/SC";"Sul";"Colisão Traseira";2;0;0;0;0;0;0;0;0;0;6;0;0;0;0
"03/01/2015";"16:40:00";"173";"sem vítima";"145,4";"BR-116/PR";"Norte";"Queda de Moto";0;0;0;1;0;0;0;0;0;0;1;0;0;0;0
"04/01/2015";"09:01:00";"221";"sem vítima";"146";"BR-116/PR";"Sul";"Capotamento";2;0;0;0;0;0;0;0;0;0;8;0;0;0;0
"04/01/2015";"12:38:00";"232";"sem vítima";"134";"BR-116/PR";"Sul";"Choque - Cancela de Pedagio";0;0;0;0;0;0;0;0;0;1;2;0;0;0;0
"04/01/2015";"13:52:00";"236";"com vítima";"258,7";"BR-116/SC";"Norte";"Colisão Frontal";2;0;0;0;0;0;0;0;0;0;0;3;0;1;0
"04/01/2015";"18:33:00";"266";"sem vítima";"117";"BR-116/PR";"Norte";"Colisão Traseira";2;0;0;0;0;0;0;0;0;0;2;0;0;0;0
"05/01/2015";"07:13:00";"305";"sem vítima";"267";"BR-116/SC";"Sul";"Saida de Pista";1;0;0;0;0;0;0;0;0;0;2;0;0;0;0
"05/01/2015";"10:44:00";"321";"sem vítima";"204";"BR-116/PR";"Norte";"Choque - Cancela de Pedagio";1;0;0;0;0;0;0;0;0;0;1;0;0;0;0
"05/01/2015";"14:22:00";"333";"sem vítima";"204";"BR-116/SC";"Sul";"Choque - Cancela de Pedagio";1;0;0;0;0;0;0;0;0;0;1;0;0;0;0
"05/01/2015";"21:19:00";"362";"sem vítima";"10,9";"BR-116/SC";"Sul";"Choque - Arvore";1;0;0;0;0;0;0;0;0;0;1;0;0;0;0
"05/01/2015";"21:22:00";"363";"sem vítima";"10,9";"BR-116/SC";"Sul";"Choque - Arvore";1;0;0;0;0;0;0;0;0;0;1;0;0;0;0
"06/01/2015";"04:53:00";"376";"sem vítima";"40";"BR-116/SC";"Sul";"Saida de Pista";1;0;0;0;0;0;0;0;0;0;1;0;0;0;0
"06/01/2015";"08:24:00";"382";"sem vítima";"134";"BR-116/SC";"Sul";"Choque - Cancela de Pedagio";1;0;0;0;0;0;0;0;0;0;1;0;0;0;0
"06/01/2015";"11:01:00";"398";"sem vítima";"134,6";"BR-116/PR";"Sul";"Choque - Cancela de Pedagio";1;0;0;0;0;0;0;0;0;0;2;0;0;0;0
"06/01/2015";"12:45:00";"408";"sem vítima";"145,8";"BR-116/PR";"Sul";"Choque - Objeto sobre a pista";1;0;0;0;0;0;0;0;0;0;3;0;0;0;0
"06/01/2015";"18:02:00";"444";"sem vítima";"134";"BR-116/PR";"Norte";"Choque - Defensa, barreira ou "submarino"";1;0;0;0;0;0;0;0;0;0;1;0;0;0;0
"07/01/2015";"17:08:00";"562";"sem vítima";"136,4";"BR-116/SC";"Norte";"Choque - Veiculo parado na pista";2;0;1;0;0;0;0;0;0;0;3;0;0;0;0
"07/01/2015";"20:06:00";"580";"sem vítima";"233";"BR-116/SC";"Sul";"Choque - Cancela de Pedagio";1;0;0;0;0;0;0;0;0;0;3;0;0;0;0
"08/01/2015";"00:55:00";"602";"sem vítima";"115";"BR-116/PR";"Sul";"Colisão Transversal";1;0;0;1;0;0;0;0;0;0;3;0;0;0;0
"08/01/2015";"13:49:00";"667";"sem vítima";"204";"BR-116/PR";"Sul";"Choque - Objeto não identificado";1;0;0;0;0;0;0;0;0;0;1;0;0;0;0
"08/01/2015";"14:16:00";"668";"sem vítima";"117";"BR-116/PR";"Sul";"Choque - Veiculo parado na pista";2;0;0;0;0;0;0;0;0;0;3;0;0;0;0
"08/01/2015";"14:55:00";"673";"sem vítima";"216,1";"BR-116/SC";"Norte";"Saida de Pista";1;0;0;0;0;0;0;0;0;0;1;0;0;0;0
"08/01/2015";"17:01:00";"696";"sem vítima";"233";"BR-116/SC";"Norte";"Choque - Outros";1;0;0;0;0;0;0;0;0;0;4;0;0;0;0
"08/01/2015";"18:24:00";"705";"sem vítima";"2";"BR-116/SC";"Norte";"Choque - Defensa, barreira ou "submarino"";1;0;0;0;0;0;0;0;0;0;1;0;0;0;0
"08/01/2015";"18:30:00";"706";"sem vítima";"154,5";"BR-116/PR";"Sul";"Saida de Pista";0;0;0;0;0;0;0;0;0;1;3;0;0;0;0
"09/01/2015";"11:24:00";"752";"sem vítima";"134,4";"BR-116/PR";"Norte";"Colisão Lateral";2;0;0;0;0;0;0;0;0;0;2;0;0;0;0
"09/01/2015";"12:18:00";"759";"sem vítima";"142";"BR-116/PR";"Sul";"Choque - Objeto não identificado";1;0;0;0;0;0;0;0;0;0;1;0;0;0;0
"09/01/2015";"18:34:00";"801";"sem vítima";"245,6";"BR-116/SC";"Sul";"Colisão Transversal";2;0;0;0;0;0;0;0;0;0;8;0;0;0;0
"10/01/2015";"09:23:00";"848";"sem vítima";"193";"BR-116/PR";"Sul";"Objeto lançado contra veículo";1;0;0;0;0;0;0;0;0;0;4;0;0;0;0
"10/01/2015";"09:49:00";"850";"sem vítima";"134";"BR-116/PR";"Sul";"Choque - Cancela de Pedagio";1;0;0;0;0;0;0;0;0;0;4;0;0;0;0
"10/01/2015";"14:43:00";"868";"com vítima";"255";"BR-116/SC";"Sul";"Colisão Transversal";0;0;0;1;1;0;0;0;0;0;25;2;0;0;0
"10/01/2015";"14:55:00";"869";"sem vítima";"152,2";"BR-116/PR";"Sul";"Colisão Traseira";1;0;1;0;0;0;0;0;0;0;2;0;0;0;0
"10/01/2015";"18:05:00";"882";"sem vítima";"148";"BR-116/PR";"Sul";"Saida de Pista";1;0;0;0;0;0;0;0;0;0;1;0;0;0;0
"10/01/2015";"18:45:00";"887";"sem vítima";"140,6";"BR-116/SC";"Norte";"Choque - Objeto sobre a pista";1;0;0;0;0;0;0;0;0;0;1;0;0;0;0
"10/01/2015";"21:42:00";"900";"com vítima";"126,2";"BR-116/PR";"Sul";"Colisão Traseira";3;0;0;0;0;0;0;0;0;0;7;1;0;0;0
"11/01/2015";"00:18:00";"906";"com vítima";"62,7";"BR-116/SC";"Sul";"Colisão Lateral";2;0;0;0;0;0;0;0;0;0;1;2;0;0;0
"11/01/2015";"00:20:00";"907";"com vítima";"131,3";"BR-116/PR";"Sul";"Colisão Transversal";1;0;1;0;0;0;0;0;0;0;1;3;0;0;0
"11/01/2015";"07:05:00";"913";"sem vítima";"145,5";"BR-116/PR";"Sul";"Saida de Pista";1;0;0;0;0;0;0;0;0;0;2;0;0;0;0
"11/01/2015";"09:45:00";"921";"sem vítima";"275";"BR-116/SC";"Norte";"Choque - Objeto sobre a pista";1;0;0;0;0;0;0;0;0;0;4;0;0;0;0
"11/01/2015";"14:09:00";"944";"sem vítima";"89,9";"BR-116/SC";"Norte";"Saida de Pista";0;0;1;0;0;0;0;0;0;0;1;0;0;0;0
"11/01/2015";"18:31:00";"976";"sem vítima";"207,5";"BR-116/PR";"Norte";"Choque - Objeto sobre a pista";1;0;0;0;0;0;0;0;0;0;4;0;0;0;0