data;horario;n_da_ocorrencia;tipo_de_ocorrencia;km;trecho;sentido;tipo_de_acidente;automovel;bicicleta;caminhao;moto;onibus;outros;tracao_animal;transporte_de_cargas_especiais;trator_maquinas;utilitarios;ilesos;levemente_feridos;moderadamente_feridos;gravemente_feridos;mortos
"05/02/2015";"12:08:00";"452";"com vítima";"156";"BR-116/PR";"Sul";"Saida de Pista";1;0;0;0;0;0;0;0;0;0;0;2;0;0;0
"05/02/2015";"13:00:00";"453";"sem vítima";"115";"BR-116/SC";"Norte";"Choque - Veiculo parado no acostamento";0;0;2;0;0;0;0;0;0;0;2;0;0;0;0
"05/02/2015";"13:09:00";"454";"sem vítima";"204";"BR-116/PR";"Norte";"Choque - Cancela de Pedagio";1;0;0;0;0;0;0;0;0;0;1;0;0;0;0
"05/02/2015";"16:00:00";"476";"sem vítima";"207,5";"BR-116/PR";"Norte";"Objeto lançado contra veículo";1;0;0;0;0;0;0;0;0;0;1;0;0;0;0
"05/02/2015";"17:58:00";"492";"sem vítima";"123";"BR-116/SC";"Sul";"Colisão Lateral";0;0;2;0;0;0;0;0;0;0;2;0;0;0;0
"05/02/2015";"18:02:00";"494";"sem vítima";"138,45";"BR-116/SC";"Sul";"Engavetamento";2;0;0;0;1;0;0;0;0;0;23;0;0;0;0
"05/02/2015";"18:08:00";"496";"sem vítima";"205,2";"BR-116/SC";"Sul";"Saida de Pista";1;0;0;0;0;0;0;0;0;0;1;0;0;0;0
"06/02/2015";"07:08:00";"532";"com vítima";"122,7";"BR-116/PR";"Norte";"Colisão Traseira";1;0;0;1;0;1;0;0;0;0;2;2;0;0;0
"06/02/2015";"09:29:00";"537";"sem vítima";"117,4";"BR-116/PR";"Sul";"Colisão Traseira";0;0;2;0;0;0;0;0;0;0;2;0;0;0;0
"06/02/2015";"18:29:00";"589";"com vítima";"246,1";"BR-116/SC";"Sul";"Colisão Transversal";1;0;0;1;0;0;0;0;0;0;1;1;0;0;0
"06/02/2015";"18:44:00";"592";"sem vítima";"45,5";"BR-116/SC";"Sul";"Saida de Pista";1;0;0;0;0;0;0;0;0;0;1;0;0;0;0
"06/02/2015";"21:00:00";"677";"com vítima";"242";"BR-116/SC";"Sul";"Colisão Lateral";1;0;1;0;0;0;0;0;0;0;1;1;0;0;0
"07/02/2015";"03:38:00";"611";"sem vítima";"218";"BR-116/SC";"Norte";"Saida de Pista";1;0;0;0;0;0;0;0;0;0;1;0;0;0;0
"07/02/2015";"10:26:00";"639";"sem vítima";"235,4";"BR-116/SC";"Norte";"Colisão Transversal";2;0;0;0;0;0;0;0;0;0;2;0;0;0;0
"07/02/2015";"12:20:00";"644";"sem vítima";"122";"BR-116/SC";"Norte";"Choque - Objeto sobre a pista";1;0;0;0;0;0;0;0;0;0;1;0;0;0;0
"07/02/2015";"13:30:00";"652";"com vítima";"131";"BR-116/PR";"Sul";"Colisão Traseira";2;0;1;0;0;0;0;0;0;0;3;1;0;0;0
"07/02/2015";"14:14:00";"655";"sem vítima";"206";"BR-116/PR";"Norte";"Colisão Lateral";1;0;1;0;0;0;0;0;0;0;5;0;0;0;0
"07/02/2015";"14:15:00";"656";"com vítima";"119,8";"BR-116/PR";"Sul";"Colisão Lateral";2;0;0;1;0;0;0;0;0;0;5;1;0;0;0
"07/02/2015";"15:49:00";"665";"sem vítima";"224,9";"BR-116/SC";"Sul";"Colisão Lateral";0;0;2;0;0;0;0;0;0;0;3;0;0;0;0
"08/02/2015";"04:13:00";"703";"sem vítima";"185";"BR-116/SC";"Sul";"Colisão Frontal";2;0;0;0;0;0;0;0;0;0;3;0;0;0;0
"08/02/2015";"05:19:00";"708";"sem vítima";"125,8";"BR-116/PR";"Sul";"Colisão Transversal";1;0;0;1;0;0;0;0;0;0;2;0;0;0;0
"08/02/2015";"06:27:00";"710";"sem vítima";"126,3";"BR-116/PR";"Sul";"Choque - Veiculo parado na pista";1;0;1;0;0;0;0;0;0;0;2;0;0;0;0
"08/02/2015";"08:11:00";"719";"com vítima";"116,4";"BR-116/PR";"Norte";"Colisão Lateral";2;0;0;0;0;0;0;0;0;0;1;1;0;0;0
"08/02/2015";"10:45:00";"735";"sem vítima";"197,2";"BR-116/SC";"Sul";"Saida de Pista";1;0;0;0;0;0;0;0;0;0;1;0;0;0;0
"08/02/2015";"15:08:00";"755";"sem vítima";"30,5";"BR-116/SC";"Norte";"Saida de Pista";1;0;0;0;0;0;0;0;0;0;1;0;0;0;0
"08/02/2015";"17:36:00";"768";"sem vítima";"126";"BR-116/PR";"Norte";"Colisão Traseira";3;0;0;0;0;0;0;0;0;0;7;0;0;0;0
"08/02/2015";"19:09:00";"777";"com vítima";"233,6";"BR-116/SC";"Norte";"Colisão Frontal";1;0;1;0;0;0;0;0;0;0;1;3;0;2;0
"08/02/2015";"19:53:00";"784";"com vítima";"89,7";"BR-116/SC";"Norte";"Colisão Transversal";2;0;0;0;0;0;0;0;0;0;6;2;0;0;0
"08/02/2015";"21:16:00";"789";"sem vítima";"150,5";"BR-116/PR";"Norte";"Saida de Pista";1;0;0;0;0;0;0;0;0;0;1;0;0;0;0
"09/02/2015";"00:42:00";"924";"sem vítima";"204,8";"BR-116/PR";"Norte";"Saida de Pista";1;0;0;0;0;0;0;0;0;0;1;0;0;0;0
"09/02/2015";"09:16:00";"825";"sem vítima";"134,6";"BR-116/PR";"Sul";"Colisão Traseira";1;0;1;0;0;0;0;0;0;0;2;0;0;0;0
"09/02/2015";"10:06:00";"833";"sem vítima";"204";"BR-116/PR";"Norte";"Choque - Cancela de Pedagio";0;0;1;0;0;0;0;0;0;0;1;0;0;0;0
"09/02/2015";"11:43:00";"851";"com vítima";"167";"BR-116/PR";"Sul";"Colisão Lateral";1;0;0;1;0;0;0;0;0;0;0;3;0;0;0
"09/02/2015";"13:50:00";"859";"com vítima";"179,8";"BR-116/SC";"Norte";"Colisão Transversal";1;0;0;0;0;0;0;0;0;1;8;4;0;0;0
"09/02/2015";"23:25:00";"923";"sem vítima";"117,9";"BR-116/PR";"Sul";"Colisão Lateral";1;0;1;0;0;0;0;0;0;0;2;0;0;0;0
"10/02/2015";"01:49:00";"926";"sem vítima";"188";"BR-116/PR";"Sul";"Objeto lançado contra veículo";1;0;0;0;0;0;0;0;0;0;1;0;0;0;0
"10/02/2015";"12:25:00";"969";"sem vítima";"152";"BR-116/PR";"Norte";"Choque - Outros";1;0;0;0;0;0;0;0;0;0;1;0;0;0;0
"10/02/2015";"15:32:00";"996";"sem vítima";"204,1";"BR-116/PR";"Sul";"Choque - Defensa, barreira ou "submarino"";0;0;1;0;0;0;0;0;0;0;1;0;0;0;0
"10/02/2015";"16:43:00";"1006";"sem vítima";"249";"BR-116/SC";"Norte";"Saida de Pista";1;0;1;0;0;0;0;0;0;0;2;0;0;0;0
"10/02/2015";"22:25:00";"1037";"com vítima";"125,8";"BR-116/PR";"Sul";"Colisão Transversal";1;0;1;0;0;0;0;0;0;0;1;2;0;0;0
"11/02/2015";"10:03:00";"1073";"com vítima";"118,1";"BR-116/PR";"Sul";"Queda de Moto";0;0;1;1;0;0;0;0;0;0;1;1;0;0;0
"11/02/2015";"11:08:00";"1083";"sem vítima";"246,6";"BR-116/SC";"Sul";"Colisão Transversal";1;0;1;0;0;0;0;0;0;1;3;0;0;0;0
"11/02/2015";"15:24:00";"1116";"sem vítima";"63,3";"BR-116/SC";"Norte";"Colisão Lateral";1;0;0;0;0;0;0;0;1;0;3;0;0;0;0
"11/02/2015";"15:29:00";"1118";"com vítima";"152,1";"BR-116/PR";"Norte";"Colisão Transversal";1;0;0;1;0;0;0;0;0;0;1;1;0;0;0
"11/02/2015";"17:04:00";"1136";"sem vítima";"118,3";"BR-116/PR";"Sul";"Queda de Moto";0;0;0;1;0;0;0;0;0;0;1;0;0;0;0
"11/02/2015";"21:49:00";"1151";"sem vítima";"117";"BR-116/PR";"Norte";"Colisão Lateral";1;0;1;0;0;0;0;0;0;0;6;0;0;0;0
"11/02/2015";"23:01:00";"1157";"sem vítima";"131";"BR-116/PR";"Sul";"Objeto lançado contra veículo";1;0;0;0;0;0;0;0;0;0;1;0;0;0;0
"12/02/2015";"08:00:00";"1175";"sem vítima";"305";"BR-116/SC";"Sul";"Colisão Traseira";2;0;0;0;0;0;0;0;0;0;2;0;0;0;0
"12/02/2015";"10:53:00";"1205";"sem vítima";"145";"BR-116/PR";"Norte";"Choque - Outros";0;0;0;0;0;1;0;0;0;1;2;0;0;0;0
"12/02/2015";"11:37:00";"1211";"sem vítima";"180";"BR-116/SC";"Sul";"Colisão Transversal";0;0;1;0;0;1;0;0;0;0;2;0;0;0;0
"12/02/2015";"15:28:00";"1238";"sem vítima";"205,9";"BR-116/PR";"Norte";"Saida de Pista";0;0;1;0;0;0;0;0;0;0;1;0;0;0;0
"12/02/2015";"18:23:00";"1263";"sem vítima";"80";"BR-116/SC";"Sul";"Objeto lançado contra veículo";1;0;0;0;0;0;0;0;0;0;1;0;0;0;0
"12/02/2015";"18:40:00";"1269";"sem vítima";"191,3";"BR-116/SC";"Sul";"Colisão Lateral";1;0;0;0;0;1;0;0;0;0;3;0;0;0;0
"13/02/2015";"07:10:00";"1320";"sem vítima";"120";"BR-116/PR";"Sul";"Engavetamento";5;0;0;0;0;0;0;0;0;0;7;0;0;0;0
"13/02/2015";"08:03:00";"1330";"sem vítima";"170,5";"BR-116/SC";"Sul";"Saida de Pista";1;0;0;0;0;0;0;0;0;0;1;0;0;0;0
"13/02/2015";"09:51:00";"1338";"sem vítima";"53";"BR-116/SC";"Norte";"Choque - Outros";1;0;0;0;0;1;0;0;0;0;2;0;0;0;0
"13/02/2015";"16:08:00";"1377";"sem vítima";"134";"BR-116/PR";"Sul";"Choque - Cancela de Pedagio";1;0;0;0;0;0;0;0;0;0;1;0;0;0;0
"13/02/2015";"16:28:00";"1386";"sem vítima";"245";"BR-116/SC";"Norte";"Colisão Transversal";1;0;0;0;0;0;0;0;0;1;2;0;0;0;0
"13/02/2015";"19:18:00";"1402";"com vítima";"155";"BR-116/PR";"Norte";"Colisão Lateral";1;0;2;0;0;0;0;0;0;0;1;2;0;0;0
"13/02/2015";"20:02:00";"1411";"sem vítima";"118";"BR-116/PR";"Sul";"Colisão Lateral";0;0;1;0;0;1;0;0;0;0;2;0;0;0;0
"14/02/2015";"04:07:00";"1438";"com vítima";"257,3";"BR-116/SC";"Norte";"Colisão Traseira";2;0;0;0;0;0;0;0;0;0;4;2;0;0;0
"14/02/2015";"04:08:00";"1439";"sem vítima";"135,5";"BR-116/SC";"Sul";"Saida de Pista";0;0;1;0;0;0;0;0;0;0;1;0;0;0;0
"14/02/2015";"10:56:00";"1472";"sem vítima";"134";"BR-116/PR";"Norte";"Choque - Cancela de Pedagio";1;0;0;0;0;0;0;0;0;0;1;0;0;0;0
"14/02/2015";"12:27:00";"1477";"sem vítima";"115";"BR-116/PR";"Sul";"Colisão Traseira";1;0;0;0;0;2;0;0;0;0;3;0;0;0;0
"14/02/2015";"12:42:00";"1480";"sem vítima";"2";"BR-116/SC";"Norte";"Colisão Traseira";2;0;0;0;0;0;0;0;0;0;2;0;0;0;0
"14/02/2015";"14:02:00";"1485";"com vítima";"138,5";"BR-116/SC";"Norte";"Atropelamento - Ciclista";1;1;0;0;0;0;0;0;0;0;1;1;0;0;0
"14/02/2015";"15:52:00";"1502";"sem vítima";"50,5";"BR-116/SC";"Norte";"Saida de Pista";1;0;0;0;0;0;0;0;0;0;2;0;0;0;0
"14/02/2015";"18:08:00";"1514";"sem vítima";"130,4";"BR-116/PR";"Norte";"Saida de Pista";1;0;0;0;0;0;0;0;0;0;1;0;0;0;0
"14/02/2015";"18:12:00";"1515";"com vítima";"234";"BR-116/SC";"Sul";"Colisão Lateral";1;0;1;0;0;0;0;0;0;0;2;1;0;0;0
"14/02/2015";"20:04:00";"1529";"sem vítima";"108";"BR-116/SC";"Norte";"Saida de Pista";1;0;0;0;0;0;0;0;0;0;1;0;0;0;0
"14/02/2015";"21:14:00";"1536";"sem vítima";"246";"BR-116/SC";"Norte";"Colisão Lateral";1;0;1;0;0;0;0;0;0;0;2;0;0;0;0
"14/02/2015";"22:49:00";"1543";"sem vítima";"12,3";"BR-116/SC";"Norte";"Colisão Traseira";2;0;0;0;0;0;0;0;0;0;2;0;0;0;0
"15/02/2015";"08:39:00";"1587";"com vítima";"5,5";"BR-116/SC";"Norte";"Colisão Transversal";2;0;0;0;0;0;0;0;0;0;1;2;0;0;0
"15/02/2015";"11:23:00";"1595";"sem vítima";"134";"BR-116/PR";"Norte";"Choque - Cancela de Pedagio";0;0;1;0;0;0;0;0;0;0;1;0;0;0;0
"15/02/2015";"19:35:00";"1650";"sem vítima";"155,6";"BR-116/PR";"Sul";"Atropelamento de Animal";1;0;0;0;0;0;0;0;0;0;2;0;0;0;0
"15/02/2015";"20:26:00";"1658";"com vítima";"122,7";"BR-116/PR";"Norte";"Colisão Traseira";0;0;0;1;0;1;0;0;0;0;1;1;0;0;0
"15/02/2015";"23:13:00";"1666";"sem vítima";"194";"BR-116/PR";"Norte";"Choque - Objeto sobre a pista";1;0;0;0;0;0;0;0;0;0;4;0;0;0;0
"16/02/2015";"15:46:00";"1748";"sem vítima";"134";"BR-116/PR";"Norte";"Choque - Cancela de Pedagio";1;0;0;0;0;0;0;0;0;0;2;0;0;0;0
"16/02/2015";"18:47:00";"1770";"com vítima";"152";"BR-116/PR";"Sul";"Colisão Transversal";2;0;0;0;0;0;0;0;0;0;6;1;0;0;0
"16/02/2015";"19:31:00";"1776";"sem vítima";"303,4";"BR-116/SC";"Norte";"Colisão Traseira";0;0;2;0;0;0;0;0;0;0;3;0;0;0;0
"17/02/2015";"13:28:00";"1848";"com vítima";"247,8";"BR-116/SC";"Sul";"Saida de Pista";1;0;0;0;0;0;0;0;0;0;2;1;0;0;0
"17/02/2015";"13:44:00";"1849";"sem vítima";"117,5";"BR-116/PR";"Norte";"Colisão Traseira";2;0;0;0;0;0;0;0;0;0;2;0;0;0;0
"17/02/2015";"14:56:00";"1860";"sem vítima";"125,9";"BR-116/PR";"Norte";"Colisão Traseira";3;0;0;0;0;0;0;0;0;0;5;0;0;0;0
"17/02/2015";"16:52:00";"1874";"sem vítima";"132,9";"BR-116/PR";"Norte";"Choque - Veiculo parado na pista";4;0;0;0;0;0;0;0;0;0;9;0;0;0;0
"17/02/2015";"17:38:00";"1880";"com vítima";"271,8";"BR-116/SC";"Sul";"Queda de Moto";0;0;0;1;0;0;0;0;0;0;0;2;0;0;0
"18/02/2015";"08:29:00";"1949";"com vítima";"23";"BR-116/SC";"Sul";"Queda de Moto";0;0;0;1;0;0;0;0;0;0;0;2;0;0;0
"18/02/2015";"16:38:00";"2003";"sem vítima";"190";"BR-116/SC";"Norte";"Colisão Lateral";0;0;1;0;1;0;0;0;0;0;2;0;0;0;0
"18/02/2015";"18:21:00";"2019";"sem vítima";"246,98";"BR-116/SC";"Norte";"Colisão Traseira";2;0;0;0;0;0;0;0;0;0;2;0;0;0;0
"19/02/2015";"06:55:00";"2059";"sem vítima";"122";"BR-116/SC";"Norte";"Colisão Traseira";2;0;0;0;0;0;0;0;0;1;4;0;0;0;0
"19/02/2015";"08:38:00";"2073";"sem vítima";"122";"BR-116/PR";"Sul";"Colisão Lateral";0;0;2;0;0;0;0;0;0;0;4;0;0;0;0
"19/02/2015";"10:10:00";"2087";"sem vítima";"19,5";"BR-116/SC";"Sul";"Atropelamento de Animal";1;0;0;0;0;0;0;0;0;0;1;0;0;0;0
"19/02/2015";"10:22:00";"2089";"sem vítima";"117,6";"BR-116/PR";"Sul";"Colisão Traseira";2;0;0;0;0;0;0;0;0;0;2;0;0;0;0
"19/02/2015";"11:51:00";"2100";"sem vítima";"306,62";"BR-116/SC";"Norte";"Colisão Traseira";2;0;0;0;0;0;0;0;0;0;2;0;0;0;0
"19/02/2015";"13:10:00";"2108";"sem vítima";"134";"BR-116/SC";"Norte";"Choque - Cancela de Pedagio";1;0;0;0;0;0;0;0;0;0;1;0;0;0;0
"19/02/2015";"17:37:00";"2157";"sem vítima";"234,5";"BR-116/SC";"Norte";"Objeto lançado contra veículo";0;0;0;1;0;0;0;0;0;0;1;0;0;0;0
"19/02/2015";"20:41:00";"2172";"sem vítima";"164,9";"BR-116/SC";"Sul";"Saida de Pista";1;0;1;0;0;0;0;0;0;0;2;0;0;0;0
"20/02/2015";"03:43:00";"2182";"com vítima";"125,5";"BR-116/PR";"Norte";"Colisão Lateral";0;0;1;0;1;0;0;0;0;0;10;6;0;0;0
"20/02/2015";"15:31:00";"2244";"sem vítima";"41";"BR-116/SC";"Sul";"Colisão Traseira";1;0;0;0;0;1;0;0;0;0;2;0;0;0;0
"20/02/2015";"16:40:00";"2256";"sem vítima";"117,7";"BR-116/PR";"Norte";"Choque - Outros";0;0;1;0;0;0;0;0;0;0;1;0;0;0;0
"20/02/2015";"18:16:00";"2267";"sem vítima";"134";"BR-116/PR";"Sul";"Choque - Cancela de Pedagio";1;0;0;0;0;0;0;0;0;0;1;0;0;0;0
"20/02/2015";"18:27:00";"2269";"sem vítima";"290,1";"BR-116/SC";"Sul";"Colisão Lateral";2;0;0;0;0;0;0;0;0;0;4;0;0;0;0
"20/02/2015";"18:50:00";"2271";"sem vítima";"8";"BR-116/SC";"Sul";"Colisão Traseira";0;0;0;0;2;0;0;0;0;0;4;0;0;0;0
"20/02/2015";"22:45:00";"2290";"sem vítima";"138,5";"BR-116/PR";"Sul";"Saida de Pista";0;0;0;1;0;0;0;0;0;0;1;0;0;0;0
"21/02/2015";"04:46:00";"2306";"com vítima";"230,7";"BR-116/SC";"Norte";"Capotamento";1;0;0;0;0;0;0;0;0;0;1;1;0;0;0
"21/02/2015";"08:27:00";"2320";"sem vítima";"110,8";"BR-116/SC";"Sul";"Saida de Pista";1;0;0;0;0;0;0;0;0;0;1;0;0;0;0
"21/02/2015";"13:23:00";"2353";"sem vítima";"245";"BR-116/SC";"Sul";"Colisão Transversal";2;0;0;0;0;0;0;0;0;0;5;0;0;0;0
"21/02/2015";"15:59:00";"2371";"com vítima";"140,9";"BR-116/PR";"Norte";"Atropelamento - Usuário";1;0;0;0;0;0;0;0;0;0;4;2;0;0;0
"21/02/2015";"21:50:00";"2396";"com vítima";"52";"BR-116/SC";"Sul";"Colisão Frontal";1;0;1;0;0;0;0;0;0;0;1;1;0;0;0
"21/02/2015";"23:38:00";"2405";"sem vítima";"125";"BR-116/PR";"Norte";"Saida de Pista";1;0;0;0;0;0;0;0;0;0;2;0;0;0;0
"22/02/2015";"04:23:00";"2413";"com vítima";"116,95";"BR-116/PR";"Sul";"Colisão Traseira";1;0;0;1;0;0;0;0;0;0;1;1;0;0;0
"22/02/2015";"13:53:00";"2443";"sem vítima";"245,5";"BR-116/SC";"Sul";"Colisão Transversal";2;0;0;0;0;0;0;0;0;0;5;0;0;0;0
"22/02/2015";"14:08:00";"2446";"sem vítima";"119";"BR-116/PR";"Sul";"Saida de Pista";1;0;0;0;0;0;0;0;0;0;4;0;0;0;0
"22/02/2015";"16:46:00";"2461";"sem vítima";"150,5";"BR-116/PR";"Norte";"Objeto lançado contra veículo";1;0;0;0;0;0;0;0;0;0;2;0;0;0;0
"22/02/2015";"19:02:00";"2474";"com vítima";"173";"BR-116/PR";"Sul";"Saida de Pista";1;0;0;0;0;0;0;0;0;0;3;1;0;0;0
"22/02/2015";"23:06:00";"2493";"sem vítima";"203,6";"BR-116/SC";"Sul";"Choque - Defensa, barreira ou "submarino"";1;0;0;0;0;0;0;0;0;0;1;0;0;0;0
"23/02/2015";"00:35:00";"2499";"sem vítima";"243";"BR-116/SC";"Sul";"Saida de Pista";0;0;1;0;0;0;0;0;0;0;1;0;0;0;0
"23/02/2015";"06:35:00";"2510";"sem vítima";"246,3";"BR-116/SC";"Sul";"Colisão Traseira";0;0;0;0;0;1;0;0;0;1;2;0;0;0;0
"23/02/2015";"09:00:00";"2523";"sem vítima";"152";"BR-116/SC";"Sul";"Objeto lançado contra veículo";1;0;0;0;0;0;0;0;0;0;1;0;0;0;0
"23/02/2015";"11:18:00";"2537";"sem vítima";"138";"BR-116/PR";"Norte";"Choque - Outros";1;0;0;0;0;0;0;0;0;0;1;0;0;0;0
"23/02/2015";"11:24:00";"2539";"sem vítima";"179,7";"BR-116/SC";"Sul";"Objeto lançado contra veículo";1;0;0;0;0;0;0;0;0;0;1;0;0;0;0
"23/02/2015";"11:36:00";"2538";"sem vítima";"134";"BR-116/PR";"Norte";"Choque - Cancela de Pedagio";1;0;0;0;0;0;0;0;0;0;1;0;0;0;0
"23/02/2015";"13:53:00";"2547";"sem vítima";"134";"BR-116/PR";"Sul";"Choque - Cancela de Pedagio";1;0;0;0;0;0;0;0;0;0;1;0;0;0;0
"23/02/2015";"22:24:00";"2603";"sem vítima";"213,4";"BR-116/SC";"Sul";"Atropelamento de Animal";1;0;0;0;0;0;0;0;0;0;1;0;0;0;0
"24/02/2015";"06:04:00";"2615";"sem vítima";"117,5";"BR-116/PR";"Norte";"Colisão Traseira";2;0;0;0;0;0;0;0;0;0;2;0;0;0;0
"24/02/2015";"08:00:00";"2627";"com vítima";"117";"BR-116/PR";"Norte";"Colisão Traseira";1;0;0;1;0;0;0;0;0;0;1;1;0;0;0
"25/02/2015";"08:21:00";"2746";"sem vítima";"279,34";"BR-116/SC";"Norte";"Colisão Traseira";2;0;0;0;0;0;0;0;0;0;2;0;0;0;0
"25/02/2015";"08:48:00";"2750";"sem vítima";"169";"BR-116/PR";"Norte";"Saida de Pista";1;0;0;0;0;0;0;0;0;0;1;0;0;0;0
"25/02/2015";"11:55:00";"2777";"sem vítima";"219,9";"BR-116/SC";"Norte";"Colisão Traseira";1;0;0;0;0;0;0;0;0;1;2;0;0;0;0
"25/02/2015";"14:55:00";"2799";"sem vítima";"143,4";"BR-116/PR";"Norte";"Colisão Traseira";2;0;0;0;0;1;0;0;0;0;4;0;0;0;0
"25/02/2015";"16:09:00";"2807";"sem vítima";"204";"BR-116/PR";"Sul";"Colisão Traseira";0;0;1;0;0;0;0;0;0;1;2;0;0;0;0
"25/02/2015";"22:52:00";"2841";"sem vítima";"204";"BR-116/PR";"Sul";"Choque - Objeto sobre a pista";1;0;0;0;0;0;0;0;0;0;1;0;0;0;0
"26/02/2015";"07:23:00";"2876";"sem vítima";"5,5";"BR-116/SC";"Sul";"Colisão Transversal";2;0;0;0;0;0;0;0;0;0;2;0;0;0;0
"26/02/2015";"08:56:00";"2882";"sem vítima";"204";"BR-116/SC";"Norte";"Choque - Cancela de Pedagio";0;0;0;0;0;0;0;0;0;1;1;0;0;0;0
"26/02/2015";"16:29:00";"2936";"com vítima";"7,05";"BR-116/SC";"Sul";"Colisão Transversal";0;0;1;1;0;0;0;0;0;0;1;1;0;0;0
"26/02/2015";"18:48:00";"2953";"sem vítima";"98,6";"BR-116/SC";"Sul";"Colisão Traseira";1;0;0;0;0;1;0;0;0;0;2;0;0;0;0
"26/02/2015";"19:37:00";"2958";"sem vítima";"98,4";"BR-116/SC";"Norte";"Colisão Lateral";0;0;2;0;0;0;0;0;0;0;2;0;0;0;0
"27/02/2015";"18:18:00";"3096";"sem vítima";"129";"BR-116/PR";"Norte";"Colisão Traseira";2;0;0;0;0;0;0;0;0;0;2;0;0;0;0
"27/02/2015";"18:31:00";"3097";"sem vítima";"134";"BR-116/PR";"Norte";"Choque - Defensa, barreira ou "submarino"";0;0;1;0;0;0;0;0;0;0;1;0;0;0;0
"27/02/2015";"20:37:00";"3108";"sem vítima";"150,2";"BR-116/PR";"Norte";"Choque - Objeto sobre a pista";1;0;0;0;0;0;0;0;0;0;1;0;0;0;0
"28/02/2015";"00:16:00";"3136";"sem vítima";"164";"BR-116/PR";"Norte";"Saida de Pista";1;0;0;0;0;0;0;0;0;0;1;0;0;0;0
"28/02/2015";"01:29:00";"3140";"com vítima";"148";"BR-116/PR";"Norte";"Saida de Pista";1;0;0;0;0;0;0;0;0;0;3;1;0;0;0
"28/02/2015";"09:23:00";"3166";"sem vítima";"139";"BR-116/PR";"Norte";"Objeto lançado contra veículo";1;0;0;0;0;0;0;0;0;0;1;0;0;0;0
"28/02/2015";"15:58:00";"3197";"com vítima";"266";"BR-116/SC";"Sul";"Colisão Lateral";1;0;1;0;0;0;0;0;0;0;1;2;0;0;0
"28/02/2015";"22:37:00";"3233";"com vítima";"155";"BR-116/PR";"Sul";"Colisão Lateral";1;0;2;0;0;0;0;0;0;0;2;1;0;0;0
"01/03/2015";"04:48:00";"15";"sem vítima";"143,1";"BR-116/SC";"Norte";"Saida de Pista";1;0;0;0;0;0;0;0;0;0;1;0;0;0;0
"01/03/2015";"05:02:00";"16";"com vítima";"105,7";"BR-116/SC";"Norte";"Saida de Pista";0;0;1;0;0;0;0;0;0;0;0;0;0;1;0
"01/03/2015";"05:22:00";"17";"com vítima";"130";"BR-116/PR";"Norte";"Capotamento";2;0;0;0;0;0;0;0;0;0;1;1;0;0;0
"01/03/2015";"06:19:00";"18";"sem vítima";"33";"BR-116/SC";"Norte";"Saida de Pista";1;0;0;0;0;0;0;0;0;0;1;0;0;0;0
"01/03/2015";"06:40:00";"23";"sem vítima";"50,2";"BR-116/SC";"Sul";"Saida de Pista";0;0;1;0;0;0;0;0;0;0;1;0;0;0;0
"01/03/2015";"06:55:00";"24";"sem vítima";"146,2";"BR-116/PR";"Sul";"Saida de Pista";1;0;0;0;0;0;0;0;0;0;4;0;0;0;0
"01/03/2015";"07:21:00";"26";"sem vítima";"165";"BR-116/SC";"Norte";"Choque - Objeto sobre a pista";0;0;1;0;0;0;0;0;0;0;1;0;0;0;0
"01/03/2015";"08:25:00";"28";"com vítima";"148,1";"BR-116/PR";"Sul";"Saida de Pista";1;0;0;0;0;0;0;0;0;0;0;1;0;0;0
"01/03/2015";"08:46:00";"31";"sem vítima";"125,5";"BR-116/PR";"Norte";"Colisão Traseira";0;0;1;0;0;1;0;0;0;0;2;0;0;0;0
"01/03/2015";"10:08:00";"33";"sem vítima";"133,8";"BR-116/PR";"Norte";"Colisão Lateral";1;0;0;0;0;1;0;0;0;0;2;0;0;0;0
"01/03/2015";"10:24:00";"34";"sem vítima";"209";"BR-116/PR";"Sul";"Colisão Transversal";2;0;0;0;0;0;0;0;0;0;2;0;0;0;0
"01/03/2015";"12:02:00";"38";"sem vítima";"134";"BR-116/PR";"Sul";"Choque - Cancela de Pedagio";1;0;0;0;0;0;0;0;0;0;1;0;0;0;0
"01/03/2015";"12:25:00";"40";"sem vítima";"143";"BR-116/SC";"Sul";"Choque - Objeto sobre a pista";0;0;0;0;0;1;0;0;0;1;4;0;0;0;0
"01/03/2015";"19:15:00";"87";"sem vítima";"134";"BR-116/PR";"Norte";"Colisão Lateral";2;0;1;0;0;0;0;0;0;0;3;0;0;0;0
"01/03/2015";"21:42:00";"102";"sem vítima";"128";"BR-116/PR";"Norte";"Colisão Lateral";1;0;0;1;0;0;0;0;0;0;3;0;0;0;0
"02/03/2015";"07:07:00";"126";"sem vítima";"129,5";"BR-116/PR";"Norte";"Saida de Pista";1;0;0;0;0;0;0;0;0;0;1;0;0;0;0
"02/03/2015";"15:55:00";"189";"sem vítima";"4,5";"BR-116/SC";"Sul";"Objeto lançado contra veículo";1;0;0;0;0;0;0;0;0;0;1;0;0;0;0
"03/03/2015";"09:58:00";"4123";"sem vítima";"132,4";"BR-116/SC";"Sul";"Colisão Traseira";0;0;3;0;0;0;0;0;0;0;3;0;0;0;0
"03/03/2015";"13:45:00";"233";"com vítima";"139";"BR-116/SC";"Sul";"Colisão Transversal";1;0;0;0;0;0;0;0;0;1;1;1;0;0;0
"03/03/2015";"18:43:00";"264";"sem vítima";"134";"BR-116/PR";"Norte";"Choque - Cancela de Pedagio";1;0;0;0;0;0;0;0;0;0;1;0;0;0;0