data;horario;n_da_ocorrencia;tipo_de_ocorrencia;km;trecho;sentido;tipo_de_acidente;automovel;bicicleta;caminhao;moto;onibus;outros;tracao_animal;transporte_de_cargas_especiais;trator_maquinas;utilitarios;ilesos;levemente_feridos;moderadamente_feridos;gravemente_feridos;mortos
"03/03/2015";"19:43:00";"270";"sem vítima";"171,8";"BR-116/PR";"Sul";"Saida de Pista";1;0;0;0;0;0;0;0;0;0;3;0;0;0;0
"03/03/2015";"19:47:00";"271";"com vítima";"115";"BR-116/PR";"Sul";"Colisão Lateral";2;0;0;1;0;0;0;0;0;0;2;1;0;0;0
"03/03/2015";"21:17:00";"276";"sem vítima";"133,5";"BR-116/PR";"Sul";"Tombamento";1;0;0;0;0;0;0;0;0;0;2;0;0;0;0
"04/03/2015";"07:27:00";"329";"sem vítima";"4,5";"BR-116/SC";"Sul";"Colisão Traseira";2;0;0;0;0;0;0;0;0;0;2;0;0;0;0
"04/03/2015";"07:34:00";"331";"sem vítima";"119,85";"BR-116/PR";"Norte";"Colisão Lateral";2;0;0;0;0;0;0;0;0;0;2;0;0;0;0
"04/03/2015";"09:07:00";"339";"sem vítima";"145,6";"BR-116/SC";"Norte";"Tombamento";0;0;2;0;0;0;0;0;0;0;2;0;0;0;0
"04/03/2015";"10:24:00";"352";"sem vítima";"138,5";"BR-116/PR";"Sul";"Colisão Traseira";0;0;2;0;0;0;0;0;0;0;2;0;0;0;0
"04/03/2015";"10:41:00";"357";"sem vítima";"138,5";"BR-116/PR";"Norte";"Colisão Traseira";1;0;1;0;0;0;0;0;0;0;2;0;0;0;0
"04/03/2015";"12:41:00";"368";"sem vítima";"216,5";"BR-116/SC";"Norte";"Saida de Pista";1;0;0;0;0;0;0;0;0;0;1;0;0;0;0
"04/03/2015";"13:27:00";"377";"sem vítima";"134,8";"BR-116/SC";"Sul";"Choque - Veiculo parado no acostamento";0;0;2;0;0;0;0;0;0;0;2;0;0;0;0
"04/03/2015";"15:59:00";"394";"com vítima";"134,7";"BR-116/SC";"Sul";"Queda de Moto";0;0;0;1;0;0;0;0;0;0;0;0;0;1;0
"04/03/2015";"16:45:00";"401";"com vítima";"145,8";"BR-116/PR";"Sul";"Colisão Transversal";0;0;0;1;0;0;0;0;0;1;1;1;0;0;0
"04/03/2015";"16:48:00";"402";"sem vítima";"137,14";"BR-116/SC";"Sul";"Choque - Veiculo parado na pista";3;0;0;0;0;0;0;0;0;0;3;0;0;0;0
"04/03/2015";"17:28:00";"403";"com vítima";"144";"BR-116/PR";"Norte";"Outros";0;0;0;0;0;3;0;0;0;0;2;1;0;0;0
"04/03/2015";"20:00:00";"429";"com vítima";"172";"BR-116/SC";"Sul";"Tombamento";0;0;1;0;0;0;0;0;0;0;0;1;0;0;0
"05/03/2015";"17:11:00";"591";"sem vítima";"126";"BR-116/PR";"Norte";"Colisão Lateral";2;0;1;0;0;0;0;0;0;0;6;0;0;0;0
"05/03/2015";"18:16:00";"600";"sem vítima";"141,5";"BR-116/PR";"Norte";"Colisão Traseira";1;0;1;0;0;0;0;0;0;0;2;0;0;0;0
"05/03/2015";"18:22:00";"603";"sem vítima";"129";"BR-116/PR";"Norte";"Engavetamento";1;0;2;0;0;0;0;0;0;0;3;0;0;0;0
"05/03/2015";"18:38:00";"606";"com vítima";"132";"BR-116/PR";"Sul";"Colisão Transversal";1;0;0;1;0;0;0;0;0;0;2;1;0;0;0
"06/03/2015";"05:49:00";"673";"com vítima";"182,9";"BR-116/PR";"Norte";"Colisão Lateral";0;0;1;0;0;1;0;0;0;0;1;0;0;1;0
"06/03/2015";"15:16:00";"730";"sem vítima";"118,8";"BR-116/PR";"Norte";"Tombamento";0;0;1;0;0;0;0;0;0;0;3;0;0;0;0
"06/03/2015";"15:58:00";"732";"sem vítima";"191,4";"BR-116/PR";"Sul";"Saida de Pista";0;0;1;0;0;0;0;0;0;0;1;0;0;0;0
"06/03/2015";"16:06:00";"733";"com vítima";"158";"BR-116/SC";"Sul";"Saida de Pista";1;0;0;0;0;0;0;0;0;0;1;1;0;0;0
"06/03/2015";"16:24:00";"736";"sem vítima";"305,28";"BR-116/SC";"Norte";"Colisão Lateral";1;0;1;0;0;0;0;0;0;0;2;0;0;0;0
"06/03/2015";"16:40:00";"739";"sem vítima";"140,5";"BR-116/PR";"Norte";"Colisão Transversal";2;0;0;0;0;0;0;0;0;0;2;0;0;0;0
"06/03/2015";"19:06:00";"752";"sem vítima";"118";"BR-116/PR";"Norte";"Choque - Veiculo parado no acostamento";2;0;0;0;0;0;0;0;0;0;2;0;0;0;0
"06/03/2015";"19:46:00";"754";"sem vítima";"47,5";"BR-116/SC";"Norte";"Saida de Pista";1;0;0;0;0;0;0;0;0;0;2;0;0;0;0
"06/03/2015";"20:20:00";"757";"sem vítima";"4,5";"BR-116/SC";"Sul";"Colisão Transversal";0;0;2;0;0;0;0;0;0;0;2;0;0;0;0
"06/03/2015";"20:42:00";"764";"sem vítima";"184";"BR-116/SC";"Norte";"Colisão Transversal";2;0;0;0;0;0;0;0;0;0;2;0;0;0;0
"06/03/2015";"21:08:00";"767";"com vítima";"293,41";"BR-116/SC";"Sul";"Colisão Frontal";1;0;1;0;0;0;0;0;0;0;1;0;0;1;3
"07/03/2015";"00:01:00";"778";"sem vítima";"206";"BR-116/SC";"Sul";"Atropelamento de Animal";1;0;0;0;0;0;0;0;0;0;1;0;0;0;0
"07/03/2015";"07:20:00";"817";"com vítima";"119,9";"BR-116/PR";"Norte";"Queda de Moto";1;0;0;1;0;0;0;0;0;1;2;1;0;0;0
"07/03/2015";"08:46:00";"826";"com vítima";"191";"BR-116/PR";"Norte";"Saida de Pista";1;0;0;0;0;0;0;0;0;0;0;2;0;0;0
"07/03/2015";"10:54:00";"839";"com vítima";"106,3";"BR-116/SC";"Sul";"Queda de Moto";0;0;0;1;0;0;0;0;0;0;0;1;0;0;0
"07/03/2015";"11:26:00";"840";"sem vítima";"119";"BR-116/PR";"Sul";"Choque - Outros";0;0;2;0;0;0;0;0;0;0;2;0;0;0;0
"07/03/2015";"17:20:00";"886";"sem vítima";"81";"BR-116/SC";"Sul";"Colisão Traseira";1;0;1;0;0;0;0;0;0;0;2;0;0;0;0
"07/03/2015";"18:34:00";"891";"sem vítima";"117";"BR-116/PR";"Sul";"Colisão Lateral";1;0;0;1;0;0;0;0;0;0;2;0;0;0;0
"08/03/2015";"00:44:00";"920";"sem vítima";"235";"BR-116/SC";"Norte";"Saida de Pista";1;0;0;0;0;0;0;0;0;0;2;0;0;0;0
"08/03/2015";"04:53:00";"939";"com vítima";"193,7";"BR-116/SC";"Norte";"Colisão Transversal";1;0;1;0;0;0;0;0;0;0;1;0;0;4;3
"08/03/2015";"06:47:00";"943";"sem vítima";"184";"BR-116/PR";"Norte";"Saida de Pista";0;0;1;0;0;0;0;0;0;0;1;0;0;0;0
"08/03/2015";"09:19:00";"950";"sem vítima";"66";"BR-116/SC";"Norte";"Saida de Pista";1;0;0;0;0;0;0;0;0;0;1;0;0;0;0
"08/03/2015";"09:24:00";"951";"sem vítima";"44";"BR-116/SC";"Norte";"Choque - Objeto sobre a pista";1;0;0;0;0;0;0;0;0;0;1;0;0;0;0
"08/03/2015";"11:50:00";"962";"com vítima";"235,1";"BR-116/SC";"Sul";"Saida de Pista";1;0;0;0;0;0;0;0;0;0;0;2;0;0;0
"08/03/2015";"11:57:00";"964";"sem vítima";"196";"BR-116/PR";"Sul";"Saida de Pista";1;0;0;0;0;0;0;0;0;0;1;0;0;0;0
"08/03/2015";"12:17:00";"966";"sem vítima";"152";"BR-116/SC";"Sul";"Colisão Traseira";2;0;0;0;0;0;0;0;0;0;2;0;0;0;0
"08/03/2015";"13:58:00";"976";"sem vítima";"117";"BR-116/PR";"Norte";"Colisão Traseira";2;0;0;0;0;0;0;0;0;0;4;0;0;0;0
"08/03/2015";"18:38:00";"1007";"sem vítima";"204";"BR-116/PR";"Norte";"Colisão Traseira";0;0;2;0;0;0;0;0;0;0;2;0;0;0;0
"09/03/2015";"03:58:00";"1059";"sem vítima";"228";"BR-116/SC";"Norte";"Atropelamento de Animal";1;0;0;0;0;0;0;0;0;0;1;0;0;0;0
"09/03/2015";"06:13:00";"1069";"com vítima";"155,7";"BR-116/PR";"Sul";"Colisão Lateral";1;0;1;0;0;0;0;0;0;0;1;0;0;1;0
"09/03/2015";"07:41:00";"1077";"sem vítima";"117";"BR-116/PR";"Sul";"Queda de Moto";0;0;0;1;0;0;0;0;0;0;1;0;0;0;0
"09/03/2015";"12:11:00";"1114";"sem vítima";"139,6";"BR-116/SC";"Sul";"Objeto lançado contra veículo";1;0;0;0;0;0;0;0;0;0;1;0;0;0;0
"09/03/2015";"13:52:00";"1122";"sem vítima";"204";"BR-116/PR";"Sul";"Colisão Transversal";0;0;0;0;0;0;0;0;0;2;5;0;0;0;0
"09/03/2015";"17:28:00";"1162";"sem vítima";"159,6";"BR-116/SC";"Norte";"Saida de Pista";1;0;0;0;0;0;0;0;0;0;2;0;0;0;0
"10/03/2015";"06:30:00";"1211";"sem vítima";"122";"BR-116/PR";"Sul";"Choque - Poste";1;0;0;0;0;0;0;0;0;0;2;0;0;0;0
"10/03/2015";"14:56:00";"1282";"sem vítima";"118,9";"BR-116/PR";"Norte";"Colisão Traseira";1;0;0;0;0;0;0;0;0;1;4;0;0;0;0
"10/03/2015";"20:16:00";"1327";"sem vítima";"61,1";"BR-116/SC";"Sul";"Atropelamento de Animal";1;0;0;0;0;0;0;0;0;0;2;0;0;0;0
"10/03/2015";"23:44:00";"1342";"com vítima";"5,1";"BR-116/SC";"Sul";"Saida de Pista";1;0;0;0;0;0;0;0;0;0;0;1;0;0;0
"11/03/2015";"07:35:00";"1374";"com vítima";"135,1";"BR-116/SC";"Sul";"Colisão Traseira";0;0;2;0;0;0;0;0;0;0;1;1;0;0;0
"11/03/2015";"07:45:00";"1376";"sem vítima";"204";"BR-116/PR";"Sul";"Choque - Cancela de Pedagio";0;0;0;0;0;0;0;0;0;1;1;0;0;0;0
"11/03/2015";"11:28:00";"1409";"sem vítima";"125";"BR-116/PR";"Norte";"Colisão Lateral";1;0;1;0;0;0;0;0;0;0;2;0;0;0;0
"11/03/2015";"12:24:00";"1417";"com vítima";"115";"BR-116/SC";"Sul";"Colisão Lateral";0;0;1;0;0;0;0;0;0;1;1;1;0;0;0
"11/03/2015";"16:20:00";"1459";"sem vítima";"124,7";"BR-116/SC";"Sul";"Tombamento";0;0;1;0;0;0;0;0;0;0;1;0;0;0;0
"11/03/2015";"17:20:00";"1462";"sem vítima";"247,7";"BR-116/SC";"Sul";"Colisão Traseira";1;0;0;0;0;0;0;0;0;1;2;0;0;0;0
"11/03/2015";"18:26:00";"1467";"sem vítima";"204";"BR-116/PR";"Sul";"Choque - Cancela de Pedagio";1;0;0;0;0;0;0;0;0;0;2;0;0;0;0
"12/03/2015";"10:54:00";"1563";"sem vítima";"4";"BR-116/SC";"Norte";"Objeto lançado contra veículo";1;0;0;0;0;0;0;0;0;0;1;0;0;0;0
"12/03/2015";"11:30:00";"1566";"sem vítima";"179";"BR-116/SC";"Sul";"Colisão Lateral";1;0;1;0;0;0;0;0;0;0;2;0;0;0;0
"12/03/2015";"12:24:00";"1571";"sem vítima";"204";"BR-116/PR";"Sul";"Choque - Cancela de Pedagio";1;0;0;0;0;0;0;0;0;0;1;0;0;0;0
"12/03/2015";"17:39:00";"1622";"sem vítima";"117";"BR-116/PR";"Sul";"Colisão Lateral";1;0;1;0;0;0;0;0;0;0;2;0;0;0;0
"13/03/2015";"07:11:00";"1702";"com vítima";"142";"BR-116/SC";"Sul";"Queda de Moto";0;0;1;1;0;0;0;0;0;0;1;1;0;0;0
"13/03/2015";"12:50:00";"1761";"sem vítima";"208,8";"BR-116/SC";"Sul";"Choque - Suporte de Sinalização";0;0;1;0;0;0;0;0;0;0;1;0;0;0;0
"13/03/2015";"13:46:00";"1770";"com vítima";"287";"BR-116/SC";"Norte";"Colisão Traseira";1;0;1;0;0;0;0;0;0;0;4;1;0;0;0
"13/03/2015";"16:23:00";"1796";"sem vítima";"115";"BR-116/PR";"Norte";"Objeto lançado contra veículo";0;0;1;0;0;0;0;0;0;1;2;0;0;0;0
"13/03/2015";"16:49:00";"1801";"sem vítima";"134";"BR-116/PR";"Norte";"Choque - Cancela de Pedagio";0;0;0;0;0;0;0;0;0;1;1;0;0;0;0
"13/03/2015";"18:26:00";"1809";"com vítima";"193";"BR-116/SC";"Sul";"Saida de Pista";1;0;0;0;0;0;0;0;0;0;0;1;0;0;0
"14/03/2015";"08:03:00";"1877";"sem vítima";"134";"BR-116/PR";"Sul";"Choque - Cancela de Pedagio";0;0;0;0;0;0;0;0;0;1;1;0;0;0;0
"14/03/2015";"09:53:00";"1891";"sem vítima";"134";"BR-116/PR";"Sul";"Choque - Cancela de Pedagio";0;0;0;0;0;0;0;0;0;1;1;0;0;0;0
"14/03/2015";"11:04:00";"1894";"sem vítima";"129";"BR-116/PR";"Sul";"Colisão Traseira";1;0;1;0;0;0;0;0;0;0;2;0;0;0;0
"14/03/2015";"12:43:00";"1898";"sem vítima";"134";"BR-116/PR";"Norte";"Choque - Cancela de Pedagio";1;0;0;0;0;0;0;0;0;0;1;0;0;0;0
"14/03/2015";"14:34:00";"1910";"com vítima";"153,45";"BR-116/PR";"Sul";"Colisão Lateral";1;0;0;1;0;0;0;0;0;0;1;1;0;0;0
"14/03/2015";"15:03:00";"1920";"sem vítima";"178";"BR-116/PR";"Sul";"Saida de Pista";1;0;0;0;0;0;0;0;0;0;1;0;0;0;0
"14/03/2015";"15:19:00";"1923";"sem vítima";"41";"BR-116/SC";"Norte";"Queda de Moto";0;0;0;1;0;0;0;0;0;0;2;0;0;0;0
"14/03/2015";"17:47:00";"1940";"com vítima";"69";"BR-116/SC";"Norte";"Colisão Lateral";1;0;0;1;0;0;0;0;0;0;1;0;0;1;0
"14/03/2015";"19:12:00";"1945";"com vítima";"167";"BR-116/PR";"Norte";"Colisão Transversal";1;0;0;1;0;0;0;0;0;0;1;1;0;0;0
"14/03/2015";"19:48:00";"1953";"com vítima";"139,6";"BR-116/SC";"Norte";"Colisão Transversal";1;0;1;0;0;0;0;0;0;0;1;1;0;0;0
"14/03/2015";"21:19:00";"1960";"sem vítima";"115";"BR-116/PR";"Norte";"Saida de Pista";0;0;0;0;0;0;0;0;0;1;1;0;0;0;0
"15/03/2015";"00:19:00";"1973";"com vítima";"125,8";"BR-116/PR";"Norte";"Colisão Transversal";1;0;0;1;0;0;0;0;0;0;2;1;0;0;0
"15/03/2015";"01:52:00";"1985";"com vítima";"179,7";"BR-116/SC";"Norte";"Saida de Pista";1;0;0;0;0;0;0;0;0;0;4;1;0;0;0
"15/03/2015";"05:51:00";"1997";"sem vítima";"176";"BR-116/PR";"Norte";"Saida de Pista";1;0;0;0;0;0;0;0;0;0;1;0;0;0;0
"15/03/2015";"05:58:00";"1998";"com vítima";"141";"BR-116/PR";"Norte";"Queda de Moto";0;0;0;1;0;0;0;0;0;0;0;1;0;0;0
"15/03/2015";"08:30:00";"2013";"sem vítima";"139";"BR-116/PR";"Norte";"Choque - Objeto sobre a pista";1;0;0;0;0;0;0;0;0;0;1;0;0;0;0
"15/03/2015";"09:53:00";"2025";"sem vítima";"44,1";"BR-116/SC";"Norte";"Tombamento";0;0;1;0;0;0;0;0;0;0;1;0;0;0;0
"15/03/2015";"11:34:00";"2031";"sem vítima";"134";"BR-116/PR";"Sul";"Choque - Cancela de Pedagio";1;0;0;0;0;0;0;0;0;0;1;0;0;0;0
"15/03/2015";"12:57:00";"2035";"sem vítima";"166,2";"BR-116/PR";"Sul";"Colisão Transversal";2;0;0;0;0;0;0;0;0;0;2;0;0;0;0
"15/03/2015";"19:49:00";"2088";"sem vítima";"56,5";"BR-116/SC";"Sul";"Saida de Pista";1;0;0;0;0;0;0;0;0;0;1;0;0;0;0
"15/03/2015";"20:12:00";"2093";"com vítima";"117";"BR-116/PR";"Norte";"Queda de Moto";0;0;0;1;0;0;0;0;0;0;0;1;0;0;0
"15/03/2015";"21:28:00";"2100";"sem vítima";"214,1";"BR-116/SC";"Norte";"Saida de Pista";1;0;0;0;0;0;0;0;0;0;1;0;0;0;0
"16/03/2015";"05:51:00";"2145";"sem vítima";"203";"BR-116/PR";"Sul";"Choque - Cancela de Pedagio";0;0;1;0;0;0;0;0;0;0;1;0;0;0;0
"16/03/2015";"13:37:00";"2188";"sem vítima";"84";"BR-116/SC";"Sul";"Colisão Traseira";0;0;2;0;0;0;0;0;0;0;2;0;0;0;0
"16/03/2015";"16:44:00";"2217";"com vítima";"184,2";"BR-116/SC";"Norte";"Colisão Traseira";3;0;0;0;0;0;0;0;0;0;4;1;0;1;0
"16/03/2015";"18:24:00";"2225";"sem vítima";"134";"BR-116/PR";"Norte";"Choque - Cancela de Pedagio";1;0;0;0;0;0;0;0;0;0;1;0;0;0;0
"16/03/2015";"18:24:00";"2226";"com vítima";"185,4";"BR-116/SC";"Norte";"Colisão Frontal";1;0;1;0;0;0;0;0;0;0;2;0;0;1;0
"16/03/2015";"18:58:00";"2230";"sem vítima";"135";"BR-116/PR";"Sul";"Colisão Lateral";1;0;0;1;0;0;0;0;0;0;2;0;0;0;0
"17/03/2015";"08:31:00";"2298";"sem vítima";"134";"BR-116/PR";"Sul";"Colisão Traseira";1;0;1;0;0;0;0;0;0;0;2;0;0;0;0
"17/03/2015";"11:46:00";"2329";"sem vítima";"117,4";"BR-116/SC";"Norte";"Colisão Lateral";0;0;1;0;0;1;0;0;0;0;2;0;0;0;0
"17/03/2015";"14:26:00";"2342";"sem vítima";"204";"BR-116/PR";"Sul";"Choque - Cancela de Pedagio";1;0;0;0;0;0;0;0;0;0;2;0;0;0;0
"17/03/2015";"14:53:00";"2353";"sem vítima";"134";"BR-116/PR";"Sul";"Choque - Cancela de Pedagio";1;0;0;0;0;0;0;0;0;0;1;0;0;0;0
"17/03/2015";"16:44:00";"2374";"com vítima";"5,5";"BR-116/SC";"Norte";"Colisão Transversal";0;0;1;1;0;0;0;0;0;0;1;1;0;0;0
"18/03/2015";"08:23:00";"2450";"sem vítima";"204";"BR-116/PR";"Sul";"Objeto lançado contra veículo";0;0;1;0;0;0;0;0;0;0;1;0;0;0;0
"18/03/2015";"16:36:00";"2529";"sem vítima";"52";"BR-116/SC";"Sul";"Colisão Transversal";0;0;0;1;0;1;0;0;0;0;2;0;0;0;0
"18/03/2015";"17:24:00";"2534";"sem vítima";"81,6";"BR-116/SC";"Sul";"Choque - Cancela de Pedagio";1;0;0;0;0;0;0;0;0;0;1;0;0;0;0
"18/03/2015";"17:59:00";"2537";"sem vítima";"204";"BR-116/PR";"Norte";"Choque - Cancela de Pedagio";1;0;0;0;0;0;0;0;0;0;1;0;0;0;0
"18/03/2015";"18:44:00";"2544";"sem vítima";"175,4";"BR-116/SC";"Sul";"Choque - Veiculo parado no acostamento";0;0;1;0;0;1;0;0;0;0;2;0;0;0;0
"19/03/2015";"02:53:00";"2583";"sem vítima";"192";"BR-116/SC";"Sul";"Atropelamento de Animal";0;0;0;0;0;0;0;0;0;1;9;0;0;0;0
"19/03/2015";"07:00:00";"2599";"sem vítima";"119,9";"BR-116/PR";"Norte";"Colisão Traseira";3;0;0;0;0;0;0;0;0;0;3;0;0;0;0
"19/03/2015";"11:14:00";"2634";"sem vítima";"246";"BR-116/SC";"Sul";"Objeto lançado contra veículo";1;0;1;0;0;0;0;0;0;0;2;0;0;0;0
"19/03/2015";"11:46:00";"2638";"sem vítima";"122";"BR-116/SC";"Sul";"Choque - Veiculo parado no acostamento";0;0;1;0;0;0;0;0;0;1;2;0;0;0;0
"19/03/2015";"12:30:00";"2641";"sem vítima";"173,05";"BR-116/PR";"Sul";"Colisão Lateral";2;0;0;0;0;0;0;0;0;0;2;0;0;0;0
"19/03/2015";"12:33:00";"2642";"com vítima";"245,5";"BR-116/SC";"Sul";"Colisão Transversal";2;0;0;0;0;0;0;0;0;0;2;1;0;0;0
"19/03/2015";"14:26:00";"2646";"sem vítima";"223,2";"BR-116/SC";"Norte";"Colisão Lateral";0;0;2;0;0;0;0;0;0;0;2;0;0;0;0
"20/03/2015";"10:01:00";"2748";"sem vítima";"204";"BR-116/PR";"Sul";"Colisão Transversal";1;0;1;0;0;0;0;0;0;0;2;0;0;0;0
"20/03/2015";"13:56:00";"2781";"sem vítima";"79,3";"BR-116/SC";"Norte";"Choque - Objeto sobre a pista";0;0;1;0;0;0;0;0;0;0;1;0;0;0;0
"20/03/2015";"16:08:00";"2794";"sem vítima";"204";"BR-116/PR";"Sul";"Choque - Cancela de Pedagio";1;0;0;0;0;0;0;0;0;0;1;0;0;0;0
"20/03/2015";"17:24:00";"2803";"com vítima";"210,7";"BR-116/PR";"Norte";"Colisão Transversal";1;0;1;0;0;0;0;0;0;0;1;2;0;0;0
"20/03/2015";"20:41:00";"2825";"sem vítima";"233";"BR-116/SC";"Sul";"Choque - Defensa, barreira ou "submarino"";0;0;1;0;0;0;0;0;0;0;1;0;0;0;0
"20/03/2015";"22:21:00";"2828";"sem vítima";"132,5";"BR-116/SC";"Sul";"Objeto lançado contra veículo";1;0;0;0;0;0;0;0;0;0;2;0;0;0;0
"21/03/2015";"01:28:00";"2843";"sem vítima";"149";"BR-116/PR";"Norte";"Colisão Traseira";1;0;0;0;0;1;0;0;0;0;2;0;0;0;0
"21/03/2015";"05:43:00";"2864";"com vítima";"117";"BR-116/PR";"Norte";"Colisão Lateral";1;0;0;0;0;1;0;0;0;0;1;1;0;0;0
"21/03/2015";"09:48:00";"2885";"sem vítima";"124";"BR-116/PR";"Norte";"Colisão Traseira";1;0;1;0;0;0;0;0;0;1;4;0;0;0;0
"21/03/2015";"17:13:00";"2920";"com vítima";"143,8";"BR-116/PR";"Sul";"Colisão Lateral";2;0;0;0;0;0;0;0;0;0;2;1;0;0;0
"21/03/2015";"18:11:00";"2923";"com vítima";"129,7";"BR-116/PR";"Sul";"Colisão Frontal";2;0;0;0;0;0;0;0;0;0;0;2;0;0;0
"22/03/2015";"01:13:00";"2963";"sem vítima";"125";"BR-116/PR";"Sul";"Colisão Lateral";2;0;0;0;0;0;0;0;0;0;3;0;0;0;0
"22/03/2015";"09:55:00";"2982";"sem vítima";"141";"BR-116/PR";"Norte";"Saida de Pista";1;0;0;0;0;0;0;0;0;0;1;0;0;0;0
"22/03/2015";"10:19:00";"2984";"sem vítima";"204";"BR-116/PR";"Norte";"Choque - Cancela de Pedagio";1;0;0;0;0;0;0;0;0;0;1;0;0;0;0
"22/03/2015";"15:57:00";"2997";"com vítima";"115";"BR-116/SC";"Sul";"Colisão Traseira";1;0;0;1;0;0;0;0;0;0;1;1;0;0;0
"22/03/2015";"18:01:00";"3011";"sem vítima";"192,9";"BR-116/PR";"Norte";"Choque - Objeto sobre a pista";1;0;0;0;0;0;0;0;0;0;1;0;0;0;0
"22/03/2015";"20:04:00";"3017";"sem vítima";"219,7";"BR-116/SC";"Sul";"Objeto lançado contra veículo";1;0;0;0;0;0;0;0;0;1;2;0;0;0;0
"23/03/2015";"07:05:00";"3050";"sem vítima";"116";"BR-116/PR";"Norte";"Colisão Traseira";3;0;0;0;0;1;0;0;0;0;4;0;0;0;0
"23/03/2015";"11:16:00";"3077";"com vítima";"183";"BR-116/PR";"Norte";"Saida de Pista";0;0;0;1;0;0;0;0;0;0;0;0;0;1;0
"23/03/2015";"14:42:00";"3090";"sem vítima";"203,9";"BR-116/SC";"Sul";"Saida de Pista";0;0;1;0;0;0;0;0;0;0;1;0;0;0;0
"23/03/2015";"15:40:00";"3106";"sem vítima";"204";"BR-116/PR";"Sul";"Objeto lançado contra veículo";1;0;0;0;0;0;0;0;0;0;1;0;0;0;0
"23/03/2015";"17:17:00";"3124";"sem vítima";"232";"BR-116/SC";"Sul";"Objeto lançado contra veículo";1;0;0;0;0;0;0;0;0;0;1;0;0;0;0
"23/03/2015";"19:39:00";"3135";"sem vítima";"36";"BR-116/SC";"Norte";"Atropelamento de Animal";1;0;0;0;0;0;0;0;0;0;1;0;0;0;0
"24/03/2015";"01:22:00";"3156";"com vítima";"115,9";"BR-116/PR";"Sul";"Choque - Objeto sobre a pista";0;0;0;1;0;0;0;0;0;0;0;2;0;0;0
"24/03/2015";"02:02:00";"3158";"sem vítima";"115,9";"BR-116/PR";"Sul";"Colisão Lateral";1;0;0;0;0;0;0;0;0;0;1;0;0;0;0
"24/03/2015";"12:59:00";"3211";"sem vítima";"253,4";"BR-116/SC";"Sul";"Atropelamento de Animal";1;0;0;0;0;0;0;0;0;0;1;0;0;0;0
"24/03/2015";"13:47:00";"3218";"com vítima";"151";"BR-116/PR";"Sul";"Saida de Pista";1;0;0;0;0;0;0;0;0;0;0;1;0;0;0
"24/03/2015";"15:39:00";"3236";"sem vítima";"152,4";"BR-116/SC";"Sul";"Colisão Lateral";1;0;1;0;0;0;0;0;0;0;2;0;0;0;0
"24/03/2015";"19:20:00";"3260";"sem vítima";"204";"BR-116/PR";"Sul";"Choque - Cancela de Pedagio";1;0;0;0;0;0;0;0;0;0;1;0;0;0;0
"24/03/2015";"20:53:00";"3265";"sem vítima";"161";"BR-116/PR";"Norte";"Colisão Lateral";1;0;0;0;0;1;0;0;0;0;2;0;0;0;0
"24/03/2015";"22:38:00";"3270";"com vítima";"245,5";"BR-116/SC";"Sul";"Saida de Pista";0;0;0;1;0;0;0;0;0;0;0;1;0;0;0
"25/03/2015";"08:06:00";"3296";"com vítima";"17";"BR-116/SC";"Norte";"Colisão Lateral";1;0;0;0;0;0;0;0;0;1;1;1;0;0;0
"25/03/2015";"08:11:00";"3297";"sem vítima";"115";"BR-116/PR";"Norte";"Engavetamento";4;0;0;0;0;1;0;0;0;0;5;0;0;0;0
"25/03/2015";"08:30:00";"3299";"sem vítima";"117";"BR-116/PR";"Sul";"Colisão Traseira";1;0;0;0;0;1;0;0;0;0;2;0;0;0;0
"25/03/2015";"10:06:00";"3311";"sem vítima";"134";"BR-116/PR";"Sul";"Choque - Cancela de Pedagio";1;0;0;0;0;0;0;0;0;0;1;0;0;0;0
"25/03/2015";"11:30:00";"3322";"sem vítima";"135";"BR-116/PR";"Norte";"Choque - Objeto sobre a pista";1;0;0;0;0;0;0;0;0;0;1;0;0;0;0
"25/03/2015";"11:44:00";"3325";"sem vítima";"186";"BR-116/PR";"Norte";"Choque - Objeto sobre a pista";0;0;1;0;0;0;0;0;0;0;1;0;0;0;0
"25/03/2015";"13:22:00";"3331";"sem vítima";"138";"BR-116/SC";"Norte";"Choque - Objeto sobre a pista";1;0;0;0;0;0;0;0;0;0;1;0;0;0;0
"25/03/2015";"13:25:00";"3333";"sem vítima";"198,3";"BR-116/PR";"Norte";"Choque - Veiculo parado na pista";0;0;2;0;0;0;0;0;0;0;2;0;0;0;0
"25/03/2015";"15:17:00";"3350";"sem vítima";"121";"BR-116/PR";"Sul";"Colisão Traseira";1;0;0;0;0;0;0;0;0;2;4;0;0;0;0
"25/03/2015";"15:37:00";"3353";"com vítima";"115";"BR-116/PR";"Norte";"Atropelamento - Ciclista";0;1;0;1;0;0;0;0;0;0;0;2;0;0;0
"25/03/2015";"16:43:00";"3361";"sem vítima";"119";"BR-116/PR";"Sul";"Colisão Traseira";1;0;0;1;0;0;0;0;0;0;2;0;0;0;0
"25/03/2015";"18:36:00";"3370";"sem vítima";"166";"BR-116/PR";"Norte";"Colisão Transversal";1;0;1;0;0;0;0;0;0;0;2;0;0;0;0
"25/03/2015";"23:39:00";"3383";"sem vítima";"250,25";"BR-116/SC";"Norte";"Saida de Pista";1;0;0;0;0;0;0;0;0;0;1;0;0;0;0