data;horario;n_da_ocorrencia;tipo_de_ocorrencia;km;trecho;sentido;tipo_de_acidente;automovel;bicicleta;caminhao;moto;onibus;outros;tracao_animal;transporte_de_cargas_especiais;trator_maquinas;utilitarios;ilesos;levemente_feridos;moderadamente_feridos;gravemente_feridos;mortos
"26/03/2015";"04:26:00";"3405";"com vítima";"117,4";"BR-116/PR";"Norte";"Saida de Pista";1;0;0;0;0;0;0;0;0;0;0;1;0;0;0
"26/03/2015";"06:38:00";"3407";"sem vítima";"123,4";"BR-116/PR";"Norte";"Choque - Defensa, barreira ou "submarino"";1;0;0;0;0;0;0;0;0;0;1;0;0;0;0
"26/03/2015";"10:14:00";"3434";"sem vítima";"118";"BR-116/PR";"Sul";"Objeto lançado contra veículo";1;0;0;0;0;0;0;0;0;0;1;0;0;0;0
"26/03/2015";"14:30:00";"3457";"sem vítima";"118";"BR-116/PR";"Sul";"Colisão Lateral";1;0;0;0;0;0;0;0;0;1;2;0;0;0;0
"27/03/2015";"01:46:00";"3517";"sem vítima";"117,5";"BR-116/PR";"Norte";"Tombamento";0;0;1;0;0;0;0;0;0;0;1;0;0;0;0
"27/03/2015";"06:31:00";"3529";"sem vítima";"171,2";"BR-116/PR";"Norte";"Saida de Pista";0;0;1;0;0;0;0;0;0;0;1;0;0;0;0
"27/03/2015";"11:50:00";"3556";"sem vítima";"134";"BR-116/PR";"Sul";"Choque - Cancela de Pedagio";1;0;0;0;0;0;0;0;0;0;1;0;0;0;0
"27/03/2015";"14:07:00";"3563";"sem vítima";"197,6";"BR-116/PR";"Norte";"Saida de Pista";1;0;0;0;0;0;0;0;0;0;1;0;0;0;0
"27/03/2015";"14:20:00";"3565";"sem vítima";"132,9";"BR-116/PR";"Norte";"Colisão Traseira";1;0;0;0;0;0;0;0;0;1;4;0;0;0;0
"27/03/2015";"14:48:00";"3566";"com vítima";"148,3";"BR-116/SC";"Sul";"Saida de Pista";1;0;0;0;0;0;0;0;0;0;1;1;0;0;0
"27/03/2015";"16:17:00";"3573";"sem vítima";"204";"BR-116/PR";"Sul";"Choque - Cancela de Pedagio";0;0;0;0;0;0;0;0;0;1;2;0;0;0;0
"27/03/2015";"20:17:00";"3602";"com vítima";"125";"BR-116/PR";"Sul";"Colisão Transversal";2;0;0;0;0;0;0;0;0;0;2;2;0;0;0
"28/03/2015";"01:10:00";"3621";"com vítima";"129,7";"BR-116/PR";"Sul";"Colisão Transversal";2;0;0;0;0;0;0;0;0;0;1;1;0;0;0
"28/03/2015";"03:13:00";"3634";"sem vítima";"125,8";"BR-116/PR";"Norte";"Colisão Frontal";2;0;0;0;0;0;0;0;0;0;2;0;0;0;0
"28/03/2015";"06:08:00";"3646";"sem vítima";"257,64";"BR-116/SC";"Sul";"Colisão Frontal";0;0;3;0;0;0;0;0;0;0;3;0;0;0;0
"28/03/2015";"07:03:00";"3649";"com vítima";"231";"BR-116/SC";"Norte";"Colisão Frontal";2;0;0;0;0;0;0;0;0;0;0;3;0;0;0
"28/03/2015";"15:12:00";"3684";"com vítima";"236,5";"BR-116/SC";"Sul";"Colisão Frontal";1;0;1;0;0;0;0;0;0;0;1;2;0;0;0
"28/03/2015";"17:29:00";"3693";"sem vítima";"68";"BR-116/SC";"Norte";"Atropelamento de Animal";1;0;0;0;0;0;0;0;0;0;4;0;0;0;0
"28/03/2015";"18:03:00";"3696";"sem vítima";"134";"BR-116/PR";"Norte";"Choque - Cancela de Pedagio";0;0;0;0;0;0;0;0;0;1;1;0;0;0;0
"28/03/2015";"21:23:00";"3717";"sem vítima";"183,6";"BR-116/PR";"Sul";"Saida de Pista";0;0;1;0;0;0;0;0;0;0;3;0;0;0;0
"29/03/2015";"05:38:00";"3775";"sem vítima";"179";"BR-116/SC";"Norte";"Saida de Pista";1;0;0;0;0;0;0;0;0;0;1;0;0;0;0
"29/03/2015";"11:55:00";"3794";"sem vítima";"183,5";"BR-116/PR";"Sul";"Choque - Veiculo parado no acostamento";0;0;2;0;0;0;0;0;0;0;2;0;0;0;0
"29/03/2015";"17:39:00";"3827";"sem vítima";"117";"BR-116/PR";"Norte";"Saida de Pista";1;0;0;0;0;0;0;0;0;0;4;0;0;0;0
"29/03/2015";"18:56:00";"3832";"sem vítima";"187";"BR-116/PR";"Sul";"Objeto lançado contra veículo";0;0;1;0;0;0;0;0;0;0;1;0;0;0;0
"29/03/2015";"22:20:00";"3853";"sem vítima";"265,4";"BR-116/SC";"Sul";"Choque - Objeto sobre a pista";1;0;0;0;0;0;0;0;0;0;2;0;0;0;0
"30/03/2015";"02:31:00";"3868";"sem vítima";"154";"BR-116/PR";"Sul";"Saida de Pista";1;0;0;0;0;0;0;0;0;0;1;0;0;0;0
"30/03/2015";"15:26:00";"3929";"com vítima";"69";"BR-116/SC";"Norte";"Colisão Traseira";1;0;1;0;0;0;0;0;0;0;2;1;0;0;0
"30/03/2015";"21:05:00";"3958";"com vítima";"8,8";"BR-116/SC";"Sul";"Colisão Frontal";0;0;1;0;0;0;0;0;0;1;0;0;0;5;0
"31/03/2015";"06:52:00";"3988";"sem vítima";"134";"BR-116/PR";"Sul";"Choque - Cancela de Pedagio";1;0;0;0;0;0;0;0;0;0;1;0;0;0;0
"31/03/2015";"07:57:00";"3991";"sem vítima";"146,5";"BR-116/PR";"Sul";"Saida de Pista";1;0;0;0;0;0;0;0;0;0;1;0;0;0;0
"31/03/2015";"08:02:00";"3992";"sem vítima";"149,9";"BR-116/PR";"Sul";"Atropelamento de Animal";1;0;0;0;0;0;0;0;0;0;1;0;0;0;0
"31/03/2015";"08:02:00";"3993";"sem vítima";"11,8";"BR-116/SC";"Norte";"Colisão Lateral";1;0;1;0;0;0;0;0;0;0;2;0;0;0;0
"31/03/2015";"14:06:00";"4019";"sem vítima";"196";"BR-116/PR";"Sul";"Objeto lançado contra veículo";1;0;0;0;0;0;0;0;0;0;1;0;0;0;0
"31/03/2015";"16:04:00";"4045";"sem vítima";"130";"BR-116/PR";"Norte";"Objeto lançado contra veículo";1;0;0;0;0;0;0;0;0;0;1;0;0;0;0
"31/03/2015";"17:03:00";"4050";"sem vítima";"128";"BR-116/PR";"Sul";"Colisão Traseira";1;0;1;0;0;0;0;0;0;0;2;0;0;0;0
"31/03/2015";"20:25:00";"4072";"sem vítima";"17";"BR-116/SC";"Sul";"Atropelamento de Animal";1;0;0;0;0;0;0;0;0;0;1;0;0;0;0
"01/04/2015";"06:02:00";"19";"com vítima";"4,4";"BR-116/SC";"Norte";"Saida de Pista";0;0;1;0;0;0;0;0;0;0;0;1;0;0;0
"01/04/2015";"07:47:00";"23";"com vítima";"15,7";"BR-116/SC";"Norte";"Colisão Traseira";1;0;0;0;0;1;0;0;0;0;1;2;0;0;0
"01/04/2015";"08:03:00";"25";"sem vítima";"16,2";"BR-116/SC";"Norte";"Colisão Traseira";1;0;0;0;0;0;0;0;0;1;2;0;0;0;0
"01/04/2015";"10:23:00";"37";"sem vítima";"125";"BR-116/PR";"Norte";"Objeto lançado contra veículo";1;0;0;0;0;0;0;0;0;0;1;0;0;0;0
"01/04/2015";"10:27:00";"38";"sem vítima";"133";"BR-116/SC";"Sul";"Colisão Traseira";3;0;0;0;0;0;0;0;0;0;3;0;0;0;0
"01/04/2015";"13:39:00";"49";"sem vítima";"226,4";"BR-116/SC";"Norte";"Colisão Traseira";2;0;0;0;0;0;0;0;0;0;2;0;0;0;0
"01/04/2015";"15:25:00";"66";"com vítima";"186,08";"BR-116/PR";"Sul";"Choque - Defensa, barreira ou "submarino"";0;0;2;0;0;0;0;0;0;0;0;1;0;0;1
"01/04/2015";"15:41:00";"69";"sem vítima";"129";"BR-116/PR";"Sul";"Colisão Lateral";1;0;1;0;0;0;0;0;0;0;4;0;0;0;0
"02/04/2015";"00:25:00";"120";"com vítima";"122";"BR-116/PR";"Sul";"Atropelamento - Ciclista";0;1;0;0;0;1;0;0;0;0;1;0;0;0;1
"02/04/2015";"09:39:00";"148";"sem vítima";"134";"BR-116/PR";"Sul";"Objeto lançado contra veículo";1;0;0;0;0;0;0;0;0;0;1;0;0;0;0
"02/04/2015";"10:37:00";"153";"com vítima";"26";"BR-116/SC";"Sul";"Colisão Lateral";1;0;0;0;0;1;0;0;0;0;1;1;0;0;0
"02/04/2015";"12:15:00";"164";"com vítima";"4,5";"BR-116/SC";"Sul";"Queda de Moto";0;0;0;1;0;0;0;0;0;0;0;1;0;0;0
"02/04/2015";"14:05:00";"172";"sem vítima";"128";"BR-116/PR";"Norte";"Colisão Transversal";1;0;1;0;0;0;0;0;0;0;2;0;0;0;0
"02/04/2015";"16:07:00";"192";"sem vítima";"208";"BR-116/PR";"Sul";"Objeto lançado contra veículo";1;0;0;0;0;0;0;0;0;0;1;0;0;0;0
"02/04/2015";"16:11:00";"195";"sem vítima";"134";"BR-116/PR";"Sul";"Choque - Cancela de Pedagio";1;0;0;0;0;0;0;0;0;0;1;0;0;0;0
"02/04/2015";"16:36:00";"202";"com vítima";"116,1";"BR-116/PR";"Sul";"Atropelamento - Usuário";0;0;0;1;0;0;0;0;0;0;1;1;0;0;0
"02/04/2015";"17:39:00";"212";"com vítima";"128";"BR-116/PR";"Norte";"Colisão Traseira";2;0;1;0;0;0;0;0;0;0;4;1;0;0;0
"02/04/2015";"18:15:00";"214";"sem vítima";"128";"BR-116/PR";"Norte";"Colisão Traseira";1;0;0;0;0;1;0;0;0;0;2;0;0;0;0
"02/04/2015";"19:39:00";"229";"com vítima";"131,9";"BR-116/PR";"Norte";"Colisão Transversal";1;0;1;0;0;0;0;0;0;0;1;1;0;0;0
"03/04/2015";"02:23:00";"257";"sem vítima";"205,6";"BR-116/PR";"Sul";"Saida de Pista";1;0;0;0;0;0;0;0;0;0;1;0;0;0;0
"03/04/2015";"11:25:00";"297";"sem vítima";"127";"BR-116/SC";"Norte";"Choque - Suporte de Sinalização";1;0;0;0;0;0;0;0;0;0;1;0;0;0;0
"03/04/2015";"12:18:00";"303";"sem vítima";"134,4";"BR-116/PR";"Sul";"Choque - Veiculo parado na pista";1;0;0;0;0;0;0;0;0;1;8;0;0;0;0
"03/04/2015";"17:25:00";"344";"sem vítima";"131,15";"BR-116/PR";"Norte";"Saida de Pista";1;0;0;0;0;0;0;0;0;0;4;0;0;0;0
"03/04/2015";"18:26:00";"349";"sem vítima";"134";"BR-116/PR";"Sul";"Choque - Cancela de Pedagio";1;0;0;0;0;0;0;0;0;0;2;0;0;0;0
"03/04/2015";"21:07:00";"369";"sem vítima";"33";"BR-116/SC";"Norte";"Choque - Objeto sobre a pista";1;0;0;0;0;0;0;0;0;0;2;0;0;0;0
"04/04/2015";"05:42:00";"415";"com vítima";"173,7";"BR-116/SC";"Sul";"Saida de Pista";1;0;0;0;0;0;0;0;0;0;0;0;0;1;1
"04/04/2015";"13:12:00";"441";"sem vítima";"149";"BR-116/PR";"Norte";"Atropelamento de Animal";1;0;0;0;0;0;0;0;0;0;2;0;0;0;0
"04/04/2015";"17:29:00";"469";"sem vítima";"152";"BR-116/SC";"Norte";"Colisão Traseira";0;0;2;0;0;0;0;0;0;0;2;0;0;0;0
"04/04/2015";"18:47:00";"475";"sem vítima";"118";"BR-116/PR";"Sul";"Colisão Lateral";1;0;1;0;0;0;0;0;0;0;3;0;0;0;0
"05/04/2015";"13:55:00";"559";"com vítima";"167,7";"BR-116/SC";"Sul";"Colisão Lateral";2;0;0;0;0;0;0;0;0;0;5;1;0;0;0
"05/04/2015";"14:38:00";"573";"sem vítima";"35";"BR-116/SC";"Norte";"Objeto lançado contra veículo";0;0;0;0;0;0;0;0;0;1;3;0;0;0;0
"05/04/2015";"14:38:00";"572";"sem vítima";"129,8";"BR-116/PR";"Norte";"Colisão Traseira";2;0;0;0;0;0;0;0;0;0;7;0;0;0;0
"05/04/2015";"15:18:00";"580";"com vítima";"193,2";"BR-116/SC";"Sul";"Capotamento";1;0;0;0;0;0;0;0;0;0;3;1;0;0;0
"05/04/2015";"15:59:00";"582";"com vítima";"287,6";"BR-116/SC";"Norte";"Saida de Pista";1;0;0;0;0;0;0;0;0;0;0;5;0;0;0
"05/04/2015";"16:34:00";"587";"sem vítima";"152,2";"BR-116/PR";"Norte";"Colisão Traseira";2;0;0;0;0;1;0;0;0;0;7;0;0;0;0
"05/04/2015";"17:39:00";"601";"sem vítima";"135";"BR-116/PR";"Sul";"Colisão Transversal";2;0;0;0;0;0;0;0;0;0;5;0;0;0;0
"05/04/2015";"19:19:00";"613";"com vítima";"5,5";"BR-116/SC";"Norte";"Colisão Transversal";2;0;0;0;0;0;0;0;0;0;5;2;0;0;0
"05/04/2015";"20:02:00";"623";"sem vítima";"147";"BR-116/PR";"Norte";"Colisão Traseira";2;0;0;0;0;1;0;0;0;0;4;0;0;0;0
"05/04/2015";"20:42:00";"630";"sem vítima";"145";"BR-116/PR";"Sul";"Saida de Pista";1;0;0;0;0;0;0;0;0;0;1;0;0;0;0
"05/04/2015";"22:35:00";"648";"com vítima";"225";"BR-116/SC";"Sul";"Saida de Pista";1;0;0;0;0;0;0;0;0;0;0;1;0;0;0
"06/04/2015";"05:27:00";"678";"sem vítima";"81";"BR-116/SC";"Norte";"Choque - Cancela de Pedagio";0;0;1;0;0;0;0;0;0;0;1;0;0;0;0
"06/04/2015";"06:11:00";"681";"sem vítima";"129,8";"BR-116/PR";"Norte";"Queda de Moto";0;0;0;1;0;0;0;0;0;0;1;0;0;0;0
"06/04/2015";"07:21:00";"691";"sem vítima";"12,4";"BR-116/SC";"Norte";"Colisão Transversal";2;0;0;0;0;0;0;0;0;0;2;0;0;0;0
"06/04/2015";"07:39:00";"694";"sem vítima";"18,1";"BR-116/SC";"Norte";"Saida de Pista";1;0;0;0;0;0;0;0;0;0;1;0;0;0;0
"06/04/2015";"10:03:00";"721";"sem vítima";"204";"BR-116/PR";"Sul";"Choque - Cancela de Pedagio";0;0;0;0;0;0;0;0;0;1;1;0;0;0;0
"06/04/2015";"11:09:00";"729";"sem vítima";"164,5";"BR-116/PR";"Sul";"Colisão Transversal";2;0;0;0;0;0;0;0;0;0;2;0;0;0;0
"06/04/2015";"11:15:00";"731";"sem vítima";"81";"BR-116/SC";"Norte";"Choque - Cancela de Pedagio";1;0;0;0;0;0;0;0;0;0;1;0;0;0;0
"06/04/2015";"13:46:00";"743";"com vítima";"270";"BR-116/SC";"Sul";"Saida de Pista";1;0;0;0;0;0;0;0;0;0;0;1;0;0;0
"06/04/2015";"15:28:00";"761";"sem vítima";"220";"BR-116/SC";"Norte";"Objeto lançado contra veículo";0;0;2;0;0;0;0;0;0;0;2;0;0;0;0
"06/04/2015";"16:39:00";"772";"sem vítima";"134";"BR-116/PR";"Norte";"Colisão Traseira";0;0;0;0;0;0;0;0;0;2;4;0;0;0;0
"07/04/2015";"00:28:00";"810";"sem vítima";"106,5";"BR-116/SC";"Norte";"Saida de Pista";1;0;0;0;0;0;0;0;0;0;3;0;0;0;0
"07/04/2015";"06:57:00";"828";"sem vítima";"120";"BR-116/PR";"Norte";"Colisão Traseira";2;0;0;0;0;0;0;0;0;0;2;0;0;0;0
"07/04/2015";"16:16:00";"885";"sem vítima";"134";"BR-116/PR";"Norte";"Objeto lançado contra veículo";1;0;0;0;0;0;0;0;0;0;1;0;0;0;0
"07/04/2015";"17:17:00";"892";"sem vítima";"81";"BR-116/SC";"Sul";"Objeto lançado contra veículo";1;0;0;0;0;0;0;0;0;0;1;0;0;0;0
"07/04/2015";"17:46:00";"894";"com vítima";"133";"BR-116/SC";"Norte";"Queda de Moto";0;0;0;1;0;0;0;0;0;0;0;1;0;0;0
"07/04/2015";"18:02:00";"897";"sem vítima";"137";"BR-116/PR";"Norte";"Choque - Cancela de Pedagio";1;0;0;0;0;0;0;0;0;0;1;0;0;0;0
"07/04/2015";"19:32:00";"909";"sem vítima";"210,4";"BR-116/SC";"Sul";"Saida de Pista";1;0;0;0;0;0;0;0;0;0;1;0;0;0;0
"07/04/2015";"19:49:00";"912";"sem vítima";"276";"BR-116/SC";"Sul";"Objeto lançado contra veículo";1;0;0;0;0;0;0;0;0;0;2;0;0;0;0
"08/04/2015";"01:08:00";"934";"sem vítima";"100,5";"BR-116/SC";"Sul";"Saida de Pista";0;0;1;0;0;0;0;0;0;0;1;0;0;0;0
"08/04/2015";"09:46:00";"965";"sem vítima";"233";"BR-116/SC";"Sul";"Choque - Cancela de Pedagio";1;0;0;0;0;0;0;0;0;0;1;0;0;0;0
"08/04/2015";"11:10:00";"976";"sem vítima";"247,9";"BR-116/SC";"Sul";"Colisão Traseira";1;0;1;0;0;0;0;0;0;0;2;0;0;0;0
"08/04/2015";"14:32:00";"1002";"com vítima";"30";"BR-116/SC";"Sul";"Saida de Pista";1;0;0;0;0;0;0;0;0;0;0;1;0;0;0
"08/04/2015";"16:45:00";"1020";"sem vítima";"4,5";"BR-116/SC";"Sul";"Colisão Traseira";1;0;1;0;0;0;0;0;0;0;2;0;0;0;0
"08/04/2015";"17:24:00";"1025";"sem vítima";"138,9";"BR-116/SC";"Norte";"Objeto lançado contra veículo";1;0;0;0;0;0;0;0;0;0;1;0;0;0;0
"09/04/2015";"09:27:00";"1093";"sem vítima";"213,1";"BR-116/SC";"Norte";"Saida de Pista";1;0;1;0;0;0;0;0;0;0;2;0;0;0;0
"09/04/2015";"12:16:00";"1114";"com vítima";"187,5";"BR-116/SC";"Sul";"Colisão Traseira";1;0;1;0;0;0;0;0;0;0;3;2;0;1;0
"09/04/2015";"14:15:00";"1123";"sem vítima";"245,5";"BR-116/SC";"Norte";"Colisão Transversal";1;0;0;1;0;0;0;0;0;0;2;0;0;0;0
"09/04/2015";"17:48:00";"1148";"sem vítima";"118,9";"BR-116/PR";"Sul";"Colisão Lateral";2;0;0;0;0;0;0;0;0;0;2;0;0;0;0
"09/04/2015";"18:00:00";"1151";"sem vítima";"265,3";"BR-116/SC";"Norte";"Choque - Objeto sobre a pista";0;0;1;0;0;0;0;0;0;0;1;0;0;0;0
"09/04/2015";"18:22:00";"1156";"sem vítima";"115";"BR-116/PR";"Sul";"Colisão Transversal";1;0;1;0;0;0;0;0;0;0;2;0;0;0;0
"09/04/2015";"22:10:00";"1177";"com vítima";"205,3";"BR-116/PR";"Norte";"Colisão Lateral";2;0;1;0;0;0;0;0;0;0;3;1;0;1;0
"10/04/2015";"12:09:00";"1235";"sem vítima";"130";"BR-116/PR";"Sul";"Objeto lançado contra veículo";1;0;1;0;0;0;0;0;0;0;5;0;0;0;0
"10/04/2015";"12:45:00";"1238";"sem vítima";"204";"BR-116/PR";"Norte";"Colisão Lateral";2;0;0;0;0;0;0;0;0;0;3;0;0;0;0
"10/04/2015";"22:59:00";"1308";"sem vítima";"122";"BR-116/SC";"Sul";"Colisão Lateral";1;0;0;0;0;1;0;0;0;0;2;0;0;0;0
"10/04/2015";"23:20:00";"1310";"com vítima";"145,6";"BR-116/PR";"Norte";"Colisão Transversal";1;0;0;1;0;0;0;0;0;0;1;0;0;0;1
"11/04/2015";"07:42:00";"1330";"sem vítima";"19,5";"BR-116/SC";"Norte";"Colisão Traseira";2;0;0;0;0;0;0;0;0;0;2;0;0;0;0
"11/04/2015";"08:02:00";"1334";"com vítima";"209,8";"BR-116/SC";"Sul";"Colisão Transversal";0;0;1;1;0;0;0;0;0;0;1;0;0;1;0
"11/04/2015";"12:13:00";"1359";"sem vítima";"209";"BR-116/PR";"Norte";"Colisão Lateral";1;0;1;0;0;0;0;0;0;0;6;0;0;0;0
"11/04/2015";"14:12:00";"1367";"sem vítima";"134";"BR-116/PR";"Norte";"Choque - Cancela de Pedagio";1;0;0;0;0;0;0;0;0;0;4;0;0;0;0
"11/04/2015";"15:21:00";"1372";"sem vítima";"1,9";"BR-116/SC";"Norte";"Choque - Defensa, barreira ou "submarino"";0;0;1;0;0;0;0;0;0;0;1;0;0;0;0
"11/04/2015";"18:06:00";"1390";"sem vítima";"2";"BR-116/SC";"Norte";"Colisão Lateral";1;0;1;0;0;0;0;0;0;0;3;0;0;0;0
"11/04/2015";"18:21:00";"1394";"sem vítima";"141,6";"BR-116/PR";"Norte";"Colisão Lateral";1;0;1;0;0;0;0;0;0;0;3;0;0;0;0
"11/04/2015";"19:08:00";"1400";"sem vítima";"134";"BR-116/PR";"Sul";"Choque - Cancela de Pedagio";0;0;0;0;0;0;0;0;0;1;2;0;0;0;0
"11/04/2015";"21:26:00";"1414";"com vítima";"210,3";"BR-116/SC";"Sul";"Saida de Pista";1;0;0;0;0;0;0;0;0;0;0;1;0;0;0
"12/04/2015";"14:52:00";"1468";"sem vítima";"134";"BR-116/PR";"Norte";"Choque - Cancela de Pedagio";0;0;1;0;0;0;0;0;0;0;1;0;0;0;0
"12/04/2015";"19:47:00";"1502";"sem vítima";"204";"BR-116/PR";"Norte";"Choque - Cancela de Pedagio";1;0;0;0;0;0;0;0;0;0;2;0;0;0;0
"12/04/2015";"21:04:00";"1513";"sem vítima";"73";"BR-116/SC";"Norte";"Colisão Lateral";2;0;0;0;0;0;0;0;0;0;2;0;0;0;0
"13/04/2015";"05:51:00";"1541";"sem vítima";"256,9";"BR-116/SC";"Sul";"Colisão Traseira";1;0;1;0;0;0;0;0;0;0;2;0;0;0;0
"13/04/2015";"07:39:00";"1546";"sem vítima";"116,7";"BR-116/PR";"Norte";"Engavetamento";7;0;0;0;0;0;0;0;0;0;7;0;0;0;0
"13/04/2015";"08:08:00";"1547";"com vítima";"139";"BR-116/SC";"Norte";"Colisão Transversal";1;0;1;0;0;0;0;0;0;0;1;0;0;1;0
"13/04/2015";"13:08:00";"1584";"sem vítima";"145";"BR-116/PR";"Sul";"Choque - Outros";0;0;2;0;0;0;0;0;0;0;4;0;0;0;0
"13/04/2015";"13:22:00";"1589";"sem vítima";"7";"BR-116/SC";"Sul";"Choque - Objeto sobre a pista";1;0;0;0;0;0;0;0;0;0;4;0;0;0;0
"13/04/2015";"15:19:00";"1604";"com vítima";"68,3";"BR-116/SC";"Norte";"Colisão Traseira";2;0;0;0;0;0;0;0;0;0;5;1;0;0;0
"13/04/2015";"16:14:00";"1612";"sem vítima";"204";"BR-116/PR";"Norte";"Choque - Cancela de Pedagio";0;0;1;0;0;0;0;0;0;0;1;0;0;0;0
"13/04/2015";"16:27:00";"1615";"sem vítima";"129,8";"BR-116/PR";"Norte";"Colisão Transversal";1;0;0;0;0;1;0;0;0;0;2;0;0;0;0
"13/04/2015";"21:53:00";"1638";"com vítima";"131,8";"BR-116/PR";"Norte";"Colisão Transversal";1;0;0;0;0;1;0;0;0;0;3;2;0;0;0
"14/04/2015";"06:27:00";"1659";"com vítima";"126";"BR-116/PR";"Sul";"Colisão Lateral";1;0;0;1;0;0;0;0;0;0;1;1;0;0;0
"14/04/2015";"07:45:00";"1666";"sem vítima";"120,5";"BR-116/PR";"Norte";"Colisão Traseira";2;0;0;0;0;0;0;0;0;0;4;0;0;0;0
"14/04/2015";"08:55:00";"1678";"sem vítima";"161,6";"BR-116/PR";"Sul";"Saida de Pista";1;0;0;0;0;0;0;0;0;0;1;0;0;0;0
"14/04/2015";"14:23:00";"1722";"sem vítima";"139";"BR-116/SC";"Norte";"Colisão Transversal";0;0;1;0;0;0;0;0;0;1;3;0;0;0;0
"14/04/2015";"18:08:00";"1760";"sem vítima";"26,5";"BR-116/SC";"Sul";"Outros";0;0;1;0;0;0;0;0;0;0;1;0;0;0;0
"15/04/2015";"07:03:00";"1798";"com vítima";"22,5";"BR-116/SC";"Sul";"Colisão Frontal";1;0;0;1;0;0;0;0;0;0;1;1;0;0;0
"15/04/2015";"07:49:00";"1800";"sem vítima";"134";"BR-116/PR";"Sul";"Choque - Cancela de Pedagio";1;0;0;0;0;0;0;0;0;0;1;0;0;0;0
"15/04/2015";"08:34:00";"1804";"sem vítima";"197";"BR-116/PR";"Sul";"Choque - Outros";1;0;0;0;0;0;0;0;0;0;1;0;0;0;0
"15/04/2015";"11:28:00";"1818";"sem vítima";"119";"BR-116/PR";"Norte";"Choque - Suporte de Sinalização";0;0;1;0;0;0;0;0;0;0;1;0;0;0;0
"15/04/2015";"11:56:00";"1822";"sem vítima";"12";"BR-116/SC";"Norte";"Colisão Traseira";0;0;2;0;0;0;0;0;0;0;2;0;0;0;0
"15/04/2015";"12:59:00";"1826";"sem vítima";"3,9";"BR-116/SC";"Norte";"Choque - Veiculo parado na pista";2;0;0;0;0;0;0;0;0;0;2;0;0;0;0
"15/04/2015";"19:21:00";"1867";"sem vítima";"116";"BR-116/PR";"Sul";"Colisão Traseira";1;0;1;0;0;0;0;0;0;0;2;0;0;0;0
"15/04/2015";"23:06:00";"1876";"sem vítima";"81";"BR-116/SC";"Sul";"Objeto lançado contra veículo";1;0;0;0;0;0;0;0;0;0;1;0;0;0;0
"16/04/2015";"08:07:00";"1906";"sem vítima";"115";"BR-116/PR";"Norte";"Colisão Traseira";1;0;0;1;0;0;0;0;0;0;2;0;0;0;0
"16/04/2015";"10:05:00";"1923";"sem vítima";"204";"BR-116/PR";"Sul";"Choque - Cancela de Pedagio";1;0;0;0;0;0;0;0;0;0;1;0;0;0;0
"16/04/2015";"10:57:00";"1934";"sem vítima";"204,6";"BR-116/SC";"Sul";"Colisão Traseira";0;0;1;0;0;0;0;0;1;0;2;0;0;0;0
"16/04/2015";"10:57:00";"1935";"sem vítima";"4,5";"BR-116/SC";"Norte";"Colisão Lateral";1;0;0;0;0;1;0;0;0;0;2;0;0;0;0
"16/04/2015";"12:14:00";"1942";"sem vítima";"152";"BR-116/PR";"Norte";"Colisão Transversal";1;0;1;0;0;0;0;0;0;0;2;0;0;0;0
"16/04/2015";"12:55:00";"1946";"com vítima";"180,6";"BR-116/PR";"Sul";"Colisão Transversal";0;0;0;1;0;0;0;0;0;1;2;0;0;1;0
"16/04/2015";"14:34:00";"1954";"sem vítima";"134";"BR-116/PR";"Norte";"Choque - Cancela de Pedagio";1;0;0;0;0;0;0;0;0;0;1;0;0;0;0
"16/04/2015";"15:01:00";"1959";"com vítima";"126";"BR-116/PR";"Sul";"Colisão Lateral";0;0;1;1;0;0;0;0;0;0;1;0;0;1;0
"16/04/2015";"15:46:00";"1968";"com vítima";"242";"BR-116/SC";"Norte";"Colisão Lateral";1;0;0;0;0;0;0;0;0;1;2;3;0;0;0
"16/04/2015";"16:05:00";"1971";"sem vítima";"134";"BR-116/PR";"Norte";"Choque - Cancela de Pedagio";1;0;0;0;0;0;0;0;0;0;1;0;0;0;0
"16/04/2015";"16:19:00";"1975";"sem vítima";"139,5";"BR-116/PR";"Norte";"Saida de Pista";0;0;1;0;0;0;0;0;0;0;1;0;0;0;0
"16/04/2015";"17:47:00";"1985";"sem vítima";"152";"BR-116/SC";"Sul";"Objeto lançado contra veículo";0;0;0;0;0;0;0;0;0;1;1;0;0;0;0
"16/04/2015";"17:54:00";"1986";"sem vítima";"119";"BR-116/PR";"Norte";"Choque - Suporte de Sinalização";0;0;1;0;0;0;0;0;0;0;1;0;0;0;0
"16/04/2015";"17:54:00";"1987";"sem vítima";"117,8";"BR-116/PR";"Norte";"Choque - Suporte de Sinalização";0;0;1;0;0;0;0;0;0;0;1;0;0;0;0
"16/04/2015";"21:59:00";"2004";"sem vítima";"246,9";"BR-116/SC";"Sul";"Colisão Traseira";1;0;1;0;0;0;0;0;0;0;3;0;0;0;0
"17/04/2015";"07:48:00";"2030";"sem vítima";"134";"BR-116/PR";"Norte";"Choque - Objeto sobre a pista";1;0;0;0;0;0;0;0;0;0;1;0;0;0;0
"17/04/2015";"11:53:00";"2053";"com vítima";"11";"BR-116/SC";"Norte";"Choque - Veiculo parado na pista";1;0;2;0;0;0;0;0;0;0;2;1;0;0;0