data;horario;n_da_ocorrencia;tipo_de_ocorrencia;km;trecho;sentido;tipo_de_acidente;automovel;bicicleta;caminhao;moto;onibus;outros;tracao_animal;transporte_de_cargas_especiais;trator_maquinas;utilitarios;ilesos;levemente_feridos;moderadamente_feridos;gravemente_feridos;mortos
"17/04/2015";"13:40:00";"2064";"sem vítima";"119";"BR-116/PR";"Sul";"Saida de Pista";1;0;0;0;0;0;0;0;0;0;2;0;0;0;0
"17/04/2015";"22:15:00";"2117";"sem vítima";"162,5";"BR-116/PR";"Norte";"Choque - Objeto sobre a pista";1;0;0;0;0;0;0;0;0;0;1;0;0;0;0
"17/04/2015";"22:32:00";"2120";"sem vítima";"134";"BR-116/PR";"Norte";"Choque - Objeto sobre a pista";1;0;0;0;0;0;0;0;0;0;1;0;0;0;0
"18/04/2015";"09:26:00";"2161";"com vítima";"214,3";"BR-116/SC";"Sul";"Saida de Pista";1;0;0;0;0;0;0;0;0;0;0;1;0;0;0
"18/04/2015";"10:41:00";"2168";"sem vítima";"117";"BR-116/PR";"Sul";"Colisão Lateral";1;0;0;1;0;0;0;0;0;0;2;0;0;0;0
"18/04/2015";"11:34:00";"2172";"sem vítima";"134";"BR-116/PR";"Sul";"Choque - Cancela de Pedagio";1;0;0;0;0;0;0;0;0;0;1;0;0;0;0
"18/04/2015";"11:34:00";"2173";"sem vítima";"134";"BR-116/PR";"Sul";"Choque - Cancela de Pedagio";1;0;0;0;0;0;0;0;0;0;1;0;0;0;0
"18/04/2015";"12:47:00";"2177";"com vítima";"152,3";"BR-116/PR";"Sul";"Colisão Transversal";2;0;0;0;0;0;0;0;0;0;2;1;0;0;0
"18/04/2015";"14:36:00";"2184";"sem vítima";"129,7";"BR-116/PR";"Norte";"Colisão Transversal";2;0;0;0;0;0;0;0;0;0;4;0;0;0;0
"18/04/2015";"16:30:00";"2197";"com vítima";"290,6";"BR-116/SC";"Sul";"Colisão Lateral";1;0;1;0;0;0;0;0;0;0;2;4;0;0;0
"19/04/2015";"11:03:00";"2267";"sem vítima";"117";"BR-116/PR";"Sul";"Colisão Lateral";1;0;1;0;0;0;0;0;0;0;2;0;0;0;0
"19/04/2015";"18:12:00";"2295";"sem vítima";"131,15";"BR-116/PR";"Sul";"Colisão Transversal";2;0;0;0;0;0;0;0;0;0;2;0;0;0;0
"19/04/2015";"18:46:00";"2299";"sem vítima";"130";"BR-116/PR";"Norte";"Colisão Traseira";2;0;0;0;0;0;0;0;0;0;2;0;0;0;0
"19/04/2015";"22:16:00";"2310";"sem vítima";"175,8";"BR-116/SC";"Sul";"Saida de Pista";1;0;0;0;0;0;0;0;0;0;2;0;0;0;0
"20/04/2015";"06:27:00";"2331";"sem vítima";"116";"BR-116/SC";"Norte";"Saida de Pista";0;0;0;0;1;0;0;0;0;0;41;0;0;0;0
"20/04/2015";"07:42:00";"2333";"com vítima";"144";"BR-116/SC";"Norte";"Saida de Pista";0;0;1;0;0;0;0;0;0;0;0;1;0;0;0
"20/04/2015";"07:43:00";"2334";"sem vítima";"126,4";"BR-116/PR";"Norte";"Colisão Lateral";0;0;0;2;0;0;0;0;0;0;2;0;0;0;0
"20/04/2015";"09:18:00";"2340";"sem vítima";"107,7";"BR-116/SC";"Norte";"Tombamento";0;0;1;0;0;0;0;0;0;0;1;0;0;0;0
"20/04/2015";"10:00:00";"2341";"sem vítima";"155";"BR-116/PR";"Norte";"Objeto lançado contra veículo";0;0;1;0;0;1;0;0;0;0;2;0;0;0;0
"20/04/2015";"23:50:00";"2389";"com vítima";"120,5";"BR-116/PR";"Sul";"Colisão Traseira";1;0;1;0;0;0;0;0;0;0;2;0;0;2;0
"21/04/2015";"04:46:00";"2408";"sem vítima";"208";"BR-116/PR";"Sul";"Tombamento";0;0;0;1;0;0;0;0;0;0;1;0;0;0;0
"21/04/2015";"07:39:00";"2416";"sem vítima";"119,2";"BR-116/PR";"Sul";"Atropelamento de Animal";1;0;0;0;0;0;0;0;0;0;1;0;0;0;0
"21/04/2015";"10:11:00";"2433";"sem vítima";"134";"BR-116/PR";"Sul";"Choque - Cancela de Pedagio";1;0;0;0;0;0;0;0;0;0;3;0;0;0;0
"21/04/2015";"11:36:00";"2443";"sem vítima";"120";"BR-116/SC";"Sul";"Objeto lançado contra veículo";1;0;0;0;0;0;0;0;0;0;1;0;0;0;0
"21/04/2015";"11:37:00";"2444";"sem vítima";"75,6";"BR-116/SC";"Norte";"Tombamento";0;0;0;0;0;0;0;0;1;0;1;0;0;0;0
"21/04/2015";"17:28:00";"2466";"sem vítima";"134";"BR-116/PR";"Sul";"Choque - Cancela de Pedagio";1;0;0;0;0;0;0;0;0;0;1;0;0;0;0
"21/04/2015";"17:35:00";"2469";"sem vítima";"58,9";"BR-116/SC";"Norte";"Saida de Pista";1;0;0;0;0;0;0;0;0;0;1;0;0;0;0
"21/04/2015";"18:58:00";"2473";"sem vítima";"141,9";"BR-116/SC";"Norte";"Colisão Frontal";2;0;0;0;0;0;0;0;0;0;3;0;0;0;0
"21/04/2015";"20:46:00";"2482";"com vítima";"148";"BR-116/PR";"Sul";"Colisão Transversal";1;0;1;0;0;0;0;0;0;0;1;1;0;0;0
"22/04/2015";"01:08:00";"2496";"sem vítima";"117";"BR-116/PR";"Sul";"Saida de Pista";1;0;0;0;0;0;0;0;0;0;2;0;0;0;0
"22/04/2015";"06:28:00";"2516";"sem vítima";"122,8";"BR-116/PR";"Norte";"Colisão Traseira";0;0;1;0;0;0;0;0;0;1;2;0;0;0;0
"22/04/2015";"17:49:00";"2580";"sem vítima";"134";"BR-116/PR";"Norte";"Choque - Cancela de Pedagio";1;0;0;0;0;0;0;0;0;0;1;0;0;0;0
"23/04/2015";"01:38:00";"2611";"sem vítima";"42";"BR-116/SC";"Sul";"Colisão Traseira";0;0;4;0;0;0;0;0;0;0;7;0;0;0;0
"23/04/2015";"11:58:00";"2659";"sem vítima";"201,7";"BR-116/SC";"Norte";"Saida de Pista";0;0;1;0;0;0;0;0;0;0;1;0;0;0;0
"23/04/2015";"13:44:00";"2666";"sem vítima";"134";"BR-116/PR";"Norte";"Choque - Cancela de Pedagio";1;0;0;0;0;0;0;0;0;0;1;0;0;0;0
"23/04/2015";"13:54:00";"2668";"sem vítima";"134";"BR-116/PR";"Norte";"Choque - Cancela de Pedagio";0;0;0;0;0;0;0;0;0;1;1;0;0;0;0
"23/04/2015";"16:39:00";"2688";"sem vítima";"134";"BR-116/PR";"Norte";"Choque - Cancela de Pedagio";1;0;0;0;0;0;0;0;0;0;1;0;0;0;0
"23/04/2015";"18:02:00";"2693";"sem vítima";"134";"BR-116/PR";"Norte";"Choque - Cancela de Pedagio";1;0;0;0;0;0;0;0;0;0;1;0;0;0;0
"23/04/2015";"19:44:00";"2700";"com vítima";"149,4";"BR-116/SC";"Sul";"Saida de Pista";1;0;0;0;0;0;0;0;0;0;1;0;0;0;1
"24/04/2015";"07:22:00";"2737";"sem vítima";"119";"BR-116/PR";"Sul";"Colisão Lateral";1;0;0;0;0;1;0;0;0;0;2;0;0;0;0
"24/04/2015";"07:46:00";"2739";"sem vítima";"121";"BR-116/PR";"Norte";"Colisão Traseira";1;0;0;0;0;0;0;0;0;0;1;0;0;0;0
"24/04/2015";"13:30:00";"2770";"com vítima";"9,6";"BR-116/SC";"Sul";"Colisão Transversal";1;1;0;0;0;0;0;0;0;0;1;0;0;0;1
"24/04/2015";"19:02:00";"2811";"sem vítima";"115";"BR-116/PR";"Norte";"Colisão Traseira";3;0;0;0;0;0;0;0;0;0;3;0;0;0;0
"24/04/2015";"19:59:00";"2816";"sem vítima";"132";"BR-116/PR";"Sul";"Colisão Transversal";2;0;0;0;0;0;0;0;0;0;4;0;0;0;0
"24/04/2015";"20:29:00";"2821";"com vítima";"152";"BR-116/PR";"Sul";"Colisão Frontal";1;0;1;0;0;0;0;0;0;0;1;0;0;1;0
"25/04/2015";"01:50:00";"2836";"sem vítima";"4,5";"BR-116/SC";"Norte";"Colisão Transversal";1;0;1;0;0;0;0;0;0;0;2;0;0;0;0
"25/04/2015";"12:05:00";"2878";"sem vítima";"232";"BR-116/SC";"Sul";"Choque - Cancela de Pedagio";1;0;0;0;0;0;0;0;0;0;1;0;0;0;0
"25/04/2015";"14:01:00";"2887";"sem vítima";"247,1";"BR-116/SC";"Sul";"Objeto lançado contra veículo";1;0;0;0;0;0;0;0;0;0;3;0;0;0;0
"25/04/2015";"14:30:00";"2891";"sem vítima";"173,008";"BR-116/SC";"Sul";"Saida de Pista";1;0;0;0;0;0;0;0;0;0;1;0;0;0;0
"25/04/2015";"16:35:00";"2905";"sem vítima";"115,4";"BR-116/PR";"Norte";"Colisão Lateral";1;0;0;1;0;0;0;0;0;0;2;0;0;0;0
"26/04/2015";"07:39:00";"2953";"sem vítima";"280";"BR-116/SC";"Sul";"Saida de Pista";1;0;0;0;0;0;0;0;0;0;1;0;0;0;0
"26/04/2015";"19:38:00";"3010";"com vítima";"254,6";"BR-116/SC";"Sul";"Colisão Transversal";2;0;0;0;0;0;0;0;0;0;2;3;0;0;0
"27/04/2015";"06:17:00";"3039";"sem vítima";"193,1";"BR-116/PR";"Norte";"Colisão Traseira";1;0;1;0;0;0;0;0;0;0;6;0;0;0;0
"27/04/2015";"08:52:00";"3049";"sem vítima";"152";"BR-116/SC";"Sul";"Choque - Cancela de Pedagio";0;0;0;0;0;0;0;0;0;1;1;0;0;0;0
"27/04/2015";"09:25:00";"3053";"sem vítima";"167";"BR-116/PR";"Norte";"Choque - Veiculo parado no acostamento";0;0;1;0;0;0;0;0;0;1;2;0;0;0;0
"27/04/2015";"11:20:00";"3079";"com vítima";"5,5";"BR-116/SC";"Sul";"Colisão Transversal";1;0;0;1;0;0;0;0;0;0;2;1;0;0;0
"27/04/2015";"15:44:00";"3103";"sem vítima";"204";"BR-116/PR";"Norte";"Choque - Cancela de Pedagio";1;0;0;0;0;0;0;0;0;0;1;0;0;0;0
"27/04/2015";"22:49:00";"3152";"com vítima";"223,5";"BR-116/SC";"Norte";"Tombamento";0;0;1;0;0;0;0;0;0;0;0;1;0;0;0
"28/04/2015";"06:14:00";"3170";"com vítima";"308,7";"BR-116/SC";"Norte";"Tombamento";0;0;1;0;0;0;0;0;0;0;0;1;0;0;0
"28/04/2015";"07:34:00";"3171";"sem vítima";"129,7";"BR-116/PR";"Sul";"Colisão Transversal";2;0;0;0;0;0;0;0;0;0;2;0;0;0;0
"28/04/2015";"08:04:00";"3173";"sem vítima";"131,5";"BR-116/PR";"Norte";"Saida de Pista";1;0;0;0;0;0;0;0;0;0;1;0;0;0;0
"28/04/2015";"08:11:00";"3175";"sem vítima";"115,4";"BR-116/PR";"Norte";"Colisão Traseira";1;0;1;0;0;0;0;0;0;0;2;0;0;0;0
"28/04/2015";"10:48:00";"3192";"sem vítima";"81";"BR-116/SC";"Sul";"Objeto lançado contra veículo";1;0;0;0;0;0;0;0;0;0;1;0;0;0;0
"28/04/2015";"14:47:00";"3210";"sem vítima";"126";"BR-116/PR";"Norte";"Colisão Lateral";1;0;1;0;0;0;0;0;0;0;5;0;0;0;0
"28/04/2015";"17:22:00";"3232";"com vítima";"134,7";"BR-116/SC";"Sul";"Colisão Traseira";0;0;2;0;0;0;0;0;0;0;1;1;0;0;0
"28/04/2015";"17:26:00";"3233";"sem vítima";"119";"BR-116/PR";"Norte";"Colisão Lateral";0;0;1;0;0;0;0;0;0;1;2;0;0;0;0
"28/04/2015";"20:12:00";"3251";"com vítima";"60";"BR-116/SC";"Sul";"Colisão Transversal";1;0;0;1;0;0;0;0;0;0;2;0;0;1;0
"29/04/2015";"08:04:00";"3306";"com vítima";"248,5";"BR-116/SC";"Sul";"Colisão Lateral";1;0;0;1;0;0;0;0;0;0;2;1;0;0;0
"29/04/2015";"13:08:00";"3359";"sem vítima";"130";"BR-116/PR";"Sul";"Choque - Veiculo parado no acostamento";2;0;0;0;0;0;0;0;0;0;2;0;0;0;0
"29/04/2015";"14:30:00";"3368";"com vítima";"85";"BR-116/SC";"Sul";"Colisão Transversal";0;1;0;0;0;0;0;0;0;1;1;0;0;0;1
"30/04/2015";"05:41:00";"3437";"sem vítima";"122";"BR-116/PR";"Norte";"Colisão Traseira";1;0;1;0;0;0;0;0;0;0;2;0;0;0;0
"30/04/2015";"08:41:00";"3460";"sem vítima";"134";"BR-116/PR";"Sul";"Choque - Cancela de Pedagio";1;0;0;0;0;0;0;0;0;0;1;0;0;0;0
"30/04/2015";"18:04:00";"3544";"com vítima";"69";"BR-116/SC";"Sul";"Colisão Transversal";0;0;0;1;0;1;0;0;0;0;1;1;0;0;0
"30/04/2015";"19:04:00";"3549";"com vítima";"140";"BR-116/SC";"Norte";"Colisão Frontal";2;0;1;0;0;0;0;0;0;0;2;2;0;0;0
"30/04/2015";"19:17:00";"3553";"com vítima";"131,1";"BR-116/PR";"Sul";"Colisão Transversal";1;0;1;0;0;0;0;0;0;0;3;1;0;0;0
"01/05/2015";"09:15:00";"33";"sem vítima";"135";"BR-116/PR";"Norte";"Objeto lançado contra veículo";0;0;0;0;0;1;0;0;0;1;2;0;0;0;0
"01/05/2015";"14:50:00";"48";"com vítima";"252,2";"BR-116/SC";"Norte";"Colisão Traseira";0;0;0;2;0;0;0;0;0;0;1;2;0;0;0
"01/05/2015";"22:34:00";"89";"com vítima";"131,1";"BR-116/PR";"Sul";"Colisão Transversal";1;0;1;0;0;0;0;0;0;0;1;2;0;0;0
"02/05/2015";"09:38:00";"116";"sem vítima";"127";"BR-116/PR";"Sul";"Colisão Lateral";2;0;0;0;0;0;0;0;0;0;2;0;0;0;0
"02/05/2015";"12:09:00";"121";"sem vítima";"63,35";"BR-116/SC";"Sul";"Saida de Pista";1;0;0;0;0;0;0;0;0;0;1;0;0;0;0
"02/05/2015";"13:22:00";"125";"com vítima";"275,1";"BR-116/SC";"Norte";"Colisão Traseira";1;0;1;0;0;0;0;0;0;0;1;1;0;0;0
"02/05/2015";"14:10:00";"127";"com vítima";"137";"BR-116/SC";"Sul";"Saida de Pista";1;0;0;0;0;0;0;0;0;0;0;1;0;0;0
"02/05/2015";"14:46:00";"128";"sem vítima";"148,2";"BR-116/PR";"Sul";"Colisão Transversal";1;0;1;0;0;0;0;0;0;0;2;0;0;0;0
"02/05/2015";"19:03:00";"158";"com vítima";"126";"BR-116/PR";"Norte";"Queda de Moto";1;0;0;1;0;0;0;0;0;0;1;1;0;0;0
"02/05/2015";"20:29:00";"161";"sem vítima";"141";"BR-116/PR";"Norte";"Colisão Transversal";1;0;1;0;0;0;0;0;0;0;2;0;0;0;0
"03/05/2015";"00:59:00";"168";"sem vítima";"171,2";"BR-116/PR";"Norte";"Saida de Pista";1;0;0;0;0;0;0;0;0;0;2;0;0;0;0
"03/05/2015";"05:23:00";"183";"sem vítima";"49,5";"BR-116/SC";"Norte";"Colisão Lateral";1;0;2;0;0;0;0;0;0;0;3;0;0;0;0
"03/05/2015";"16:45:00";"210";"sem vítima";"261,7";"BR-116/SC";"Sul";"Colisão Lateral";1;0;1;0;0;0;0;0;0;0;3;0;0;0;0
"03/05/2015";"19:35:00";"227";"sem vítima";"245,5";"BR-116/SC";"Norte";"Colisão Transversal";2;0;0;0;0;0;0;0;0;0;2;0;0;0;0
"03/05/2015";"19:48:00";"229";"sem vítima";"134";"BR-116/PR";"Norte";"Colisão Lateral";1;0;1;0;0;0;0;0;0;0;2;0;0;0;0
"03/05/2015";"22:29:00";"238";"sem vítima";"18,4";"BR-116/SC";"Norte";"Saida de Pista";0;0;0;1;0;0;0;0;0;0;1;0;0;0;0
"04/05/2015";"00:08:00";"245";"sem vítima";"203,8";"BR-116/SC";"Sul";"Colisão Frontal";2;0;0;0;0;0;0;0;0;0;4;0;0;0;0
"04/05/2015";"06:51:00";"263";"sem vítima";"309";"BR-116/SC";"Sul";"Saida de Pista";1;0;0;0;0;0;0;0;0;0;1;0;0;0;0
"04/05/2015";"09:25:00";"280";"sem vítima";"115";"BR-116/SC";"Norte";"Colisão Traseira";1;0;0;0;0;0;0;0;0;2;3;0;0;0;0
"04/05/2015";"11:29:00";"292";"sem vítima";"150,2";"BR-116/PR";"Sul";"Colisão Lateral";0;0;2;0;0;0;0;0;0;0;2;0;0;0;0
"04/05/2015";"12:25:00";"297";"sem vítima";"81";"BR-116/SC";"Sul";"Choque - Cancela de Pedagio";1;0;0;0;0;0;0;0;0;0;1;0;0;0;0
"04/05/2015";"18:25:00";"333";"com vítima";"164";"BR-116/PR";"Norte";"Atropelamento - Ciclista";1;1;0;0;0;0;0;0;0;0;1;1;0;0;0
"05/05/2015";"00:35:00";"351";"sem vítima";"224,8";"BR-116/SC";"Norte";"Atropelamento de Animal";1;0;0;0;0;0;0;0;0;0;1;0;0;0;0
"05/05/2015";"07:20:00";"372";"com vítima";"118,1";"BR-116/PR";"Norte";"Atropelamento - Usuário";1;0;0;0;0;0;0;0;0;0;1;1;0;0;0
"05/05/2015";"08:27:00";"380";"sem vítima";"233";"BR-116/SC";"Sul";"Choque - Cancela de Pedagio";1;0;0;0;0;0;0;0;0;0;1;0;0;0;0
"05/05/2015";"09:06:00";"384";"com vítima";"141,05";"BR-116/PR";"Norte";"Queda de Moto";0;0;0;1;0;0;0;0;0;0;0;1;0;0;0
"05/05/2015";"10:02:00";"393";"sem vítima";"128";"BR-116/PR";"Sul";"Colisão Lateral";1;0;1;0;0;0;0;0;0;0;2;0;0;0;0
"05/05/2015";"10:34:00";"399";"sem vítima";"197";"BR-116/SC";"Sul";"Objeto lançado contra veículo";0;0;1;0;0;0;0;0;0;0;1;0;0;0;0
"05/05/2015";"12:10:00";"410";"sem vítima";"245,6";"BR-116/SC";"Norte";"Colisão Transversal";1;0;1;0;0;0;0;0;0;0;2;0;0;0;0
"05/05/2015";"12:22:00";"414";"sem vítima";"81";"BR-116/SC";"Norte";"Objeto lançado contra veículo";1;0;0;0;0;0;0;0;0;0;1;0;0;0;0
"05/05/2015";"17:47:00";"458";"sem vítima";"130";"BR-116/PR";"Sul";"Objeto lançado contra veículo";1;0;0;0;0;0;0;0;0;0;1;0;0;0;0
"05/05/2015";"17:59:00";"461";"sem vítima";"173,1";"BR-116/PR";"Sul";"Saida de Pista";1;0;0;0;0;0;0;0;0;0;1;0;0;0;0
"05/05/2015";"22:45:00";"479";"sem vítima";"37,4";"BR-116/SC";"Sul";"Saida de Pista";1;0;0;0;0;0;0;0;0;0;1;0;0;0;0
"06/05/2015";"08:57:00";"525";"sem vítima";"42";"BR-116/SC";"Norte";"Objeto lançado contra veículo";1;0;0;0;0;0;0;0;0;0;1;0;0;0;0
"06/05/2015";"10:08:00";"533";"sem vítima";"134";"BR-116/PR";"Norte";"Choque - Cancela de Pedagio";0;0;0;0;0;0;0;0;0;1;3;0;0;0;0
"06/05/2015";"10:50:00";"541";"sem vítima";"204";"BR-116/PR";"Sul";"Colisão Lateral";0;0;1;0;0;1;0;0;0;0;2;0;0;0;0
"06/05/2015";"10:54:00";"545";"sem vítima";"115";"BR-116/PR";"Sul";"Colisão Transversal";1;0;1;0;0;0;0;0;0;0;2;0;0;0;0
"06/05/2015";"14:28:00";"558";"sem vítima";"81";"BR-116/SC";"Norte";"Choque - Cancela de Pedagio";0;0;0;0;0;0;0;0;0;1;1;0;0;0;0
"06/05/2015";"16:33:00";"579";"com vítima";"129";"BR-116/PR";"Norte";"Colisão Transversal";0;1;0;1;0;0;0;0;0;0;1;2;0;0;0
"06/05/2015";"20:00:00";"599";"sem vítima";"134";"BR-116/PR";"Norte";"Choque - Cancela de Pedagio";0;0;0;0;0;0;0;0;0;1;1;0;0;0;0
"06/05/2015";"22:33:00";"612";"com vítima";"133";"BR-116/SC";"Norte";"Colisão Frontal";1;0;1;0;0;0;0;0;0;0;1;1;0;1;0
"06/05/2015";"22:44:00";"613";"com vítima";"64,4";"BR-116/SC";"Norte";"Colisão Lateral";0;0;1;0;0;1;0;0;0;0;1;1;0;0;0
"06/05/2015";"23:31:00";"616";"sem vítima";"128";"BR-116/PR";"Norte";"Saida de Pista";1;0;0;0;0;0;0;0;0;0;1;0;0;0;0
"07/05/2015";"08:05:00";"645";"sem vítima";"118,8";"BR-116/PR";"Sul";"Colisão Lateral";2;0;0;0;0;0;0;0;0;0;2;0;0;0;0
"07/05/2015";"16:00:00";"709";"sem vítima";"173,8";"BR-116/SC";"Sul";"Saida de Pista";0;0;0;0;0;0;0;0;0;1;1;0;0;0;0
"07/05/2015";"17:29:00";"715";"com vítima";"115";"BR-116/PR";"Norte";"Colisão Lateral";0;0;0;1;0;0;0;0;0;1;1;1;0;0;0
"07/05/2015";"21:54:00";"730";"sem vítima";"235,8";"BR-116/SC";"Norte";"Saida de Pista";1;0;0;0;0;0;0;0;0;0;1;0;0;0;0
"08/05/2015";"02:28:00";"742";"com vítima";"180,1";"BR-116/SC";"Norte";"Colisão Frontal";1;0;1;0;0;0;0;0;0;0;1;1;0;0;0
"08/05/2015";"08:50:00";"767";"sem vítima";"115";"BR-116/PR";"Norte";"Colisão Traseira";1;0;0;1;0;0;0;0;0;0;2;0;0;0;0
"08/05/2015";"12:25:00";"794";"sem vítima";"134";"BR-116/PR";"Sul";"Choque - Suporte de Sinalização";1;0;0;0;0;0;0;0;0;0;1;0;0;0;0
"08/05/2015";"12:36:00";"796";"sem vítima";"139";"BR-116/SC";"Norte";"Colisão Traseira";2;0;0;0;0;0;0;0;0;0;2;0;0;0;0
"08/05/2015";"13:25:00";"799";"sem vítima";"204";"BR-116/PR";"Norte";"Choque - Cancela de Pedagio";1;0;0;0;0;0;0;0;0;0;1;0;0;0;0
"08/05/2015";"15:23:00";"812";"com vítima";"30,8";"BR-116/SC";"Sul";"Colisão Lateral";2;0;0;1;0;0;0;0;0;0;2;1;0;0;0
"08/05/2015";"16:28:00";"823";"com vítima";"161";"BR-116/SC";"Sul";"Outros";0;0;0;0;0;0;0;0;0;1;4;1;0;0;0
"08/05/2015";"16:36:00";"824";"com vítima";"265,6";"BR-116/SC";"Sul";"Saida de Pista";1;0;0;0;0;0;0;0;0;0;0;1;0;0;0
"08/05/2015";"17:30:00";"828";"com vítima";"169,1";"BR-116/SC";"Sul";"Saida de Pista";1;0;0;0;0;0;0;0;0;0;0;3;0;0;0
"08/05/2015";"18:42:00";"837";"sem vítima";"138";"BR-116/SC";"Norte";"Colisão Lateral";0;0;2;0;0;0;0;0;0;1;3;0;0;0;0
"08/05/2015";"21:34:00";"847";"sem vítima";"204";"BR-116/PR";"Sul";"Choque - Cancela de Pedagio";1;0;0;0;0;0;0;0;0;0;1;0;0;0;0
"09/05/2015";"05:27:00";"874";"sem vítima";"129,8";"BR-116/PR";"Norte";"Colisão Lateral";1;0;0;1;0;0;0;0;0;0;3;0;0;0;0
"09/05/2015";"08:41:00";"882";"sem vítima";"203";"BR-116/PR";"Norte";"Choque - Cancela de Pedagio";1;0;0;0;0;0;0;0;0;0;1;0;0;0;0
"09/05/2015";"10:14:00";"891";"sem vítima";"134";"BR-116/PR";"Sul";"Colisão Lateral";1;0;1;0;0;0;0;0;0;0;2;0;0;0;0
"09/05/2015";"12:24:00";"900";"sem vítima";"134";"BR-116/PR";"Norte";"Choque - Cancela de Pedagio";1;0;0;0;0;0;0;0;0;0;1;0;0;0;0
"09/05/2015";"12:28:00";"901";"sem vítima";"134";"BR-116/PR";"Norte";"Choque - Cancela de Pedagio";1;0;0;0;0;0;0;0;0;0;1;0;0;0;0
"09/05/2015";"13:28:00";"906";"sem vítima";"117,5";"BR-116/PR";"Norte";"Queda de Moto";0;0;0;1;0;1;0;0;0;0;2;0;0;0;0
"09/05/2015";"18:23:00";"949";"sem vítima";"121";"BR-116/PR";"Norte";"Colisão Traseira";2;0;0;0;0;0;0;0;0;0;3;0;0;0;0
"09/05/2015";"20:05:00";"962";"com vítima";"148,1";"BR-116/PR";"Sul";"Colisão Lateral";2;0;0;0;0;0;0;0;0;0;0;0;0;1;3
"09/05/2015";"23:06:00";"972";"com vítima";"235,2";"BR-116/SC";"Sul";"Saida de Pista";1;0;0;0;0;0;0;0;0;0;0;1;0;0;0
"10/05/2015";"01:13:00";"984";"com vítima";"231,6";"BR-116/SC";"Sul";"Colisão Traseira";2;0;0;0;0;1;0;0;0;0;5;1;0;0;0
"10/05/2015";"03:00:00";"991";"com vítima";"217,5";"BR-116/SC";"Sul";"Colisão Transversal";2;0;0;0;0;0;0;0;0;0;0;2;0;0;0
"10/05/2015";"05:12:00";"1003";"sem vítima";"117,2";"BR-116/SC";"Sul";"Saida de Pista";1;0;0;0;0;0;0;0;0;0;2;0;0;0;0
"10/05/2015";"07:38:00";"1005";"sem vítima";"118";"BR-116/PR";"Sul";"Saida de Pista";1;0;0;0;0;0;0;0;0;0;1;0;0;0;0
"10/05/2015";"11:34:00";"1027";"com vítima";"144,7";"BR-116/SC";"Norte";"Colisão Frontal";1;0;1;0;0;0;0;0;0;0;1;0;0;1;0
"10/05/2015";"11:38:00";"1029";"sem vítima";"117";"BR-116/PR";"Sul";"Colisão Lateral";2;0;0;0;0;0;0;0;0;0;2;0;0;0;0
"10/05/2015";"20:43:00";"1095";"com vítima";"114,9";"BR-116/SC";"Sul";"Saida de Pista";1;0;0;0;0;0;0;0;0;0;5;1;0;0;0
"11/05/2015";"06:44:00";"1119";"sem vítima";"142,1";"BR-116/PR";"Norte";"Colisão Lateral";0;0;1;0;0;0;0;0;0;1;2;0;0;0;0
"11/05/2015";"12:54:00";"1164";"sem vítima";"4";"BR-116/SC";"Norte";"Objeto lançado contra veículo";1;0;0;0;0;1;0;0;0;0;2;0;0;0;0
"11/05/2015";"17:05:00";"1195";"sem vítima";"204";"BR-116/PR";"Sul";"Choque - Cancela de Pedagio";1;0;0;0;0;0;0;0;0;0;1;0;0;0;0
"11/05/2015";"17:36:00";"1199";"com vítima";"155";"BR-116/PR";"Norte";"Saida de Pista";1;0;0;0;0;0;0;0;0;0;0;1;0;0;0
"11/05/2015";"18:37:00";"1203";"sem vítima";"115";"BR-116/PR";"Norte";"Colisão Traseira";3;0;0;0;0;0;0;0;0;0;3;0;0;0;0
"11/05/2015";"19:37:00";"1207";"sem vítima";"134";"BR-116/PR";"Norte";"Choque - Cancela de Pedagio";1;0;0;0;0;0;0;0;0;0;1;0;0;0;0
"12/05/2015";"09:22:00";"1252";"com vítima";"155,2";"BR-116/SC";"Sul";"Saida de Pista";0;0;1;0;0;0;0;0;0;0;0;1;0;1;0
"12/05/2015";"12:01:00";"1261";"sem vítima";"134";"BR-116/PR";"Sul";"Choque - Cancela de Pedagio";1;0;0;0;0;0;0;0;0;0;1;0;0;0;0
"12/05/2015";"18:08:00";"1309";"com vítima";"116,8";"BR-116/SC";"Norte";"Saida de Pista";1;0;0;0;0;0;0;0;0;0;0;2;0;3;0
"12/05/2015";"18:46:00";"1313";"sem vítima";"116,7";"BR-116/SC";"Norte";"Choque - Objeto sobre a pista";1;0;0;0;0;0;0;0;0;0;4;0;0;0;0
"12/05/2015";"19:04:00";"1317";"sem vítima";"140,85";"BR-116/SC";"Sul";"Choque - Talude";1;0;0;0;0;0;0;0;0;0;1;0;0;0;0
"12/05/2015";"21:54:00";"1324";"com vítima";"246,9";"BR-116/SC";"Sul";"Colisão Transversal";1;0;0;1;0;0;0;0;0;0;2;1;0;0;0
"13/05/2015";"08:32:00";"1357";"sem vítima";"203";"BR-116/PR";"Sul";"Choque - Cancela de Pedagio";1;0;0;0;0;0;0;0;0;0;1;0;0;0;0
"13/05/2015";"09:03:00";"1360";"sem vítima";"137";"BR-116/PR";"Norte";"Objeto lançado contra veículo";0;0;1;0;0;0;0;0;0;0;1;0;0;0;0
"13/05/2015";"10:53:00";"1371";"sem vítima";"181";"BR-116/SC";"Norte";"Saida de Pista";1;0;0;0;0;0;0;0;0;0;1;0;0;0;0