data;horario;n_da_ocorrencia;tipo_de_ocorrencia;km;trecho;sentido;tipo_de_acidente;automovel;bicicleta;caminhao;moto;onibus;outros;tracao_animal;transporte_de_cargas_especiais;trator_maquinas;utilitarios;ilesos;levemente_feridos;moderadamente_feridos;gravemente_feridos;mortos
"19/07/2015";"04:26:00";"2184";"sem vítima";"237,4";"BR-116/SC";"Sul";"Saida de Pista";1;0;0;0;0;0;0;0;0;0;4;0;0;0;0
"19/07/2015";"09:40:00";"2211";"sem vítima";"196,7";"BR-116/SC";"Sul";"Objeto lançado contra veículo";2;0;0;0;0;0;0;0;0;0;4;0;0;0;0
"19/07/2015";"13:50:00";"2231";"sem vítima";"4";"BR-116/SC";"Sul";"Colisão Traseira";0;0;0;1;0;1;0;0;0;0;3;0;0;0;0
"19/07/2015";"16:25:00";"2258";"sem vítima";"134";"BR-116/PR";"Norte";"Choque - Cancela de Pedagio";0;0;0;0;0;0;0;0;0;1;1;0;0;0;0
"19/07/2015";"16:30:00";"2260";"sem vítima";"138,7";"BR-116/PR";"Norte";"Colisão Transversal";2;0;0;0;0;0;0;0;0;0;2;0;0;0;0
"19/07/2015";"16:42:00";"2262";"sem vítima";"134";"BR-116/PR";"Norte";"Choque - Cancela de Pedagio";1;0;0;0;0;0;0;0;0;0;1;0;0;0;0
"19/07/2015";"17:17:00";"2266";"sem vítima";"134";"BR-116/PR";"Norte";"Choque - Cancela de Pedagio";1;0;0;0;0;0;0;0;0;0;1;0;0;0;0
"19/07/2015";"19:18:00";"2280";"sem vítima";"117";"BR-116/PR";"Norte";"Colisão Traseira";1;0;0;0;0;2;0;0;0;0;3;0;0;0;0
"19/07/2015";"19:22:00";"2282";"sem vítima";"166,85";"BR-116/PR";"Norte";"Colisão Transversal";1;0;1;0;0;0;0;0;0;0;2;0;0;0;0
"19/07/2015";"19:52:00";"2286";"sem vítima";"82";"BR-116/SC";"Norte";"Colisão Traseira";2;0;0;0;0;0;0;0;0;0;2;0;0;0;0
"20/07/2015";"05:54:00";"2333";"sem vítima";"122";"BR-116/PR";"Norte";"Colisão Traseira";2;0;0;0;0;0;0;0;0;0;2;0;0;0;0
"20/07/2015";"07:20:00";"2336";"sem vítima";"120,5";"BR-116/PR";"Norte";"Colisão Traseira";2;0;0;0;0;0;0;0;0;0;2;0;0;0;0
"20/07/2015";"08:40:00";"2344";"sem vítima";"117,5";"BR-116/PR";"Norte";"Colisão Traseira";1;0;0;0;0;1;0;0;0;0;2;0;0;0;0
"20/07/2015";"16:36:00";"2392";"sem vítima";"241,73";"BR-116/SC";"Sul";"Saida de Pista";1;0;0;0;0;0;0;0;0;0;3;0;0;0;0
"20/07/2015";"21:06:00";"2423";"sem vítima";"245,5";"BR-116/SC";"Norte";"Colisão Transversal";2;0;0;0;0;0;0;0;0;0;2;0;0;0;0
"20/07/2015";"22:56:00";"2426";"sem vítima";"32,4";"BR-116/SC";"Norte";"Choque - Objeto sobre a pista";0;0;1;0;0;0;0;0;0;0;1;0;0;0;0
"20/07/2015";"23:16:00";"2427";"com vítima";"84,9";"BR-116/SC";"Norte";"Colisão Traseira";0;0;2;0;0;1;0;0;0;0;2;1;0;0;0
"21/07/2015";"10:17:00";"2458";"sem vítima";"141";"BR-116/PR";"Norte";"Queda de Moto";0;0;0;1;0;0;0;0;0;0;1;0;0;0;0
"21/07/2015";"10:38:00";"2462";"sem vítima";"211";"BR-116/PR";"Norte";"Choque - Objeto sobre a pista";0;0;1;0;0;0;0;0;0;0;1;0;0;0;0
"21/07/2015";"11:33:00";"2469";"sem vítima";"81";"BR-116/SC";"Sul";"Choque - Cancela de Pedagio";1;0;0;0;0;0;0;0;0;0;1;0;0;0;0
"21/07/2015";"18:11:00";"2508";"sem vítima";"204";"BR-116/PR";"Norte";"Choque - Cancela de Pedagio";1;0;0;0;0;0;0;0;0;0;1;0;0;0;0
"21/07/2015";"22:52:00";"2532";"sem vítima";"134";"BR-116/PR";"Norte";"Choque - Cancela de Pedagio";1;0;0;0;0;0;0;0;0;0;1;0;0;0;0
"22/07/2015";"14:31:00";"2593";"sem vítima";"152";"BR-116/SC";"Sul";"Choque - Cancela de Pedagio";0;0;0;0;0;0;0;0;0;1;1;0;0;0;0
"22/07/2015";"17:42:00";"2628";"com vítima";"120";"BR-116/SC";"Sul";"Colisão Traseira";0;0;0;0;0;1;0;0;0;1;5;1;0;0;0
"22/07/2015";"19:45:00";"2639";"sem vítima";"303";"BR-116/SC";"Sul";"Saida de Pista";1;0;0;0;0;0;0;0;0;0;2;0;0;0;0
"22/07/2015";"23:38:00";"2653";"sem vítima";"152";"BR-116/SC";"Norte";"Choque - Cancela de Pedagio";0;0;1;0;0;0;0;0;0;0;1;0;0;0;0
"22/07/2015";"23:51:00";"2657";"sem vítima";"41,5";"BR-116/SC";"Norte";"Saida de Pista";1;0;0;0;0;0;0;0;0;0;1;0;0;0;0
"23/07/2015";"02:31:00";"2671";"com vítima";"121,5";"BR-116/SC";"Norte";"Saida de Pista";1;0;0;0;0;0;0;0;0;0;0;1;0;0;0
"23/07/2015";"07:39:00";"2696";"sem vítima";"80,3";"BR-116/SC";"Sul";"Atropelamento de Animal";1;0;0;0;0;0;0;0;0;0;5;0;0;0;0
"23/07/2015";"08:17:00";"2701";"sem vítima";"117,5";"BR-116/PR";"Norte";"Saida de Pista";2;0;0;0;0;0;0;0;0;0;2;0;0;0;0
"23/07/2015";"10:51:00";"2715";"sem vítima";"7,7";"BR-116/SC";"Sul";"Colisão Traseira";0;0;2;0;0;0;0;0;0;0;2;0;0;0;0
"23/07/2015";"12:08:00";"2725";"com vítima";"115,5";"BR-116/PR";"Sul";"Colisão Traseira";0;0;0;2;0;0;0;0;0;0;0;2;0;0;0
"23/07/2015";"16:02:00";"2759";"sem vítima";"96";"BR-116/SC";"Norte";"Choque - Objeto sobre a pista";0;0;1;0;0;0;0;0;0;0;1;0;0;0;0
"23/07/2015";"16:27:00";"2763";"sem vítima";"204";"BR-116/PR";"Sul";"Choque - Cancela de Pedagio";0;0;1;0;0;0;0;0;0;0;2;0;0;0;0
"23/07/2015";"19:16:00";"2776";"com vítima";"246,1";"BR-116/SC";"Norte";"Colisão Lateral";1;0;0;1;0;0;0;0;0;0;1;1;0;1;0
"23/07/2015";"19:22:00";"2777";"sem vítima";"138,5";"BR-116/PR";"Norte";"Atropelamento de Animal";1;0;0;0;0;0;0;0;0;0;2;0;0;0;0
"23/07/2015";"20:34:00";"2783";"com vítima";"213,7";"BR-116/SC";"Norte";"Saida de Pista";0;0;1;0;0;0;0;0;0;0;0;2;0;0;0
"23/07/2015";"23:31:00";"2796";"com vítima";"142,3";"BR-116/SC";"Sul";"Colisão Transversal";2;0;0;0;0;0;0;0;0;0;1;1;0;1;0
"24/07/2015";"08:41:00";"2820";"sem vítima";"146";"BR-116/PR";"Sul";"Colisão Frontal";2;0;0;0;0;0;0;0;0;0;2;0;0;0;0
"24/07/2015";"11:20:00";"2835";"sem vítima";"115";"BR-116/PR";"Norte";"Colisão Traseira";1;0;0;0;0;0;0;0;0;1;2;0;0;0;0
"24/07/2015";"11:36:00";"2837";"sem vítima";"175,6";"BR-116/SC";"Sul";"Colisão Lateral";0;0;2;0;0;0;0;0;0;0;3;0;0;0;0
"24/07/2015";"12:24:00";"2842";"sem vítima";"134";"BR-116/PR";"Norte";"Choque - Cancela de Pedagio";1;0;0;0;0;0;0;0;0;0;1;0;0;0;0
"24/07/2015";"13:33:00";"2854";"sem vítima";"126";"BR-116/PR";"Sul";"Choque - Outros";1;0;0;0;0;0;0;0;0;0;3;0;0;0;0
"24/07/2015";"17:10:00";"2886";"sem vítima";"2";"BR-116/SC";"Norte";"Colisão Traseira";2;0;0;0;0;0;0;0;0;0;2;0;0;0;0
"24/07/2015";"17:23:00";"2888";"sem vítima";"81,6";"BR-116/SC";"Sul";"Choque - Cancela de Pedagio";0;0;0;0;0;0;0;0;0;1;2;0;0;0;0
"24/07/2015";"17:42:00";"2890";"sem vítima";"42";"BR-116/SC";"Sul";"Choque - Veiculo parado no acostamento";0;0;1;0;0;0;0;0;0;1;2;0;0;0;0
"24/07/2015";"18:25:00";"2898";"sem vítima";"38,8";"BR-116/SC";"Norte";"Objeto lançado contra veículo";1;0;1;0;0;0;0;0;0;0;6;0;0;0;0
"24/07/2015";"19:08:00";"2900";"sem vítima";"134";"BR-116/PR";"Sul";"Colisão Traseira";2;0;0;0;0;0;0;0;0;0;2;0;0;0;0
"24/07/2015";"19:09:00";"2901";"com vítima";"85";"BR-116/SC";"Norte";"Colisão Frontal";1;0;1;0;0;0;0;0;0;0;1;0;0;1;0
"24/07/2015";"19:37:00";"2903";"sem vítima";"267,8";"BR-116/SC";"Norte";"Saida de Pista";1;0;0;0;0;0;0;0;0;0;4;0;0;0;0
"24/07/2015";"21:18:00";"2908";"com vítima";"144,1";"BR-116/PR";"Norte";"Saida de Pista";1;0;0;0;0;0;0;0;0;0;0;2;0;0;0
"24/07/2015";"21:21:00";"2910";"com vítima";"246,7";"BR-116/SC";"Sul";"Colisão Traseira";1;0;1;0;0;0;0;0;0;0;1;1;0;0;0
"24/07/2015";"22:24:00";"2915";"sem vítima";"133";"BR-116/SC";"Sul";"Atropelamento de Animal";1;0;0;0;0;0;0;0;0;0;1;0;0;0;0
"24/07/2015";"22:29:00";"2916";"sem vítima";"115";"BR-116/PR";"Sul";"Saida de Pista";1;0;0;0;0;0;0;0;0;0;1;0;0;0;0
"25/07/2015";"00:54:00";"2924";"com vítima";"125,8";"BR-116/PR";"Sul";"Colisão Transversal";2;0;0;0;0;0;0;0;0;0;2;1;0;0;0
"25/07/2015";"05:53:00";"2943";"sem vítima";"106,3";"BR-116/SC";"Sul";"Choque - Talude";0;0;1;0;0;0;0;0;0;0;2;0;0;0;0
"25/07/2015";"06:58:00";"2947";"com vítima";"191,5";"BR-116/SC";"Sul";"Saida de Pista";1;0;0;0;0;0;0;0;0;0;0;1;0;0;0
"25/07/2015";"09:10:00";"2951";"com vítima";"12,4";"BR-116/SC";"Sul";"Colisão Transversal";1;0;1;0;0;0;0;0;0;0;1;1;0;0;0
"25/07/2015";"12:36:00";"2972";"com vítima";"240";"BR-116/SC";"Sul";"Saida de Pista";1;0;0;0;0;0;0;0;0;0;0;2;0;0;0
"25/07/2015";"14:03:00";"2976";"sem vítima";"30";"BR-116/SC";"Sul";"Objeto lançado contra veículo";1;0;0;0;0;0;0;0;0;0;2;0;0;0;0
"25/07/2015";"15:17:00";"2982";"sem vítima";"204";"BR-116/PR";"Sul";"Choque - Cancela de Pedagio";1;0;0;0;0;0;0;0;0;0;1;0;0;0;0
"25/07/2015";"17:41:00";"2998";"sem vítima";"134";"BR-116/PR";"Norte";"Choque - Cancela de Pedagio";1;0;0;0;0;0;0;0;0;0;1;0;0;0;0
"25/07/2015";"18:39:00";"3002";"sem vítima";"152,3";"BR-116/PR";"Sul";"Colisão Transversal";2;0;0;0;0;0;0;0;0;0;2;0;0;0;0
"25/07/2015";"20:38:00";"3014";"sem vítima";"204";"BR-116/SC";"Norte";"Saida de Pista";0;0;1;0;0;0;0;0;0;0;1;0;0;0;0
"25/07/2015";"21:11:00";"3018";"sem vítima";"121";"BR-116/PR";"Sul";"Colisão Traseira";2;0;0;0;0;0;0;0;0;0;4;0;0;0;0
"25/07/2015";"21:19:00";"3020";"sem vítima";"133";"BR-116/SC";"Sul";"Saida de Pista";1;0;0;0;0;0;0;0;0;0;1;0;0;0;0
"26/07/2015";"05:20:00";"3051";"sem vítima";"145,1";"BR-116/PR";"Sul";"Saida de Pista";1;0;0;0;0;0;0;0;0;0;2;0;0;0;0
"26/07/2015";"09:25:00";"3062";"sem vítima";"134";"BR-116/PR";"Sul";"Choque - Cancela de Pedagio";1;0;0;0;0;0;0;0;0;0;1;0;0;0;0
"26/07/2015";"15:23:00";"3087";"sem vítima";"81";"BR-116/SC";"Sul";"Colisão Traseira";0;0;2;0;0;0;0;0;0;0;2;0;0;0;0
"26/07/2015";"16:34:00";"3095";"sem vítima";"204";"BR-116/PR";"Norte";"Choque - Cancela de Pedagio";1;0;0;0;0;0;0;0;0;0;1;0;0;0;0
"26/07/2015";"18:50:00";"3111";"com vítima";"150";"BR-116/PR";"Norte";"Colisão Transversal";3;0;0;0;0;0;0;0;0;1;3;2;0;1;0
"26/07/2015";"20:21:00";"3120";"com vítima";"83,2";"BR-116/SC";"Norte";"Colisão Traseira";1;0;1;0;0;0;0;0;0;0;1;1;0;0;0
"26/07/2015";"21:21:00";"3127";"sem vítima";"308";"BR-116/SC";"Norte";"Choque - Objeto sobre a pista";1;0;0;0;0;0;0;0;0;0;4;0;0;0;0
"26/07/2015";"21:33:00";"3128";"sem vítima";"134";"BR-116/PR";"Norte";"Choque - Cancela de Pedagio";1;0;0;0;0;0;0;0;0;0;1;0;0;0;0
"26/07/2015";"21:45:00";"3129";"sem vítima";"308";"BR-116/SC";"Norte";"Objeto lançado contra veículo";1;0;0;0;0;0;0;0;0;0;2;0;0;0;0
"27/07/2015";"02:31:00";"3142";"sem vítima";"155";"BR-116/SC";"Norte";"Saida de Pista";1;0;0;0;0;0;0;0;0;0;1;0;0;0;0
"27/07/2015";"06:54:00";"3156";"sem vítima";"123,6";"BR-116/SC";"Norte";"Saida de Pista";0;0;0;0;0;0;0;0;0;1;1;0;0;0;0
"27/07/2015";"08:51:00";"3172";"sem vítima";"115";"BR-116/PR";"Norte";"Colisão Traseira";1;0;0;0;0;4;0;0;0;0;5;0;0;0;0
"27/07/2015";"10:31:00";"3185";"sem vítima";"204";"BR-116/PR";"Sul";"Choque - Cancela de Pedagio";1;0;0;0;0;0;0;0;0;0;1;0;0;0;0
"27/07/2015";"10:32:00";"3186";"com vítima";"15,8";"BR-116/SC";"Norte";"Colisão Transversal";2;0;0;0;0;0;0;0;0;0;0;2;0;0;1
"27/07/2015";"19:28:00";"3245";"sem vítima";"172,2";"BR-116/SC";"Sul";"Choque - Objeto sobre a pista";1;0;0;0;0;0;0;0;0;0;1;0;0;0;0
"27/07/2015";"21:48:00";"3255";"sem vítima";"203";"BR-116/PR";"Norte";"Choque - Cancela de Pedagio";1;0;0;0;0;0;0;0;0;0;1;0;0;0;0
"28/07/2015";"08:05:00";"3293";"sem vítima";"134";"BR-116/PR";"Sul";"Colisão Traseira";0;0;2;0;0;0;0;0;0;0;2;0;0;0;0
"28/07/2015";"08:40:00";"3301";"sem vítima";"201,3";"BR-116/SC";"Sul";"Saida de Pista";1;0;0;0;0;0;0;0;0;0;1;0;0;0;0
"28/07/2015";"10:45:00";"3319";"sem vítima";"10,5";"BR-116/SC";"Norte";"Colisão Traseira";2;0;0;0;0;0;0;0;0;0;2;0;0;0;0
"28/07/2015";"11:32:00";"3324";"sem vítima";"134";"BR-116/PR";"Norte";"Choque - Cancela de Pedagio";0;0;0;0;0;0;0;0;0;1;1;0;0;0;0
"28/07/2015";"16:13:00";"3362";"com vítima";"12,3";"BR-116/SC";"Norte";"Colisão Transversal";2;0;0;0;0;0;0;0;0;0;0;3;0;0;0
"28/07/2015";"19:52:00";"3378";"com vítima";"260";"BR-116/SC";"Norte";"Colisão Lateral";1;0;1;0;0;0;0;0;0;0;2;1;0;0;0
"29/07/2015";"13:09:00";"3454";"com vítima";"118";"BR-116/PR";"Norte";"Colisão Traseira";0;0;1;1;0;0;0;0;0;0;1;1;0;0;0
"29/07/2015";"13:28:00";"3457";"sem vítima";"226,3";"BR-116/SC";"Sul";"Saida de Pista";2;0;0;0;0;0;0;0;0;0;2;0;0;0;0
"29/07/2015";"14:57:00";"3469";"com vítima";"255,6";"BR-116/SC";"Norte";"Colisão Traseira";2;0;0;0;2;0;0;0;0;0;2;1;0;5;0
"29/07/2015";"18:14:00";"3484";"sem vítima";"228";"BR-116/SC";"Sul";"Choque - Objeto sobre a pista";0;0;1;0;0;0;0;0;0;0;1;0;0;0;0
"29/07/2015";"20:51:00";"3500";"sem vítima";"54";"BR-116/SC";"Norte";"Objeto lançado contra veículo";0;0;1;0;0;0;0;0;0;0;1;0;0;0;0
"30/07/2015";"09:49:00";"3559";"sem vítima";"181,6";"BR-116/PR";"Norte";"Colisão Traseira";1;0;0;0;0;1;0;0;0;0;2;0;0;0;0
"30/07/2015";"14:40:00";"3593";"sem vítima";"139,3";"BR-116/SC";"Norte";"Colisão Traseira";2;0;0;0;0;0;0;0;0;0;3;0;0;0;0
"30/07/2015";"15:04:00";"3598";"sem vítima";"55,5";"BR-116/SC";"Sul";"Objeto lançado contra veículo";1;0;0;0;0;0;0;0;0;0;1;0;0;0;0
"30/07/2015";"15:25:00";"3602";"com vítima";"136,1";"BR-116/PR";"Norte";"Colisão Traseira";1;0;0;0;0;0;0;0;0;1;4;1;0;0;0
"30/07/2015";"15:28:00";"3603";"sem vítima";"135";"BR-116/PR";"Norte";"Objeto lançado contra veículo";0;0;1;0;0;0;0;0;0;0;1;0;0;0;0
"30/07/2015";"21:15:00";"3634";"sem vítima";"204";"BR-116/PR";"Norte";"Choque - Cancela de Pedagio";1;0;0;0;0;0;0;0;0;0;1;0;0;0;0
"30/07/2015";"21:26:00";"3636";"sem vítima";"204";"BR-116/PR";"Norte";"Choque - Cancela de Pedagio";0;0;0;0;0;0;0;0;0;1;1;0;0;0;0
"31/07/2015";"08:02:00";"3660";"sem vítima";"232";"BR-116/SC";"Sul";"Choque - Cancela de Pedagio";1;0;0;0;0;0;0;0;0;0;1;0;0;0;0
"31/07/2015";"08:13:00";"3661";"sem vítima";"123";"BR-116/PR";"Norte";"Colisão Traseira";3;0;0;0;0;0;0;0;0;0;3;0;0;0;0
"31/07/2015";"18:26:00";"3736";"sem vítima";"204";"BR-116/PR";"Sul";"Choque - Cancela de Pedagio";1;0;0;0;0;0;0;0;0;0;1;0;0;0;0
"31/07/2015";"18:50:00";"3738";"sem vítima";"134";"BR-116/PR";"Norte";"Colisão Traseira";1;0;0;0;0;0;0;0;0;1;3;0;0;0;0
"31/07/2015";"19:49:00";"3745";"sem vítima";"122,4";"BR-116/PR";"Norte";"Colisão Traseira";2;0;0;0;0;0;0;0;0;0;4;0;0;0;0
"31/07/2015";"20:14:00";"3747";"com vítima";"166,1";"BR-116/SC";"Sul";"Colisão Frontal";2;0;0;0;0;0;0;0;0;0;1;2;0;0;0
"01/08/2015";"08:54:00";"31";"com vítima";"123,8";"BR-116/PR";"Norte";"Colisão Traseira";2;0;0;0;0;0;0;0;0;0;3;2;0;0;0
"01/08/2015";"10:24:00";"38";"sem vítima";"82,6";"BR-116/SC";"Norte";"Colisão Traseira";2;0;0;0;0;0;0;0;0;0;2;0;0;0;0
"01/08/2015";"14:37:00";"47";"sem vítima";"81";"BR-116/SC";"Sul";"Choque - Cancela de Pedagio";1;0;0;0;0;0;0;0;0;0;1;0;0;0;0
"01/08/2015";"15:23:00";"52";"sem vítima";"297";"BR-116/SC";"Norte";"Colisão Lateral";0;0;2;0;0;0;0;0;0;0;3;0;0;0;0
"01/08/2015";"15:38:00";"55";"sem vítima";"107,7";"BR-116/SC";"Sul";"Colisão Lateral";1;0;1;0;0;0;0;0;0;0;6;0;0;0;0
"01/08/2015";"16:34:00";"62";"sem vítima";"128";"BR-116/PR";"Norte";"Colisão Lateral";0;0;1;0;0;1;0;0;0;0;2;0;0;0;0
"01/08/2015";"17:54:00";"68";"com vítima";"52,5";"BR-116/SC";"Norte";"Colisão Transversal";2;0;0;0;0;0;0;0;0;0;3;1;0;0;0
"01/08/2015";"19:30:00";"77";"sem vítima";"188,6";"BR-116/PR";"Sul";"Objeto lançado contra veículo";1;0;0;0;0;0;0;0;0;0;1;0;0;0;0
"01/08/2015";"23:48:00";"93";"sem vítima";"156,8";"BR-116/PR";"Sul";"Colisão Transversal";2;0;0;0;0;0;0;0;0;0;2;0;0;0;0
"02/08/2015";"01:43:00";"104";"com vítima";"141,08";"BR-116/PR";"Norte";"Atropelamento - Usuário";0;0;0;0;0;1;0;0;0;0;1;0;0;0;1
"02/08/2015";"04:10:00";"107";"sem vítima";"132,7";"BR-116/SC";"Sul";"Colisão Traseira";0;0;2;0;0;0;0;0;0;0;2;0;0;0;0
"02/08/2015";"11:29:00";"145";"sem vítima";"129,9";"BR-116/SC";"Norte";"Colisão Traseira";2;0;0;0;0;0;0;0;0;0;2;0;0;0;0
"02/08/2015";"12:19:00";"150";"sem vítima";"125";"BR-116/PR";"Norte";"Saida de Pista";1;0;0;0;0;0;0;0;0;0;4;0;0;0;0
"02/08/2015";"21:35:00";"213";"sem vítima";"203";"BR-116/PR";"Norte";"Choque - Cancela de Pedagio";1;0;0;0;0;0;0;0;0;0;1;0;0;0;0
"03/08/2015";"04:48:00";"241";"sem vítima";"179";"BR-116/PR";"Norte";"Atropelamento de Animal";1;0;0;0;0;0;0;0;0;0;1;0;0;0;0
"03/08/2015";"06:51:00";"247";"sem vítima";"115,2";"BR-116/PR";"Norte";"Colisão Lateral";0;0;1;0;2;0;0;0;0;0;13;0;0;0;0
"03/08/2015";"09:50:00";"266";"sem vítima";"180,8";"BR-116/PR";"Sul";"Atropelamento de Animal";1;0;0;0;0;0;0;0;0;0;1;0;0;0;0
"03/08/2015";"14:36:00";"303";"sem vítima";"184";"BR-116/PR";"Sul";"Objeto lançado contra veículo";0;0;1;0;0;0;0;0;0;0;1;0;0;0;0
"03/08/2015";"16:34:00";"323";"sem vítima";"134";"BR-116/PR";"Norte";"Choque - Cancela de Pedagio";0;0;1;0;0;0;0;0;0;0;1;0;0;0;0
"03/08/2015";"17:59:00";"334";"sem vítima";"55";"BR-116/SC";"Norte";"Objeto lançado contra veículo";0;0;1;0;0;0;0;0;0;0;1;0;0;0;0
"03/08/2015";"19:10:00";"346";"sem vítima";"218";"BR-116/SC";"Sul";"Colisão Traseira";1;0;1;0;0;0;0;0;0;0;4;0;0;0;0
"04/08/2015";"03:48:00";"376";"sem vítima";"138,5";"BR-116/PR";"Norte";"Tombamento";0;0;1;0;0;0;0;0;0;0;1;0;0;0;0
"04/08/2015";"08:26:00";"396";"sem vítima";"81";"BR-116/SC";"Sul";"Choque - Cancela de Pedagio";1;0;0;0;0;0;0;0;0;0;1;0;0;0;0
"04/08/2015";"12:55:00";"438";"sem vítima";"233";"BR-116/SC";"Sul";"Choque - Cancela de Pedagio";0;0;0;0;0;0;0;0;0;1;1;0;0;0;0
"05/08/2015";"09:40:00";"549";"sem vítima";"203";"BR-116/PR";"Sul";"Choque - Cancela de Pedagio";0;0;0;0;0;0;0;0;0;1;1;0;0;0;0
"06/08/2015";"01:33:00";"647";"sem vítima";"82";"BR-116/SC";"Norte";"Colisão Lateral";0;0;1;0;0;1;0;0;0;0;2;0;0;0;0
"06/08/2015";"19:31:00";"755";"sem vítima";"125,7";"BR-116/PR";"Sul";"Colisão Traseira";1;0;0;1;0;0;0;0;0;0;2;0;0;0;0
"06/08/2015";"19:43:00";"758";"sem vítima";"304,44";"BR-116/SC";"Sul";"Colisão Traseira";0;0;2;0;0;0;0;0;0;0;2;0;0;0;0
"07/08/2015";"10:27:00";"814";"sem vítima";"120,9";"BR-116/SC";"Sul";"Colisão Traseira";1;0;1;0;0;0;0;0;0;0;3;0;0;0;0
"07/08/2015";"14:21:00";"826";"sem vítima";"126";"BR-116/PR";"Norte";"Choque - Veiculo parado na pista";0;0;1;0;0;0;0;0;1;0;2;0;0;0;0
"07/08/2015";"14:58:00";"839";"sem vítima";"126";"BR-116/PR";"Norte";"Choque - Veiculo parado na pista";1;0;0;0;0;0;0;0;0;1;2;0;0;0;0
"07/08/2015";"15:10:00";"834";"sem vítima";"141";"BR-116/PR";"Sul";"Objeto lançado contra veículo";1;0;0;0;0;0;0;0;0;0;1;0;0;0;0
"07/08/2015";"15:15:00";"836";"sem vítima";"134";"BR-116/PR";"Norte";"Choque - Cancela de Pedagio";1;0;0;0;0;0;0;0;0;0;1;0;0;0;0
"07/08/2015";"16:29:00";"845";"sem vítima";"191,9";"BR-116/SC";"Norte";"Colisão Frontal";1;0;0;0;0;0;0;0;0;1;2;0;0;0;0
"07/08/2015";"16:48:00";"847";"sem vítima";"4,5";"BR-116/SC";"Sul";"Colisão Traseira";1;0;0;1;0;0;0;0;0;0;2;0;0;0;0
"08/08/2015";"01:22:00";"887";"sem vítima";"152";"BR-116/SC";"Sul";"Colisão Traseira";1;0;0;0;0;1;0;0;0;0;3;0;0;0;0
"08/08/2015";"04:13:00";"901";"sem vítima";"134";"BR-116/PR";"Norte";"Colisão Traseira";2;0;0;0;0;0;0;0;0;0;2;0;0;0;0
"08/08/2015";"05:16:00";"903";"sem vítima";"233";"BR-116/SC";"Sul";"Choque - Defensa, barreira ou "submarino"";0;0;1;0;0;0;0;0;0;0;2;0;0;0;0
"08/08/2015";"08:31:00";"915";"sem vítima";"66,5";"BR-116/SC";"Norte";"Saida de Pista";1;0;0;0;0;0;0;0;0;0;1;0;0;0;0
"08/08/2015";"08:46:00";"917";"com vítima";"117,3";"BR-116/PR";"Norte";"Colisão Lateral";1;0;0;1;0;0;0;0;0;0;1;1;0;0;0
"08/08/2015";"08:52:00";"918";"sem vítima";"116,56";"BR-116/PR";"Norte";"Colisão Traseira";2;0;0;0;0;1;0;0;0;0;4;0;0;0;0
"08/08/2015";"10:34:00";"927";"com vítima";"117,45";"BR-116/PR";"Norte";"Queda de Moto";0;0;0;1;0;0;0;0;0;0;0;1;0;0;0
"08/08/2015";"11:25:00";"934";"sem vítima";"166,76";"BR-116/PR";"Norte";"Colisão Transversal";2;0;0;0;0;0;0;0;0;0;5;0;0;0;0
"08/08/2015";"11:30:00";"935";"com vítima";"141,6";"BR-116/SC";"Sul";"Colisão Transversal";1;0;0;1;0;0;0;0;0;0;1;1;0;0;0
"08/08/2015";"13:46:00";"943";"com vítima";"158";"BR-116/SC";"Sul";"Colisão Lateral";0;0;3;0;0;0;0;0;0;0;3;1;0;1;0
"08/08/2015";"14:15:00";"945";"com vítima";"245,5";"BR-116/SC";"Sul";"Colisão Lateral";0;0;0;1;0;1;0;0;0;0;1;1;0;0;0
"08/08/2015";"16:25:00";"960";"sem vítima";"134";"BR-116/PR";"Norte";"Choque - Cancela de Pedagio";0;0;0;0;0;0;0;0;0;1;1;0;0;0;0
"08/08/2015";"17:21:00";"967";"com vítima";"52,7";"BR-116/SC";"Norte";"Colisão Lateral";1;0;0;1;0;0;0;0;0;0;0;0;0;1;1
"08/08/2015";"19:07:00";"979";"sem vítima";"194";"BR-116/SC";"Norte";"Choque - Objeto sobre a pista";1;0;0;0;0;0;0;0;0;0;2;0;0;0;0
"08/08/2015";"19:11:00";"980";"sem vítima";"134";"BR-116/PR";"Norte";"Choque - Cancela de Pedagio";1;0;0;0;0;0;0;0;0;0;3;0;0;0;0
"08/08/2015";"19:58:00";"988";"sem vítima";"200";"BR-116/SC";"Norte";"Choque - Poste";1;0;0;0;0;0;0;0;0;0;1;0;0;0;0
"08/08/2015";"20:11:00";"990";"com vítima";"254";"BR-116/SC";"Sul";"Choque - Veiculo parado na pista";2;0;0;0;0;0;0;0;0;0;2;1;0;0;0
"08/08/2015";"22:55:00";"1000";"sem vítima";"127,5";"BR-116/PR";"Sul";"Choque - Poste";1;0;0;0;0;0;0;0;0;0;1;0;0;0;0
"09/08/2015";"03:04:00";"1012";"sem vítima";"130,95";"BR-116/PR";"Norte";"Colisão Traseira";1;0;0;0;0;1;0;0;0;0;2;0;0;0;0
"09/08/2015";"04:28:00";"1022";"sem vítima";"55,9";"BR-116/SC";"Sul";"Saida de Pista";1;0;0;0;0;0;0;0;0;0;1;0;0;0;0
"09/08/2015";"15:30:00";"1060";"sem vítima";"118,9";"BR-116/PR";"Sul";"Saida de Pista";1;0;0;0;0;0;0;0;0;0;1;0;0;0;0