data;horario;n_da_ocorrencia;tipo_de_ocorrencia;km;trecho;sentido;tipo_de_acidente;automovel;bicicleta;caminhao;moto;onibus;outros;tracao_animal;transporte_de_cargas_especiais;trator_maquinas;utilitarios;ilesos;levemente_feridos;moderadamente_feridos;gravemente_feridos;mortos
"31/08/2015";"11:03:00";"3560";"sem vítima";"118";"BR-116/PR";"Sul";"Colisão Traseira";2;0;0;0;0;0;0;0;0;0;2;0;0;0;0
"31/08/2015";"11:29:00";"3564";"sem vítima";"117";"BR-116/PR";"Sul";"Colisão Traseira";1;0;1;0;0;0;0;0;0;0;2;0;0;0;0
"31/08/2015";"12:02:00";"3567";"sem vítima";"208,3";"BR-116/SC";"Norte";"Atropelamento de Animal";1;0;0;0;0;0;0;0;0;0;3;0;0;0;0
"31/08/2015";"14:07:00";"3581";"sem vítima";"81";"BR-116/SC";"Norte";"Choque - Cancela de Pedagio";0;0;0;0;0;0;0;0;0;1;1;0;0;0;0
"31/08/2015";"16:54:00";"3602";"sem vítima";"179";"BR-116/PR";"Sul";"Objeto lançado contra veículo";1;0;0;0;0;0;0;0;0;0;1;0;0;0;0
"31/08/2015";"17:06:00";"3603";"sem vítima";"134";"BR-116/PR";"Norte";"Choque - Cancela de Pedagio";1;0;0;0;0;0;0;0;0;0;1;0;0;0;0
"31/08/2015";"21:16:00";"3621";"sem vítima";"108";"BR-116/SC";"Sul";"Objeto lançado contra veículo";1;0;0;0;0;0;0;0;0;0;1;0;0;0;0
"31/08/2015";"23:07:00";"3627";"sem vítima";"115";"BR-116/PR";"Sul";"Colisão Lateral";0;0;1;1;0;0;0;0;0;0;2;0;0;0;0
"01/09/2015";"07:20:00";"21";"sem vítima";"133,1";"BR-116/PR";"Sul";"Saida de Pista";1;0;0;0;0;0;0;0;0;0;1;0;0;0;0
"01/09/2015";"09:16:00";"30";"sem vítima";"134,8";"BR-116/SC";"Sul";"Colisão Traseira";0;0;2;0;0;0;0;0;0;0;2;0;0;0;0
"01/09/2015";"09:24:00";"31";"sem vítima";"299,7";"BR-116/SC";"Sul";"Colisão Lateral";1;0;1;0;0;0;0;0;0;0;2;0;0;0;0
"01/09/2015";"14:42:00";"55";"sem vítima";"115";"BR-116/PR";"Norte";"Choque - Poste";0;0;1;0;0;0;0;0;0;0;1;0;0;0;0
"01/09/2015";"17:36:00";"79";"com vítima";"117,05";"BR-116/PR";"Sul";"Colisão Lateral";1;0;0;2;0;0;0;0;0;0;2;1;0;0;0
"01/09/2015";"18:12:00";"81";"sem vítima";"91";"BR-116/SC";"Norte";"Objeto lançado contra veículo";0;0;0;0;0;0;0;0;0;1;1;0;0;0;0
"01/09/2015";"19:15:00";"88";"sem vítima";"117";"BR-116/PR";"Norte";"Engavetamento";3;0;0;0;0;0;0;0;0;0;3;0;0;0;0
"01/09/2015";"21:07:00";"97";"com vítima";"135,58";"BR-116/PR";"Sul";"Colisão Transversal";1;0;1;0;0;0;0;0;0;0;1;0;0;0;1
"01/09/2015";"21:17:00";"98";"sem vítima";"190,7";"BR-116/PR";"Sul";"Saida de Pista";1;0;0;0;0;0;0;0;0;0;1;0;0;0;0
"01/09/2015";"23:23:00";"101";"sem vítima";"42";"BR-116/SC";"Sul";"Atropelamento de Animal";1;0;0;0;0;0;0;0;0;0;5;0;0;0;0
"02/09/2015";"01:49:00";"110";"sem vítima";"193,5";"BR-116/SC";"Norte";"Choque - Defensa, barreira ou "submarino"";1;0;0;0;0;0;0;0;0;0;1;0;0;0;0
"02/09/2015";"08:50:00";"137";"sem vítima";"134";"BR-116/PR";"Sul";"Choque - Cancela de Pedagio";1;0;0;0;0;0;0;0;0;0;1;0;0;0;0
"02/09/2015";"13:27:00";"162";"sem vítima";"152";"BR-116/SC";"Sul";"Choque - Cancela de Pedagio";1;0;0;0;0;0;0;0;0;0;4;0;0;0;0
"02/09/2015";"16:21:00";"192";"sem vítima";"12";"BR-116/SC";"Norte";"Colisão Transversal";1;0;0;0;0;0;0;0;0;1;2;0;0;0;0
"02/09/2015";"18:30:00";"209";"sem vítima";"204";"BR-116/PR";"Norte";"Choque - Cancela de Pedagio";0;0;1;0;0;0;0;0;0;0;1;0;0;0;0
"02/09/2015";"18:32:00";"211";"sem vítima";"137";"BR-116/SC";"Sul";"Choque - Objeto não identificado";0;0;0;0;0;1;0;0;0;1;2;0;0;0;0
"02/09/2015";"19:05:00";"214";"sem vítima";"178,5";"BR-116/SC";"Norte";"Atropelamento de Animal";1;0;0;0;0;0;0;0;0;0;1;0;0;0;0
"03/09/2015";"06:47:00";"251";"sem vítima";"125,9";"BR-116/PR";"Sul";"Colisão Traseira";2;0;0;0;0;0;0;0;0;0;3;0;0;0;0
"03/09/2015";"10:14:00";"266";"sem vítima";"134";"BR-116/PR";"Sul";"Choque - Cancela de Pedagio";1;0;0;0;0;0;0;0;0;0;2;0;0;0;0
"03/09/2015";"11:15:00";"271";"sem vítima";"183,3";"BR-116/SC";"Sul";"Saida de Pista";1;0;0;0;0;0;0;0;0;0;1;0;0;0;0
"03/09/2015";"17:25:00";"297";"sem vítima";"204";"BR-116/PR";"Sul";"Choque - Cancela de Pedagio";1;0;0;0;0;0;0;0;0;0;1;0;0;0;0
"03/09/2015";"17:36:00";"299";"com vítima";"133";"BR-116/PR";"Norte";"Colisão Transversal";1;1;0;0;0;0;0;0;0;0;1;1;0;0;0
"03/09/2015";"18:20:00";"304";"com vítima";"119";"BR-116/PR";"Sul";"Colisão Transversal";0;0;1;1;0;0;0;0;0;0;1;1;0;0;0
"03/09/2015";"19:12:00";"306";"sem vítima";"118";"BR-116/SC";"Norte";"Saida de Pista";1;0;0;0;0;0;0;0;0;0;1;0;0;0;0
"03/09/2015";"19:25:00";"307";"com vítima";"84";"BR-116/SC";"Sul";"Colisão Frontal";1;0;1;0;0;0;0;0;0;0;1;1;0;0;0
"04/09/2015";"07:18:00";"358";"com vítima";"251";"BR-116/SC";"Norte";"Colisão Transversal";1;0;1;0;0;0;0;0;0;0;2;2;0;0;0
"04/09/2015";"11:31:00";"397";"sem vítima";"120";"BR-116/PR";"Norte";"Saida de Pista";1;0;0;0;0;0;0;0;0;0;1;0;0;0;0
"04/09/2015";"13:30:00";"410";"sem vítima";"204";"BR-116/PR";"Sul";"Choque - Cancela de Pedagio";1;0;0;0;0;0;0;0;0;0;1;0;0;0;0
"04/09/2015";"16:30:00";"424";"com vítima";"7,8";"BR-116/SC";"Norte";"Colisão Lateral";2;0;0;0;0;0;0;0;0;0;4;1;0;0;0
"04/09/2015";"16:54:00";"427";"com vítima";"222,7";"BR-116/SC";"Sul";"Queda de Moto";0;0;0;1;0;0;0;0;0;0;0;1;0;0;0
"04/09/2015";"17:01:00";"429";"sem vítima";"171,95";"BR-116/SC";"Norte";"Colisão Transversal";2;0;0;0;0;0;0;0;0;0;2;0;0;0;0
"04/09/2015";"23:30:00";"465";"sem vítima";"144";"BR-116/PR";"Norte";"Atropelamento de Animal";1;0;0;0;0;0;0;0;0;0;4;0;0;0;0
"05/09/2015";"04:15:00";"490";"sem vítima";"220,1";"BR-116/SC";"Sul";"Atropelamento de Animal";1;0;0;0;0;0;0;0;0;0;4;0;0;0;0
"05/09/2015";"05:01:00";"494";"sem vítima";"139,5";"BR-116/SC";"Sul";"Colisão Transversal";1;0;1;0;0;0;0;0;0;0;2;0;0;0;0
"05/09/2015";"06:11:00";"497";"com vítima";"123,7";"BR-116/SC";"Norte";"Colisão Traseira";1;0;0;0;1;0;0;0;0;0;1;1;0;0;0
"05/09/2015";"06:18:00";"498";"sem vítima";"138,8";"BR-116/PR";"Sul";"Saida de Pista";1;0;0;0;0;0;0;0;0;0;3;0;0;0;0
"05/09/2015";"08:55:00";"506";"sem vítima";"222,9";"BR-116/SC";"Sul";"Saida de Pista";1;0;0;0;0;0;0;0;0;0;3;0;0;0;0
"05/09/2015";"10:59:00";"520";"sem vítima";"303,3";"BR-116/SC";"Sul";"Saida de Pista";1;0;0;0;0;0;0;0;0;0;3;0;0;0;0
"05/09/2015";"12:38:00";"527";"sem vítima";"134";"BR-116/PR";"Sul";"Choque - Cancela de Pedagio";1;0;0;0;0;0;0;0;0;0;1;0;0;0;0
"05/09/2015";"19:19:00";"560";"sem vítima";"135";"BR-116/SC";"Sul";"Choque - Suporte de Sinalização";0;0;1;0;0;0;0;0;0;0;1;0;0;0;0
"05/09/2015";"19:24:00";"562";"com vítima";"233";"BR-116/SC";"Norte";"Colisão Lateral";2;0;0;0;0;0;0;0;0;0;3;0;0;1;0
"05/09/2015";"19:36:00";"566";"com vítima";"138,5";"BR-116/PR";"Norte";"Atropelamento de Animal";0;0;0;1;0;0;0;0;0;0;0;1;0;0;0
"05/09/2015";"20:06:00";"569";"sem vítima";"108,7";"BR-116/SC";"Norte";"Saida de Pista";0;0;1;0;0;0;0;0;0;0;1;0;0;0;0
"05/09/2015";"23:05:00";"578";"com vítima";"118,95";"BR-116/PR";"Sul";"Choque - Defensa, barreira ou "submarino"";0;0;0;1;0;0;0;0;0;0;0;1;0;0;0
"05/09/2015";"23:34:00";"581";"sem vítima";"119,1";"BR-116/PR";"Norte";"Queda de Moto";0;0;0;1;0;0;0;0;0;0;1;0;0;0;0
"06/09/2015";"06:57:00";"606";"sem vítima";"118,9";"BR-116/PR";"Norte";"Saida de Pista";1;0;0;0;0;0;0;0;0;0;1;0;0;0;0
"06/09/2015";"09:53:00";"617";"sem vítima";"144,9";"BR-116/SC";"Sul";"Colisão Transversal";2;0;0;0;0;0;0;0;0;0;4;0;0;0;0
"06/09/2015";"13:57:00";"627";"com vítima";"238,9";"BR-116/SC";"Sul";"Tombamento";0;0;1;0;0;0;0;0;0;0;0;1;0;0;0
"06/09/2015";"16:13:00";"640";"com vítima";"122";"BR-116/PR";"Sul";"Colisão Lateral";1;0;0;1;0;0;0;0;0;0;2;1;0;0;0
"06/09/2015";"16:55:00";"648";"sem vítima";"301";"BR-116/SC";"Norte";"Saida de Pista";1;0;0;0;0;0;0;0;0;0;1;0;0;0;0
"06/09/2015";"20:04:00";"665";"sem vítima";"204";"BR-116/SC";"Sul";"Choque - Cancela de Pedagio";1;0;0;0;0;0;0;0;0;0;1;0;0;0;0
"07/09/2015";"08:01:00";"712";"sem vítima";"245";"BR-116/SC";"Sul";"Colisão Traseira";1;0;1;0;0;0;0;0;0;0;2;0;0;0;0
"07/09/2015";"11:10:00";"722";"sem vítima";"134";"BR-116/PR";"Norte";"Choque - Cancela de Pedagio";1;0;0;0;0;0;0;0;0;0;4;0;0;0;0
"07/09/2015";"17:58:00";"761";"sem vítima";"72,3";"BR-116/SC";"Sul";"Colisão Lateral";1;0;0;0;0;1;0;0;0;0;1;0;0;0;0
"07/09/2015";"20:15:00";"772";"sem vítima";"205";"BR-116/PR";"Sul";"Colisão Transversal";2;0;0;0;0;0;0;0;0;0;2;0;0;0;0
"07/09/2015";"20:31:00";"773";"com vítima";"175";"BR-116/PR";"Norte";"Choque - Veiculo parado na pista";2;0;0;0;0;0;0;0;0;0;1;4;0;0;0
"07/09/2015";"20:52:00";"779";"sem vítima";"153";"BR-116/PR";"Sul";"Colisão Traseira";1;0;0;0;0;1;0;0;0;0;2;0;0;0;0
"07/09/2015";"21:35:00";"784";"sem vítima";"134";"BR-116/PR";"Norte";"Choque - Suporte de Sinalização";1;0;0;0;0;0;0;0;0;0;1;0;0;0;0
"07/09/2015";"21:50:00";"785";"sem vítima";"122,3";"BR-116/PR";"Norte";"Colisão Lateral";1;0;0;0;0;1;0;0;0;0;2;0;0;0;0
"08/09/2015";"00:29:00";"800";"sem vítima";"145";"BR-116/SC";"Sul";"Choque - Arvore";1;0;0;0;0;0;0;0;0;0;1;0;0;0;0
"08/09/2015";"00:31:00";"802";"sem vítima";"77,7";"BR-116/SC";"Norte";"Choque - Arvore";0;0;1;0;0;0;0;0;0;0;1;0;0;0;0
"08/09/2015";"01:38:00";"818";"sem vítima";"220,1";"BR-116/SC";"Norte";"Saida de Pista";1;0;0;0;0;0;0;0;0;0;2;0;0;0;0
"08/09/2015";"01:54:00";"823";"sem vítima";"146";"BR-116/PR";"Norte";"Saida de Pista";1;0;0;0;0;0;0;0;0;0;1;0;0;0;0
"08/09/2015";"10:41:00";"854";"com vítima";"100,5";"BR-116/SC";"Norte";"Saida de Pista";1;0;0;0;0;0;0;0;0;0;1;0;0;1;0
"08/09/2015";"11:34:00";"862";"com vítima";"188,05";"BR-116/PR";"Norte";"Saida de Pista";1;0;0;0;0;0;0;0;0;0;1;2;0;0;0
"08/09/2015";"11:39:00";"863";"sem vítima";"207,4";"BR-116/SC";"Norte";"Tombamento";0;0;1;0;0;1;0;0;0;0;2;0;0;0;0
"08/09/2015";"13:34:00";"869";"sem vítima";"149";"BR-116/PR";"Norte";"Colisão Traseira";2;0;0;0;0;0;0;0;0;0;2;0;0;0;0
"08/09/2015";"13:47:00";"871";"sem vítima";"233";"BR-116/SC";"Sul";"Choque - Cancela de Pedagio";0;0;0;0;0;0;0;0;0;1;1;0;0;0;0
"08/09/2015";"14:16:00";"873";"sem vítima";"150";"BR-116/PR";"Norte";"Colisão Traseira";0;0;0;0;0;1;0;0;0;1;2;0;0;0;0
"08/09/2015";"15:03:00";"879";"sem vítima";"138";"BR-116/PR";"Norte";"Colisão Traseira";2;0;0;0;0;0;0;0;0;0;2;0;0;0;0
"08/09/2015";"15:05:00";"880";"sem vítima";"117";"BR-116/PR";"Norte";"Saida de Pista";1;0;0;0;0;0;0;0;0;0;1;0;0;0;0
"08/09/2015";"17:54:00";"891";"sem vítima";"81";"BR-116/SC";"Norte";"Choque - Cancela de Pedagio";1;0;0;0;0;0;0;0;0;0;1;0;0;0;0
"08/09/2015";"17:55:00";"892";"sem vítima";"128";"BR-116/PR";"Norte";"Colisão Lateral";1;0;1;0;0;0;0;0;0;0;2;0;0;0;0
"08/09/2015";"22:00:00";"905";"sem vítima";"42";"BR-116/SC";"Norte";"Atropelamento de Animal";1;0;0;0;0;0;0;0;0;0;1;0;0;0;0
"08/09/2015";"22:05:00";"907";"com vítima";"60";"BR-116/SC";"Sul";"Tombamento";1;0;0;0;0;0;0;0;0;0;0;4;0;0;0
"09/09/2015";"03:32:00";"921";"sem vítima";"219";"BR-116/SC";"Norte";"Choque - Objeto sobre a pista";1;0;0;0;0;0;0;0;0;0;1;0;0;0;0
"09/09/2015";"07:15:00";"930";"com vítima";"251";"BR-116/SC";"Sul";"Colisão Transversal";0;0;1;0;0;0;0;0;0;1;2;9;0;3;0
"09/09/2015";"14:08:00";"962";"sem vítima";"141";"BR-116/PR";"Sul";"Colisão Traseira";2;0;0;0;0;0;0;0;0;0;2;0;0;0;0
"09/09/2015";"15:00:00";"974";"com vítima";"147,8";"BR-116/PR";"Norte";"Atropelamento - Funcionário";1;0;0;0;0;0;0;0;0;0;1;0;0;1;0
"09/09/2015";"15:17:00";"980";"sem vítima";"141";"BR-116/PR";"Sul";"Saida de Pista";1;0;0;0;0;0;0;0;0;0;1;0;0;0;0
"09/09/2015";"19:40:00";"1006";"sem vítima";"134";"BR-116/PR";"Sul";"Choque - Cancela de Pedagio";1;0;0;0;0;0;0;0;0;0;1;0;0;0;0
"09/09/2015";"21:41:00";"1011";"sem vítima";"234,7";"BR-116/SC";"Norte";"Saida de Pista";1;0;0;0;0;0;0;0;0;0;1;0;0;0;0
"09/09/2015";"23:05:00";"1018";"sem vítima";"182,05";"BR-116/PR";"Sul";"Choque - Objeto sobre a pista";0;0;0;0;0;0;0;0;0;1;1;0;0;0;0
"10/09/2015";"02:18:00";"1026";"sem vítima";"124";"BR-116/SC";"Norte";"Choque - Outros";1;0;0;0;0;0;0;0;0;0;1;0;0;0;0
"10/09/2015";"12:34:00";"1067";"sem vítima";"107,4";"BR-116/SC";"Sul";"Colisão Traseira";1;0;1;0;0;0;0;0;0;0;2;0;0;0;0
"10/09/2015";"15:44:00";"1090";"sem vítima";"204";"BR-116/PR";"Norte";"Choque - Cancela de Pedagio";0;0;0;0;0;0;0;0;0;1;1;0;0;0;0
"10/09/2015";"16:29:00";"1101";"sem vítima";"270";"BR-116/SC";"Norte";"Atropelamento de Animal";1;0;0;0;0;0;0;0;0;0;1;0;0;0;0
"10/09/2015";"16:49:00";"1106";"sem vítima";"145,8";"BR-116/PR";"Sul";"Colisão Traseira";2;0;0;0;0;0;0;0;0;0;3;0;0;0;0
"10/09/2015";"21:49:00";"1128";"sem vítima";"145,7";"BR-116/SC";"Sul";"Saida de Pista";1;0;0;0;0;0;0;0;0;0;1;0;0;0;0
"11/09/2015";"07:40:00";"1162";"sem vítima";"130,4";"BR-116/PR";"Sul";"Capotamento";1;0;0;0;0;0;0;0;0;0;1;0;0;0;0
"11/09/2015";"08:31:00";"1165";"sem vítima";"126";"BR-116/PR";"Norte";"Colisão Transversal";1;0;1;0;0;0;0;0;0;0;2;0;0;0;0
"11/09/2015";"09:35:00";"1176";"sem vítima";"81";"BR-116/SC";"Sul";"Choque - Cancela de Pedagio";0;0;1;0;0;0;0;0;0;0;1;0;0;0;0
"11/09/2015";"17:28:00";"1232";"sem vítima";"117";"BR-116/PR";"Norte";"Colisão Traseira";2;0;0;0;0;0;0;0;0;0;2;0;0;0;0
"11/09/2015";"18:35:00";"1240";"sem vítima";"119";"BR-116/PR";"Norte";"Engavetamento";3;0;0;0;0;1;0;0;0;0;4;0;0;0;0
"11/09/2015";"20:18:00";"1249";"sem vítima";"162,5";"BR-116/SC";"Norte";"Colisão Lateral";1;0;0;0;0;1;0;0;0;0;3;0;0;0;0
"12/09/2015";"10:23:00";"1318";"sem vítima";"65,7";"BR-116/SC";"Sul";"Saida de Pista";1;0;0;0;0;0;0;0;0;0;2;0;0;0;0
"12/09/2015";"11:57:00";"1330";"sem vítima";"264";"BR-116/SC";"Norte";"Objeto lançado contra veículo";0;0;1;0;0;0;0;0;0;0;1;0;0;0;0
"12/09/2015";"14:14:00";"1334";"sem vítima";"161,6";"BR-116/PR";"Sul";"Objeto lançado contra veículo";1;0;0;0;0;0;0;0;0;0;1;0;0;0;0
"12/09/2015";"15:15:00";"1342";"sem vítima";"53";"BR-116/SC";"Sul";"Colisão Traseira";1;0;0;0;0;0;0;0;0;1;2;0;0;0;0
"12/09/2015";"16:21:00";"1351";"sem vítima";"43";"BR-116/SC";"Sul";"Colisão Lateral";1;0;0;0;0;1;0;0;0;0;3;0;0;0;0
"12/09/2015";"16:41:00";"1356";"sem vítima";"134";"BR-116/PR";"Sul";"Choque - Cancela de Pedagio";0;0;0;0;0;0;0;0;0;1;1;0;0;0;0
"12/09/2015";"18:08:00";"1366";"sem vítima";"134";"BR-116/PR";"Norte";"Colisão Traseira";2;0;0;0;0;0;0;0;0;0;2;0;0;0;0
"12/09/2015";"20:24:00";"1375";"sem vítima";"147";"BR-116/SC";"Sul";"Atropelamento de Animal";0;0;1;0;0;0;0;0;0;0;1;0;0;0;0
"12/09/2015";"20:39:00";"1378";"com vítima";"52";"BR-116/SC";"Norte";"Saida de Pista";1;0;0;0;0;0;0;0;0;0;0;2;0;0;0
"12/09/2015";"20:45:00";"1379";"sem vítima";"152";"BR-116/PR";"Sul";"Saida de Pista";1;0;0;0;0;0;0;0;0;0;5;0;0;0;0
"12/09/2015";"21:20:00";"1382";"sem vítima";"161,5";"BR-116/SC";"Norte";"Atropelamento de Animal";1;0;0;0;0;0;0;0;0;0;2;0;0;0;0
"13/09/2015";"09:20:00";"1429";"sem vítima";"204";"BR-116/PR";"Sul";"Choque - Cancela de Pedagio";1;0;0;0;0;0;0;0;0;0;1;0;0;0;0
"13/09/2015";"12:18:00";"1446";"sem vítima";"233";"BR-116/SC";"Sul";"Choque - Cancela de Pedagio";0;0;1;0;0;0;0;0;0;0;1;0;0;0;0
"13/09/2015";"17:29:00";"1476";"com vítima";"140";"BR-116/PR";"Norte";"Colisão Transversal";0;0;1;0;0;0;0;0;0;1;1;1;0;1;0
"13/09/2015";"17:50:00";"1479";"sem vítima";"154";"BR-116/PR";"Sul";"Colisão Transversal";1;0;1;0;0;0;0;0;0;0;2;0;0;0;0
"13/09/2015";"19:59:00";"1491";"sem vítima";"39";"BR-116/SC";"Sul";"Atropelamento de Animal";1;0;0;0;0;0;0;0;0;0;1;0;0;0;0
"13/09/2015";"20:59:00";"1495";"sem vítima";"135,7";"BR-116/SC";"Norte";"Saida de Pista";1;0;0;0;0;0;0;0;0;0;1;0;0;0;0
"14/09/2015";"07:39:00";"1529";"sem vítima";"233,1";"BR-116/SC";"Sul";"Choque - Cancela de Pedagio";0;0;0;0;0;0;0;0;0;1;4;0;0;0;0
"14/09/2015";"08:47:00";"1537";"sem vítima";"115";"BR-116/PR";"Norte";"Colisão Traseira";3;0;0;0;0;0;0;0;0;0;3;0;0;0;0
"14/09/2015";"09:56:00";"1545";"sem vítima";"188,4";"BR-116/SC";"Sul";"Atropelamento de Animal";1;0;0;0;0;0;0;0;0;0;2;0;0;0;0
"14/09/2015";"10:37:00";"1554";"sem vítima";"147";"BR-116/PR";"Norte";"Objeto lançado contra veículo";1;0;0;0;0;0;0;0;0;0;1;0;0;0;0
"14/09/2015";"17:04:00";"1604";"sem vítima";"210";"BR-116/PR";"Sul";"Atropelamento de Animal";1;0;0;0;0;0;0;0;0;0;1;0;0;0;0
"14/09/2015";"17:59:00";"1611";"sem vítima";"125";"BR-116/PR";"Norte";"Choque - Objeto sobre a pista";1;0;0;0;0;0;0;0;0;0;1;0;0;0;0
"14/09/2015";"18:57:00";"1623";"com vítima";"115";"BR-116/PR";"Sul";"Colisão Traseira";1;0;0;1;0;0;0;0;0;0;1;1;0;0;0
"15/09/2015";"08:02:00";"1669";"sem vítima";"116,7";"BR-116/PR";"Norte";"Colisão Traseira";3;0;0;0;0;1;0;0;0;0;4;0;0;0;0
"15/09/2015";"14:24:00";"1703";"sem vítima";"162,2";"BR-116/PR";"Norte";"Objeto lançado contra veículo";1;0;0;0;0;0;0;0;0;0;1;0;0;0;0
"15/09/2015";"16:08:00";"1717";"sem vítima";"132";"BR-116/PR";"Norte";"Objeto lançado contra veículo";1;0;0;0;0;0;0;0;0;0;1;0;0;0;0
"15/09/2015";"21:20:00";"1753";"sem vítima";"133,7";"BR-116/SC";"Sul";"Saida de Pista";0;0;1;0;0;0;0;0;0;0;1;0;0;0;0
"16/09/2015";"07:05:00";"1784";"com vítima";"119";"BR-116/PR";"Sul";"Queda de Moto";0;0;0;1;0;0;0;0;0;0;1;1;0;0;0
"16/09/2015";"07:58:00";"1788";"sem vítima";"169,8";"BR-116/SC";"Sul";"Saida de Pista";1;0;0;0;0;1;0;0;0;0;3;0;0;0;0
"16/09/2015";"10:06:00";"1805";"sem vítima";"180";"BR-116/SC";"Norte";"Colisão Transversal";2;0;0;0;0;0;0;0;0;0;2;0;0;0;0
"16/09/2015";"10:42:00";"1813";"sem vítima";"135";"BR-116/PR";"Sul";"Colisão Traseira";1;0;0;0;0;1;0;0;0;0;2;0;0;0;0
"16/09/2015";"14:12:00";"1830";"sem vítima";"203,6";"BR-116/PR";"Norte";"Choque - Cancela de Pedagio";0;0;1;0;0;0;0;0;0;0;1;0;0;0;0
"16/09/2015";"14:57:00";"1840";"sem vítima";"174,9";"BR-116/SC";"Norte";"Colisão Traseira";0;0;2;0;0;0;0;0;0;0;2;0;0;0;0
"16/09/2015";"15:07:00";"1842";"sem vítima";"165";"BR-116/PR";"Norte";"Objeto lançado contra veículo";1;0;0;0;0;0;0;0;0;0;3;0;0;0;0
"16/09/2015";"18:53:00";"1873";"com vítima";"129,2";"BR-116/PR";"Sul";"Colisão Transversal";1;0;0;1;0;0;0;0;0;1;2;1;0;0;0
"16/09/2015";"21:33:00";"1891";"sem vítima";"193,1";"BR-116/SC";"Norte";"Tombamento";0;0;1;0;0;0;0;0;0;0;1;0;0;0;0
"17/09/2015";"07:10:00";"1917";"sem vítima";"118,9";"BR-116/PR";"Sul";"Saida de Pista";1;0;0;0;0;0;0;0;0;0;1;0;0;0;0
"17/09/2015";"12:29:00";"1947";"sem vítima";"66";"BR-116/SC";"Sul";"Objeto lançado contra veículo";0;0;0;0;0;0;0;0;0;1;1;0;0;0;0
"17/09/2015";"17:05:00";"1977";"sem vítima";"191";"BR-116/PR";"Norte";"Colisão Lateral";1;0;1;0;0;0;0;0;0;0;3;0;0;0;0
"17/09/2015";"17:57:00";"1985";"sem vítima";"115,4";"BR-116/PR";"Norte";"Colisão Traseira";2;0;0;0;0;0;0;0;0;0;2;0;0;0;0
"17/09/2015";"19:31:00";"1991";"com vítima";"116";"BR-116/PR";"Norte";"Colisão Lateral";1;0;1;0;0;0;0;0;0;0;1;1;0;0;0
"17/09/2015";"21:08:00";"1996";"sem vítima";"87";"BR-116/SC";"Sul";"Atropelamento de Animal";1;0;0;0;0;0;0;0;0;0;4;0;0;0;0
"17/09/2015";"22:03:00";"2001";"com vítima";"105,4";"BR-116/SC";"Norte";"Colisão Traseira";0;0;3;0;0;0;0;0;0;0;2;1;0;0;0
"17/09/2015";"22:33:00";"2003";"sem vítima";"137,4";"BR-116/SC";"Sul";"Saida de Pista";1;0;0;0;0;0;0;0;0;0;2;0;0;0;0
"18/09/2015";"09:24:00";"2040";"sem vítima";"178";"BR-116/PR";"Sul";"Objeto lançado contra veículo";0;0;0;0;0;0;0;0;0;1;1;0;0;0;0
"18/09/2015";"11:23:00";"2059";"sem vítima";"152";"BR-116/SC";"Norte";"Colisão Lateral";2;0;0;0;0;0;0;0;0;0;2;0;0;0;0
"18/09/2015";"15:02:00";"2077";"sem vítima";"128";"BR-116/PR";"Sul";"Objeto lançado contra veículo";1;0;0;0;0;0;0;0;0;0;1;0;0;0;0
"18/09/2015";"18:25:00";"2105";"sem vítima";"151,5";"BR-116/PR";"Sul";"Objeto lançado contra veículo";0;0;0;0;0;0;0;0;0;1;3;0;0;0;0
"18/09/2015";"18:28:00";"2107";"sem vítima";"191,5";"BR-116/PR";"Norte";"Engavetamento";3;0;0;0;0;0;0;0;0;0;3;0;0;0;0
"18/09/2015";"18:45:00";"2108";"sem vítima";"115";"BR-116/PR";"Norte";"Colisão Traseira";1;0;0;0;0;1;0;0;0;0;2;0;0;0;0
"18/09/2015";"19:00:00";"2111";"sem vítima";"4,5";"BR-116/SC";"Norte";"Colisão Lateral";1;0;1;0;0;0;0;0;0;0;2;0;0;0;0
"18/09/2015";"21:29:00";"2126";"com vítima";"144,5";"BR-116/PR";"Sul";"Saida de Pista";1;0;0;0;0;0;0;0;0;0;0;0;0;1;0
"19/09/2015";"06:30:00";"2157";"sem vítima";"122,4";"BR-116/PR";"Sul";"Colisão Traseira";0;0;0;1;0;1;0;0;0;0;2;0;0;0;0
"19/09/2015";"07:40:00";"2167";"com vítima";"33,5";"BR-116/SC";"Sul";"Colisão Traseira";1;0;0;0;0;1;0;0;0;0;3;1;0;0;0
"19/09/2015";"09:50:00";"2174";"sem vítima";"122,8";"BR-116/PR";"Sul";"Saida de Pista";1;0;0;0;0;0;0;0;0;0;4;0;0;0;0
"19/09/2015";"10:41:00";"2176";"com vítima";"152,6";"BR-116/PR";"Norte";"Atropelamento - Usuário";1;0;0;0;0;0;0;0;0;0;1;0;0;1;0
"19/09/2015";"18:34:00";"2215";"sem vítima";"126";"BR-116/PR";"Norte";"Colisão Lateral";1;0;0;0;0;1;0;0;0;0;1;0;0;0;0
"19/09/2015";"23:37:00";"2229";"sem vítima";"147,7";"BR-116/PR";"Norte";"Saida de Pista";1;0;0;0;0;0;0;0;0;0;1;0;0;0;0
"20/09/2015";"00:54:00";"2237";"sem vítima";"130,5";"BR-116/PR";"Norte";"Colisão Lateral";1;0;0;0;0;1;0;0;0;0;3;0;0;0;0