data;horario;n_da_ocorrencia;tipo_de_ocorrencia;km;trecho;sentido;tipo_de_acidente;automovel;bicicleta;caminhao;moto;onibus;outros;tracao_animal;transporte_de_cargas_especiais;trator_maquinas;utilitarios;ilesos;levemente_feridos;moderadamente_feridos;gravemente_feridos;mortos
"11/10/2015";"23:10:00";"1268";"com vítima";"53,6";"BR-116/SC";"Sul";"Saida de Pista";0;0;0;0;0;0;0;0;0;1;0;2;0;0;0
"12/10/2015";"06:30:00";"1283";"sem vítima";"247,9";"BR-116/SC";"Sul";"Colisão Lateral";1;0;1;0;0;0;0;0;0;0;2;0;0;0;0
"12/10/2015";"08:49:00";"1291";"sem vítima";"105,05";"BR-116/SC";"Sul";"Saida de Pista";0;0;0;0;0;0;0;0;0;1;2;0;0;0;0
"12/10/2015";"10:47:00";"1304";"com vítima";"218";"BR-116/SC";"Sul";"Saida de Pista";1;0;0;0;0;0;0;0;0;0;0;2;0;0;0
"12/10/2015";"12:21:00";"1308";"sem vítima";"127,5";"BR-116/PR";"Norte";"Saida de Pista";1;0;0;0;0;0;0;0;0;0;1;0;0;0;0
"12/10/2015";"17:34:00";"1354";"sem vítima";"245,6";"BR-116/SC";"Sul";"Colisão Traseira";1;0;0;0;0;0;0;0;0;1;5;0;0;0;0
"12/10/2015";"20:53:00";"1379";"com vítima";"145,8";"BR-116/PR";"Sul";"Colisão Transversal";2;0;0;0;0;0;0;0;0;0;3;1;0;0;0
"12/10/2015";"20:56:00";"1380";"sem vítima";"41";"BR-116/SC";"Sul";"Choque - Objeto não identificado";1;0;0;0;0;0;0;0;0;0;1;0;0;0;0
"12/10/2015";"22:30:00";"1388";"sem vítima";"143";"BR-116/PR";"Norte";"Atropelamento de Animal";1;0;0;0;0;0;0;0;0;0;2;0;0;0;0
"12/10/2015";"23:06:00";"1393";"sem vítima";"193,1";"BR-116/SC";"Norte";"Choque - Defensa, barreira ou "submarino"";1;0;0;0;0;0;0;0;0;0;1;0;0;0;0
"13/10/2015";"00:54:00";"1407";"sem vítima";"170,4";"BR-116/SC";"Sul";"Saida de Pista";1;0;0;0;0;0;0;0;0;0;1;0;0;0;0
"13/10/2015";"08:14:00";"1426";"sem vítima";"278,8";"BR-116/SC";"Norte";"Colisão Lateral";0;0;0;0;0;1;0;0;0;1;2;0;0;0;0
"13/10/2015";"12:04:00";"1448";"sem vítima";"153,5";"BR-116/PR";"Norte";"Colisão Traseira";1;0;0;0;0;0;0;0;0;1;6;0;0;0;0
"13/10/2015";"14:23:00";"1458";"sem vítima";"23";"BR-116/SC";"Sul";"Objeto lançado contra veículo";1;0;0;0;0;0;0;0;0;0;1;0;0;0;0
"13/10/2015";"16:13:00";"1479";"com vítima";"115,1";"BR-116/PR";"Sul";"Colisão Traseira";1;0;0;1;0;0;0;0;0;0;1;1;0;0;0
"13/10/2015";"17:44:00";"1492";"sem vítima";"134";"BR-116/PR";"Sul";"Choque - Cancela de Pedagio";0;0;0;0;0;0;0;0;0;1;1;0;0;0;0
"13/10/2015";"17:57:00";"1494";"sem vítima";"203,6";"BR-116/PR";"Sul";"Choque - Cancela de Pedagio";1;0;0;0;0;0;0;0;0;0;1;0;0;0;0
"13/10/2015";"19:41:00";"1505";"sem vítima";"124";"BR-116/SC";"Norte";"Colisão Lateral";1;0;0;0;0;1;0;0;0;0;3;0;0;0;0
"13/10/2015";"21:49:00";"1517";"com vítima";"31,225";"BR-116/SC";"Norte";"Colisão Traseira";0;0;0;1;0;1;0;0;0;0;1;0;0;0;1
"13/10/2015";"22:20:00";"1520";"sem vítima";"8";"BR-116/SC";"Sul";"Choque - Veiculo parado no acostamento";1;0;0;0;0;1;0;0;0;0;3;0;0;0;0
"14/10/2015";"00:53:00";"1532";"com vítima";"135";"BR-116/SC";"Sul";"Saida de Pista";1;0;0;0;0;0;0;0;0;0;3;1;0;0;0
"14/10/2015";"01:59:00";"1535";"sem vítima";"263";"BR-116/SC";"Norte";"Atropelamento de Animal";1;0;0;0;0;0;0;0;0;0;2;0;0;0;0
"14/10/2015";"08:09:00";"1562";"com vítima";"117";"BR-116/PR";"Sul";"Engavetamento";2;0;0;0;0;0;0;0;0;1;2;0;0;1;0
"14/10/2015";"09:32:00";"1574";"sem vítima";"74";"BR-116/SC";"Sul";"Saida de Pista";1;0;0;0;0;0;0;0;0;0;1;0;0;0;0
"14/10/2015";"11:13:00";"1589";"sem vítima";"81";"BR-116/SC";"Sul";"Choque - Cancela de Pedagio";0;0;1;0;0;0;0;0;0;0;1;0;0;0;0
"14/10/2015";"15:55:00";"1623";"sem vítima";"18";"BR-116/SC";"Sul";"Objeto lançado contra veículo";1;0;0;0;0;0;0;0;0;0;1;0;0;0;0
"15/10/2015";"07:54:00";"1707";"sem vítima";"308,93";"BR-116/SC";"Sul";"Saida de Pista";0;0;1;0;0;0;0;0;0;0;1;0;0;0;0
"15/10/2015";"11:52:00";"1726";"sem vítima";"198";"BR-116/PR";"Norte";"Atropelamento de Animal";1;0;0;0;0;0;0;0;0;0;1;0;0;0;0
"15/10/2015";"14:20:00";"1739";"com vítima";"232,3";"BR-116/SC";"Sul";"Saida de Pista";1;0;0;0;0;0;0;0;0;0;0;3;0;0;0
"15/10/2015";"16:02:00";"1753";"sem vítima";"81";"BR-116/SC";"Norte";"Choque - Cancela de Pedagio";1;0;0;0;0;0;0;0;0;0;1;0;0;0;0
"15/10/2015";"16:06:00";"1755";"sem vítima";"4,5";"BR-116/SC";"Norte";"Objeto lançado contra veículo";1;0;0;0;0;0;0;0;0;0;1;0;0;0;0
"15/10/2015";"16:42:00";"1759";"sem vítima";"81";"BR-116/SC";"Sul";"Choque - Cancela de Pedagio";0;0;1;0;0;0;0;0;0;0;1;0;0;0;0
"15/10/2015";"16:53:00";"1761";"com vítima";"210,4";"BR-116/SC";"Norte";"Tombamento";0;0;1;0;0;0;0;0;0;0;1;2;0;0;0
"15/10/2015";"19:26:00";"1770";"sem vítima";"121";"BR-116/PR";"Sul";"Colisão Lateral";1;0;1;0;0;0;0;0;0;0;2;0;0;0;0
"15/10/2015";"19:30:00";"1772";"sem vítima";"275";"BR-116/SC";"Sul";"Objeto lançado contra veículo";1;0;0;0;0;0;0;0;0;0;1;0;0;0;0
"16/10/2015";"13:19:00";"1862";"sem vítima";"133";"BR-116/PR";"Sul";"Colisão Traseira";1;0;0;0;0;1;0;0;0;0;2;0;0;0;0
"16/10/2015";"15:23:00";"1877";"sem vítima";"58";"BR-116/SC";"Norte";"Objeto lançado contra veículo";0;0;1;0;0;0;0;0;0;0;1;0;0;0;0
"16/10/2015";"20:46:00";"1903";"sem vítima";"137,7";"BR-116/PR";"Norte";"Choque - Suporte de Sinalização";0;0;1;0;0;0;0;0;0;0;1;0;0;0;0
"16/10/2015";"21:04:00";"1905";"com vítima";"73";"BR-116/SC";"Norte";"Saida de Pista";0;0;0;0;0;0;0;0;0;1;0;1;0;0;0
"17/10/2015";"02:45:00";"1928";"sem vítima";"206";"BR-116/PR";"Sul";"Colisão Lateral";1;0;0;0;0;0;0;0;0;0;1;0;0;0;0
"17/10/2015";"12:49:00";"1966";"sem vítima";"131,2";"BR-116/PR";"Sul";"Colisão Lateral";1;0;0;0;1;0;0;0;0;0;4;0;0;0;0
"17/10/2015";"14:18:00";"1975";"sem vítima";"188";"BR-116/PR";"Sul";"Outros";0;0;1;0;0;0;0;0;0;1;2;0;0;0;0
"17/10/2015";"21:44:00";"2009";"sem vítima";"83";"BR-116/SC";"Sul";"Saida de Pista";1;0;0;0;0;0;0;0;0;0;1;0;0;0;0
"18/10/2015";"05:51:00";"2041";"com vítima";"228";"BR-116/SC";"Norte";"Saida de Pista";1;0;0;0;0;0;0;0;0;0;0;2;0;0;0
"18/10/2015";"13:28:00";"2059";"com vítima";"122";"BR-116/PR";"Sul";"Colisão Traseira";1;0;0;0;0;1;0;0;0;0;1;1;0;0;0
"18/10/2015";"14:29:00";"2060";"sem vítima";"17";"BR-116/SC";"Norte";"Colisão Lateral";0;0;2;0;0;0;0;0;0;0;2;0;0;0;0
"18/10/2015";"15:13:00";"2063";"sem vítima";"233";"BR-116/SC";"Norte";"Choque - Cancela de Pedagio";0;0;1;0;0;0;0;0;0;0;1;0;0;0;0
"18/10/2015";"19:06:00";"2078";"sem vítima";"224";"BR-116/SC";"Norte";"Atropelamento de Animal";1;0;0;0;0;0;0;0;0;0;4;0;0;0;0
"18/10/2015";"20:43:00";"2089";"sem vítima";"152,1";"BR-116/PR";"Norte";"Colisão Transversal";1;0;0;0;0;1;0;0;0;0;2;0;0;0;0
"18/10/2015";"21:09:00";"2091";"sem vítima";"172,5";"BR-116/SC";"Sul";"Colisão Traseira";1;0;0;0;0;1;0;0;0;0;3;0;0;0;0
"19/10/2015";"01:59:00";"2102";"com vítima";"235,7";"BR-116/SC";"Sul";"Capotamento";1;0;0;0;0;0;0;0;0;0;2;2;0;0;0
"19/10/2015";"11:06:00";"2127";"sem vítima";"42";"BR-116/SC";"Sul";"Objeto lançado contra veículo";1;0;0;0;0;0;0;0;0;0;2;0;0;0;0
"19/10/2015";"12:11:00";"2137";"com vítima";"125";"BR-116/PR";"Norte";"Colisão Traseira";1;0;1;0;0;0;0;0;0;0;2;1;0;0;0
"19/10/2015";"14:52:00";"2153";"sem vítima";"267";"BR-116/SC";"Norte";"Colisão Traseira";0;0;0;0;0;1;0;0;1;0;2;0;0;0;0
"19/10/2015";"15:25:00";"2162";"com vítima";"143,3";"BR-116/SC";"Norte";"Colisão Transversal";1;0;0;0;0;0;0;0;0;1;2;1;0;0;0
"19/10/2015";"15:47:00";"2166";"com vítima";"129";"BR-116/PR";"Sul";"Colisão Transversal";0;1;1;0;0;0;0;0;0;0;1;1;0;0;0
"20/10/2015";"02:03:00";"2212";"sem vítima";"117";"BR-116/PR";"Sul";"Objeto lançado contra veículo";0;0;1;0;0;0;0;0;0;0;1;0;0;0;0
"20/10/2015";"20:45:00";"2319";"com vítima";"167";"BR-116/PR";"Sul";"Colisão Traseira";1;0;0;1;0;0;0;0;0;0;1;0;0;2;0
"21/10/2015";"08:56:00";"2373";"sem vítima";"211";"BR-116/PR";"Norte";"Objeto lançado contra veículo";1;0;0;0;0;1;0;0;0;0;2;0;0;0;0
"21/10/2015";"12:11:00";"2392";"sem vítima";"206,8";"BR-116/SC";"Sul";"Colisão Transversal";2;0;0;0;0;0;0;0;0;0;3;0;0;0;0
"21/10/2015";"15:55:00";"2413";"sem vítima";"81";"BR-116/SC";"Norte";"Choque - Cancela de Pedagio";1;0;0;0;0;0;0;0;0;0;1;0;0;0;0
"21/10/2015";"16:29:00";"2432";"sem vítima";"290";"BR-116/SC";"Norte";"Colisão Lateral";0;0;1;0;0;0;0;0;0;0;1;0;0;0;0
"21/10/2015";"17:27:00";"2428";"com vítima";"107,7";"BR-116/SC";"Sul";"Tombamento";0;0;1;0;0;0;0;0;0;0;1;1;0;0;0
"22/10/2015";"03:10:00";"2481";"sem vítima";"127";"BR-116/PR";"Sul";"Objeto lançado contra veículo";0;0;1;0;0;0;0;0;0;0;1;0;0;0;0
"22/10/2015";"03:36:00";"2484";"sem vítima";"182";"BR-116/SC";"Norte";"Atropelamento de Animal";0;0;1;0;0;0;0;0;0;0;1;0;0;0;0
"22/10/2015";"03:59:00";"2485";"sem vítima";"125";"BR-116/PR";"Norte";"Colisão Traseira";1;0;1;0;0;0;0;0;0;0;2;0;0;0;0
"22/10/2015";"05:34:00";"2491";"com vítima";"200";"BR-116/PR";"Norte";"Colisão Frontal";0;1;0;0;0;1;0;0;0;0;1;1;0;0;0
"22/10/2015";"07:12:00";"2495";"sem vítima";"152";"BR-116/SC";"Sul";"Choque - Cancela de Pedagio";0;0;0;0;1;0;0;0;0;0;1;0;0;0;0
"22/10/2015";"17:00:00";"2567";"sem vítima";"82";"BR-116/SC";"Sul";"Colisão Traseira";0;0;1;0;0;0;0;0;0;1;2;0;0;0;0
"22/10/2015";"19:08:00";"2579";"com vítima";"125,9";"BR-116/PR";"Sul";"Colisão Lateral";0;0;1;1;0;0;0;0;0;0;1;1;0;0;0
"22/10/2015";"20:16:00";"2583";"sem vítima";"134";"BR-116/PR";"Norte";"Choque - Cancela de Pedagio";1;0;0;0;0;0;0;0;0;0;1;0;0;0;0
"23/10/2015";"07:56:00";"2626";"com vítima";"245,5";"BR-116/SC";"Norte";"Colisão Transversal";0;0;2;0;0;0;0;0;0;0;1;1;0;0;0
"23/10/2015";"11:11:00";"2647";"sem vítima";"152";"BR-116/SC";"Norte";"Objeto lançado contra veículo";0;0;1;0;0;0;0;0;0;0;1;0;0;0;0
"23/10/2015";"11:37:00";"2650";"sem vítima";"108,2";"BR-116/SC";"Norte";"Objeto lançado contra veículo";0;0;1;0;0;0;0;0;0;0;1;0;0;0;0
"23/10/2015";"12:08:00";"2656";"com vítima";"210";"BR-116/PR";"Sul";"Colisão Transversal";1;0;0;1;0;0;0;0;0;0;1;1;0;0;0
"23/10/2015";"13:09:00";"2661";"sem vítima";"108,2";"BR-116/SC";"Norte";"Objeto lançado contra veículo";1;0;0;0;0;0;0;0;0;0;1;0;0;0;0
"23/10/2015";"13:48:00";"2663";"sem vítima";"134";"BR-116/PR";"Sul";"Choque - Cancela de Pedagio";1;0;0;0;0;0;0;0;0;0;1;0;0;0;0
"23/10/2015";"16:08:00";"2682";"sem vítima";"202";"BR-116/PR";"Norte";"Queda de Moto";0;0;0;0;0;1;0;0;0;0;1;0;0;0;0
"23/10/2015";"20:52:00";"2707";"sem vítima";"203,6";"BR-116/PR";"Norte";"Choque - Cancela de Pedagio";1;0;0;0;0;0;0;0;0;0;1;0;0;0;0
"23/10/2015";"21:11:00";"2709";"sem vítima";"132,3";"BR-116/SC";"Norte";"Outros";0;0;1;0;0;0;0;0;0;0;1;0;0;0;0
"24/10/2015";"02:53:00";"2734";"sem vítima";"233";"BR-116/SC";"Sul";"Choque - Veiculo parado na pista";3;0;0;0;0;0;0;0;0;0;8;0;0;0;0
"24/10/2015";"08:20:00";"2756";"com vítima";"59,8";"BR-116/SC";"Sul";"Colisão Transversal";1;0;1;0;0;0;0;0;0;0;1;0;0;0;2
"24/10/2015";"15:44:00";"2783";"sem vítima";"276";"BR-116/SC";"Norte";"Objeto lançado contra veículo";0;0;1;0;0;0;0;0;0;0;1;0;0;0;0
"24/10/2015";"19:47:00";"2812";"sem vítima";"137,8";"BR-116/PR";"Norte";"Tombamento";0;0;1;0;0;0;0;0;0;0;1;0;0;0;0
"24/10/2015";"21:19:00";"2814";"com vítima";"125,01";"BR-116/PR";"Norte";"Choque - Defensa, barreira ou "submarino"";3;0;0;0;0;0;0;0;0;0;5;2;0;0;1
"24/10/2015";"23:37:00";"2831";"sem vítima";"74,9";"BR-116/SC";"Sul";"Atropelamento de Animal";1;0;0;0;0;0;0;0;0;0;2;0;0;0;0
"25/10/2015";"04:58:00";"2861";"com vítima";"121";"BR-116/PR";"Sul";"Choque - Defensa, barreira ou "submarino"";0;0;0;1;0;0;0;0;0;0;1;1;0;0;0
"25/10/2015";"09:54:00";"2876";"com vítima";"118,9";"BR-116/PR";"Sul";"Saida de Pista";1;0;0;0;0;0;0;0;0;0;0;1;0;1;0
"25/10/2015";"10:11:00";"2877";"sem vítima";"138";"BR-116/PR";"Norte";"Queda de Moto";0;0;0;1;0;0;0;0;0;0;1;0;0;0;0
"25/10/2015";"15:02:00";"2892";"sem vítima";"183";"BR-116/PR";"Norte";"Saida de Pista";0;0;0;0;0;0;0;0;0;1;3;0;0;0;0
"25/10/2015";"15:55:00";"2897";"sem vítima";"203,6";"BR-116/PR";"Norte";"Choque - Cancela de Pedagio";0;0;1;0;0;0;0;0;0;0;2;0;0;0;0
"25/10/2015";"20:31:00";"2926";"com vítima";"144,2";"BR-116/PR";"Sul";"Colisão Frontal";3;0;0;0;0;0;0;0;0;0;3;1;0;0;0
"26/10/2015";"02:09:00";"2949";"sem vítima";"87";"BR-116/SC";"Norte";"Atropelamento de Animal";1;0;0;0;0;0;0;0;0;0;1;0;0;0;0
"26/10/2015";"10:46:00";"2987";"sem vítima";"134";"BR-116/PR";"Norte";"Choque - Cancela de Pedagio";0;0;0;0;0;0;0;0;0;1;1;0;0;0;0
"26/10/2015";"13:14:00";"3006";"sem vítima";"254,5";"BR-116/SC";"Sul";"Colisão Lateral";1;0;1;0;0;0;0;0;0;0;3;0;0;0;0
"26/10/2015";"13:24:00";"3007";"sem vítima";"57";"BR-116/SC";"Sul";"Objeto lançado contra veículo";0;0;1;0;0;0;0;0;0;0;1;0;0;0;0
"26/10/2015";"18:14:00";"3038";"sem vítima";"134";"BR-116/PR";"Norte";"Choque - Cancela de Pedagio";0;0;0;0;0;0;0;0;0;1;1;0;0;0;0
"27/10/2015";"09:55:00";"3096";"sem vítima";"203,7";"BR-116/PR";"Sul";"Choque - Cancela de Pedagio";1;0;0;0;0;0;0;0;0;0;1;0;0;0;0
"27/10/2015";"13:22:00";"3120";"sem vítima";"32,5";"BR-116/SC";"Sul";"Choque - Objeto sobre a pista";0;0;1;0;0;0;0;0;0;0;1;0;0;0;0
"27/10/2015";"16:33:00";"3149";"com vítima";"15,2";"BR-116/SC";"Norte";"Colisão Traseira";2;0;0;0;0;0;0;0;0;0;2;1;0;0;0
"27/10/2015";"17:23:00";"3152";"com vítima";"166,1";"BR-116/PR";"Norte";"Colisão Transversal";0;0;1;1;0;0;0;0;0;0;1;0;0;1;0
"27/10/2015";"18:29:00";"3158";"sem vítima";"285";"BR-116/SC";"Norte";"Outros";0;0;1;0;1;0;0;0;0;0;2;0;0;0;0
"27/10/2015";"23:40:00";"3174";"sem vítima";"203,9";"BR-116/PR";"Norte";"Outros";0;0;1;0;0;0;0;0;0;0;1;0;0;0;0
"28/10/2015";"07:12:00";"3194";"sem vítima";"134";"BR-116/PR";"Sul";"Choque - Cancela de Pedagio";1;0;0;0;0;0;0;0;0;0;1;0;0;0;0
"28/10/2015";"16:31:00";"3254";"sem vítima";"117,5";"BR-116/PR";"Sul";"Colisão Lateral";1;0;1;0;0;0;0;0;0;0;3;0;0;0;0
"28/10/2015";"17:33:00";"3260";"sem vítima";"118";"BR-116/PR";"Sul";"Colisão Lateral";1;0;1;0;0;0;0;0;0;0;3;0;0;0;0
"28/10/2015";"18:09:00";"3265";"sem vítima";"180";"BR-116/PR";"Sul";"Objeto lançado contra veículo";1;0;0;0;0;0;0;0;0;0;1;0;0;0;0
"28/10/2015";"22:57:00";"3282";"sem vítima";"204";"BR-116/PR";"Sul";"Choque - Cancela de Pedagio";1;0;0;0;0;0;0;0;0;0;4;0;0;0;0
"29/10/2015";"06:44:00";"3305";"sem vítima";"48,5";"BR-116/SC";"Sul";"Choque - Objeto sobre a pista";0;0;0;0;0;0;0;0;0;1;1;0;0;0;0
"29/10/2015";"09:37:00";"3319";"com vítima";"206,1";"BR-116/SC";"Norte";"Atropelamento - Morador";0;0;1;0;0;0;0;0;0;0;1;1;0;0;0
"29/10/2015";"13:28:00";"3339";"sem vítima";"134";"BR-116/PR";"Norte";"Choque - Cancela de Pedagio";0;0;0;0;0;0;0;0;0;1;1;0;0;0;0
"29/10/2015";"17:06:00";"3371";"sem vítima";"180,1";"BR-116/SC";"Norte";"Colisão Transversal";1;0;1;0;0;0;0;0;0;0;2;0;0;0;0
"29/10/2015";"20:11:00";"3387";"sem vítima";"139";"BR-116/SC";"Sul";"Colisão Transversal";2;0;0;0;0;0;0;0;0;0;4;0;0;0;0
"29/10/2015";"20:28:00";"3391";"sem vítima";"162";"BR-116/SC";"Norte";"Atropelamento de Animal";1;0;0;0;0;0;0;0;0;0;1;0;0;0;0
"30/10/2015";"02:29:00";"3417";"sem vítima";"196";"BR-116/SC";"Norte";"Atropelamento de Animal";1;0;0;0;0;0;0;0;0;0;3;0;0;0;0
"30/10/2015";"04:17:00";"3422";"sem vítima";"6";"BR-116/SC";"Sul";"Choque - Outros";1;0;1;0;0;0;0;0;0;0;4;0;0;0;0
"30/10/2015";"06:11:00";"3429";"com vítima";"136,95";"BR-116/SC";"Sul";"Colisão Transversal";1;0;1;0;0;0;0;0;0;0;1;2;0;0;2
"30/10/2015";"06:38:00";"3430";"sem vítima";"147";"BR-116/PR";"Sul";"Saida de Pista";1;0;0;0;0;0;0;0;0;0;2;0;0;0;0
"30/10/2015";"07:55:00";"3435";"com vítima";"123,5";"BR-116/PR";"Norte";"Choque - Veiculo parado na pista";0;0;0;1;0;1;0;0;0;0;2;1;0;0;0
"30/10/2015";"08:03:00";"3436";"sem vítima";"122,5";"BR-116/PR";"Sul";"Colisão Traseira";1;0;1;0;0;0;0;0;0;0;5;0;0;0;0
"30/10/2015";"08:09:00";"3437";"sem vítima";"204";"BR-116/PR";"Sul";"Choque - Cancela de Pedagio";0;0;1;0;0;0;0;0;0;0;1;0;0;0;0
"30/10/2015";"09:42:00";"3444";"sem vítima";"211";"BR-116/PR";"Norte";"Objeto lançado contra veículo";1;0;0;0;0;0;0;0;0;0;1;0;0;0;0
"30/10/2015";"11:19:00";"3460";"com vítima";"207";"BR-116/SC";"Sul";"Colisão Transversal";1;0;0;0;0;0;0;0;0;1;2;1;0;0;0
"30/10/2015";"14:22:00";"3480";"sem vítima";"234,45";"BR-116/SC";"Sul";"Saida de Pista";0;0;1;0;0;0;0;0;0;0;1;0;0;0;0
"30/10/2015";"16:09:00";"3503";"sem vítima";"155,5";"BR-116/PR";"Sul";"Saida de Pista";1;0;0;0;0;0;0;0;0;0;1;0;0;0;0
"30/10/2015";"16:48:00";"3509";"sem vítima";"126,3";"BR-116/PR";"Norte";"Colisão Lateral";1;0;1;0;0;0;0;0;0;0;3;0;0;0;0
"30/10/2015";"17:35:00";"3513";"sem vítima";"134";"BR-116/PR";"Norte";"Choque - Cancela de Pedagio";1;0;0;0;0;0;0;0;0;0;1;0;0;0;0
"30/10/2015";"19:16:00";"3520";"sem vítima";"81";"BR-116/SC";"Norte";"Choque - Cancela de Pedagio";0;0;0;0;0;0;0;0;0;1;1;0;0;0;0
"30/10/2015";"23:27:00";"3546";"sem vítima";"233";"BR-116/SC";"Sul";"Choque - Defensa, barreira ou "submarino"";0;0;1;0;0;0;0;0;0;0;1;0;0;0;0
"31/10/2015";"01:09:00";"3557";"sem vítima";"114,9";"BR-116/SC";"Sul";"Choque - Outros";1;0;0;0;0;0;0;0;0;0;1;0;0;0;0
"31/10/2015";"02:56:00";"3564";"sem vítima";"124,1";"BR-116/SC";"Sul";"Saida de Pista";0;0;1;0;0;0;0;0;0;0;1;0;0;0;0
"31/10/2015";"13:10:00";"3602";"com vítima";"125,8";"BR-116/PR";"Norte";"Colisão Traseira";3;0;0;0;0;0;0;0;0;0;7;1;0;0;0
"31/10/2015";"13:53:00";"3605";"sem vítima";"119,2";"BR-116/SC";"Sul";"Choque - Objeto sobre a pista";1;0;0;0;0;0;0;0;0;0;1;0;0;0;0
"31/10/2015";"16:02:00";"3620";"sem vítima";"161,9";"BR-116/SC";"Norte";"Saida de Pista";1;0;0;0;0;0;0;0;0;0;2;0;0;0;0
"31/10/2015";"21:08:00";"3645";"sem vítima";"72,5";"BR-116/SC";"Sul";"Colisão Traseira";2;0;0;0;0;0;0;0;0;0;4;0;0;0;0
"01/11/2015";"05:02:00";"25";"com vítima";"13,4";"BR-116/SC";"Sul";"Colisão Frontal";1;0;1;0;0;0;0;0;0;0;2;0;0;0;1
"01/11/2015";"09:41:00";"39";"sem vítima";"134";"BR-116/PR";"Sul";"Choque - Cancela de Pedagio";0;0;0;0;0;0;0;0;0;1;1;0;0;0;0
"01/11/2015";"14:34:00";"58";"com vítima";"141,3";"BR-116/PR";"Norte";"Saida de Pista";0;0;0;0;0;0;0;0;0;1;0;1;0;1;0
"01/11/2015";"19:14:00";"80";"sem vítima";"134";"BR-116/PR";"Sul";"Choque - Cancela de Pedagio";0;0;0;0;0;0;0;0;0;1;1;0;0;0;0
"01/11/2015";"19:39:00";"82";"com vítima";"219,5";"BR-116/SC";"Norte";"Colisão Transversal";1;0;0;0;0;1;0;0;0;0;2;1;0;0;0
"01/11/2015";"20:12:00";"86";"sem vítima";"81";"BR-116/SC";"Sul";"Choque - Cancela de Pedagio";1;0;0;0;0;0;0;0;0;0;1;0;0;0;0
"01/11/2015";"23:11:00";"104";"sem vítima";"117,3";"BR-116/PR";"Norte";"Atropelamento de Animal";0;0;0;1;0;0;0;0;0;0;1;0;0;0;0
"02/11/2015";"02:57:00";"117";"com vítima";"98,8";"BR-116/SC";"Sul";"Colisão Lateral";1;0;1;0;0;0;0;0;0;0;3;1;0;0;0
"02/11/2015";"05:01:00";"123";"sem vítima";"175";"BR-116/PR";"Norte";"Saida de Pista";1;0;0;0;0;0;0;0;0;0;1;0;0;0;0
"02/11/2015";"08:49:00";"134";"com vítima";"296,5";"BR-116/SC";"Norte";"Saida de Pista";1;0;0;0;0;0;0;0;0;0;0;1;0;0;0
"02/11/2015";"11:09:00";"140";"sem vítima";"134";"BR-116/PR";"Sul";"Choque - Cancela de Pedagio";1;0;0;0;0;0;0;0;0;0;1;0;0;0;0
"02/11/2015";"12:11:00";"147";"sem vítima";"53,95";"BR-116/SC";"Norte";"Choque - Elemento de Drenagem";1;0;0;0;0;0;0;0;0;0;3;0;0;0;0
"02/11/2015";"14:29:00";"156";"sem vítima";"23";"BR-116/SC";"Norte";"Colisão Traseira";2;0;0;0;0;0;0;0;0;0;2;0;0;0;0
"02/11/2015";"16:17:00";"168";"sem vítima";"170,6";"BR-116/PR";"Sul";"Saida de Pista";1;0;0;0;0;0;0;0;0;0;1;0;0;0;0
"02/11/2015";"17:47:00";"174";"sem vítima";"81";"BR-116/SC";"Norte";"Choque - Cancela de Pedagio";1;0;0;0;0;0;0;0;0;0;1;0;0;0;0
"02/11/2015";"19:11:00";"185";"sem vítima";"132";"BR-116/PR";"Norte";"Colisão Traseira";2;0;0;0;0;0;0;0;0;0;2;0;0;0;0
"02/11/2015";"19:29:00";"186";"sem vítima";"80";"BR-116/SC";"Sul";"Objeto lançado contra veículo";0;0;1;0;0;0;0;0;0;0;1;0;0;0;0
"02/11/2015";"21:08:00";"189";"sem vítima";"162,2";"BR-116/SC";"Sul";"Atropelamento de Animal";0;0;1;0;0;0;0;0;0;0;1;0;0;0;0
"02/11/2015";"22:26:00";"198";"sem vítima";"14,4";"BR-116/SC";"Norte";"Choque - Veiculo parado na pista";1;0;0;0;0;1;0;0;0;0;4;0;0;0;0
"02/11/2015";"23:17:00";"204";"sem vítima";"252,9";"BR-116/SC";"Sul";"Atropelamento de Animal";1;0;0;0;0;0;0;0;0;0;4;0;0;0;0
"03/11/2015";"12:34:00";"256";"com vítima";"118,95";"BR-116/PR";"Sul";"Colisão Lateral";1;0;0;1;0;0;0;0;0;0;1;1;0;0;0
"03/11/2015";"18:32:00";"309";"sem vítima";"134";"BR-116/PR";"Norte";"Choque - Cancela de Pedagio";1;0;0;0;0;0;0;0;0;0;1;0;0;0;0
"03/11/2015";"21:18:00";"317";"sem vítima";"174";"BR-116/PR";"Norte";"Saida de Pista";1;0;0;0;0;0;0;0;0;0;1;0;0;0;0
"04/11/2015";"15:04:00";"371";"sem vítima";"169";"BR-116/SC";"Sul";"Outros";1;0;0;0;0;0;0;0;0;0;1;0;0;0;0
"04/11/2015";"15:37:00";"379";"sem vítima";"161,8";"BR-116/PR";"Norte";"Colisão Traseira";1;0;0;0;0;2;0;0;0;0;5;0;0;0;0
"05/11/2015";"07:43:00";"433";"sem vítima";"108";"BR-116/SC";"Norte";"Choque - Objeto sobre a pista";0;0;1;0;0;0;0;0;0;0;1;0;0;0;0