data;horario;n_da_ocorrencia;tipo_de_ocorrencia;km;trecho;sentido;tipo_de_acidente;automovel;bicicleta;caminhao;moto;onibus;outros;tracao_animal;transporte_de_cargas_especiais;trator_maquinas;utilitarios;ilesos;levemente_feridos;moderadamente_feridos;gravemente_feridos;mortos
"05/11/2015";"12:20:00";"455";"sem vítima";"245";"BR-116/SC";"Sul";"Colisão Transversal";2;0;0;0;0;0;0;0;0;0;3;0;0;0;0
"05/11/2015";"17:49:00";"490";"com vítima";"245";"BR-116/SC";"Norte";"Colisão Transversal";0;0;0;1;0;1;0;0;0;0;1;1;0;0;0
"06/11/2015";"09:13:00";"555";"sem vítima";"118";"BR-116/PR";"Sul";"Colisão Traseira";1;0;0;0;0;1;0;0;0;0;2;0;0;0;0
"06/11/2015";"10:50:00";"567";"sem vítima";"194,5";"BR-116/SC";"Sul";"Choque - Objeto sobre a pista";0;0;1;0;0;0;0;0;0;0;1;0;0;0;0
"06/11/2015";"15:20:00";"598";"sem vítima";"4,5";"BR-116/SC";"Norte";"Colisão Transversal";2;0;0;0;0;0;0;0;0;0;2;0;0;0;0
"06/11/2015";"16:18:00";"600";"sem vítima";"146";"BR-116/SC";"Sul";"Objeto lançado contra veículo";0;0;0;0;0;0;0;0;0;1;1;0;0;0;0
"06/11/2015";"17:55:00";"607";"com vítima";"29,2";"BR-116/SC";"Sul";"Colisão Frontal";1;0;0;1;0;0;0;0;0;0;1;1;0;0;0
"06/11/2015";"19:47:00";"617";"sem vítima";"127";"BR-116/PR";"Sul";"Colisão Traseira";1;0;0;1;0;0;0;0;0;0;2;0;0;0;0
"07/11/2015";"07:46:00";"670";"sem vítima";"134";"BR-116/PR";"Sul";"Choque - Outros";0;0;1;0;0;0;0;0;0;0;1;0;0;0;0
"07/11/2015";"09:14:00";"676";"sem vítima";"197,5";"BR-116/PR";"Sul";"Saida de Pista";1;0;0;0;0;0;0;0;0;0;1;0;0;0;0
"07/11/2015";"10:16:00";"680";"sem vítima";"139";"BR-116/PR";"Sul";"Queda de Moto";0;0;0;1;0;0;0;0;0;0;1;0;0;0;0
"07/11/2015";"15:24:00";"706";"sem vítima";"4,28";"BR-116/SC";"Norte";"Colisão Lateral";2;0;0;0;0;0;0;0;0;0;2;0;0;0;0
"07/11/2015";"17:23:00";"714";"sem vítima";"172";"BR-116/SC";"Norte";"Objeto lançado contra veículo";0;0;1;0;0;0;0;0;0;0;1;0;0;0;0
"08/11/2015";"00:48:00";"748";"sem vítima";"114,9";"BR-116/SC";"Sul";"Saida de Pista";1;0;0;0;0;0;0;0;0;0;2;0;0;0;0
"08/11/2015";"02:56:00";"758";"com vítima";"155,8";"BR-116/PR";"Norte";"Atropelamento - Morador";0;0;0;0;0;1;0;0;0;0;1;0;0;1;0
"08/11/2015";"03:04:00";"760";"sem vítima";"227,8";"BR-116/SC";"Sul";"Saida de Pista";1;0;0;0;0;0;0;0;0;0;2;0;0;0;0
"08/11/2015";"04:17:00";"768";"sem vítima";"25,9";"BR-116/SC";"Sul";"Saida de Pista";1;0;0;0;0;0;0;0;0;0;1;0;0;0;0
"08/11/2015";"06:13:00";"773";"sem vítima";"125,8";"BR-116/PR";"Sul";"Colisão Transversal";2;0;0;0;0;0;0;0;0;0;2;0;0;0;0
"08/11/2015";"08:26:00";"784";"com vítima";"140,3";"BR-116/PR";"Sul";"Saida de Pista";1;0;0;0;0;0;0;0;0;0;0;2;0;0;0
"08/11/2015";"11:39:00";"800";"sem vítima";"134";"BR-116/PR";"Norte";"Choque - Cancela de Pedagio";1;0;0;0;0;0;0;0;0;0;1;0;0;0;0
"08/11/2015";"13:53:00";"807";"sem vítima";"4,5";"BR-116/SC";"Norte";"Colisão Transversal";1;0;0;0;0;1;0;0;0;0;5;0;0;0;0
"08/11/2015";"15:38:00";"818";"sem vítima";"275,3";"BR-116/SC";"Sul";"Colisão Traseira";2;0;0;0;0;0;0;0;0;0;2;0;0;0;0
"08/11/2015";"17:17:00";"825";"sem vítima";"134";"BR-116/PR";"Sul";"Choque - Cancela de Pedagio";0;0;1;0;0;0;0;0;0;0;1;0;0;0;0
"09/11/2015";"07:53:00";"894";"com vítima";"115";"BR-116/PR";"Norte";"Colisão Lateral";1;0;0;1;0;0;0;0;0;0;2;1;0;0;0
"09/11/2015";"11:56:00";"929";"sem vítima";"134";"BR-116/PR";"Norte";"Choque - Cancela de Pedagio";1;0;0;0;0;0;0;0;0;0;1;0;0;0;0
"09/11/2015";"17:02:00";"975";"sem vítima";"134";"BR-116/PR";"Sul";"Objeto lançado contra veículo";1;0;0;0;0;0;0;0;0;0;1;0;0;0;0
"10/11/2015";"06:29:00";"1041";"sem vítima";"179";"BR-116/PR";"Norte";"Objeto lançado contra veículo";0;0;1;0;0;0;0;0;0;0;1;0;0;0;0
"10/11/2015";"07:19:00";"1046";"sem vítima";"81";"BR-116/SC";"Sul";"Choque - Cancela de Pedagio";0;0;0;0;0;0;0;0;0;1;1;0;0;0;0
"10/11/2015";"07:23:00";"1047";"sem vítima";"117,5";"BR-116/PR";"Sul";"Colisão Lateral";1;0;0;1;0;0;0;0;0;0;2;0;0;0;0
"10/11/2015";"10:00:00";"1060";"sem vítima";"183";"BR-116/SC";"Norte";"Choque - Outros";1;0;0;0;0;0;0;0;0;0;1;0;0;0;0
"10/11/2015";"11:16:00";"1068";"sem vítima";"122,7";"BR-116/PR";"Sul";"Objeto lançado contra veículo";1;0;0;0;0;0;0;0;0;0;1;0;0;0;0
"10/11/2015";"17:27:00";"1100";"sem vítima";"122";"BR-116/SC";"Sul";"Objeto lançado contra veículo";1;0;0;0;0;0;0;0;0;0;1;0;0;0;0
"10/11/2015";"18:07:00";"1103";"sem vítima";"134";"BR-116/PR";"Sul";"Choque - Cancela de Pedagio";1;0;0;0;0;0;0;0;0;0;1;0;0;0;0
"10/11/2015";"18:14:00";"1105";"sem vítima";"24,6";"BR-116/SC";"Norte";"Saida de Pista";1;0;0;0;0;0;0;0;0;0;1;0;0;0;0
"10/11/2015";"18:21:00";"1106";"sem vítima";"134";"BR-116/PR";"Sul";"Choque - Cancela de Pedagio";1;0;0;0;0;0;0;0;0;0;1;0;0;0;0
"10/11/2015";"20:50:00";"1119";"sem vítima";"69";"BR-116/SC";"Sul";"Objeto lançado contra veículo";0;0;0;0;1;0;0;0;0;0;1;0;0;0;0
"10/11/2015";"21:37:00";"1120";"sem vítima";"226";"BR-116/SC";"Norte";"Atropelamento de Animal";1;0;0;0;0;0;0;0;0;0;1;0;0;0;0
"11/11/2015";"08:55:00";"1167";"sem vítima";"134";"BR-116/PR";"Sul";"Choque - Cancela de Pedagio";0;0;1;0;0;0;0;0;0;0;1;0;0;0;0
"11/11/2015";"14:14:00";"1193";"com vítima";"11,6";"BR-116/SC";"Norte";"Colisão Traseira";0;0;1;1;0;0;0;0;0;0;1;0;0;1;0
"12/11/2015";"07:50:00";"1269";"sem vítima";"273";"BR-116/SC";"Sul";"Atropelamento de Animal";1;0;0;0;0;0;0;0;0;0;1;0;0;0;0
"12/11/2015";"13:43:00";"1299";"sem vítima";"145";"BR-116/PR";"Norte";"Objeto lançado contra veículo";1;0;0;0;0;0;0;0;0;0;2;0;0;0;0
"12/11/2015";"18:41:00";"1337";"sem vítima";"134";"BR-116/PR";"Norte";"Choque - Cancela de Pedagio";0;0;0;0;0;0;0;0;0;1;4;0;0;0;0
"13/11/2015";"00:12:00";"1377";"sem vítima";"204";"BR-116/PR";"Sul";"Choque - Cancela de Pedagio";0;0;1;0;0;0;0;0;0;0;1;0;0;0;0
"13/11/2015";"07:11:00";"1385";"sem vítima";"119";"BR-116/PR";"Norte";"Colisão Lateral";2;0;0;1;0;0;0;0;0;0;3;0;0;0;0
"13/11/2015";"07:16:00";"1387";"sem vítima";"120";"BR-116/PR";"Norte";"Colisão Traseira";1;0;0;0;0;1;0;0;0;0;2;0;0;0;0
"13/11/2015";"07:20:00";"1388";"sem vítima";"122,9";"BR-116/PR";"Norte";"Choque - Objeto sobre a pista";1;0;0;0;0;0;0;0;0;0;1;0;0;0;0
"13/11/2015";"08:11:00";"1398";"com vítima";"115";"BR-116/PR";"Norte";"Colisão Traseira";2;0;0;1;0;0;0;0;0;0;2;1;0;0;0
"13/11/2015";"12:08:00";"1421";"sem vítima";"140";"BR-116/SC";"Sul";"Colisão Transversal";2;0;0;0;0;0;0;0;0;0;2;0;0;0;0
"13/11/2015";"12:35:00";"1425";"sem vítima";"12";"BR-116/SC";"Norte";"Colisão Transversal";1;0;1;0;0;0;0;0;0;0;2;0;0;0;0
"13/11/2015";"13:23:00";"1428";"sem vítima";"120";"BR-116/SC";"Sul";"Choque - Cancela de Pedagio";1;0;0;0;0;0;0;0;0;0;1;0;0;0;0
"13/11/2015";"20:27:00";"1476";"sem vítima";"82";"BR-116/SC";"Sul";"Choque - Cancela de Pedagio";0;0;1;0;0;0;0;0;0;0;1;0;0;0;0
"13/11/2015";"21:06:00";"1479";"sem vítima";"118";"BR-116/PR";"Sul";"Colisão Lateral";1;0;1;0;0;0;0;0;0;0;2;0;0;0;0
"13/11/2015";"23:53:00";"1490";"sem vítima";"48";"BR-116/SC";"Sul";"Choque - Objeto sobre a pista";1;0;0;0;0;0;0;0;0;0;1;0;0;0;0
"14/11/2015";"00:24:00";"1494";"sem vítima";"247,8";"BR-116/SC";"Norte";"Colisão Lateral";1;0;1;0;0;0;0;0;0;0;2;0;0;0;0
"14/11/2015";"09:13:00";"1526";"sem vítima";"127,5";"BR-116/PR";"Norte";"Saida de Pista";1;0;0;0;0;0;0;0;0;0;1;0;0;0;0
"14/11/2015";"12:18:00";"1542";"sem vítima";"225,3";"BR-116/SC";"Norte";"Choque - Objeto sobre a pista";1;0;0;0;0;0;0;0;0;0;1;0;0;0;0
"14/11/2015";"16:49:00";"1567";"com vítima";"117";"BR-116/PR";"Sul";"Colisão Traseira";1;0;0;0;0;1;0;0;0;0;2;1;0;0;0
"14/11/2015";"18:12:00";"1576";"com vítima";"125,9";"BR-116/PR";"Norte";"Colisão Transversal";2;0;0;0;0;0;0;0;0;0;1;4;0;0;0
"14/11/2015";"18:56:00";"1582";"com vítima";"48";"BR-116/SC";"Norte";"Outros";0;1;0;0;0;0;0;0;0;0;0;1;0;0;0
"14/11/2015";"20:37:00";"1590";"sem vítima";"143";"BR-116/PR";"Sul";"Saida de Pista";1;0;0;0;0;0;0;0;0;0;1;0;0;0;0
"15/11/2015";"01:14:00";"1611";"sem vítima";"184,5";"BR-116/SC";"Sul";"Colisão Traseira";0;0;0;0;2;0;0;0;0;0;3;0;0;0;0
"15/11/2015";"09:33:00";"1635";"sem vítima";"131";"BR-116/PR";"Sul";"Colisão Lateral";1;0;1;0;0;0;0;0;0;0;2;0;0;0;0
"16/11/2015";"05:42:00";"1728";"sem vítima";"203";"BR-116/PR";"Sul";"Tombamento";1;0;0;0;0;0;0;0;0;0;1;0;0;0;0
"16/11/2015";"08:04:00";"1740";"com vítima";"115";"BR-116/PR";"Norte";"Colisão Traseira";1;0;0;1;0;0;0;0;0;0;2;1;0;0;0
"16/11/2015";"09:58:00";"1757";"sem vítima";"8";"BR-116/SC";"Sul";"Choque - Objeto sobre a pista";1;0;0;0;0;0;0;0;0;0;1;0;0;0;0
"16/11/2015";"10:35:00";"1762";"sem vítima";"137,5";"BR-116/PR";"Norte";"Objeto lançado contra veículo";1;0;0;0;0;0;0;0;0;0;1;0;0;0;0
"16/11/2015";"17:10:00";"1806";"sem vítima";"233";"BR-116/SC";"Sul";"Choque - Cancela de Pedagio";0;0;1;0;0;0;0;0;0;0;1;0;0;0;0
"16/11/2015";"21:18:00";"1824";"com vítima";"129,6";"BR-116/PR";"Norte";"Colisão Frontal";2;0;0;0;0;0;0;0;0;0;1;2;0;0;0
"16/11/2015";"22:56:00";"1830";"sem vítima";"245,5";"BR-116/SC";"Sul";"Saida de Pista";1;0;0;0;0;0;0;0;0;0;1;0;0;0;0
"16/11/2015";"23:18:00";"1832";"sem vítima";"123";"BR-116/PR";"Sul";"Colisão Lateral";2;0;0;0;0;0;0;0;0;0;4;0;0;0;0
"17/11/2015";"00:26:00";"1837";"sem vítima";"217";"BR-116/SC";"Sul";"Saida de Pista";1;0;0;0;0;0;0;0;0;0;4;0;0;0;0
"17/11/2015";"11:24:00";"1875";"sem vítima";"49";"BR-116/SC";"Norte";"Choque - Objeto sobre a pista";1;0;0;0;0;0;0;0;0;0;1;0;0;0;0
"17/11/2015";"13:07:00";"1882";"com vítima";"210,9";"BR-116/PR";"Norte";"Colisão Transversal";2;0;0;0;0;0;0;0;0;0;4;1;0;0;0
"17/11/2015";"13:57:00";"1886";"sem vítima";"123";"BR-116/SC";"Norte";"Objeto lançado contra veículo";1;0;0;0;0;0;0;0;0;0;1;0;0;0;0
"17/11/2015";"17:46:00";"1909";"sem vítima";"117";"BR-116/PR";"Sul";"Colisão Lateral";1;0;1;0;0;0;0;0;0;0;2;0;0;0;0
"17/11/2015";"18:35:00";"1913";"sem vítima";"12,3";"BR-116/SC";"Sul";"Colisão Transversal";2;0;0;0;0;0;0;0;0;0;7;0;0;0;0
"18/11/2015";"09:46:00";"1967";"sem vítima";"153";"BR-116/SC";"Norte";"Colisão Traseira";1;0;1;0;0;0;0;0;0;0;2;0;0;0;0
"18/11/2015";"12:40:00";"1977";"com vítima";"119,8";"BR-116/PR";"Sul";"Choque - Defensa, barreira ou "submarino"";2;0;0;0;0;0;0;0;0;0;2;0;0;1;0
"18/11/2015";"13:13:00";"1980";"com vítima";"119,8";"BR-116/PR";"Norte";"Colisão Traseira";1;0;1;0;0;0;0;0;0;0;1;1;0;0;0
"18/11/2015";"17:12:00";"2005";"sem vítima";"134";"BR-116/PR";"Norte";"Choque - Cancela de Pedagio";1;0;0;0;0;0;0;0;0;0;1;0;0;0;0
"18/11/2015";"18:24:00";"2009";"sem vítima";"81";"BR-116/SC";"Norte";"Choque - Cancela de Pedagio";0;0;0;0;1;0;0;0;0;0;1;0;0;0;0
"18/11/2015";"18:56:00";"2012";"sem vítima";"138";"BR-116/PR";"Sul";"Objeto lançado contra veículo";1;0;0;0;0;0;0;0;0;0;1;0;0;0;0
"19/11/2015";"06:20:00";"2058";"sem vítima";"121,8";"BR-116/SC";"Sul";"Saida de Pista";1;0;0;0;0;0;0;0;0;0;2;0;0;0;0
"19/11/2015";"11:00:00";"2083";"sem vítima";"134";"BR-116/PR";"Sul";"Choque - Cancela de Pedagio";1;0;0;0;0;0;0;0;0;0;1;0;0;0;0
"19/11/2015";"19:49:00";"2157";"sem vítima";"81";"BR-116/SC";"Norte";"Choque - Cancela de Pedagio";1;0;0;0;0;0;0;0;0;0;1;0;0;0;0
"19/11/2015";"20:37:00";"2162";"sem vítima";"240";"BR-116/SC";"Sul";"Tombamento";0;0;1;0;0;0;0;0;0;0;1;0;0;0;0
"19/11/2015";"23:06:00";"2172";"sem vítima";"284";"BR-116/SC";"Norte";"Atropelamento de Animal";1;0;0;0;0;0;0;0;0;0;1;0;0;0;0
"20/11/2015";"07:00:00";"2190";"com vítima";"125";"BR-116/PR";"Norte";"Queda de Moto";0;0;0;1;0;0;0;0;0;0;0;1;0;0;0
"20/11/2015";"15:03:00";"2240";"sem vítima";"50";"BR-116/SC";"Norte";"Objeto lançado contra veículo";1;0;0;0;0;0;0;0;0;0;3;0;0;0;0
"20/11/2015";"20:13:00";"2282";"sem vítima";"204";"BR-116/SC";"Norte";"Choque - Objeto sobre a pista";1;0;0;0;0;0;0;0;0;0;1;0;0;0;0
"20/11/2015";"21:14:00";"2286";"sem vítima";"19";"BR-116/SC";"Norte";"Saida de Pista";1;0;0;0;0;0;0;0;0;0;2;0;0;0;0
"20/11/2015";"21:20:00";"2289";"com vítima";"220,5";"BR-116/SC";"Norte";"Colisão Transversal";1;0;1;0;0;0;0;0;0;0;1;1;0;0;0
"20/11/2015";"22:01:00";"2294";"com vítima";"151,1";"BR-116/PR";"Norte";"Colisão Frontal";1;0;0;0;0;0;0;0;0;1;2;2;0;1;2
"21/11/2015";"08:07:00";"2309";"sem vítima";"85";"BR-116/SC";"Norte";"Choque - Objeto sobre a pista";1;0;0;0;0;1;0;0;0;0;2;0;0;0;0
"21/11/2015";"09:14:00";"2315";"sem vítima";"152";"BR-116/SC";"Norte";"Choque - Cancela de Pedagio";1;0;0;0;0;0;0;0;0;0;1;0;0;0;0
"21/11/2015";"12:40:00";"2334";"sem vítima";"247,8";"BR-116/SC";"Norte";"Colisão Transversal";2;0;0;0;0;0;0;0;0;0;3;0;0;0;0
"21/11/2015";"15:07:00";"2351";"com vítima";"55,2";"BR-116/SC";"Norte";"Choque - Defensa, barreira ou "submarino"";0;0;0;1;0;0;0;0;0;0;0;0;0;0;1
"21/11/2015";"15:41:00";"2354";"sem vítima";"236";"BR-116/SC";"Norte";"Objeto lançado contra veículo";1;0;0;0;0;0;0;0;0;0;3;0;0;0;0
"21/11/2015";"16:47:00";"2362";"sem vítima";"211,3";"BR-116/SC";"Sul";"Tombamento";0;0;0;1;0;0;0;0;0;0;1;0;0;0;0
"21/11/2015";"17:25:00";"2365";"sem vítima";"206";"BR-116/SC";"Norte";"Outros - Sequência";1;0;0;0;0;0;0;0;0;0;1;0;0;0;0
"21/11/2015";"23:18:00";"2387";"sem vítima";"121";"BR-116/SC";"Sul";"Atropelamento de Animal";1;0;0;0;0;0;0;0;0;0;1;0;0;0;0
"22/11/2015";"06:10:00";"2421";"sem vítima";"226";"BR-116/SC";"Sul";"Saida de Pista";1;0;0;0;0;0;0;0;0;0;1;0;0;0;0
"22/11/2015";"09:21:00";"2431";"sem vítima";"195";"BR-116/SC";"Sul";"Colisão Traseira";1;0;1;0;0;0;0;0;0;0;4;0;0;0;0
"22/11/2015";"09:40:00";"2432";"sem vítima";"135,5";"BR-116/PR";"Sul";"Colisão Transversal";2;0;0;0;0;0;0;0;0;0;8;0;0;0;0
"22/11/2015";"12:43:00";"2445";"sem vítima";"81";"BR-116/SC";"Sul";"Choque - Cancela de Pedagio";0;0;1;0;0;0;0;0;0;0;1;0;0;0;0
"22/11/2015";"14:54:00";"2453";"com vítima";"245,5";"BR-116/SC";"Norte";"Colisão Traseira";1;0;1;0;0;0;0;0;0;0;3;1;0;0;0
"22/11/2015";"15:06:00";"2455";"com vítima";"159,15";"BR-116/PR";"Sul";"Saida de Pista";1;0;0;0;0;0;0;0;0;0;2;2;0;0;0
"22/11/2015";"16:00:00";"2460";"sem vítima";"133";"BR-116/PR";"Norte";"Colisão Traseira";2;0;0;0;0;0;0;0;0;0;2;0;0;0;0
"22/11/2015";"16:09:00";"2462";"sem vítima";"152";"BR-116/SC";"Sul";"Choque - Cancela de Pedagio";0;0;1;0;0;0;0;0;0;0;1;0;0;0;0
"22/11/2015";"17:53:00";"2470";"sem vítima";"226";"BR-116/SC";"Sul";"Choque - Objeto sobre a pista";1;0;0;0;0;0;0;0;0;0;1;0;0;0;0
"23/11/2015";"02:52:00";"2515";"sem vítima";"153";"BR-116/PR";"Sul";"Atropelamento de Animal";1;0;0;0;0;0;0;0;0;0;1;0;0;0;0
"23/11/2015";"06:40:00";"2527";"sem vítima";"171,3";"BR-116/SC";"Norte";"Saida de Pista";0;0;1;0;0;0;0;0;0;0;1;0;0;0;0
"23/11/2015";"08:02:00";"2535";"sem vítima";"124";"BR-116/PR";"Norte";"Colisão Traseira";1;0;0;0;0;1;0;0;0;0;2;0;0;0;0
"23/11/2015";"08:58:00";"2544";"sem vítima";"142";"BR-116/SC";"Sul";"Objeto lançado contra veículo";1;0;0;0;0;0;0;0;0;0;1;0;0;0;0
"23/11/2015";"09:11:00";"2545";"sem vítima";"134";"BR-116/PR";"Norte";"Choque - Cancela de Pedagio";1;0;0;0;0;0;0;0;0;0;1;0;0;0;0
"23/11/2015";"14:53:00";"2574";"sem vítima";"188";"BR-116/PR";"Norte";"Objeto lançado contra veículo";1;0;0;0;0;0;0;0;0;0;1;0;0;0;0
"23/11/2015";"19:47:00";"2620";"com vítima";"162,5";"BR-116/PR";"Sul";"Saida de Pista";1;0;0;0;0;0;0;0;0;0;0;0;0;2;0
"24/11/2015";"07:02:00";"2658";"com vítima";"228";"BR-116/SC";"Sul";"Colisão Transversal";1;0;1;0;0;0;0;0;0;0;1;0;0;1;1
"24/11/2015";"07:37:00";"2661";"sem vítima";"130";"BR-116/PR";"Sul";"Colisão Transversal";1;0;0;0;1;0;0;0;0;0;2;0;0;0;0
"24/11/2015";"11:41:00";"2690";"sem vítima";"229";"BR-116/SC";"Sul";"Objeto lançado contra veículo";0;0;1;0;0;0;0;0;0;0;1;0;0;0;0
"24/11/2015";"11:57:00";"2691";"sem vítima";"134";"BR-116/PR";"Sul";"Choque - Cancela de Pedagio";1;0;0;0;0;0;0;0;0;0;1;0;0;0;0
"24/11/2015";"13:15:00";"2701";"sem vítima";"134";"BR-116/PR";"Norte";"Choque - Cancela de Pedagio";1;0;0;0;0;0;0;0;0;0;1;0;0;0;0
"24/11/2015";"13:39:00";"2704";"sem vítima";"134";"BR-116/PR";"Norte";"Choque - Cancela de Pedagio";0;0;0;0;0;0;0;0;0;1;1;0;0;0;0
"24/11/2015";"16:07:00";"2745";"sem vítima";"93,2";"BR-116/SC";"Norte";"Objeto lançado contra veículo";0;0;1;0;0;0;0;0;0;0;1;0;0;0;0
"25/11/2015";"10:50:00";"2879";"sem vítima";"38";"BR-116/SC";"Sul";"Choque - Outros";1;0;0;0;0;0;0;0;0;0;1;0;0;0;0
"25/11/2015";"10:57:00";"2880";"sem vítima";"233";"BR-116/SC";"Norte";"Choque - Defensa, barreira ou "submarino"";0;0;1;0;0;0;0;0;0;0;1;0;0;0;0
"25/11/2015";"14:38:00";"2891";"com vítima";"125,1";"BR-116/PR";"Norte";"Choque - Defensa, barreira ou "submarino"";1;0;0;0;0;1;0;0;0;0;2;1;0;0;0
"25/11/2015";"14:45:00";"2894";"sem vítima";"161";"BR-116/PR";"Sul";"Objeto lançado contra veículo";1;0;0;0;0;0;0;0;0;0;1;0;0;0;0
"25/11/2015";"16:34:00";"2906";"sem vítima";"134";"BR-116/PR";"Norte";"Choque - Cancela de Pedagio";1;0;0;0;0;0;0;0;0;0;1;0;0;0;0
"25/11/2015";"17:19:00";"2908";"sem vítima";"134";"BR-116/PR";"Norte";"Choque - Cancela de Pedagio";1;0;0;0;0;0;0;0;0;0;1;0;0;0;0
"25/11/2015";"18:23:00";"2919";"sem vítima";"134";"BR-116/PR";"Norte";"Choque - Suporte de Sinalização";1;0;0;0;0;0;0;0;0;0;1;0;0;0;0
"25/11/2015";"22:27:00";"2930";"sem vítima";"177,4";"BR-116/PR";"Norte";"Tombamento";0;0;1;0;0;0;0;0;0;0;1;0;0;0;0
"26/11/2015";"10:02:00";"3000";"sem vítima";"142,6";"BR-116/PR";"Sul";"Colisão Lateral";1;0;1;0;0;0;0;0;0;0;2;0;0;0;0
"26/11/2015";"10:16:00";"3004";"sem vítima";"134";"BR-116/PR";"Sul";"Choque - Cancela de Pedagio";0;0;0;0;0;0;0;0;0;1;1;0;0;0;0
"26/11/2015";"10:18:00";"3005";"sem vítima";"159,95";"BR-116/SC";"Norte";"Choque - Objeto sobre a pista";1;0;3;0;0;0;0;0;0;0;6;0;0;0;0
"26/11/2015";"12:15:00";"3015";"sem vítima";"122";"BR-116/SC";"Norte";"Objeto lançado contra veículo";1;0;0;0;0;0;0;0;0;0;1;0;0;0;0
"26/11/2015";"19:02:00";"3078";"sem vítima";"152";"BR-116/SC";"Sul";"Choque - Cancela de Pedagio";0;0;1;0;0;0;0;0;0;0;1;0;0;0;0
"26/11/2015";"20:34:00";"3085";"com vítima";"216";"BR-116/SC";"Norte";"Saida de Pista";1;0;0;0;0;0;0;0;0;0;0;1;0;0;0
"26/11/2015";"20:37:00";"3086";"sem vítima";"124";"BR-116/SC";"Sul";"Colisão Lateral";0;0;2;0;0;0;0;0;0;0;2;0;0;0;0
"27/11/2015";"07:06:00";"3119";"com vítima";"176,3";"BR-116/SC";"Sul";"Colisão Lateral";0;0;2;0;0;0;0;0;0;0;1;0;0;1;0
"27/11/2015";"07:10:00";"3120";"sem vítima";"12,3";"BR-116/SC";"Norte";"Tombamento";0;0;1;0;0;0;0;0;0;0;1;0;0;0;0
"27/11/2015";"11:06:00";"3165";"sem vítima";"203";"BR-116/PR";"Norte";"Choque - Cancela de Pedagio";0;0;0;0;0;0;0;0;0;1;1;0;0;0;0
"27/11/2015";"11:37:00";"3166";"sem vítima";"9,8";"BR-116/SC";"Norte";"Colisão Traseira";2;0;0;0;0;0;0;0;0;0;5;0;0;0;0
"27/11/2015";"15:19:00";"3190";"sem vítima";"81";"BR-116/SC";"Norte";"Choque - Cancela de Pedagio";1;0;0;0;0;0;0;0;0;0;1;0;0;0;0
"27/11/2015";"16:56:00";"3204";"sem vítima";"134";"BR-116/PR";"Sul";"Choque - Cancela de Pedagio";1;0;0;0;0;0;0;0;0;0;1;0;0;0;0
"27/11/2015";"20:58:00";"3221";"sem vítima";"143";"BR-116/SC";"Norte";"Colisão Lateral";0;0;1;0;0;1;0;0;0;0;2;0;0;0;0
"27/11/2015";"20:59:00";"3222";"sem vítima";"203,6";"BR-116/PR";"Sul";"Choque - Cancela de Pedagio";1;0;0;0;0;0;0;0;0;0;1;0;0;0;0
"28/11/2015";"06:18:00";"3238";"sem vítima";"4,1";"BR-116/SC";"Sul";"Colisão Traseira";2;0;0;0;0;1;0;0;0;0;4;0;0;0;0
"28/11/2015";"06:37:00";"3244";"sem vítima";"94,5";"BR-116/SC";"Norte";"Colisão Lateral";1;0;1;0;0;0;0;0;0;0;2;0;0;0;0
"28/11/2015";"07:39:00";"3256";"com vítima";"12,9";"BR-116/SC";"Sul";"Colisão Frontal";3;0;1;0;0;0;0;0;0;0;4;4;0;1;0
"28/11/2015";"13:14:00";"3280";"sem vítima";"4,5";"BR-116/SC";"Norte";"Objeto lançado contra veículo";1;0;0;0;0;1;0;0;0;0;2;0;0;0;0
"28/11/2015";"13:19:00";"3281";"sem vítima";"162,1";"BR-116/PR";"Norte";"Saida de Pista";0;0;0;0;0;0;0;0;0;1;1;0;0;0;0
"29/11/2015";"10:33:00";"3357";"com vítima";"14,9";"BR-116/SC";"Sul";"Saida de Pista";0;0;1;0;0;0;0;0;0;0;0;1;0;0;0
"29/11/2015";"12:27:00";"3368";"sem vítima";"252,8";"BR-116/SC";"Sul";;1;0;0;0;0;0;0;0;0;0;2;0;0;0;0
"29/11/2015";"19:22:00";"3398";"sem vítima";"8,9";"BR-116/SC";"Norte";"Saida de Pista";1;0;0;0;0;0;0;0;0;0;5;0;0;0;0
"29/11/2015";"23:51:00";"3420";"com vítima";"132";"BR-116/PR";"Sul";"Saida de Pista";0;0;1;0;0;0;0;0;0;0;0;1;0;1;0
"30/11/2015";"06:27:00";"3447";"sem vítima";"239,2";"BR-116/SC";"Sul";"Saida de Pista";1;0;0;0;0;0;0;0;0;0;1;0;0;0;0
"30/11/2015";"08:11:00";"3450";"sem vítima";"143";"BR-116/SC";"Norte";"Outros";0;0;1;0;0;0;0;0;0;0;1;0;0;0;0
"30/11/2015";"10:47:00";"3511";"sem vítima";"185";"BR-116/PR";"Sul";"Objeto lançado contra veículo";1;0;0;0;0;0;0;0;0;0;1;0;0;0;0
"30/11/2015";"10:55:00";"3515";"sem vítima";"297,2";"BR-116/SC";"Sul";"Saida de Pista";1;0;0;0;0;0;0;0;0;0;1;0;0;0;0
"30/11/2015";"17:48:00";"3546";"sem vítima";"117,2";"BR-116/PR";"Sul";"Colisão Traseira";3;0;0;0;0;0;0;0;0;0;3;0;0;0;0