data;horario;n_da_ocorrencia;tipo_de_ocorrencia;km;trecho;sentido;tipo_de_acidente;automovel;bicicleta;caminhao;moto;onibus;outros;tracao_animal;transporte_de_cargas_especiais;trator_maquinas;utilitarios;ilesos;levemente_feridos;moderadamente_feridos;gravemente_feridos;mortos
"01/12/2015";"01:42:00";"8";"sem vítima";"166,4";"BR-116/PR";"Norte";"Saida de Pista";1;0;0;0;0;0;0;0;0;0;2;0;0;0;0
"01/12/2015";"07:02:00";"20";"sem vítima";"120,5";"BR-116/PR";"Norte";"Colisão Traseira";1;0;0;0;0;1;0;0;0;0;2;0;0;0;0
"01/12/2015";"08:19:00";"25";"sem vítima";"244,4";"BR-116/SC";"Norte";"Saida de Pista";0;0;0;0;0;0;0;0;0;1;1;0;0;0;0
"01/12/2015";"09:13:00";"34";"sem vítima";"115";"BR-116/PR";"Norte";"Colisão Traseira";1;0;0;0;0;1;0;0;0;0;2;0;0;0;0
"01/12/2015";"10:52:00";"44";"sem vítima";"184,3";"BR-116/SC";"Sul";"Choque - Suporte de Sinalização";0;0;1;0;0;0;0;0;0;0;1;0;0;0;0
"01/12/2015";"12:05:00";"54";"sem vítima";"7";"BR-116/SC";"Sul";"Colisão Transversal";1;0;1;0;0;0;0;0;0;0;2;0;0;0;0
"02/12/2015";"07:16:00";"147";"com vítima";"21,32";"BR-116/SC";"Norte";"Colisão Lateral";1;0;0;0;0;0;0;0;0;1;3;2;1;2;1
"02/12/2015";"08:19:00";"150";"sem vítima";"134";"BR-116/PR";"Sul";"Choque - Cancela de Pedagio";1;0;0;0;0;0;0;0;0;0;1;0;0;0;0
"02/12/2015";"13:07:00";"164";"sem vítima";"198";"BR-116/SC";"Sul";"Objeto lançado contra veículo";1;0;0;0;0;0;0;0;0;0;1;0;0;0;0
"02/12/2015";"13:14:00";"165";"sem vítima";"92";"BR-116/SC";"Sul";"Objeto lançado contra veículo";0;0;1;0;0;0;0;0;0;0;1;0;0;0;0
"02/12/2015";"21:36:00";"211";"sem vítima";"152,2";"BR-116/PR";"Norte";"Colisão Transversal";1;0;1;0;0;0;0;0;0;0;2;0;0;0;0
"03/12/2015";"00:11:00";"218";"sem vítima";"134";"BR-116/PR";"Sul";"Choque - Veiculo parado na pista";1;0;0;1;0;0;0;0;0;0;2;0;0;0;0
"03/12/2015";"12:07:00";"299";"sem vítima";"29,2";"BR-116/SC";"Sul";"Choque - Objeto sobre a pista";1;0;0;0;0;0;0;0;0;0;1;0;0;0;0
"03/12/2015";"13:08:00";"303";"sem vítima";"119";"BR-116/PR";"Sul";"Outros";2;0;0;0;0;0;0;0;0;0;2;0;0;0;0
"03/12/2015";"17:15:00";"344";"sem vítima";"211,1";"BR-116/PR";"Sul";"Colisão Transversal";2;0;0;0;0;0;0;0;0;0;2;0;0;0;0
"03/12/2015";"17:57:00";"347";"sem vítima";"116,2";"BR-116/PR";"Sul";"Colisão Traseira";1;0;0;0;0;1;0;0;0;0;2;0;0;0;0
"03/12/2015";"20:12:00";"364";"sem vítima";"205,3";"BR-116/SC";"Sul";"Choque - Objeto sobre a pista";1;0;0;0;0;0;0;0;0;0;3;0;0;0;0
"04/12/2015";"07:45:00";"407";"sem vítima";"57,9";"BR-116/SC";"Sul";"Saida de Pista";1;0;0;0;0;0;0;0;0;0;6;0;0;0;0
"04/12/2015";"11:39:00";"466";"sem vítima";"60,5";"BR-116/SC";"Norte";"Colisão Lateral";2;0;0;0;0;0;0;0;0;0;3;0;0;0;0
"04/12/2015";"14:08:00";"478";"sem vítima";"232,8";"BR-116/SC";"Sul";"Objeto lançado contra veículo";1;0;0;0;0;0;0;0;0;0;1;0;0;0;0
"04/12/2015";"14:13:00";"480";"com vítima";"127,6";"BR-116/SC";"Sul";"Capotamento";1;0;0;0;0;0;0;0;0;0;0;1;0;0;0
"04/12/2015";"15:03:00";"485";"sem vítima";"104,7";"BR-116/SC";"Sul";"Saida de Pista";0;0;0;0;0;0;0;0;0;1;1;0;0;0;0
"04/12/2015";"15:22:00";"488";"sem vítima";"63";"BR-116/SC";"Sul";"Queda de Moto";0;0;0;1;0;0;0;0;0;0;1;0;0;0;0
"04/12/2015";"15:36:00";"490";"sem vítima";"204,4";"BR-116/SC";"Norte";"Saida de Pista";0;0;1;0;0;0;0;0;0;0;1;0;0;0;0
"04/12/2015";"19:17:00";"508";"sem vítima";"134";"BR-116/PR";"Norte";"Choque - Cancela de Pedagio";1;0;0;0;0;0;0;0;0;0;1;0;0;0;0
"04/12/2015";"21:54:00";"516";"sem vítima";"29,9";"BR-116/SC";"Sul";"Choque - Objeto sobre a pista";1;0;0;0;0;0;0;0;0;0;1;0;0;0;0
"05/12/2015";"11:07:00";"570";"sem vítima";"129,9";"BR-116/PR";"Sul";"Colisão Traseira";1;0;0;0;0;0;0;0;0;1;2;0;0;0;0
"05/12/2015";"11:37:00";"584";"com vítima";"119,3";"BR-116/PR";"Sul";"Colisão Traseira";0;0;0;2;0;0;0;0;0;0;1;2;0;0;0
"05/12/2015";"11:45:00";"586";"com vítima";"153,6";"BR-116/PR";"Sul";"Colisão Traseira";1;0;0;1;0;0;0;0;0;0;1;1;0;0;0
"05/12/2015";"12:57:00";"590";"sem vítima";"122";"BR-116/PR";"Sul";"Colisão Lateral";1;0;1;0;0;0;0;0;0;0;2;0;0;0;0
"05/12/2015";"15:00:00";"605";"sem vítima";"124";"BR-116/PR";"Sul";"Choque - Defensa, barreira ou "submarino"";1;0;0;0;0;0;0;0;0;0;4;0;0;0;0
"05/12/2015";"17:10:00";"623";"sem vítima";"134";"BR-116/PR";"Sul";"Choque - Cancela de Pedagio";0;0;0;0;0;0;0;0;0;1;1;0;0;0;0
"05/12/2015";"17:27:00";"627";"com vítima";"6,9";"BR-116/SC";"Norte";"Colisão Transversal";2;0;0;0;0;0;0;0;0;0;2;3;0;0;0
"06/12/2015";"02:08:00";"666";"sem vítima";"172";"BR-116/SC";"Sul";"Atropelamento de Animal";1;0;0;0;0;0;0;0;0;0;1;0;0;0;0
"06/12/2015";"06:00:00";"671";"sem vítima";"261,75";"BR-116/SC";"Sul";"Saida de Pista";1;0;0;0;0;0;0;0;0;0;1;0;0;0;0
"06/12/2015";"07:52:00";"687";"com vítima";"2,8";"BR-116/SC";"Sul";"Colisão Lateral";2;0;0;0;0;0;0;0;0;0;2;3;0;0;0
"06/12/2015";"10:22:00";"701";"com vítima";"89,15";"BR-116/SC";"Sul";"Saida de Pista";1;0;0;0;0;0;0;0;0;0;1;1;0;0;0
"06/12/2015";"18:13:00";"741";"sem vítima";"81";"BR-116/SC";"Sul";"Choque - Cancela de Pedagio";1;0;0;0;0;0;0;0;0;0;1;0;0;0;0
"06/12/2015";"19:11:00";"747";"sem vítima";"12";"BR-116/SC";"Norte";"Colisão Transversal";2;0;0;0;0;0;0;0;0;0;5;0;0;0;0
"06/12/2015";"21:52:00";"757";"com vítima";"121,5";"BR-116/PR";"Sul";"Saida de Pista";1;0;0;0;0;0;0;0;0;0;0;2;0;0;0
"07/12/2015";"12:02:00";"835";"sem vítima";"81";"BR-116/SC";"Sul";"Choque - Cancela de Pedagio";1;0;0;0;0;0;0;0;0;0;1;0;0;0;0
"07/12/2015";"12:05:00";"836";"com vítima";"117,2";"BR-116/PR";"Sul";"Atropelamento - Morador";1;0;0;0;0;0;0;0;0;0;1;1;0;0;0
"07/12/2015";"18:06:00";"880";"sem vítima";"117";"BR-116/PR";"Norte";"Colisão Traseira";1;0;0;0;0;1;0;0;0;0;2;0;0;0;0
"07/12/2015";"20:38:00";"892";"sem vítima";"168,8";"BR-116/PR";"Sul";"Colisão Transversal";0;0;2;0;0;0;0;0;0;0;2;0;0;0;0
"08/12/2015";"14:05:00";"991";"sem vítima";"134";"BR-116/PR";"Norte";"Choque - Cancela de Pedagio";1;0;0;0;0;0;0;0;0;0;1;0;0;0;0
"08/12/2015";"15:01:00";"1003";"com vítima";"150";"BR-116/SC";"Sul";"Objeto lançado contra veículo";0;0;0;1;0;1;0;0;0;0;1;1;0;0;0
"08/12/2015";"16:00:00";"1015";"sem vítima";"228";"BR-116/SC";"Sul";"Objeto lançado contra veículo";1;0;0;0;0;1;0;0;0;0;2;0;0;0;0
"08/12/2015";"18:57:00";"1032";"sem vítima";"116";"BR-116/PR";"Sul";"Engavetamento";4;0;0;0;0;0;0;0;0;0;7;0;0;0;0
"09/12/2015";"08:29:00";"1108";"sem vítima";"66";"BR-116/SC";"Sul";"Queda de Moto";0;0;0;1;0;0;0;0;0;0;1;0;0;0;0
"09/12/2015";"09:28:00";"1130";"sem vítima";"124,8";"BR-116/PR";"Norte";"Colisão Lateral";1;0;0;0;0;1;0;0;0;0;2;0;0;0;0
"09/12/2015";"11:00:00";"1142";"sem vítima";"81";"BR-116/SC";"Norte";"Colisão Traseira";0;0;2;0;0;1;0;0;0;0;3;0;0;0;0
"09/12/2015";"16:46:00";"1197";"sem vítima";"201";"BR-116/SC";"Norte";"Choque - Defensa, barreira ou "submarino"";0;0;1;0;0;0;0;0;0;0;1;0;0;0;0
"09/12/2015";"17:00:00";"1201";"sem vítima";"192,4";"BR-116/SC";"Norte";"Saida de Pista";0;0;0;0;0;0;0;0;0;1;2;0;0;0;0
"09/12/2015";"17:13:00";"1204";"sem vítima";"120,9";"BR-116/SC";"Norte";"Saida de Pista";0;0;1;0;0;0;0;0;0;0;1;0;0;0;0
"09/12/2015";"17:18:00";"1205";"sem vítima";"233";"BR-116/SC";"Norte";"Choque - Cancela de Pedagio";0;0;0;0;0;1;0;0;0;0;1;0;0;0;0
"09/12/2015";"22:52:00";"1226";"sem vítima";"185,1";"BR-116/SC";"Norte";"Saida de Pista";0;0;1;0;0;0;0;0;0;0;1;0;0;0;0
"10/12/2015";"01:41:00";"1237";"sem vítima";"73";"BR-116/SC";"Norte";"Saida de Pista";1;0;0;0;0;0;0;0;0;0;1;0;0;0;0
"10/12/2015";"02:19:00";"1240";"com vítima";"63";"BR-116/SC";"Norte";"Colisão Frontal";1;0;1;0;0;0;0;0;0;0;1;0;0;0;1
"10/12/2015";"08:51:00";"1270";"com vítima";"5,5";"BR-116/SC";"Norte";"Colisão Transversal";0;0;1;0;0;0;0;0;0;1;1;1;0;0;0
"10/12/2015";"16:46:00";"1330";"sem vítima";"121";"BR-116/PR";"Norte";"Objeto lançado contra veículo";1;0;0;0;0;0;0;0;0;0;2;0;0;0;0
"10/12/2015";"16:59:00";"1333";"sem vítima";"121";"BR-116/PR";"Norte";"Objeto lançado contra veículo";1;0;0;0;0;0;0;0;0;0;1;0;0;0;0
"10/12/2015";"20:48:00";"1346";"sem vítima";"152";"BR-116/SC";"Norte";"Outros";0;0;0;0;0;1;0;0;0;0;1;0;0;0;0
"11/12/2015";"11:55:00";"1444";"sem vítima";"81";"BR-116/SC";"Sul";"Choque - Cancela de Pedagio";1;0;0;0;0;0;0;0;0;0;1;0;0;0;0
"11/12/2015";"16:48:00";"1477";"sem vítima";"117";"BR-116/SC";"Sul";"Objeto lançado contra veículo";1;0;0;0;0;0;0;0;0;0;1;0;0;0;0
"11/12/2015";"17:03:00";"1478";"sem vítima";"81";"BR-116/SC";"Sul";"Choque - Cancela de Pedagio";1;0;0;0;0;0;0;0;0;0;1;0;0;0;0
"11/12/2015";"18:14:00";"1484";"sem vítima";"134";"BR-116/PR";"Sul";"Choque - Cancela de Pedagio";0;0;0;0;0;0;0;0;0;1;1;0;0;0;0
"11/12/2015";"22:31:00";"1511";"sem vítima";"134";"BR-116/PR";"Sul";"Choque - Cancela de Pedagio";1;0;0;0;0;0;0;0;0;0;1;0;0;0;0
"11/12/2015";"22:47:00";"1515";"com vítima";"8,5";"BR-116/SC";"Sul";"Saida de Pista";1;0;0;0;0;0;0;0;0;0;0;1;0;0;0
"12/12/2015";"15:39:00";"1589";"sem vítima";"141,5";"BR-116/PR";"Sul";"Objeto lançado contra veículo";1;0;0;0;0;0;0;0;0;0;3;0;0;0;0
"12/12/2015";"20:28:00";"1617";"com vítima";"228,2";"BR-116/SC";"Norte";"Colisão Frontal";2;0;0;0;0;0;0;0;0;0;0;2;0;2;1
"13/12/2015";"00:26:00";"1630";"sem vítima";"213,9";"BR-116/SC";"Sul";"Choque - Objeto sobre a pista";1;0;0;0;0;0;0;0;0;0;1;0;0;0;0
"13/12/2015";"05:03:00";"1651";"com vítima";"129";"BR-116/PR";"Norte";"Saida de Pista";1;0;0;0;0;0;0;0;0;0;0;1;0;0;0
"13/12/2015";"10:17:00";"1665";"sem vítima";"210";"BR-116/PR";"Norte";"Choque - Objeto sobre a pista";1;0;0;0;0;0;0;0;0;0;1;0;0;0;0
"13/12/2015";"14:12:00";"1685";"com vítima";"138,8";"BR-116/SC";"Sul";"Colisão Transversal";1;0;0;1;0;0;0;0;0;0;1;1;0;0;0
"13/12/2015";"17:15:00";"1706";"sem vítima";"203,6";"BR-116/PR";"Norte";"Choque - Cancela de Pedagio";1;0;0;0;0;0;0;0;0;0;1;0;0;0;0
"13/12/2015";"17:28:00";"1709";"sem vítima";"131,6";"BR-116/SC";"Sul";;1;0;0;0;0;0;0;0;0;0;3;0;0;0;0
"13/12/2015";"18:25:00";"1725";"com vítima";"152";"BR-116/PR";"Norte";"Colisão Lateral";2;0;0;0;0;0;0;0;0;0;3;2;0;0;0
"13/12/2015";"19:57:00";"1739";"com vítima";"226,5";"BR-116/SC";"Norte";"Colisão Transversal";1;0;1;0;0;0;0;0;0;0;0;1;0;1;1
"14/12/2015";"01:33:00";"1762";"sem vítima";"191";"BR-116/PR";"Sul";"Choque - Defensa, barreira ou "submarino"";1;0;0;0;0;0;0;0;0;0;1;0;0;0;0
"14/12/2015";"06:44:00";"1774";"com vítima";"126,4";"BR-116/PR";"Sul";"Queda de Moto";0;0;0;1;1;0;0;0;0;0;2;1;0;0;0
"14/12/2015";"08:46:00";"1784";"sem vítima";"81";"BR-116/SC";"Sul";"Choque - Cancela de Pedagio";1;0;0;0;0;0;0;0;0;0;1;0;0;0;0
"14/12/2015";"16:17:00";"1841";"sem vítima";"125";"BR-116/PR";"Norte";;0;0;1;0;0;1;0;0;0;0;2;0;0;0;0
"14/12/2015";"16:20:00";"1843";"com vítima";"199,3";"BR-116/PR";"Sul";"Colisão Frontal";2;0;1;0;0;0;0;0;0;0;2;1;0;0;0
"14/12/2015";"17:29:00";"1852";"sem vítima";"134";"BR-116/PR";"Norte";"Choque - Cancela de Pedagio";0;0;0;0;0;0;0;0;0;1;1;0;0;0;0
"14/12/2015";"17:41:00";"1854";"sem vítima";"190";"BR-116/SC";"Sul";"Objeto lançado contra veículo";0;0;1;0;0;0;0;0;0;0;1;0;0;0;0
"15/12/2015";"02:33:00";"1877";"sem vítima";"127,3";"BR-116/PR";"Norte";"Colisão Traseira";1;0;1;0;0;0;0;0;0;0;2;0;0;0;0
"15/12/2015";"07:29:00";"1884";"sem vítima";"268,5";"BR-116/SC";"Norte";"Colisão Transversal";0;0;1;0;0;0;0;0;0;1;3;0;0;0;0
"15/12/2015";"07:29:00";"1885";"sem vítima";"120";"BR-116/PR";"Norte";"Colisão Traseira";0;0;2;0;0;0;0;0;0;0;3;0;0;0;0
"15/12/2015";"17:27:00";"1946";"sem vítima";"81";"BR-116/SC";"Sul";"Choque - Cancela de Pedagio";1;0;0;0;0;0;0;0;0;0;1;0;0;0;0
"15/12/2015";"19:46:00";"1968";"com vítima";"141,5";"BR-116/PR";"Sul";"Colisão Traseira";1;1;0;0;0;0;0;0;0;0;1;0;0;1;0
"16/12/2015";"14:32:00";"2069";"sem vítima";"30";"BR-116/SC";"Norte";"Colisão Lateral";1;0;1;0;0;0;0;0;0;0;2;0;0;0;0
"16/12/2015";"14:58:00";"2076";"sem vítima";"32,5";"BR-116/SC";"Sul";"Choque - Veiculo parado no acostamento";0;0;1;0;0;1;0;0;0;0;2;0;0;0;0
"16/12/2015";"16:43:00";"2094";"sem vítima";"134";"BR-116/PR";"Sul";"Choque - Cancela de Pedagio";0;0;0;0;0;0;0;0;0;1;2;0;0;0;0
"16/12/2015";"19:24:00";"2110";"com vítima";"105";"BR-116/SC";"Norte";"Saida de Pista";0;0;0;1;0;0;0;0;0;0;0;1;0;0;0
"16/12/2015";"21:48:00";"2120";"com vítima";"193";"BR-116/PR";"Sul";"Colisão Transversal";1;0;1;0;0;0;0;0;0;0;1;0;0;1;0
"16/12/2015";"22:14:00";"2121";"com vítima";"119,9";"BR-116/PR";"Sul";"Colisão Traseira";1;0;0;0;0;1;0;0;0;0;1;0;0;1;0
"17/12/2015";"09:52:00";"2174";"sem vítima";"304,45";"BR-116/SC";"Sul";"Colisão Traseira";1;0;0;0;0;1;0;0;0;0;2;0;0;0;0
"17/12/2015";"14:25:00";"2202";"sem vítima";"140";"BR-116/PR";"Norte";"Objeto lançado contra veículo";1;0;0;0;0;0;0;0;0;0;1;0;0;0;0
"17/12/2015";"15:55:00";"2223";"com vítima";"123,4";"BR-116/PR";"Sul";"Colisão Traseira";0;0;1;1;0;0;0;0;0;0;1;1;0;0;0
"17/12/2015";"18:14:00";"2246";"sem vítima";"234,2";"BR-116/SC";"Norte";"Colisão Lateral";1;0;1;0;0;0;0;0;0;0;2;0;0;0;0
"17/12/2015";"22:40:00";"2261";"sem vítima";"134,7";"BR-116/SC";"Norte";"Saida de Pista";0;0;1;0;0;0;0;0;0;0;1;0;0;0;0
"18/12/2015";"00:48:00";"2273";"sem vítima";"209,2";"BR-116/PR";"Sul";"Queda de Moto";0;0;0;1;0;0;0;0;0;0;1;0;0;0;0
"18/12/2015";"00:54:00";"2274";"sem vítima";"106,8";"BR-116/SC";"Norte";"Saida de Pista";0;0;1;0;0;0;0;0;0;0;1;0;0;0;0
"18/12/2015";"01:56:00";"2277";"sem vítima";"117,7";"BR-116/PR";"Sul";"Saida de Pista";1;0;0;0;0;0;0;0;0;0;1;0;0;0;0
"18/12/2015";"02:17:00";"2279";"sem vítima";"105";"BR-116/SC";"Norte";"Saida de Pista";0;0;1;0;0;0;0;0;0;0;1;0;0;0;0
"18/12/2015";"10:55:00";"2325";"sem vítima";"127,8";"BR-116/PR";"Sul";"Colisão Lateral";0;0;1;0;0;1;0;0;0;0;3;0;0;0;0
"18/12/2015";"13:20:00";"2347";"sem vítima";"153";"BR-116/PR";"Sul";"Atropelamento de Animal";1;0;0;0;0;0;0;0;0;0;1;0;0;0;0
"18/12/2015";"15:47:00";"2371";"sem vítima";"12,1";"BR-116/SC";"Norte";"Colisão Transversal";2;0;0;0;0;0;0;0;0;0;3;0;0;0;0
"18/12/2015";"21:25:00";"2412";"com vítima";"138";"BR-116/SC";"Sul";"Colisão Traseira";1;0;0;0;0;0;0;0;0;1;2;3;0;0;0
"18/12/2015";"21:46:00";"2413";"com vítima";"39";"BR-116/SC";"Sul";"Colisão Frontal";1;0;1;0;0;0;0;0;0;0;1;0;0;0;1
"18/12/2015";"22:49:00";"2419";"sem vítima";"142";"BR-116/PR";"Norte";"Choque - Objeto sobre a pista";0;0;1;0;0;0;0;0;0;0;1;0;0;0;0
"18/12/2015";"23:17:00";"2421";"sem vítima";"295,8";"BR-116/SC";"Sul";"Colisão Lateral";1;0;1;0;0;0;0;0;0;0;2;0;0;0;0
"19/12/2015";"07:00:00";"2451";"sem vítima";"137";"BR-116/PR";"Sul";"Objeto lançado contra veículo";1;0;0;0;0;0;0;0;0;0;1;0;0;0;0
"19/12/2015";"07:17:00";"2452";"sem vítima";"152";"BR-116/SC";"Sul";"Colisão Traseira";0;0;2;0;0;0;0;0;0;0;3;0;0;0;0
"19/12/2015";"09:10:00";"2471";"com vítima";"131";"BR-116/PR";"Norte";"Colisão Frontal";1;0;0;0;0;0;0;0;0;1;2;1;0;0;0
"19/12/2015";"09:16:00";"2472";"com vítima";"126";"BR-116/PR";"Norte";"Colisão Traseira";2;0;0;0;0;0;0;0;0;0;2;1;0;0;0
"19/12/2015";"10:27:00";"2479";"sem vítima";"131,3";"BR-116/PR";"Norte";"Colisão Lateral";1;0;0;1;0;0;0;0;0;0;2;0;0;0;0
"19/12/2015";"11:22:00";"2480";"sem vítima";"5,005";"BR-116/SC";"Sul";"Colisão Transversal";1;0;0;0;0;0;0;0;0;1;2;0;0;0;0
"19/12/2015";"15:09:00";"2496";"sem vítima";"81";"BR-116/SC";"Norte";"Choque - Cancela de Pedagio";0;0;0;0;0;0;0;0;0;1;1;0;0;0;0
"19/12/2015";"17:52:00";"2511";"com vítima";"262,7";"BR-116/SC";"Sul";"Saida de Pista";0;0;0;0;0;0;0;0;0;1;0;1;0;0;0
"19/12/2015";"21:05:00";"2528";"com vítima";"166,1";"BR-116/PR";"Norte";"Colisão Transversal";2;0;0;0;0;0;0;0;0;0;1;2;0;0;0
"19/12/2015";"21:24:00";"2529";"sem vítima";"135";"BR-116/PR";"Sul";"Colisão Traseira";2;0;0;0;0;0;0;0;0;0;2;0;0;0;0
"19/12/2015";"23:31:00";"2541";"sem vítima";"136,5";"BR-116/PR";"Sul";"Atropelamento de Animal";1;0;0;0;0;0;0;0;0;0;1;0;0;0;0
"20/12/2015";"03:29:00";"2557";"sem vítima";"122,5";"BR-116/PR";"Sul";"Saida de Pista";1;0;0;0;0;0;0;0;0;0;1;0;0;0;0
"20/12/2015";"06:02:00";"2563";"sem vítima";"81";"BR-116/SC";"Sul";"Choque - Defensa, barreira ou "submarino"";1;0;0;0;0;0;0;0;0;0;5;0;0;0;0
"20/12/2015";"06:28:00";"2565";"sem vítima";"164,6";"BR-116/PR";"Sul";"Saida de Pista";1;0;0;0;0;0;0;0;0;0;1;0;0;0;0
"20/12/2015";"09:41:00";"2572";"sem vítima";"154";"BR-116/SC";"Norte";"Objeto lançado contra veículo";1;0;0;0;0;0;0;0;0;0;1;0;0;0;0
"20/12/2015";"11:30:00";"2577";"com vítima";"122,8";"BR-116/PR";"Norte";"Colisão Traseira";2;0;0;0;0;0;0;0;0;0;1;2;0;0;0
"20/12/2015";"17:38:00";"2608";"sem vítima";"53";"BR-116/SC";"Sul";"Objeto lançado contra veículo";1;0;0;0;0;0;0;0;0;0;4;0;0;0;0
"20/12/2015";"18:04:00";"2611";"sem vítima";"139";"BR-116/SC";"Norte";"Colisão Traseira";2;0;0;0;0;0;0;0;0;0;6;0;0;0;0
"20/12/2015";"22:15:00";"2630";"sem vítima";"224,3";"BR-116/SC";"Sul";"Choque - Veiculo parado na pista";0;0;1;0;0;0;0;0;0;1;2;0;0;0;0
"21/12/2015";"08:35:00";"2676";"sem vítima";"134";"BR-116/PR";"Norte";"Choque - Cancela de Pedagio";1;0;0;0;0;0;0;0;0;0;1;0;0;0;0
"21/12/2015";"09:29:00";"2698";"sem vítima";"154,3";"BR-116/PR";"Sul";"Colisão Frontal";1;0;1;0;0;0;0;0;0;0;2;0;0;0;0
"21/12/2015";"09:58:00";"2704";"sem vítima";"209,5";"BR-116/PR";"Sul";"Objeto lançado contra veículo";1;0;0;0;0;0;0;0;0;0;1;0;0;0;0
"21/12/2015";"12:45:00";"2718";"sem vítima";"131";"BR-116/PR";"Sul";"Objeto lançado contra veículo";1;0;0;0;0;0;0;0;0;0;1;0;0;0;0
"21/12/2015";"13:25:00";"2720";"sem vítima";"149";"BR-116/PR";"Norte";"Choque - Objeto sobre a pista";1;0;0;0;0;0;0;0;0;0;1;0;0;0;0
"21/12/2015";"14:16:00";"2726";"com vítima";"78,5";"BR-116/SC";"Norte";"Colisão Lateral";1;0;1;0;0;0;0;0;0;0;1;1;0;0;0
"21/12/2015";"18:37:00";"2759";"sem vítima";"140";"BR-116/SC";"Norte";"Colisão Lateral";1;0;0;0;0;1;0;0;0;0;5;0;0;0;0
"22/12/2015";"06:17:00";"2798";"sem vítima";"133,1";"BR-116/SC";"Norte";"Saida de Pista";0;0;0;0;0;0;0;0;0;1;1;0;0;0;0
"22/12/2015";"14:04:00";"2847";"sem vítima";"203,6";"BR-116/PR";"Sul";"Objeto lançado contra veículo";1;0;0;0;0;0;0;0;0;0;1;0;0;0;0
"22/12/2015";"18:21:00";"2888";"sem vítima";"9,8";"BR-116/SC";"Sul";"Saida de Pista";0;0;0;0;0;0;0;0;0;1;1;0;0;0;0
"22/12/2015";"18:38:00";"2889";"sem vítima";"130,78";"BR-116/SC";"Norte";"Colisão Traseira";1;0;0;1;0;0;0;0;0;0;3;0;0;0;0
"22/12/2015";"20:51:00";"2905";"com vítima";"148,2";"BR-116/PR";"Sul";"Atropelamento - Usuário";0;0;0;0;0;1;0;0;0;0;1;0;0;1;0
"23/12/2015";"00:30:00";"2917";"sem vítima";"143";"BR-116/PR";"Norte";"Choque - Objeto sobre a pista";1;0;0;0;0;0;0;0;0;0;1;0;0;0;0
"23/12/2015";"07:58:00";"2941";"com vítima";"117";"BR-116/PR";"Sul";"Colisão Traseira";1;0;1;0;0;0;0;0;0;0;1;1;0;0;0
"23/12/2015";"12:28:00";"2973";"com vítima";"144,95";"BR-116/SC";"Norte";"Colisão Transversal";2;0;0;0;0;0;0;0;0;0;5;3;0;1;0
"23/12/2015";"15:43:00";"3002";"sem vítima";"220,5";"BR-116/SC";"Sul";"Colisão Transversal";2;0;0;0;0;0;0;0;0;0;2;0;0;0;0
"23/12/2015";"16:34:00";"3011";"com vítima";"132,9";"BR-116/SC";"Sul";"Colisão Traseira";1;0;1;0;0;0;0;0;0;0;2;1;0;0;0
"23/12/2015";"18:24:00";"3026";"sem vítima";"177,9";"BR-116/PR";"Sul";"Saida de Pista";1;0;0;0;0;0;0;0;0;0;1;0;0;0;0
"23/12/2015";"19:05:00";"3031";"sem vítima";"152";"BR-116/SC";"Sul";"Choque - Cancela de Pedagio";1;0;0;0;0;0;0;0;0;0;1;0;0;0;0
"23/12/2015";"19:06:00";"3032";"sem vítima";"204,9";"BR-116/PR";"Norte";"Saida de Pista";1;0;0;0;0;0;0;0;0;0;1;0;0;0;0
"23/12/2015";"19:57:00";"3036";"sem vítima";"265,4";"BR-116/SC";"Norte";"Saida de Pista";1;0;0;0;0;0;0;0;0;0;1;0;0;0;0
"24/12/2015";"01:34:00";"3065";"com vítima";"129,185";"BR-116/PR";"Norte";"Saida de Pista";1;0;0;0;0;0;0;0;0;0;0;0;0;1;1
"24/12/2015";"02:05:00";"3067";"sem vítima";"149";"BR-116/PR";"Norte";"Choque - Objeto sobre a pista";1;0;0;0;0;0;0;0;0;0;2;0;0;0;0
"24/12/2015";"08:10:00";"3091";"com vítima";"155,1";"BR-116/PR";"Sul";"Atropelamento - Ciclista";0;1;0;0;0;1;0;0;0;0;1;1;0;0;0
"24/12/2015";"15:14:00";"3136";"sem vítima";"167,3";"BR-116/PR";"Sul";"Saida de Pista";1;0;0;0;0;0;0;0;0;0;1;0;0;0;0
"24/12/2015";"15:19:00";"3138";"sem vítima";"245,5";"BR-116/SC";"Norte";"Colisão Traseira";0;0;2;0;0;0;0;0;0;0;2;0;0;0;0
"24/12/2015";"17:28:00";"3155";"com vítima";"145,8";"BR-116/SC";"Norte";"Saida de Pista";1;0;0;0;0;0;0;0;0;0;0;1;0;0;0
"24/12/2015";"21:50:00";"3180";"com vítima";"236";"BR-116/SC";"Sul";"Saida de Pista";0;0;0;0;0;0;0;0;0;1;2;1;0;0;0
"24/12/2015";"22:48:00";"3186";"sem vítima";"117,5";"BR-116/PR";"Norte";"Objeto lançado contra veículo";1;0;0;0;0;0;0;0;0;0;1;0;0;0;0
"25/12/2015";"02:00:00";"3193";"com vítima";"129,3";"BR-116/PR";"Norte";"Saida de Pista";1;0;0;0;0;0;0;0;0;0;0;1;0;0;0
"25/12/2015";"12:28:00";"3223";"sem vítima";"122";"BR-116/PR";"Norte";"Colisão Traseira";2;0;0;0;0;0;0;0;0;0;2;0;0;0;0