data;horario;n_da_ocorrencia;tipo_de_ocorrencia;km;trecho;sentido;tipo_de_acidente;automovel;bicicleta;caminhao;moto;onibus;outros;tracao_animal;transporte_de_cargas_especiais;trator_maquinas;utilitarios;ilesos;levemente_feridos;moderadamente_feridos;gravemente_feridos;mortos
"21/01/2016";"21:09:00";"2508";"sem vítima";"174";"BR-116/PR";"Sul";"Choque - Objeto sobre a pista";1;0;0;0;0;0;0;0;0;0;1;0;0;0;0
"22/01/2016";"00:19:00";"2518";"sem vítima";"252";"BR-116/SC";"Sul";"Colisão Frontal";0;0;2;0;0;0;0;0;0;0;2;0;0;0;0
"22/01/2016";"07:40:00";"2547";"sem vítima";"121";"BR-116/PR";"Norte";"Colisão Traseira";3;0;0;0;0;0;0;0;0;0;3;0;0;0;0
"22/01/2016";"14:22:00";"2575";"sem vítima";"134";"BR-116/PR";"Norte";"Objeto lançado contra veículo";1;0;0;0;0;0;0;0;0;0;1;0;0;0;0
"22/01/2016";"15:29:00";"2590";"sem vítima";"130";"BR-116/PR";"Norte";"Colisão Lateral";1;0;0;0;0;1;0;0;0;0;2;0;0;0;0
"22/01/2016";"15:32:00";"2591";"com vítima";"234";"BR-116/SC";"Norte";"Colisão Lateral";0;0;2;0;0;0;0;0;0;0;2;1;0;0;0
"22/01/2016";"17:10:00";"2605";"sem vítima";"152";"BR-116/SC";"Norte";"Choque - Defensa, barreira ou "submarino"";0;0;1;0;0;0;0;0;0;0;1;0;0;0;0
"23/01/2016";"06:02:00";"2636";"com vítima";"248,95";"BR-116/SC";"Norte";"Colisão Traseira";0;0;2;0;0;0;0;0;0;0;1;0;0;2;1
"23/01/2016";"11:29:00";"2655";"sem vítima";"143";"BR-116/PR";"Sul";"Colisão Traseira";1;0;0;0;0;2;0;0;0;0;3;0;0;0;0
"23/01/2016";"12:19:00";"2658";"sem vítima";"142,6";"BR-116/PR";"Norte";"Colisão Traseira";1;0;1;0;0;0;0;0;0;0;2;0;0;0;0
"23/01/2016";"15:54:00";"2674";"sem vítima";"203";"BR-116/PR";"Norte";"Choque - Cancela de Pedagio";1;0;0;0;0;0;0;0;0;0;1;0;0;0;0
"23/01/2016";"20:16:00";"2695";"com vítima";"115";"BR-116/PR";"Norte";"Queda de Moto";0;0;0;1;0;0;0;0;0;0;0;1;0;0;0
"23/01/2016";"23:26:00";"2707";"sem vítima";"219,5";"BR-116/SC";"Sul";"Colisão Transversal";1;0;0;0;0;1;0;0;0;0;2;0;0;0;0
"24/01/2016";"03:37:00";"2717";"sem vítima";"171,5";"BR-116/SC";"Sul";"Saida de Pista";1;0;0;0;0;0;0;0;0;0;1;0;0;0;0
"24/01/2016";"04:24:00";"2721";"sem vítima";"68,5";"BR-116/SC";"Sul";"Saida de Pista";1;0;0;0;0;0;0;0;0;0;1;0;0;0;0
"24/01/2016";"04:27:00";"2722";"com vítima";"35,2";"BR-116/SC";"Norte";"Saida de Pista";1;0;0;0;0;0;0;0;0;0;0;1;0;0;0
"24/01/2016";"07:23:00";"2726";"sem vítima";"151";"BR-116/PR";"Sul";"Saida de Pista";1;0;0;0;0;0;0;0;0;0;1;0;0;0;0
"24/01/2016";"09:24:00";"2734";"sem vítima";"124,6";"BR-116/SC";"Sul";"Tombamento";0;0;1;0;0;0;0;0;0;0;1;0;0;0;0
"24/01/2016";"16:47:00";"2757";"sem vítima";"187";"BR-116/SC";"Norte";"Objeto lançado contra veículo";1;0;0;0;0;0;0;0;0;0;1;0;0;0;0
"24/01/2016";"16:55:00";"2760";"sem vítima";"150";"BR-116/PR";"Norte";"Objeto lançado contra veículo";1;0;0;0;0;0;0;0;0;0;1;0;0;0;0
"24/01/2016";"19:05:00";"2774";"com vítima";"91";"BR-116/SC";"Norte";"Colisão Lateral";1;0;1;0;0;0;0;0;0;0;2;1;0;0;0
"25/01/2016";"08:32:00";"2826";"sem vítima";"115,5";"BR-116/PR";"Norte";"Colisão Traseira";1;0;0;0;0;0;0;0;0;0;1;0;0;0;0
"25/01/2016";"20:14:00";"2914";"sem vítima";"144,4";"BR-116/SC";"Sul";"Atropelamento - Animal";1;0;0;0;0;0;0;0;0;0;1;0;0;0;0
"26/01/2016";"03:33:00";"2938";"sem vítima";"263,3";"BR-116/SC";"Norte";"Atropelamento - Animal";1;0;0;0;0;0;0;0;0;0;3;0;0;0;0
"26/01/2016";"14:08:00";"3038";"sem vítima";"221";"BR-116/SC";"Sul";"Objeto lançado contra veículo";0;0;0;0;1;0;0;0;0;0;1;0;0;0;0
"26/01/2016";"15:51:00";"3052";"sem vítima";"89";"BR-116/SC";"Norte";"Choque - Objeto sobre a pista";0;0;1;0;0;0;0;0;0;0;1;0;0;0;0
"26/01/2016";"18:49:00";"3070";"sem vítima";"117";"BR-116/PR";"Sul";"Engavetamento";3;0;0;0;0;0;0;0;0;0;3;0;0;0;0
"26/01/2016";"18:56:00";"3071";"sem vítima";"228";"BR-116/SC";"Sul";"Saida de Pista";1;0;0;0;0;0;0;0;0;0;1;0;0;0;0
"27/01/2016";"00:21:00";"3083";"sem vítima";"233";"BR-116/SC";"Sul";"Objeto lançado contra veículo";0;0;0;0;0;0;0;0;0;1;1;0;0;0;0
"27/01/2016";"01:20:00";"3088";"sem vítima";"265,9";"BR-116/SC";"Norte";"Objeto lançado contra veículo";0;0;0;0;0;0;0;0;0;1;4;0;0;0;0
"27/01/2016";"13:44:00";"3178";"sem vítima";"202";"BR-116/PR";"Sul";"Objeto lançado contra veículo";1;0;0;0;0;0;0;0;0;0;1;0;0;0;0
"27/01/2016";"14:30:00";"3181";"sem vítima";"17,2";"BR-116/SC";"Norte";"Colisão Lateral";1;0;1;0;0;0;0;0;0;0;2;0;0;0;0
"27/01/2016";"19:41:00";"3214";"sem vítima";"141";"BR-116/PR";"Norte";"Objeto lançado contra veículo";0;0;1;0;0;0;0;0;0;0;1;0;0;0;0
"27/01/2016";"21:29:00";"3222";"com vítima";"175,8";"BR-116/PR";"Sul";"Saida de Pista";1;0;0;0;0;0;0;0;0;0;0;2;0;0;0
"28/01/2016";"00:15:00";"3234";"sem vítima";"5,5";"BR-116/SC";"Norte";"Choque - Suporte de Sinalização";1;0;0;0;0;0;0;0;0;0;1;0;0;0;0
"28/01/2016";"07:46:00";"3261";"sem vítima";"81";"BR-116/SC";"Sul";"Choque - Cancela de Pedagio";1;0;0;0;0;0;0;0;0;0;1;0;0;0;0
"28/01/2016";"11:15:00";"3283";"sem vítima";"148";"BR-116/SC";"Norte";"Choque - Objeto sobre a pista";1;0;0;0;0;0;0;0;0;0;1;0;0;0;0
"28/01/2016";"21:56:00";"3340";"sem vítima";"207,3";"BR-116/SC";"Sul";"Colisão Transversal";2;0;0;0;0;0;0;0;0;0;2;0;0;0;0
"29/01/2016";"10:22:00";"3393";"sem vítima";"137";"BR-116/PR";"Sul";"Choque - Outros";0;0;0;0;0;0;0;0;0;1;1;0;0;0;0
"29/01/2016";"23:42:00";"3470";"sem vítima";"163,6";"BR-116/PR";"Sul";"Colisão Transversal";1;0;1;0;0;0;0;0;0;0;2;0;0;0;0
"30/01/2016";"20:04:00";"3549";"sem vítima";"203,6";"BR-116/PR";"Norte";"Choque - Defensa, barreira ou "submarino"";0;0;1;0;0;0;0;0;0;0;1;0;0;0;0
"30/01/2016";"22:16:00";"3556";"com vítima";"302";"BR-116/SC";"Sul";"Saida de Pista";1;0;0;0;0;0;0;0;0;0;2;1;0;0;0
"31/01/2016";"11:46:00";"3589";"sem vítima";"15,6";"BR-116/SC";"Norte";"Choque - Objeto sobre a pista";1;0;0;0;0;0;0;0;0;0;1;0;0;0;0
"31/01/2016";"12:54:00";"3592";"sem vítima";"202";"BR-116/PR";"Sul";"Choque - Objeto sobre a pista";1;0;0;0;0;0;0;0;0;0;3;0;0;0;0
"31/01/2016";"19:03:00";"3615";"sem vítima";"195";"BR-116/SC";"Norte";"Colisão Lateral";1;0;1;0;0;0;0;0;0;0;5;0;0;0;0
"31/01/2016";"21:32:00";"3626";"sem vítima";"126";"BR-116/PR";"Norte";"Engavetamento";4;0;0;0;0;1;0;0;0;0;5;0;0;0;0
"01/02/2016";"09:16:00";"31";"sem vítima";"209";"BR-116/SC";"Sul";"Saida de Pista";1;0;0;0;0;0;0;0;0;0;1;0;0;0;0
"01/02/2016";"10:17:00";"37";"com vítima";"205,25";"BR-116/SC";"Sul";"Saida de Pista";1;0;0;0;0;0;0;0;0;0;0;0;0;2;0
"01/02/2016";"11:00:00";"40";"sem vítima";"5,5";"BR-116/SC";"Norte";"Colisão Transversal";0;0;0;1;0;0;0;0;0;1;2;0;0;0;0
"01/02/2016";"13:24:00";"44";"sem vítima";"245,5";"BR-116/SC";"Norte";"Colisão Lateral";1;0;0;0;0;0;0;0;0;1;4;0;0;0;0
"01/02/2016";"15:26:00";"56";"sem vítima";"134";"BR-116/PR";"Norte";"Colisão Lateral";1;0;2;0;0;0;0;0;0;0;3;0;0;0;0
"01/02/2016";"19:11:00";"79";"sem vítima";"151,7";"BR-116/PR";"Sul";"Colisão Lateral";0;0;3;0;0;0;0;0;0;0;3;0;0;0;0
"01/02/2016";"20:07:00";"80";"sem vítima";"81";"BR-116/SC";"Norte";"Choque - Cancela de Pedagio";0;0;0;0;0;0;0;0;0;1;1;0;0;0;0
"02/02/2016";"13:43:00";"151";"com vítima";"203,6";"BR-116/SC";"Norte";"Colisão Frontal";1;0;0;0;0;0;0;0;0;1;2;0;0;0;1
"02/02/2016";"17:27:00";"183";"sem vítima";"81";"BR-116/SC";"Norte";"Objeto lançado contra veículo";1;0;0;0;0;0;0;0;0;0;1;0;0;0;0
"02/02/2016";"17:50:00";"184";"sem vítima";"193,95";"BR-116/PR";"Sul";"Saida de Pista";0;0;0;0;0;0;0;0;0;1;1;0;0;0;0
"02/02/2016";"18:54:00";"193";"com vítima";"138";"BR-116/SC";"Norte";"Queda de Moto";0;0;0;1;0;0;0;0;0;0;0;1;0;0;0
"02/02/2016";"21:09:00";"208";"sem vítima";"34";"BR-116/SC";"Sul";"Saida de Pista";1;0;0;0;0;0;0;0;0;0;1;0;0;0;0
"02/02/2016";"21:35:00";"209";"com vítima";"237";"BR-116/SC";"Norte";"Choque - Objeto sobre a pista";0;1;0;0;0;0;0;0;0;0;0;1;0;0;0
"02/02/2016";"23:52:00";"219";"com vítima";"129,2";"BR-116/PR";"Sul";"Atropelamento - Morador";1;0;0;0;0;0;0;0;0;0;2;0;0;0;1
"03/02/2016";"05:57:00";"240";"sem vítima";"125,05";"BR-116/PR";"Sul";"Colisão Traseira";1;0;0;0;0;1;0;0;0;0;3;0;0;0;0
"03/02/2016";"08:09:00";"248";"sem vítima";"119,9";"BR-116/PR";"Norte";"Colisão Traseira";2;0;0;0;0;1;0;0;0;0;4;0;0;0;0
"03/02/2016";"10:16:00";"264";"sem vítima";"152";"BR-116/SC";"Norte";"Choque - Cancela de Pedagio";1;0;0;0;0;0;0;0;0;0;1;0;0;0;0
"03/02/2016";"16:04:00";"309";"com vítima";"118,4";"BR-116/PR";"Sul";"Choque - Veiculo parado na pista";1;0;0;1;0;0;0;0;0;0;2;1;0;0;0
"03/02/2016";"19:41:00";"335";"sem vítima";"148";"BR-116/PR";"Norte";"Objeto lançado contra veículo";0;0;1;0;0;0;0;0;0;0;1;0;0;0;0
"04/02/2016";"06:51:00";"358";"sem vítima";"196,9";"BR-116/PR";"Norte";"Saida de Pista";0;0;1;0;0;0;0;0;0;0;1;0;0;0;0
"04/02/2016";"14:40:00";"415";"sem vítima";"135,35";"BR-116/SC";"Norte";"Colisão Traseira";1;0;1;0;0;0;0;0;0;0;4;0;0;0;0
"04/02/2016";"18:35:00";"439";"com vítima";"310,45";"BR-116/SC";"Sul";"Choque - Defensa, barreira ou "submarino"";0;0;1;0;0;0;0;0;0;0;0;1;0;0;0
"05/02/2016";"00:38:00";"462";"sem vítima";"101,35";"BR-116/SC";"Sul";"Choque - Objeto sobre a pista";1;0;0;0;0;0;0;0;0;0;1;0;0;0;0
"05/02/2016";"05:32:00";"472";"sem vítima";"171";"BR-116/PR";"Sul";"Atropelamento - Animal";1;0;0;0;0;0;0;0;0;0;1;0;0;0;0
"05/02/2016";"12:07:00";"502";"com vítima";"126,8";"BR-116/PR";"Norte";"Colisão Traseira";1;0;0;1;0;0;0;0;0;0;1;2;0;0;0
"05/02/2016";"13:33:00";"512";"com vítima";"251";"BR-116/SC";"Sul";"Colisão Transversal";2;0;0;0;0;0;0;0;0;0;1;4;0;0;0
"05/02/2016";"14:21:00";"514";"sem vítima";"204";"BR-116/PR";"Sul";"Choque - Cancela de Pedagio";0;0;0;0;0;0;0;0;0;1;2;0;0;0;0
"05/02/2016";"14:28:00";"517";"sem vítima";"124";"BR-116/PR";"Sul";"Choque - Objeto sobre a pista";0;0;0;0;0;0;0;0;0;1;1;0;0;0;0
"05/02/2016";"17:16:00";"538";"sem vítima";"65,3";"BR-116/SC";"Sul";"Colisão Lateral";0;0;2;0;0;0;0;0;0;0;3;0;0;0;0
"05/02/2016";"18:07:00";"543";"com vítima";"92,3";"BR-116/SC";"Sul";"Colisão Lateral";2;0;0;0;0;0;0;0;0;0;4;2;0;0;0
"05/02/2016";"20:45:00";"553";"sem vítima";"244";"BR-116/SC";"Norte";"Objeto lançado contra veículo";1;0;0;0;0;0;0;0;0;0;1;0;0;0;0
"05/02/2016";"20:49:00";"554";"sem vítima";"126";"BR-116/PR";"Sul";"Colisão Traseira";2;0;0;0;0;1;0;0;0;0;3;0;0;0;0
"06/02/2016";"00:19:00";"574";"sem vítima";"52,9";"BR-116/SC";"Sul";"Colisão Traseira";1;0;0;0;1;0;0;0;0;0;30;0;0;0;0
"06/02/2016";"04:51:00";"594";"sem vítima";"60";"BR-116/SC";"Norte";"Outros";1;0;0;0;0;0;0;0;0;0;3;0;0;0;0
"06/02/2016";"05:13:00";"596";"sem vítima";"49";"BR-116/SC";"Norte";"Atropelamento - Animal";1;0;0;0;0;0;0;0;0;0;1;0;0;0;0
"06/02/2016";"09:57:00";"611";"com vítima";"245";"BR-116/SC";"Sul";"Colisão Transversal";1;0;1;0;0;0;0;0;0;0;2;4;0;0;0
"06/02/2016";"10:57:00";"617";"sem vítima";"152,38";"BR-116/PR";"Sul";"Colisão Transversal";1;0;1;0;0;0;0;0;0;0;2;0;0;0;0
"06/02/2016";"13:54:00";"630";"com vítima";"52";"BR-116/SC";"Sul";"Colisão Traseira";1;0;1;0;0;0;0;0;0;0;1;1;0;0;0
"06/02/2016";"14:47:00";"633";"com vítima";"152,4";"BR-116/PR";"Norte";"Colisão Transversal";1;0;0;1;0;0;0;0;0;0;1;0;0;1;0
"06/02/2016";"17:34:00";"650";"com vítima";"266,78";"BR-116/SC";"Sul";"Colisão Lateral";0;0;1;0;0;0;0;0;0;1;1;1;0;0;0
"06/02/2016";"18:12:00";"656";"sem vítima";"116";"BR-116/PR";"Norte";"Saida de Pista";1;0;0;0;0;0;0;0;0;0;1;0;0;0;0
"06/02/2016";"23:38:00";"675";"com vítima";"150,6";"BR-116/PR";"Sul";"Colisão Frontal";2;0;0;0;0;0;0;0;0;0;0;3;0;0;0
"07/02/2016";"11:06:00";"715";"sem vítima";"68,5";"BR-116/SC";"Norte";"Atropelamento - Animal";1;0;0;0;0;0;0;0;0;0;1;0;0;0;0
"07/02/2016";"16:46:00";"738";"com vítima";"193,1";"BR-116/SC";"Norte";"Tombamento";0;0;1;0;0;0;0;0;0;0;0;2;0;0;0
"08/02/2016";"02:27:00";"777";"sem vítima";"119,4";"BR-116/PR";"Norte";"Saida de Pista";1;0;0;0;0;0;0;0;0;0;3;0;0;0;0
"08/02/2016";"02:48:00";"778";"sem vítima";"107";"BR-116/SC";"Norte";"Saida de Pista";1;0;0;0;0;0;0;0;0;0;3;0;0;0;0
"08/02/2016";"06:31:00";"787";"com vítima";"71,2";"BR-116/SC";"Sul";"Colisão Lateral";0;0;1;0;0;0;0;0;2;0;2;1;0;0;0
"08/02/2016";"09:19:00";"792";"sem vítima";"173";"BR-116/PR";"Sul";"Choque - Objeto sobre a pista";1;0;0;0;0;0;0;0;0;0;1;0;0;0;0
"08/02/2016";"16:47:00";"835";"sem vítima";"201";"BR-116/PR";"Norte";"Objeto lançado contra veículo";1;0;0;0;0;0;0;0;0;0;4;0;0;0;0
"08/02/2016";"16:52:00";"836";"sem vítima";"150";"BR-116/PR";"Norte";"Objeto lançado contra veículo";0;0;0;0;0;0;0;0;0;1;1;0;0;0;0
"08/02/2016";"23:20:00";"873";"sem vítima";"223";"BR-116/SC";"Norte";"Choque - Objeto sobre a pista";0;0;1;0;0;0;0;0;0;0;1;0;0;0;0
"09/02/2016";"09:06:00";"908";"sem vítima";"59,2";"BR-116/SC";"Sul";"Atropelamento - Animal";1;0;0;0;0;0;0;0;0;0;1;0;0;0;0
"09/02/2016";"12:18:00";"924";"sem vítima";"134";"BR-116/PR";"Norte";"Choque - Cancela de Pedagio";1;0;0;0;0;0;0;0;0;0;4;0;0;0;0
"09/02/2016";"14:55:00";"932";"com vítima";"107,95";"BR-116/SC";"Sul";"Colisão Lateral";0;0;0;1;0;0;0;0;0;0;0;1;0;0;0
"09/02/2016";"17:02:00";"958";"sem vítima";"238";"BR-116/SC";"Norte";"Colisão Lateral";0;0;1;0;0;0;0;0;0;0;1;0;0;0;0
"09/02/2016";"19:47:00";"982";"com vítima";"245,5";"BR-116/SC";"Sul";"Colisão Transversal";1;0;1;0;0;0;0;0;0;0;2;2;0;0;0
"10/02/2016";"00:11:00";"1003";"com vítima";"171,7";"BR-116/PR";"Sul";"Saida de Pista";1;0;0;0;0;0;0;0;0;1;2;1;0;0;0
"10/02/2016";"17:47:00";"1088";"com vítima";"119";"BR-116/PR";"Sul";"Queda de Moto";0;0;0;1;0;0;0;0;0;0;0;1;0;0;0
"10/02/2016";"18:01:00";"1091";"com vítima";"155,5";"BR-116/PR";"Norte";"Colisão Lateral";1;0;2;0;0;0;0;0;0;0;3;2;0;0;0
"11/02/2016";"06:57:00";"1123";"sem vítima";"135";"BR-116/PR";"Sul";"Colisão Transversal";1;0;0;0;0;1;0;0;0;0;2;0;0;0;0
"11/02/2016";"09:21:00";"1143";"sem vítima";"117";"BR-116/PR";"Sul";"Colisão Traseira";0;0;3;0;0;0;0;0;0;0;3;0;0;0;0
"11/02/2016";"10:27:00";"1150";"sem vítima";"301,5";"BR-116/SC";"Norte";"Colisão Traseira";2;0;0;0;0;0;0;0;0;0;4;0;0;0;0
"11/02/2016";"11:17:00";"1156";"sem vítima";"161";"BR-116/PR";"Sul";"Saida de Pista";1;0;0;0;0;0;0;0;0;0;1;0;0;0;0
"11/02/2016";"13:57:00";"1168";"com vítima";"208";"BR-116/SC";"Sul";"Colisão Transversal";2;0;0;0;0;0;0;0;0;0;1;2;0;0;0
"11/02/2016";"16:13:00";"1194";"com vítima";"145";"BR-116/PR";"Norte";"Colisão Transversal";1;0;0;1;0;0;0;0;0;0;4;1;0;1;0
"11/02/2016";"17:09:00";"1202";"sem vítima";"170";"BR-116/PR";"Norte";"Objeto lançado contra veículo";1;0;0;0;0;0;0;0;0;0;1;0;0;0;0
"11/02/2016";"23:10:00";"1233";"sem vítima";"205";"BR-116/PR";"Sul";"Atropelamento - Animal";1;0;0;0;0;0;0;0;0;0;3;0;0;0;0
"12/02/2016";"03:33:00";"1251";"sem vítima";"220,3";"BR-116/SC";"Sul";"Choque - Poste";1;0;0;0;0;0;0;0;0;0;1;0;0;0;0
"12/02/2016";"12:57:00";"1294";"sem vítima";"28";"BR-116/SC";"Sul";"Choque - Objeto sobre a pista";0;0;1;0;0;0;0;0;0;0;1;0;0;0;0
"12/02/2016";"19:39:00";"1348";"sem vítima";"11,5";"BR-116/SC";"Norte";"Colisão Traseira";1;0;0;0;0;1;0;0;0;0;2;0;0;0;0
"13/02/2016";"03:41:00";"1381";"sem vítima";"132,7";"BR-116/PR";"Norte";"Saida de Pista";1;0;0;0;0;0;0;0;0;0;1;0;0;0;0
"13/02/2016";"04:31:00";"1382";"com vítima";"216,3";"BR-116/SC";"Sul";"Saida de Pista";1;0;0;0;0;0;0;0;0;0;0;1;0;0;0
"13/02/2016";"06:10:00";"1389";"com vítima";"7,5";"BR-116/SC";"Norte";"Colisão Lateral";2;0;0;1;0;0;0;0;0;0;5;2;0;0;0
"13/02/2016";"14:10:00";"1417";"com vítima";"121,5";"BR-116/PR";"Sul";"Colisão Traseira";1;0;0;1;0;0;0;0;0;0;1;0;0;1;0
"13/02/2016";"14:20:00";"1418";"sem vítima";"126";"BR-116/PR";"Norte";"Colisão Traseira";2;0;0;0;0;1;0;0;0;0;8;0;0;0;0
"13/02/2016";"15:48:00";"1425";"sem vítima";"134,5";"BR-116/PR";"Norte";"Objeto lançado contra veículo";1;0;0;0;0;0;0;0;0;0;2;0;0;0;0
"13/02/2016";"18:36:00";"1440";"com vítima";"50,4";"BR-116/SC";"Norte";"Saida de Pista";1;0;0;0;0;0;0;0;0;0;1;0;0;1;0
"13/02/2016";"22:37:00";"1458";"sem vítima";"156,8";"BR-116/PR";"Sul";"Colisão Transversal";2;0;0;0;0;0;0;0;0;0;2;0;0;0;0
"13/02/2016";"22:42:00";"1459";"sem vítima";"94,9";"BR-116/SC";"Norte";"Saida de Pista";0;0;1;0;0;0;0;0;0;0;1;0;0;0;0
"14/02/2016";"01:53:00";"1472";"sem vítima";"245";"BR-116/SC";"Norte";"Saida de Pista";1;0;0;0;0;0;0;0;0;0;1;0;0;0;0
"14/02/2016";"02:10:00";"1473";"sem vítima";"115,05";"BR-116/PR";"Sul";"Colisão Lateral";2;0;0;0;0;0;0;0;0;0;2;0;0;0;0
"14/02/2016";"03:51:00";"1480";"sem vítima";"134";"BR-116/PR";"Norte";"Choque - Defensa, barreira ou "submarino"";1;0;0;0;0;0;0;0;0;0;1;0;0;0;0
"14/02/2016";"10:27:00";"1498";"com vítima";"244";"BR-116/SC";"Norte";"Atropelamento - Andarilho";0;0;0;0;0;1;0;0;0;0;1;1;0;0;0
"14/02/2016";"13:14:00";"1505";"com vítima";"43,3";"BR-116/SC";"Sul";"Saida de Pista";1;0;0;0;0;1;0;0;0;0;1;0;0;2;1
"14/02/2016";"14:27:00";"1507";"sem vítima";"152";"BR-116/SC";"Norte";"Choque - Cancela de Pedagio";1;0;0;0;0;0;0;0;0;0;1;0;0;0;0
"14/02/2016";"18:04:00";"1523";"sem vítima";"242";"BR-116/SC";"Sul";"Colisão Traseira";2;0;0;0;0;1;0;0;0;0;9;0;0;0;0
"14/02/2016";"19:36:00";"1536";"sem vítima";"181";"BR-116/SC";"Sul";"Saida de Pista";1;0;0;0;0;0;0;0;0;0;1;0;0;0;0
"14/02/2016";"22:27:00";"1545";"com vítima";"126,1";"BR-116/PR";"Norte";"Colisão Transversal";2;0;0;0;0;0;0;0;0;0;1;1;0;0;0
"15/02/2016";"03:46:00";"1559";"sem vítima";"246,2";"BR-116/SC";"Norte";"Colisão Traseira";1;0;0;1;0;0;0;0;0;0;2;0;0;0;0
"15/02/2016";"12:34:00";"1605";"sem vítima";"131,6";"BR-116/SC";"Norte";"Choque - Outros";1;0;0;0;0;0;0;0;0;0;1;0;0;0;0
"15/02/2016";"14:49:00";"1614";"sem vítima";"107,8";"BR-116/SC";"Sul";"Choque - Defensa, barreira ou "submarino"";0;0;1;0;0;0;0;0;0;0;1;0;0;0;0
"16/02/2016";"16:46:00";"1772";"sem vítima";"242,2";"BR-116/SC";"Norte";"Objeto lançado contra veículo";1;0;0;0;0;0;0;0;0;0;5;0;0;0;0
"16/02/2016";"16:55:00";"1774";"sem vítima";"125,1";"BR-116/PR";"Norte";"Saida de Pista";1;0;0;0;0;0;0;0;0;0;1;0;0;0;0
"16/02/2016";"18:06:00";"1784";"com vítima";"205";"BR-116/PR";"Sul";"Saida de Pista";1;0;0;0;0;0;0;0;0;0;3;1;0;0;0
"16/02/2016";"18:15:00";"1785";"sem vítima";"115,2";"BR-116/PR";"Norte";"Colisão Lateral";1;0;1;0;0;0;0;0;0;0;2;0;0;0;0
"17/02/2016";"06:09:00";"1817";"sem vítima";"114,2";"BR-116/SC";"Sul";"Saida de Pista";1;0;0;0;0;0;0;0;0;0;1;0;0;0;0
"17/02/2016";"16:21:00";"1894";"com vítima";"174,5";"BR-116/PR";"Sul";"Colisão Transversal";2;0;0;0;0;0;0;0;0;0;1;2;0;0;0
"17/02/2016";"17:33:00";"1908";"sem vítima";"115";"BR-116/PR";"Norte";"Colisão Traseira";2;0;0;0;0;0;0;0;0;0;3;0;0;0;0
"18/02/2016";"01:57:00";"1945";"sem vítima";"101,3";"BR-116/SC";"Norte";"Colisão Frontal";0;0;2;0;0;0;0;0;0;0;2;0;0;0;0
"18/02/2016";"07:31:00";"1961";"com vítima";"121";"BR-116/PR";"Norte";"Colisão Traseira";2;0;0;0;0;0;0;0;0;0;5;1;0;0;0
"18/02/2016";"08:14:00";"1966";"sem vítima";"116,7";"BR-116/PR";"Norte";"Queda de Moto";0;0;0;1;0;1;0;0;0;0;2;0;0;0;0
"18/02/2016";"15:57:00";"2013";"sem vítima";"121,6";"BR-116/PR";"Sul";"Choque - Veiculo parado no acostamento";1;0;1;0;0;0;0;0;0;0;2;0;0;0;0
"18/02/2016";"17:35:00";"2028";"sem vítima";"139,4";"BR-116/PR";"Norte";"Colisão Traseira";2;0;0;0;0;0;0;0;0;0;2;0;0;0;0
"18/02/2016";"18:46:00";"2034";"sem vítima";"67,7";"BR-116/SC";"Norte";"Colisão Traseira";2;0;0;0;0;0;0;0;0;0;4;0;0;0;0
"18/02/2016";"20:17:00";"2039";"sem vítima";"167,7";"BR-116/SC";"Norte";"Colisão Transversal";0;0;0;0;1;1;0;0;0;0;26;0;0;0;0
"18/02/2016";"21:37:00";"2045";"sem vítima";"167";"BR-116/PR";"Norte";"Choque - Defensa, barreira ou "submarino"";0;0;1;0;0;0;0;0;0;0;1;0;0;0;0
"19/02/2016";"08:38:00";"2088";"sem vítima";"116,1";"BR-116/PR";"Norte";"Colisão Traseira";2;0;0;0;0;0;0;0;0;0;3;0;0;0;0
"19/02/2016";"09:24:00";"2094";"sem vítima";"4";"BR-116/SC";"Norte";"Colisão Traseira";0;0;2;0;0;0;0;0;0;0;2;0;0;0;0
"19/02/2016";"18:12:00";"2157";"com vítima";"14,5";"BR-116/SC";"Norte";"Engavetamento";3;0;0;0;0;0;0;0;0;0;2;1;0;0;0
"19/02/2016";"22:20:00";"2181";"com vítima";"267,1";"BR-116/SC";"Sul";"Saida de Pista";1;0;0;0;0;0;0;0;0;0;0;1;0;0;0
"20/02/2016";"03:15:00";"2204";"com vítima";"253,2";"BR-116/SC";"Sul";"Atropelamento - Morador";0;0;0;0;1;0;0;0;0;0;39;1;0;0;1
"20/02/2016";"04:44:00";"2208";"sem vítima";"117";"BR-116/PR";"Norte";"Colisão Traseira";2;0;0;0;0;0;0;0;0;0;2;0;0;0;0
"20/02/2016";"10:01:00";"2228";"com vítima";"131,9";"BR-116/PR";"Sul";"Colisão Transversal";2;0;0;0;0;0;0;0;0;0;5;2;0;0;0
"20/02/2016";"11:51:00";"2244";"sem vítima";"117";"BR-116/PR";"Sul";"Colisão Transversal";1;0;1;0;0;0;0;0;0;0;3;0;0;0;0
"20/02/2016";"14:10:00";"2252";"com vítima";"164,6";"BR-116/PR";"Norte";"Colisão Transversal";2;0;0;0;0;0;0;0;0;0;0;2;0;0;0
"20/02/2016";"18:46:00";"2277";"sem vítima";"184,6";"BR-116/PR";"Sul";"Saida de Pista";1;0;0;0;0;0;0;0;0;0;1;0;0;0;0