data;horario;n_da_ocorrencia;tipo_de_ocorrencia;km;trecho;sentido;tipo_de_acidente;automovel;bicicleta;caminhao;moto;onibus;outros;tracao_animal;transporte_de_cargas_especiais;trator_maquinas;utilitarios;ilesos;levemente_feridos;moderadamente_feridos;gravemente_feridos;mortos
"20/02/2016";"22:26:00";"2292";"sem vítima";"58,6";"BR-116/SC";"Norte";"Colisão Transversal";1;0;0;0;0;0;0;0;0;1;5;0;0;0;0
"20/02/2016";"22:41:00";"2293";"com vítima";"119,5";"BR-116/PR";"Sul";"Colisão Traseira";2;0;0;0;0;0;0;0;0;0;3;2;0;0;0
"20/02/2016";"23:09:00";"2299";"sem vítima";"132";"BR-116/SC";"Norte";"Atropelamento - Animal";1;0;0;0;0;0;0;0;0;0;5;0;0;0;0
"21/02/2016";"02:40:00";"2313";"sem vítima";"117,4";"BR-116/PR";"Sul";"Saida de Pista";1;0;0;0;0;0;0;0;0;0;5;0;0;0;0
"21/02/2016";"15:08:00";"2359";"sem vítima";"125";"BR-116/PR";"Norte";"Colisão Traseira";2;0;0;0;0;0;0;0;0;0;3;0;0;0;0
"21/02/2016";"17:29:00";"2374";"sem vítima";"133";"BR-116/PR";"Norte";"Colisão Traseira";3;0;0;0;0;0;0;0;0;0;12;0;0;0;0
"21/02/2016";"19:21:00";"2386";"com vítima";"130,9";"BR-116/PR";"Norte";"Atropelamento - Morador";1;0;0;0;0;0;0;0;0;0;5;0;0;1;0
"21/02/2016";"22:23:00";"2403";"sem vítima";"43";"BR-116/SC";"Sul";"Atropelamento - Animal";0;0;0;0;0;0;0;0;0;1;3;0;0;0;0
"21/02/2016";"23:27:00";"2412";"com vítima";"121,9";"BR-116/PR";"Sul";"Saida de Pista";1;0;0;0;0;0;0;0;0;0;2;1;0;0;0
"22/02/2016";"08:32:00";"2439";"sem vítima";"121,25";"BR-116/PR";"Norte";"Queda de Moto";0;0;0;1;0;0;0;0;0;0;1;0;0;0;0
"22/02/2016";"16:08:00";"2486";"sem vítima";"119";"BR-116/PR";"Norte";"Saida de Pista";1;0;0;0;0;0;0;0;0;0;2;0;0;0;0
"22/02/2016";"17:42:00";"2495";"com vítima";"267,7";"BR-116/SC";"Norte";"Tombamento";0;0;1;0;0;0;0;0;0;0;0;1;0;0;0
"23/02/2016";"06:43:00";"2530";"sem vítima";"120,4";"BR-116/PR";"Sul";"Saida de Pista";1;0;0;0;0;0;0;0;0;0;1;0;0;0;0
"23/02/2016";"11:33:00";"2558";"sem vítima";"128";"BR-116/PR";"Norte";"Colisão Traseira";1;0;0;0;0;0;0;0;0;1;2;0;0;0;0
"23/02/2016";"11:55:00";"2560";"sem vítima";"180";"BR-116/SC";"Norte";"Colisão Transversal";2;0;0;0;0;0;0;0;0;0;3;0;0;0;0
"23/02/2016";"13:45:00";"2567";"sem vítima";"115,4";"BR-116/PR";"Norte";"Colisão Lateral";0;0;2;0;0;0;0;0;0;0;2;0;0;0;0
"23/02/2016";"13:50:00";"2568";"sem vítima";"308,85";"BR-116/SC";"Sul";"Colisão Traseira";2;0;0;0;0;0;0;0;0;0;2;0;0;0;0
"23/02/2016";"14:44:00";"2572";"com vítima";"272,5";"BR-116/SC";"Sul";"Colisão Transversal";2;0;0;0;0;0;0;0;0;0;1;1;0;0;0
"23/02/2016";"15:14:00";"2579";"sem vítima";"46,2";"BR-116/SC";"Sul";"Saida de Pista";0;0;1;0;0;0;0;0;0;0;1;0;0;0;0
"23/02/2016";"17:03:00";"2589";"sem vítima";"171,1";"BR-116/PR";"Norte";"Tombamento";0;0;1;0;0;0;0;0;0;0;1;0;0;0;0
"24/02/2016";"00:45:00";"2625";"sem vítima";"136";"BR-116/SC";"Sul";"Colisão Lateral";0;0;1;0;0;1;0;0;0;0;2;0;0;0;0
"24/02/2016";"05:45:00";"2639";"sem vítima";"42,3";"BR-116/SC";"Norte";"Tombamento";0;0;1;0;0;0;0;0;0;0;2;0;0;0;0
"24/02/2016";"08:25:00";"2646";"sem vítima";"117";"BR-116/PR";"Sul";"Colisão Lateral";1;0;1;0;0;0;0;0;0;0;2;0;0;0;0
"24/02/2016";"08:38:00";"2648";"com vítima";"118,8";"BR-116/PR";"Sul";"Colisão Lateral";1;0;1;0;0;0;0;0;0;0;1;1;0;0;0
"25/02/2016";"12:18:00";"2793";"sem vítima";"234,3";"BR-116/SC";"Norte";"Saida de Pista";0;0;1;0;0;1;0;0;0;0;3;0;0;0;0
"25/02/2016";"14:17:00";"2803";"com vítima";"160,3";"BR-116/PR";"Norte";"Choque - Veiculo parado na pista";1;0;0;0;0;0;0;0;0;1;2;2;0;0;0
"25/02/2016";"18:15:00";"2833";"sem vítima";"139,2";"BR-116/SC";"Sul";"Colisão Transversal";2;0;0;0;0;0;0;0;0;0;9;0;0;0;0
"25/02/2016";"19:37:00";"2840";"com vítima";"116,7";"BR-116/PR";"Norte";"Atropelamento - Outros";0;0;0;0;0;1;0;0;0;0;1;0;0;1;0
"25/02/2016";"19:47:00";"2841";"com vítima";"252,9";"BR-116/SC";"Norte";"Colisão Traseira";2;0;0;0;0;0;0;0;0;0;3;4;0;0;0
"25/02/2016";"22:37:00";"2850";"com vítima";"135,6";"BR-116/PR";"Norte";"Colisão Transversal";0;0;0;2;0;0;0;0;0;0;1;2;0;0;0
"26/02/2016";"06:51:00";"2884";"com vítima";"141,3";"BR-116/PR";"Norte";"Colisão Transversal";1;0;0;1;0;0;0;0;0;0;2;1;0;0;0
"26/02/2016";"07:06:00";"2885";"sem vítima";"123";"BR-116/PR";"Norte";"Colisão Traseira";1;0;0;1;0;0;0;0;0;0;2;0;0;0;0
"26/02/2016";"10:13:00";"2912";"sem vítima";"134";"BR-116/PR";"Sul";"Colisão Traseira";2;0;1;0;0;0;0;0;0;0;3;0;0;0;0
"26/02/2016";"11:10:00";"2919";"sem vítima";"128,15";"BR-116/SC";"Sul";"Saida de Pista";1;0;0;0;0;0;0;0;0;0;1;0;0;0;0
"26/02/2016";"11:44:00";"2926";"sem vítima";"209";"BR-116/PR";"Sul";"Colisão Traseira";1;0;0;0;0;0;0;0;0;1;4;0;0;0;0
"26/02/2016";"13:58:00";"2940";"sem vítima";"52";"BR-116/SC";"Sul";"Outros";0;0;1;0;0;0;0;0;0;0;1;0;0;0;0
"26/02/2016";"15:08:00";"2944";"com vítima";"198";"BR-116/PR";"Sul";"Colisão Frontal";0;0;2;0;0;0;0;0;0;0;2;1;0;0;0
"27/02/2016";"13:45:00";"3028";"sem vítima";"245,5";"BR-116/SC";"Sul";"Colisão Transversal";1;0;1;0;0;0;0;0;0;0;2;0;0;0;0
"28/02/2016";"14:50:00";"3124";"sem vítima";"117,4";"BR-116/PR";"Sul";"Colisão Lateral";1;0;1;0;0;0;0;0;0;0;4;0;0;0;0
"28/02/2016";"20:12:00";"3148";"sem vítima";"143,5";"BR-116/PR";"Norte";"Saida de Pista";1;0;0;0;0;0;0;0;0;0;1;0;0;0;0
"01/03/2016";"07:10:00";"19";"sem vítima";"123,5";"BR-116/PR";"Norte";"Tombamento";1;0;0;0;0;1;0;0;0;1;8;0;0;0;0
"01/03/2016";"09:48:00";"35";"sem vítima";"23";"BR-116/SC";"Sul";"Atropelamento - Animal";1;0;0;0;0;0;0;0;0;0;4;0;0;0;0
"01/03/2016";"21:00:00";"112";"sem vítima";"134";"BR-116/PR";"Norte";"Atropelamento - Animal";1;0;0;0;0;0;0;0;0;0;1;0;0;0;0
"01/03/2016";"22:32:00";"119";"com vítima";"152,4";"BR-116/PR";"Norte";"Atropelamento - Animal";0;0;0;1;0;0;0;0;0;0;0;1;0;0;0
"02/03/2016";"08:54:00";"149";"com vítima";"163,5";"BR-116/PR";"Sul";"Colisão Transversal";1;0;1;0;0;0;0;0;0;0;1;1;0;0;0
"02/03/2016";"09:48:00";"153";"sem vítima";"233,1";"BR-116/SC";"Sul";"Colisão Lateral";1;0;0;0;0;1;0;0;0;0;5;0;0;0;0
"02/03/2016";"21:30:00";"216";"sem vítima";"210";"BR-116/SC";"Norte";"Saida de Pista";0;0;1;0;0;0;0;0;0;0;1;0;0;0;0
"03/03/2016";"11:44:00";"271";"sem vítima";"76";"BR-116/SC";"Sul";"Choque - Objeto sobre a pista";1;0;1;0;0;0;0;0;0;0;5;0;0;0;0
"03/03/2016";"11:46:00";"272";"sem vítima";"131,5";"BR-116/PR";"Norte";"Colisão Traseira";0;0;1;0;0;0;0;0;0;1;5;0;0;0;0
"03/03/2016";"17:24:00";"306";"sem vítima";"171,1";"BR-116/PR";"Norte";"Saida de Pista";0;0;1;0;0;0;0;0;0;0;1;0;0;0;0
"03/03/2016";"17:54:00";"310";"sem vítima";"179";"BR-116/PR";"Sul";"Colisão Traseira";1;0;1;0;0;0;0;0;0;0;2;0;0;0;0
"03/03/2016";"21:58:00";"325";"com vítima";"120";"BR-116/PR";"Sul";"Saida de Pista";1;0;0;0;0;0;0;0;0;0;1;2;0;0;0
"04/03/2016";"08:10:00";"358";"sem vítima";"116";"BR-116/PR";"Norte";"Colisão Traseira";0;0;0;1;0;1;0;0;0;0;2;0;0;0;0
"04/03/2016";"11:57:00";"386";"sem vítima";"131";"BR-116/PR";"Norte";"Colisão Traseira";1;0;1;0;0;0;0;0;0;0;2;0;0;0;0
"04/03/2016";"12:22:00";"388";"sem vítima";"126";"BR-116/PR";"Norte";"Atropelamento - Ciclista";1;1;0;0;0;0;0;0;0;0;2;0;0;0;0
"04/03/2016";"14:31:00";"399";"sem vítima";"178,6";"BR-116/SC";"Sul";"Atropelamento - Animal";1;0;0;0;0;0;0;0;0;0;1;0;0;0;0
"04/03/2016";"14:49:00";"403";"sem vítima";"54";"BR-116/SC";"Norte";"Colisão Traseira";1;0;0;0;0;1;0;0;0;0;2;0;0;0;0
"04/03/2016";"15:21:00";"415";"sem vítima";"152";"BR-116/PR";"Norte";"Colisão Transversal";2;0;0;0;0;0;0;0;0;0;2;0;0;0;0
"04/03/2016";"21:28:00";"452";"com vítima";"119";"BR-116/PR";"Sul";"Colisão Lateral";0;0;0;2;0;0;0;0;0;0;1;1;0;0;0
"04/03/2016";"21:39:00";"454";"sem vítima";"126";"BR-116/PR";"Norte";"Colisão Transversal";1;0;1;0;0;0;0;0;0;0;4;0;0;0;0
"04/03/2016";"23:46:00";"461";"sem vítima";"57,9";"BR-116/SC";"Norte";"Saida de Pista";1;0;0;0;0;0;0;0;0;0;1;0;0;0;0
"05/03/2016";"14:21:00";"516";"sem vítima";"7,9";"BR-116/SC";"Sul";"Colisão Traseira";2;0;0;0;0;0;0;0;0;0;2;0;0;0;0
"05/03/2016";"17:09:00";"528";"com vítima";"122,8";"BR-116/PR";"Norte";"Colisão Traseira";1;0;0;1;0;0;0;0;0;0;5;1;0;0;0
"05/03/2016";"18:11:00";"531";"sem vítima";"152,2";"BR-116/SC";"Norte";"Choque - Defensa, barreira ou "submarino"";0;0;1;0;0;0;0;0;0;0;1;0;0;0;0
"06/03/2016";"02:02:00";"558";"sem vítima";"148";"BR-116/PR";"Sul";"Saida de Pista";1;0;0;0;0;0;0;0;0;0;1;0;0;0;0
"06/03/2016";"08:59:00";"582";"sem vítima";"152,4";"BR-116/PR";"Norte";"Colisão Transversal";1;0;1;0;0;0;0;0;0;0;4;0;0;0;0
"06/03/2016";"10:28:00";"588";"sem vítima";"239";"BR-116/SC";"Sul";"Tombamento";0;0;1;0;0;0;0;0;0;0;1;0;0;0;0
"06/03/2016";"14:42:00";"603";"com vítima";"126,6";"BR-116/PR";"Sul";"Colisão Transversal";2;0;0;0;0;0;0;0;0;0;4;1;0;0;0
"07/03/2016";"05:01:00";"675";"sem vítima";"118,8";"BR-116/PR";"Sul";"Tombamento";0;0;1;0;0;0;0;0;0;0;1;0;0;0;0
"07/03/2016";"06:17:00";"677";"com vítima";"128";"BR-116/PR";"Norte";"Choque - Defensa, barreira ou "submarino"";1;0;1;0;0;0;0;0;0;0;2;1;0;0;0
"07/03/2016";"08:24:00";"690";"com vítima";"115,5";"BR-116/PR";"Norte";"Colisão Lateral";1;0;0;1;0;0;0;0;0;0;2;1;0;0;0
"07/03/2016";"14:36:00";"738";"com vítima";"149,95";"BR-116/PR";"Sul";"Colisão Lateral";0;0;1;1;0;0;0;0;0;0;1;1;0;0;0
"07/03/2016";"19:27:00";"778";"com vítima";"178,9";"BR-116/SC";"Sul";"Colisão Transversal";2;0;0;0;0;0;0;0;0;0;1;1;0;0;0
"08/03/2016";"06:34:00";"821";"com vítima";"223,1";"BR-116/SC";"Sul";"Colisão Frontal";1;0;0;0;1;0;0;0;0;0;20;5;0;1;0
"08/03/2016";"11:01:00";"844";"com vítima";"125,7";"BR-116/PR";"Norte";"Colisão Traseira";0;0;1;1;0;0;0;0;0;0;1;1;0;0;0
"08/03/2016";"18:48:00";"891";"com vítima";"116,5";"BR-116/PR";"Sul";"Colisão Traseira";1;0;0;1;0;0;0;0;0;0;4;1;0;0;0
"08/03/2016";"20:13:00";"894";"com vítima";"115";"BR-116/PR";"Norte";"Saida de Pista";2;0;0;0;0;0;0;0;0;0;5;1;0;0;0
"09/03/2016";"07:42:00";"938";"com vítima";"115";"BR-116/PR";"Norte";"Colisão Traseira";1;0;0;1;0;0;0;0;0;0;1;1;0;0;0
"09/03/2016";"10:09:00";"950";"sem vítima";"136,8";"BR-116/SC";"Sul";"Colisão Lateral";0;0;1;0;0;0;0;0;0;1;2;0;0;0;0
"09/03/2016";"17:50:00";"998";"sem vítima";"154,9";"BR-116/SC";"Norte";"Saida de Pista";0;0;1;0;0;0;0;0;0;0;1;0;0;0;0
"09/03/2016";"22:43:00";"1029";"sem vítima";"125,6";"BR-116/PR";"Sul";"Saida de Pista";1;0;0;0;0;0;0;0;0;0;1;0;0;0;0
"10/03/2016";"01:42:00";"1040";"sem vítima";"166,5";"BR-116/PR";"Norte";"Tombamento";0;0;1;0;0;0;0;0;0;0;3;0;0;0;0
"10/03/2016";"05:02:00";"1051";"sem vítima";"121,5";"BR-116/PR";"Sul";"Saida de Pista";1;0;0;0;0;0;0;0;0;0;1;0;0;0;0
"10/03/2016";"05:27:00";"1052";"com vítima";"116";"BR-116/PR";"Sul";"Queda de Moto";0;0;0;1;0;1;0;0;0;0;1;1;0;0;0
"10/03/2016";"06:12:00";"1054";"com vítima";"191";"BR-116/PR";"Sul";"Colisão Transversal";1;0;0;1;0;0;0;0;0;0;3;1;0;0;0
"10/03/2016";"06:24:00";"1057";"com vítima";"121,4";"BR-116/PR";"Norte";"Engavetamento";6;0;0;0;0;1;0;0;0;0;7;2;0;0;0
"10/03/2016";"14:46:00";"1097";"sem vítima";"158,7";"BR-116/SC";"Norte";"Choque - Veiculo parado na pista";1;0;0;0;0;0;0;0;0;0;1;0;0;0;0
"10/03/2016";"16:06:00";"1109";"sem vítima";"117";"BR-116/PR";"Sul";"Colisão Transversal";1;0;1;0;0;0;0;0;0;0;2;0;0;0;0
"11/03/2016";"02:30:00";"1176";"sem vítima";"174,9";"BR-116/SC";"Sul";"Capotamento";0;0;1;0;0;0;0;0;0;0;2;0;0;0;0
"11/03/2016";"15:25:00";"1232";"com vítima";"42,1";"BR-116/SC";"Norte";"Colisão Frontal";1;0;1;0;0;0;0;0;0;0;3;0;0;0;1
"11/03/2016";"17:41:00";"1246";"com vítima";"115";"BR-116/PR";"Norte";"Engavetamento";4;0;1;0;1;0;0;0;0;0;5;2;0;0;0
"11/03/2016";"18:09:00";"1249";"sem vítima";"175,6";"BR-116/SC";"Sul";"Outros";2;0;0;0;0;0;0;0;0;0;3;0;0;0;0
"11/03/2016";"20:01:00";"1258";"sem vítima";"246";"BR-116/SC";"Sul";"Colisão Traseira";2;0;0;0;0;0;0;0;0;0;8;0;0;0;0
"11/03/2016";"20:15:00";"1263";"com vítima";"120";"BR-116/PR";"Norte";"Queda de Moto";0;0;0;1;0;0;0;0;0;0;1;1;0;0;0
"11/03/2016";"23:19:00";"1275";"com vítima";"209,7";"BR-116/SC";"Sul";"Atropelamento - Usuário";0;0;0;0;0;1;0;0;0;0;1;0;0;0;1
"12/03/2016";"06:09:00";"1295";"sem vítima";"116,9";"BR-116/PR";"Sul";"Choque - Veiculo parado na pista";2;0;0;0;0;1;0;0;0;0;3;0;0;0;0
"12/03/2016";"07:56:00";"1302";"sem vítima";"233";"BR-116/SC";"Norte";"Choque - Defensa, barreira ou "submarino"";0;0;1;0;0;0;0;0;0;0;1;0;0;0;0
"12/03/2016";"09:01:00";"1308";"sem vítima";"81";"BR-116/SC";"Sul";"Colisão Traseira";1;0;1;0;0;0;0;0;0;0;5;0;0;0;0
"12/03/2016";"09:56:00";"1311";"sem vítima";"147,1";"BR-116/PR";"Norte";"Choque - Veiculo parado na pista";2;0;0;0;0;0;0;0;0;0;4;0;0;0;0
"12/03/2016";"11:55:00";"1321";"sem vítima";"309";"BR-116/SC";"Sul";"Tombamento";0;0;1;0;0;0;0;0;0;0;1;0;0;0;0
"12/03/2016";"18:32:00";"1356";"com vítima";"68,8";"BR-116/SC";"Norte";"Colisão Lateral";2;0;2;0;0;0;0;0;0;0;3;1;0;0;0
"12/03/2016";"19:46:00";"1361";"sem vítima";"68,5";"BR-116/SC";"Sul";"Colisão Traseira";2;0;0;0;0;0;0;0;0;0;2;0;0;0;0
"12/03/2016";"19:57:00";"1363";"com vítima";"99";"BR-116/SC";"Sul";"Colisão Transversal";1;0;1;0;0;0;0;0;0;0;1;2;0;1;0
"12/03/2016";"19:59:00";"1364";"com vítima";"76,2";"BR-116/SC";"Sul";"Saida de Pista";1;0;0;0;0;0;0;0;0;0;0;1;0;1;2
"13/03/2016";"01:27:00";"1381";"sem vítima";"130";"BR-116/PR";"Sul";"Colisão Transversal";2;0;0;0;0;0;0;0;0;0;6;0;0;0;0
"13/03/2016";"19:11:00";"1448";"com vítima";"131";"BR-116/PR";"Norte";"Colisão Traseira";2;0;0;0;0;0;0;0;0;0;2;1;0;0;0
"13/03/2016";"19:29:00";"1452";"com vítima";"130,35";"BR-116/PR";"Norte";"Colisão Transversal";1;1;0;0;0;0;0;0;0;0;1;1;0;0;0
"14/03/2016";"04:18:00";"1473";"sem vítima";"150";"BR-116/PR";"Sul";"Atropelamento - Animal";1;0;0;0;0;0;0;0;0;0;5;0;0;0;0
"14/03/2016";"06:19:00";"1477";"com vítima";"232,1";"BR-116/SC";"Norte";"Colisão Frontal";1;0;1;0;0;0;0;0;0;0;1;1;0;0;0
"14/03/2016";"21:24:00";"1578";"com vítima";"118";"BR-116/PR";"Sul";"Saida de Pista";1;0;0;0;0;0;0;0;0;0;1;1;0;0;0
"14/03/2016";"22:35:00";"1583";"com vítima";"119,3";"BR-116/PR";"Sul";"Queda de Moto";0;0;0;1;0;0;0;0;0;0;0;1;0;0;0
"15/03/2016";"17:08:00";"1672";"sem vítima";"94,7";"BR-116/SC";"Norte";"Atropelamento - Animal";1;0;0;0;0;0;0;0;0;0;1;0;0;0;0
"16/03/2016";"09:19:00";"1730";"sem vítima";"7,8";"BR-116/SC";"Sul";"Colisão Traseira";2;0;0;0;0;0;0;0;0;0;2;0;0;0;0
"16/03/2016";"11:06:00";"1742";"sem vítima";"122";"BR-116/PR";"Norte";"Colisão Traseira";2;0;0;0;0;0;0;0;0;0;3;0;0;0;0
"16/03/2016";"17:05:00";"1789";"sem vítima";"92,5";"BR-116/SC";"Norte";"Colisão Lateral";0;0;1;0;0;1;0;0;0;0;2;0;0;0;0
"16/03/2016";"17:52:00";"1795";"com vítima";"252,44";"BR-116/SC";"Norte";"Colisão Traseira";0;0;2;0;0;0;0;0;0;0;1;1;0;0;0
"16/03/2016";"21:38:00";"1813";"sem vítima";"82,3";"BR-116/SC";"Norte";"Tombamento";0;0;1;0;0;0;0;0;0;0;1;0;0;0;0
"17/03/2016";"10:10:00";"1857";"com vítima";"162,2";"BR-116/SC";"Norte";"Colisão Lateral";1;0;1;0;0;0;0;0;0;0;1;1;0;0;0
"17/03/2016";"12:48:00";"1871";"sem vítima";"117";"BR-116/PR";"Sul";"Colisão Lateral";1;0;1;0;0;0;0;0;0;0;2;0;0;0;0
"17/03/2016";"13:45:00";"1878";"com vítima";"126,6";"BR-116/SC";"Sul";"Saida de Pista";0;0;1;0;0;0;0;0;0;0;0;1;0;0;0
"17/03/2016";"15:01:00";"1886";"com vítima";"12,3";"BR-116/SC";"Sul";"Colisão Transversal";1;0;1;0;0;0;0;0;0;0;1;1;0;1;0
"17/03/2016";"19:04:00";"1912";"sem vítima";"195";"BR-116/SC";"Sul";"Choque - Poste";0;0;1;0;0;0;0;0;0;0;1;0;0;0;0
"17/03/2016";"20:56:00";"1925";"sem vítima";"118,8";"BR-116/PR";"Sul";"Saida de Pista";1;0;0;0;0;0;0;0;0;0;3;0;0;0;0
"18/03/2016";"02:58:00";"1954";"com vítima";"235";"BR-116/SC";"Norte";"Queda de Moto";0;0;0;1;0;0;0;0;0;0;0;1;0;0;0
"18/03/2016";"13:36:00";"2003";"com vítima";"158";"BR-116/PR";"Norte";"Saida de Pista";1;0;0;0;0;0;0;0;0;0;0;1;0;0;0
"18/03/2016";"14:18:00";"2009";"sem vítima";"117,4";"BR-116/PR";"Sul";"Colisão Lateral";1;0;1;0;0;0;0;0;0;0;2;0;0;0;0
"18/03/2016";"15:20:00";"2022";"sem vítima";"117";"BR-116/PR";"Sul";"Colisão Lateral";1;0;1;0;0;0;0;0;0;0;2;0;0;0;0
"18/03/2016";"15:27:00";"2024";"sem vítima";"82";"BR-116/SC";"Norte";"Colisão Lateral";0;0;2;0;0;0;0;0;0;0;2;0;0;0;0
"18/03/2016";"19:10:00";"2040";"sem vítima";"124";"BR-116/PR";"Sul";"Choque - Veiculo parado na pista";1;0;1;0;0;0;0;0;0;0;2;0;0;0;0
"18/03/2016";"19:47:00";"2045";"sem vítima";"141,4";"BR-116/SC";"Sul";"Colisão Lateral";1;0;0;0;0;0;0;0;0;0;1;0;0;0;0
"18/03/2016";"21:32:00";"2056";"sem vítima";"176,5";"BR-116/PR";"Sul";"Atropelamento - Animal";1;0;0;0;0;0;0;0;0;0;1;0;0;0;0
"18/03/2016";"22:44:00";"2066";"sem vítima";"126";"BR-116/SC";"Sul";"Colisão Lateral";2;0;0;0;0;0;0;0;0;0;5;0;0;0;0
"19/03/2016";"03:31:00";"2077";"sem vítima";"126";"BR-116/PR";"Sul";"Choque - Talude";1;0;0;0;0;0;0;0;0;0;1;0;0;0;0
"19/03/2016";"06:58:00";"2078";"sem vítima";"117,4";"BR-116/PR";"Norte";"Choque - Defensa, barreira ou "submarino"";1;0;0;0;0;0;0;0;0;0;1;0;0;0;0
"19/03/2016";"09:38:00";"2095";"com vítima";"34,3";"BR-116/SC";"Sul";"Colisão Transversal";2;0;0;0;0;0;0;0;0;0;4;1;0;0;0
"19/03/2016";"19:20:00";"2140";"com vítima";"131,3";"BR-116/PR";"Norte";"Colisão Traseira";2;0;0;0;0;0;0;0;0;0;2;1;0;0;0
"20/03/2016";"01:41:00";"2163";"com vítima";"126,3";"BR-116/PR";"Sul";"Colisão Transversal";1;0;0;0;0;0;0;0;0;1;3;2;0;0;0
"20/03/2016";"08:43:00";"2174";"sem vítima";"108,4";"BR-116/SC";"Sul";"Saida de Pista";1;0;0;0;0;0;0;0;0;0;1;0;0;0;0
"20/03/2016";"09:51:00";"2177";"sem vítima";"251,3";"BR-116/SC";"Sul";"Choque - Poste";1;0;0;0;0;0;0;0;0;0;1;0;0;0;0
"22/03/2016";"08:30:00";"2366";"sem vítima";"59,7";"BR-116/SC";"Sul";"Saida de Pista";1;0;0;0;0;0;0;0;0;0;1;0;0;0;0
"22/03/2016";"10:47:00";"2382";"sem vítima";"24,45";"BR-116/SC";"Sul";"Atropelamento - Animal";0;0;0;0;0;0;0;0;0;1;1;0;0;0;0
"22/03/2016";"15:48:00";"2418";"com vítima";"155,4";"BR-116/PR";"Norte";"Tombamento";0;0;1;0;0;0;0;0;0;0;0;1;0;0;0
"22/03/2016";"16:33:00";"2424";"sem vítima";"106,5";"BR-116/SC";"Norte";"Colisão Traseira";0;0;2;0;0;0;0;0;0;0;2;0;0;0;0
"22/03/2016";"16:53:00";"2426";"com vítima";"179,9";"BR-116/PR";"Norte";"Tombamento";0;0;1;0;0;0;0;0;0;0;0;1;0;0;0
"23/03/2016";"06:41:00";"2469";"sem vítima";"117";"BR-116/PR";"Norte";"Colisão Traseira";3;0;0;0;0;0;0;0;0;0;5;0;0;0;0
"23/03/2016";"18:11:00";"2554";"sem vítima";"226";"BR-116/SC";"Sul";"Objeto lançado contra veículo";1;0;0;0;0;0;0;0;0;0;1;0;0;0;0
"24/03/2016";"06:28:00";"2592";"com vítima";"126,2";"BR-116/PR";"Norte";"Queda de Moto";0;0;0;1;0;1;0;0;0;0;2;1;0;0;0
"24/03/2016";"08:57:00";"2604";"com vítima";"8,3";"BR-116/SC";"Sul";"Colisão Lateral";0;0;1;0;0;0;0;0;0;1;1;2;0;0;0
"24/03/2016";"09:15:00";"2605";"sem vítima";"191,2";"BR-116/SC";"Sul";"Atropelamento - Animal";1;0;0;0;0;0;0;0;0;0;3;0;0;0;0
"24/03/2016";"10:13:00";"2609";"sem vítima";"143,5";"BR-116/PR";"Norte";"Colisão Traseira";3;0;0;0;0;0;0;0;0;0;5;0;0;0;0
"24/03/2016";"14:18:00";"2632";"sem vítima";"149,3";"BR-116/PR";"Sul";"Saida de Pista";1;0;0;0;0;0;0;0;0;0;1;0;0;0;0
"24/03/2016";"16:34:00";"2647";"com vítima";"117,6";"BR-116/PR";"Norte";"Colisão Transversal";1;0;0;1;0;0;0;0;0;0;1;1;0;0;0
"24/03/2016";"19:21:00";"2661";"sem vítima";"136,1";"BR-116/SC";"Norte";"Colisão Traseira";1;0;0;0;0;1;0;0;0;0;3;0;0;0;0
"24/03/2016";"23:27:00";"2679";"sem vítima";"152,2";"BR-116/PR";"Sul";"Colisão Traseira";2;0;0;0;0;0;0;0;0;0;3;0;0;0;0
"25/03/2016";"06:09:00";"2704";"sem vítima";"178";"BR-116/SC";"Sul";"Objeto lançado contra veículo";1;0;0;0;0;0;0;0;0;0;1;0;0;0;0
"25/03/2016";"16:20:00";"2746";"sem vítima";"178,1";"BR-116/PR";"Norte";"Saida de Pista";0;0;1;0;0;1;0;0;0;0;2;0;0;0;0
"25/03/2016";"17:19:00";"2751";"sem vítima";"130";"BR-116/PR";"Sul";"Colisão Traseira";1;0;0;0;0;1;0;0;0;0;2;0;0;0;0
"25/03/2016";"22:42:00";"2770";"sem vítima";"234,8";"BR-116/SC";"Sul";"Colisão Traseira";2;0;0;0;0;0;0;0;0;0;9;0;0;0;0
"26/03/2016";"06:52:00";"2788";"com vítima";"147,5";"BR-116/PR";"Norte";"Incêndio";0;0;1;0;0;0;0;0;0;0;0;1;0;0;0
"26/03/2016";"23:00:00";"2874";"sem vítima";"125";"BR-116/PR";"Sul";"Colisão Traseira";2;0;0;0;0;0;0;0;0;0;2;0;0;0;0
"27/03/2016";"12:49:00";"2907";"sem vítima";"123,5";"BR-116/PR";"Norte";"Saida de Pista";1;0;0;0;0;0;0;0;0;0;1;0;0;0;0
"27/03/2016";"16:45:00";"2934";"sem vítima";"44,5";"BR-116/SC";"Norte";"Saida de Pista";1;0;0;0;0;0;0;0;0;0;4;0;0;0;0
"27/03/2016";"17:30:00";"2944";"com vítima";"152";"BR-116/PR";"Sul";"Colisão Transversal";2;0;0;0;0;0;0;0;0;0;2;1;0;0;0
"27/03/2016";"20:30:00";"2974";"sem vítima";"122,1";"BR-116/PR";"Sul";"Colisão Transversal";2;0;0;0;0;0;0;0;0;0;5;0;0;0;0
"28/03/2016";"11:39:00";"3048";"sem vítima";"134,5";"BR-116/PR";"Norte";"Colisão Traseira";2;0;0;0;0;0;0;0;0;0;3;0;0;0;0
"28/03/2016";"19:17:00";"3111";"com vítima";"125,8";"BR-116/PR";"Norte";"Colisão Lateral";1;0;1;0;0;0;0;0;0;0;4;1;0;0;0