data;horario;n_da_ocorrencia;tipo_de_ocorrencia;km;trecho;sentido;tipo_de_acidente;automovel;bicicleta;caminhao;moto;onibus;outros;tracao_animal;transporte_de_cargas_especiais;trator_maquinas;utilitarios;ilesos;levemente_feridos;moderadamente_feridos;gravemente_feridos;mortos
"14/09/2016";"08:33:00";"1310";"com vítima";"116,7";"BR-116/PR";"Norte";"Choque - Outros";1;0;0;2;1;0;0;0;0;0;28;2;0;0;0
"14/09/2016";"15:06:00";"1343";"com vítima";"125,5";"BR-116/PR";"Norte";"Colisão Transversal";0;1;0;0;1;0;0;0;0;0;12;1;0;0;0
"14/09/2016";"15:15:00";"1344";"sem vítima";"125,8";"BR-116/PR";"Norte";"Colisão Lateral";0;0;0;1;0;1;0;0;0;0;2;0;0;0;0
"15/09/2016";"12:03:00";"1446";"sem vítima";"136";"BR-116/PR";"Sul";"Colisão Traseira";2;0;0;0;0;0;0;0;0;0;3;0;0;0;0
"15/09/2016";"13:30:00";"1456";"sem vítima";"51,5";"BR-116/SC";"Norte";"Choque - Objeto sobre a pista";1;0;1;0;0;0;0;0;0;0;2;0;0;0;0
"15/09/2016";"16:53:00";"1479";"sem vítima";"140,7";"BR-116/PR";"Norte";"Choque - Defensa, barreira ou "submarino"";1;0;0;0;0;0;0;0;0;0;1;0;0;0;0
"15/09/2016";"18:41:00";"1489";"sem vítima";"226";"BR-116/SC";"Sul";"Atropelamento de Animal";1;0;0;0;0;0;0;0;0;0;1;0;0;0;0
"16/09/2016";"11:14:00";"1544";"sem vítima";"113,6";"BR-116/SC";"Norte";"Colisão Lateral";1;0;1;0;0;0;0;0;0;0;2;0;0;0;0
"16/09/2016";"16:43:00";"1575";"sem vítima";"82";"BR-116/SC";"Sul";"Colisão Traseira";2;0;0;0;0;0;0;0;0;0;2;0;0;0;0
"16/09/2016";"19:56:00";"1597";"sem vítima";"152";"BR-116/PR";"Sul";"Colisão Transversal";2;0;0;0;0;0;0;0;0;0;2;0;0;0;0
"17/09/2016";"05:42:00";"1625";"com vítima";"121,2";"BR-116/PR";"Norte";"Saida de Pista";1;0;0;0;0;0;0;0;0;0;0;4;0;0;0
"17/09/2016";"07:21:00";"1628";"com vítima";"2";"BR-116/SC";"Sul";"Colisão Traseira";1;0;0;1;0;0;0;0;0;0;1;0;0;1;0
"17/09/2016";"11:42:00";"1649";"sem vítima";"119,1";"BR-116/PR";"Norte";"Colisão Traseira";3;0;0;0;0;0;0;0;0;0;3;0;0;0;0
"17/09/2016";"17:19:00";"1670";"com vítima";"116";"BR-116/PR";"Sul";"Colisão Traseira";1;0;0;0;0;2;0;0;0;0;2;1;0;0;0
"17/09/2016";"18:30:00";"1677";"com vítima";"217,5";"BR-116/SC";"Norte";"Saida de Pista";1;0;0;0;0;0;0;0;0;0;0;1;0;0;0
"17/09/2016";"22:37:00";"1689";"sem vítima";"125,8";"BR-116/PR";"Sul";"Colisão Lateral";2;0;0;0;0;0;0;0;0;0;2;0;0;0;0
"18/09/2016";"00:05:00";"1694";"sem vítima";"119,2";"BR-116/PR";"Norte";"Queda de Moto";0;0;0;1;0;0;0;0;0;0;1;0;0;0;0
"18/09/2016";"02:17:00";"1705";"sem vítima";"119";"BR-116/PR";"Sul";"Saida de Pista";1;0;0;0;0;0;0;0;0;0;1;0;0;0;0
"18/09/2016";"05:25:00";"1711";"sem vítima";"218,4";"BR-116/SC";"Norte";"Saida de Pista";1;0;0;0;0;0;0;0;0;0;1;0;0;0;0
"18/09/2016";"06:07:00";"1713";"com vítima";"125,9";"BR-116/PR";"Sul";"Choque - Defensa, barreira ou "submarino"";0;0;0;1;0;0;0;0;0;0;0;0;0;1;0
"18/09/2016";"06:42:00";"1714";"sem vítima";"125,8";"BR-116/PR";"Sul";"Colisão Traseira";1;0;0;1;0;0;0;0;0;0;2;0;0;0;0
"18/09/2016";"10:46:00";"1721";"sem vítima";"195";"BR-116/SC";"Norte";"Saida de Pista";0;0;1;0;0;0;0;0;0;0;1;0;0;0;0
"18/09/2016";"11:31:00";"1724";"com vítima";"54";"BR-116/SC";"Norte";"Colisão Transversal";1;0;0;0;0;0;0;0;0;1;5;3;0;0;0
"18/09/2016";"13:46:00";"1729";"sem vítima";"69";"BR-116/SC";"Sul";"Colisão Transversal";1;0;0;0;0;1;0;0;0;0;2;0;0;0;0
"18/09/2016";"16:08:00";"1740";"com vítima";"119";"BR-116/PR";"Sul";"Choque - Defensa, barreira ou "submarino"";1;0;0;0;0;0;0;0;0;0;1;1;0;0;1
"18/09/2016";"16:45:00";"1745";"sem vítima";"153,1";"BR-116/PR";"Sul";"Colisão Traseira";2;0;0;0;0;0;0;0;0;0;4;0;0;0;0
"18/09/2016";"17:02:00";"1748";"sem vítima";"59,7";"BR-116/SC";"Norte";"Colisão Lateral";2;0;0;0;0;0;0;0;0;0;3;0;0;0;0
"18/09/2016";"17:35:00";"1751";"com vítima";"252,2";"BR-116/SC";"Sul";"Colisão Frontal";2;0;0;0;0;0;0;0;0;1;4;1;0;3;2
"18/09/2016";"18:24:00";"1757";"sem vítima";"122";"BR-116/PR";"Norte";"Colisão Traseira";2;0;0;0;0;0;0;0;0;0;6;0;0;0;0
"18/09/2016";"18:40:00";"1761";"sem vítima";"117,45";"BR-116/PR";"Norte";"Saida de Pista";1;0;0;0;0;0;0;0;0;0;1;0;0;0;0
"18/09/2016";"19:12:00";"1762";"sem vítima";"140,2";"BR-116/SC";"Sul";"Choque - Defensa, barreira ou "submarino"";0;0;0;0;0;0;0;0;0;1;2;0;0;0;0
"18/09/2016";"19:37:00";"1764";"com vítima";"122,4";"BR-116/PR";"Norte";"Colisão Frontal";1;0;0;0;0;1;0;0;0;0;1;3;0;0;0
"19/09/2016";"02:23:00";"1779";"com vítima";"164";"BR-116/PR";"Norte";"Colisão Lateral";1;0;1;0;0;0;0;0;0;0;3;1;0;0;0
"19/09/2016";"07:10:00";"1785";"com vítima";"156,3";"BR-116/PR";"Sul";"Queda de Moto";0;0;0;1;0;0;0;0;0;0;0;1;0;0;0
"19/09/2016";"07:43:00";"1787";"sem vítima";"116";"BR-116/PR";"Norte";"Colisão Traseira";2;0;0;0;0;0;0;0;0;0;2;0;0;0;0
"19/09/2016";"22:18:00";"1886";"sem vítima";"209,5";"BR-116/PR";"Norte";"Colisão Transversal";0;0;1;1;0;0;0;0;0;0;2;0;0;0;0
"20/09/2016";"07:43:00";"1901";"sem vítima";"138";"BR-116/SC";"Sul";"Colisão Traseira";1;0;0;0;1;0;0;0;0;0;2;0;0;0;0
"20/09/2016";"12:14:00";"1932";"sem vítima";"104,4";"BR-116/SC";"Norte";"Colisão Traseira";2;0;0;0;0;0;0;0;0;1;3;0;0;0;0
"20/09/2016";"12:41:00";"1933";"sem vítima";"117";"BR-116/PR";"Sul";"Colisão Lateral";1;0;1;0;0;0;0;0;0;0;2;0;0;0;0
"20/09/2016";"16:46:00";"1968";"com vítima";"117,45";"BR-116/SC";"Norte";"Tombamento";0;0;1;0;0;0;0;0;0;0;0;1;0;0;0
"20/09/2016";"17:55:00";"1972";"com vítima";"59,8";"BR-116/SC";"Sul";"Colisão Transversal";0;0;0;0;1;0;0;0;0;1;14;3;0;0;0
"20/09/2016";"19:06:00";"1976";"com vítima";"115,8";"BR-116/PR";"Sul";"Colisão Traseira";1;0;0;1;0;0;0;0;0;0;2;1;0;0;1
"20/09/2016";"19:59:00";"1978";"com vítima";"168";"BR-116/SC";"Sul";"Colisão Lateral";1;0;1;0;0;0;0;0;0;0;4;1;0;0;0
"20/09/2016";"22:21:00";"1985";"com vítima";"141,2";"BR-116/SC";"Norte";"Colisão Frontal";2;0;2;0;0;0;0;0;0;0;3;2;0;0;1
"21/09/2016";"10:32:00";"2035";"com vítima";"266";"BR-116/SC";"Norte";"Colisão Frontal";0;0;3;0;0;0;0;0;0;0;2;1;0;0;0
"21/09/2016";"13:47:00";"2063";"sem vítima";"119,8";"BR-116/PR";"Norte";"Colisão Traseira";2;0;0;0;0;0;0;0;0;0;2;0;0;0;0
"21/09/2016";"13:47:00";"2065";"sem vítima";"119,8";"BR-116/PR";"Norte";"Colisão Traseira";2;0;0;0;0;0;0;0;0;0;2;0;0;0;0
"21/09/2016";"22:14:00";"2105";"sem vítima";"220";"BR-116/SC";"Norte";"Colisão Lateral";1;0;0;0;0;0;0;0;0;1;2;0;0;0;0
"22/09/2016";"09:20:00";"2149";"sem vítima";"81,6";"BR-116/SC";"Sul";"Choque - Defensa, barreira ou "submarino"";0;0;1;0;0;0;0;0;0;0;1;0;0;0;0
"22/09/2016";"14:41:00";"2170";"sem vítima";"232";"BR-116/SC";"Sul";"Saida de Pista";1;0;0;0;0;0;0;0;0;0;1;0;0;0;0
"22/09/2016";"16:57:00";"2181";"sem vítima";"205,9";"BR-116/PR";"Sul";"Capotamento";1;0;0;0;0;0;0;0;0;0;2;0;0;0;0
"23/09/2016";"08:57:00";"2230";"sem vítima";"78,5";"BR-116/SC";"Sul";"Colisão Traseira";1;0;1;0;0;0;0;0;0;0;2;0;0;0;0
"23/09/2016";"19:27:00";"2320";"sem vítima";"118";"BR-116/PR";"Sul";"Colisão Traseira";2;0;1;0;0;0;0;0;0;0;3;0;0;0;0
"23/09/2016";"20:10:00";"2326";"sem vítima";"118,6";"BR-116/PR";"Sul";"Saida de Pista";1;0;0;0;0;0;0;0;0;0;1;0;0;0;0
"25/09/2016";"04:48:00";"2439";"com vítima";"122,4";"BR-116/PR";"Sul";"Colisão Traseira";2;0;0;0;0;0;0;0;0;0;3;1;0;0;0
"25/09/2016";"06:25:00";"2442";"sem vítima";"119,4";"BR-116/PR";"Norte";"Atropelamento de Animal";1;0;0;0;0;0;0;0;0;0;1;0;0;0;0
"25/09/2016";"10:49:00";"2450";"com vítima";"125";"BR-116/PR";"Sul";"Choque - Veiculo parado na pista";2;0;0;0;0;0;0;0;0;0;0;2;0;0;0
"25/09/2016";"19:10:00";"2478";"com vítima";"117";"BR-116/PR";"Sul";"Colisão Transversal";1;0;0;1;0;0;0;0;0;0;2;1;0;0;0
"26/09/2016";"02:56:00";"2504";"com vítima";"177,5";"BR-116/SC";"Norte";"Saida de Pista";1;0;0;0;0;0;0;0;0;0;0;0;0;2;0
"26/09/2016";"09:38:00";"2528";"com vítima";"34";"BR-116/SC";"Sul";"Colisão Transversal";1;0;1;0;0;0;0;0;0;0;1;1;0;0;0
"26/09/2016";"10:30:00";"2532";"sem vítima";"117,7";"BR-116/PR";"Norte";"Colisão Traseira";2;0;0;0;0;0;0;0;0;0;2;0;0;0;0
"26/09/2016";"18:11:00";"2588";"sem vítima";"115,15";"BR-116/PR";"Norte";"Colisão Lateral";1;0;1;0;0;0;0;0;0;0;2;0;0;0;0
"26/09/2016";"21:57:00";"2599";"sem vítima";"301,85";"BR-116/SC";"Norte";"Colisão Lateral";1;0;1;0;0;1;0;0;0;0;5;0;0;0;0
"26/09/2016";"23:59:00";"2493";"sem vítima";"134";"BR-116/PR";"Norte";"Colisão Lateral";2;0;0;0;0;0;0;0;0;0;2;0;0;0;0
"27/09/2016";"15:53:00";"2683";"sem vítima";"245";"BR-116/SC";"Sul";"Colisão Lateral";2;0;0;0;0;0;0;0;0;0;5;0;0;0;0
"27/09/2016";"16:06:00";"2684";"sem vítima";"206,75";"BR-116/SC";"Sul";"Colisão Transversal";1;0;1;0;0;0;0;0;0;0;2;0;0;0;0
"27/09/2016";"18:31:00";"2697";"sem vítima";"129,25";"BR-116/PR";"Sul";"Atropelamento de Animal";0;0;0;1;0;0;0;0;0;0;1;0;0;0;0
"27/09/2016";"19:48:00";"2706";"sem vítima";"35,4";"BR-116/SC";"Norte";"Colisão Lateral";0;0;1;0;0;0;0;0;0;1;3;0;0;0;0
"28/09/2016";"08:08:00";"2731";"sem vítima";"3";"BR-116/SC";"Norte";"Saida de Pista";1;0;0;0;0;0;0;0;0;0;2;0;0;0;0
"28/09/2016";"08:14:00";"2732";"com vítima";"117";"BR-116/PR";"Norte";"Colisão Traseira";1;0;0;1;0;0;0;0;0;0;1;1;0;0;0
"28/09/2016";"20:07:00";"2821";"com vítima";"75,3";"BR-116/SC";"Norte";"Colisão Traseira";1;0;1;0;0;0;0;0;0;0;2;1;0;0;0
"29/09/2016";"07:25:00";"2839";"com vítima";"115";"BR-116/PR";"Norte";"Colisão Lateral";0;0;0;1;0;1;0;0;0;0;1;1;0;0;0
"29/09/2016";"12:21:00";"2887";"sem vítima";"183";"BR-116/SC";"Norte";"Colisão Traseira";1;0;1;0;0;0;0;0;0;0;2;0;0;0;0
"29/09/2016";"15:49:00";"2901";"sem vítima";"238,9";"BR-116/SC";"Norte";"Tombamento";0;0;1;0;0;0;0;0;0;0;1;0;0;0;0
"29/09/2016";"20:09:00";"2928";"sem vítima";"237";"BR-116/SC";"Sul";"Outros";0;0;2;0;0;0;0;0;0;0;2;0;0;0;0
"29/09/2016";"20:14:00";"2930";"sem vítima";"238,2";"BR-116/SC";"Sul";"Outros";0;0;2;0;0;0;0;0;0;0;4;0;0;0;0
"29/09/2016";"21:38:00";"2940";"sem vítima";"205";"BR-116/PR";"Norte";"Colisão Transversal";1;0;0;0;0;0;0;0;0;1;7;0;0;0;0
"30/09/2016";"03:00:00";"2949";"sem vítima";"236";"BR-116/SC";"Norte";"Colisão Lateral";0;0;1;0;0;0;0;0;0;1;2;0;0;0;0
"30/09/2016";"06:04:00";"2955";"sem vítima";"134";"BR-116/PR";"Sul";"Colisão Traseira";0;0;2;0;0;0;0;0;0;0;2;0;0;0;0
"30/09/2016";"08:47:00";"2968";"com vítima";"184,4";"BR-116/SC";"Sul";"Tombamento";0;0;1;0;0;0;0;0;0;0;0;1;0;0;0
"30/09/2016";"11:21:00";"2991";"com vítima";"129";"BR-116/PR";"Norte";"Atropelamento - Usuário";1;0;0;0;0;0;0;0;0;0;1;1;0;0;0
"30/09/2016";"11:43:00";"2992";"com vítima";"8,3";"BR-116/SC";"Norte";"Colisão Transversal";1;0;0;1;0;0;0;0;0;0;0;3;0;0;0
"30/09/2016";"22:25:00";"3044";"sem vítima";"230,3";"BR-116/SC";"Norte";"Atropelamento de Animal";1;0;0;0;0;0;0;0;0;0;4;0;0;0;0
"01/10/2016";"02:46:00";"7";"sem vítima";"86,5";"BR-116/SC";"Sul";"Atropelamento de Animal";0;0;0;0;0;0;0;0;0;1;6;0;0;0;0
"01/10/2016";"02:59:00";"9";"com vítima";"87,05";"BR-116/SC";"Norte";"Saida de Pista";1;0;0;0;0;0;0;0;0;0;2;2;0;0;0
"01/10/2016";"14:41:00";"57";"sem vítima";"106,3";"BR-116/SC";"Sul";"Queda de Moto";0;0;0;1;0;0;0;0;0;0;1;0;0;0;0
"01/10/2016";"17:44:00";"69";"sem vítima";"219,9";"BR-116/SC";"Sul";"Saida de Pista";1;0;0;0;0;0;0;0;0;0;1;0;0;0;0
"01/10/2016";"22:32:00";"90";"com vítima";"10,7";"BR-116/SC";"Sul";"Colisão Frontal";1;0;0;1;0;0;0;0;0;0;2;1;0;0;0
"01/10/2016";"23:22:00";"92";"com vítima";"217,4";"BR-116/SC";"Sul";"Colisão Transversal";1;0;0;1;0;0;0;0;0;0;1;1;0;0;0
"02/10/2016";"06:37:00";"100";"com vítima";"39,22";"BR-116/SC";"Sul";"Colisão Frontal";1;0;1;0;0;0;0;0;0;0;1;0;0;0;1
"02/10/2016";"07:42:00";"104";"com vítima";"131,7";"BR-116/SC";"Sul";"Tombamento";0;0;1;0;0;0;0;0;0;0;0;0;0;1;0
"02/10/2016";"18:32:00";"142";"sem vítima";"127";"BR-116/PR";"Norte";"Colisão Traseira";2;0;0;0;0;0;0;0;0;0;2;0;0;0;0
"02/10/2016";"21:56:00";"155";"sem vítima";"161";"BR-116/PR";"Norte";"Colisão Traseira";1;0;0;0;0;1;0;0;0;0;2;0;0;0;0
"03/10/2016";"03:52:00";"167";"com vítima";"211,8";"BR-116/SC";"Sul";"Saida de Pista";1;0;0;0;0;0;0;0;0;0;0;4;0;0;0
"03/10/2016";"10:20:00";"195";"sem vítima";"244,554";"BR-116/SC";"Norte";"Saida de Pista";1;0;0;0;0;0;0;0;0;0;1;0;0;0;0
"03/10/2016";"10:32:00";"199";"sem vítima";"33,6";"BR-116/SC";"Sul";"Saida de Pista";1;0;0;0;0;0;0;0;0;0;1;0;0;0;0
"03/10/2016";"15:04:00";"225";"sem vítima";"47,1";"BR-116/SC";"Sul";"Saida de Pista";0;0;0;0;0;0;0;0;0;1;1;0;0;0;0
"03/10/2016";"18:38:00";"245";"sem vítima";"222";"BR-116/SC";"Sul";"Colisão Transversal";1;0;1;0;0;0;0;0;0;0;2;0;0;0;0
"04/10/2016";"14:36:00";"312";"sem vítima";"0,8";"BR-116/SC";"Norte";"Colisão Lateral";1;0;1;0;0;0;0;0;0;0;3;0;0;0;0
"04/10/2016";"18:35:00";"344";"sem vítima";"117";"BR-116/PR";"Sul";"Colisão Lateral";1;0;1;1;0;0;0;0;0;0;3;0;0;0;0
"06/10/2016";"00:51:00";"465";"sem vítima";"143,9";"BR-116/PR";"Sul";"Saida de Pista";1;0;0;0;0;0;0;0;0;0;1;0;0;0;0
"06/10/2016";"02:00:00";"467";"sem vítima";"203,6";"BR-116/SC";"Sul";"Saida de Pista";0;0;0;0;0;0;0;0;0;1;1;0;0;0;0
"06/10/2016";"05:31:00";"470";"com vítima";"10";"BR-116/SC";"Sul";"Saida de Pista";0;0;0;0;0;0;0;0;0;1;1;1;0;0;0
"06/10/2016";"07:10:00";"471";"sem vítima";"125,5";"BR-116/PR";"Norte";"Colisão Traseira";1;0;0;0;0;1;0;0;0;0;2;0;0;0;0
"06/10/2016";"08:24:00";"475";"com vítima";"183,1";"BR-116/PR";"Sul";"Queda de Moto";0;0;0;1;0;0;0;0;0;0;0;1;0;0;0
"06/10/2016";"08:36:00";"477";"sem vítima";"191";"BR-116/PR";"Sul";"Saida de Pista";0;0;1;0;0;0;0;0;0;0;1;0;0;0;0
"06/10/2016";"11:15:00";"488";"sem vítima";"207,9";"BR-116/PR";"Norte";"Colisão Traseira";0;0;1;0;1;0;0;0;0;0;2;0;0;0;0
"06/10/2016";"15:49:00";"518";"sem vítima";"2";"BR-116/SC";"Norte";"Colisão Traseira";1;0;1;0;0;0;0;0;0;0;2;0;0;0;0
"06/10/2016";"15:55:00";"519";"sem vítima";"142,7";"BR-116/PR";"Norte";"Capotamento";1;0;0;0;0;0;0;0;0;0;1;0;0;0;0
"06/10/2016";"17:28:00";"531";"sem vítima";"143,15";"BR-116/PR";"Norte";"Saida de Pista";0;0;0;0;0;0;0;0;0;1;2;0;0;0;0
"06/10/2016";"17:46:00";"532";"com vítima";"115";"BR-116/PR";"Norte";"Engavetamento";3;0;0;0;0;0;0;0;0;0;6;1;0;0;0
"06/10/2016";"18:58:00";"536";"sem vítima";"124";"BR-116/PR";"Norte";"Colisão Traseira";0;0;0;0;0;1;0;0;0;1;2;0;0;0;0
"06/10/2016";"20:35:00";"542";"sem vítima";"166,85";"BR-116/PR";"Sul";"Colisão Transversal";0;0;1;0;0;1;0;0;0;0;2;0;0;0;0
"07/10/2016";"01:46:00";"563";"sem vítima";"141,909";"BR-116/SC";"Norte";"Saida de Pista";1;0;0;0;0;0;0;0;0;0;2;0;0;0;0
"07/10/2016";"08:34:00";"585";"com vítima";"207";"BR-116/SC";"Sul";"Colisão Transversal";2;0;0;0;0;0;0;0;0;0;1;5;0;0;0
"07/10/2016";"10:07:00";"604";"sem vítima";"127,5";"BR-116/PR";"Norte";"Colisão Traseira";1;0;1;0;0;0;0;0;0;0;2;0;0;0;0
"07/10/2016";"14:29:00";"640";"com vítima";"189,7";"BR-116/PR";"Norte";"Capotamento";1;0;0;0;0;0;0;0;0;0;0;1;0;0;0
"07/10/2016";"14:47:00";"645";"com vítima";"118,15";"BR-116/PR";"Norte";"Colisão Lateral";1;0;0;1;0;0;0;0;0;1;3;1;0;0;0
"07/10/2016";"19:47:00";"675";"sem vítima";"306,7";"BR-116/SC";"Sul";"Colisão Traseira";1;0;0;0;0;1;0;0;0;0;2;0;0;0;0
"08/10/2016";"12:41:00";"738";"sem vítima";"23";"BR-116/SC";"Sul";"Colisão Traseira";2;0;0;0;0;0;0;0;0;0;5;0;0;0;0
"08/10/2016";"13:02:00";"739";"com vítima";"5";"BR-116/SC";"Norte";"Colisão Transversal";1;0;1;0;0;0;0;0;0;0;2;2;0;0;0
"08/10/2016";"15:31:00";"749";"sem vítima";"155,1";"BR-116/SC";"Sul";"Tombamento";0;0;1;0;0;0;0;0;0;0;1;0;0;0;0
"08/10/2016";"20:24:00";"772";"sem vítima";"228,2";"BR-116/SC";"Norte";"Saida de Pista";1;0;0;0;0;0;0;0;0;0;1;0;0;0;0
"09/10/2016";"01:22:00";"789";"com vítima";"150";"BR-116/PR";"Norte";"Colisão Traseira";0;0;0;1;0;1;0;0;0;0;1;1;0;0;0
"09/10/2016";"04:56:00";"796";"sem vítima";"121";"BR-116/PR";"Sul";"Colisão Traseira";2;0;0;0;0;0;0;0;0;0;2;0;0;0;0
"09/10/2016";"15:12:00";"827";"com vítima";"115,2";"BR-116/PR";"Sul";"Queda de Moto";0;0;0;1;0;0;0;0;0;0;0;1;0;0;0
"09/10/2016";"18:05:00";"835";"com vítima";"119,03";"BR-116/PR";"Norte";"Colisão Traseira";2;0;0;1;0;0;0;0;0;0;7;2;0;0;0
"09/10/2016";"19:15:00";"842";"sem vítima";"119,03";"BR-116/PR";"Sul";"Colisão Lateral";1;0;1;0;0;0;0;0;0;0;2;0;0;0;0
"09/10/2016";"19:31:00";"843";"sem vítima";"118,8";"BR-116/PR";"Sul";"Colisão Traseira";3;0;0;0;0;0;0;0;0;0;3;0;0;0;0
"10/10/2016";"08:53:00";"880";"sem vítima";"173,5";"BR-116/SC";"Sul";"Colisão Traseira";1;0;1;0;0;0;0;0;0;0;2;0;0;0;0
"10/10/2016";"13:53:00";"927";"sem vítima";"183";"BR-116/PR";"Norte";"Colisão Lateral";1;0;1;0;0;0;0;0;0;0;2;0;0;0;0
"10/10/2016";"14:20:00";"928";"sem vítima";"219";"BR-116/SC";"Sul";"Colisão Traseira";0;0;2;0;0;0;0;0;0;0;2;0;0;0;0
"10/10/2016";"14:40:00";"931";"sem vítima";"206";"BR-116/SC";"Sul";"Colisão Transversal";2;0;0;0;0;0;0;0;0;0;2;0;0;0;0
"10/10/2016";"14:48:00";"932";"sem vítima";"1,5";"BR-116/SC";"Sul";"Choque - Veiculo parado na pista";1;0;1;0;0;0;0;0;0;0;2;0;0;0;0
"10/10/2016";"20:02:00";"959";"sem vítima";"112,8";"BR-116/SC";"Norte";"Tombamento";0;0;1;0;0;0;0;0;0;0;1;0;0;0;0
"11/10/2016";"16:24:00";"1033";"com vítima";"115";"BR-116/PR";"Norte";"Queda de Moto";0;0;0;1;0;0;0;0;0;0;0;1;0;0;0
"11/10/2016";"16:52:00";"1034";"com vítima";"253,8";"BR-116/SC";"Norte";"Atropelamento - Funcionário";0;0;0;1;0;0;0;0;0;0;1;1;0;0;0
"12/10/2016";"09:09:00";"1072";"com vítima";"99,1";"BR-116/SC";"Sul";"Colisão Transversal";1;0;0;1;0;0;0;0;0;0;2;1;0;0;0
"12/10/2016";"20:15:00";"1114";"com vítima";"209,15";"BR-116/PR";"Norte";"Colisão Transversal";2;0;0;0;0;0;0;0;0;0;7;1;0;0;0
"12/10/2016";"21:39:00";"1121";"sem vítima";"54,5";"BR-116/SC";"Sul";"Atropelamento - Andarilho";1;0;0;0;0;0;0;0;0;0;1;0;0;0;0
"12/10/2016";"23:34:00";"1136";"com vítima";"159,5";"BR-116/PR";"Norte";"Saida de Pista";1;0;0;0;0;0;0;0;0;0;1;1;0;0;0
"13/10/2016";"00:19:00";"1139";"com vítima";"126";"BR-116/PR";"Norte";"Colisão Transversal";2;0;0;0;0;0;0;0;0;0;1;1;0;0;0
"13/10/2016";"07:21:00";"1146";"sem vítima";"122,2";"BR-116/PR";"Norte";"Capotamento";1;0;0;0;0;0;0;0;0;0;1;0;0;0;0
"13/10/2016";"08:38:00";"1155";"com vítima";"128,8";"BR-116/PR";"Sul";"Colisão Traseira";0;0;1;1;0;0;0;0;0;0;1;1;0;0;0
"14/10/2016";"04:13:00";"1238";"com vítima";"107,55";"BR-116/SC";"Norte";"Tombamento";0;0;1;0;0;0;0;0;0;0;1;2;0;0;0
"14/10/2016";"08:40:00";"1252";"sem vítima";"122";"BR-116/PR";"Norte";"Colisão Traseira";2;0;1;0;0;0;0;0;0;0;3;0;0;0;0
"14/10/2016";"14:22:00";"1290";"sem vítima";"12,3";"BR-116/SC";"Sul";"Colisão Transversal";1;0;0;0;0;0;0;0;0;1;8;0;0;0;0
"14/10/2016";"16:14:00";"1304";"sem vítima";"266";"BR-116/SC";"Norte";"Tombamento";0;0;1;0;0;0;0;0;0;0;1;0;0;0;0
"14/10/2016";"18:36:00";"1317";"com vítima";"116,2";"BR-116/PR";"Norte";"Colisão Traseira";3;0;0;0;0;0;0;0;0;0;4;1;0;0;0
"15/10/2016";"00:53:00";"1340";"sem vítima";"1,9";"BR-116/SC";"Sul";"Colisão Traseira";2;0;0;0;0;0;0;0;0;0;6;0;0;0;0
"15/10/2016";"06:22:00";"1345";"sem vítima";"11";"BR-116/SC";"Sul";"Saida de Pista";0;0;1;0;0;0;0;0;0;0;1;0;0;0;0
"15/10/2016";"16:29:00";"1398";"sem vítima";"109,9";"BR-116/SC";"Sul";"Saida de Pista";1;0;0;0;0;0;0;0;0;0;1;0;0;0;0
"15/10/2016";"17:35:00";"1402";"com vítima";"118,85";"BR-116/PR";"Sul";"Choque - Elemento de Drenagem";1;0;0;0;0;0;0;0;0;0;0;1;0;0;0
"15/10/2016";"19:01:00";"1407";"com vítima";"118,85";"BR-116/PR";"Norte";"Colisão Lateral";1;0;0;0;0;0;0;0;0;1;5;2;0;0;0
"15/10/2016";"22:24:00";"1412";"sem vítima";"63";"BR-116/SC";"Sul";"Atropelamento de Animal";1;0;0;0;0;0;0;0;0;0;5;0;0;0;0
"16/10/2016";"03:52:00";"1421";"sem vítima";"4,5";"BR-116/SC";"Norte";"Choque - Defensa, barreira ou "submarino"";0;0;0;0;0;0;0;0;0;1;5;0;0;0;0
"16/10/2016";"10:26:00";"1439";"sem vítima";"134";"BR-116/PR";"Sul";"Choque - Defensa, barreira ou "submarino"";0;0;1;0;0;0;0;0;0;0;1;0;0;0;0
"16/10/2016";"12:44:00";"1444";"com vítima";"128";"BR-116/PR";"Norte";"Queda de Moto";0;0;0;1;0;0;0;0;0;0;0;2;0;0;0
"16/10/2016";"16:45:00";"1463";"sem vítima";"150,7";"BR-116/PR";"Norte";"Saida de Pista";1;0;0;0;0;0;0;0;0;0;2;0;0;0;0
"16/10/2016";"17:27:00";"1466";"sem vítima";"153";"BR-116/PR";"Sul";"Colisão Traseira";1;0;1;0;0;0;0;0;0;0;3;0;0;0;0
"16/10/2016";"19:09:00";"1477";"sem vítima";"255,5";"BR-116/SC";"Norte";"Colisão Traseira";2;0;0;0;0;0;0;0;0;0;5;0;0;0;0
"16/10/2016";"20:18:00";"1488";"sem vítima";"166,85";"BR-116/PR";"Sul";"Colisão Transversal";1;0;0;0;0;0;0;0;0;1;5;0;0;0;0
"16/10/2016";"21:57:00";"1498";"sem vítima";"184,7";"BR-116/SC";"Norte";"Saida de Pista";1;0;0;0;0;0;0;0;0;0;2;0;0;0;0
"17/10/2016";"06:23:00";"1513";"com vítima";"4,5";"BR-116/SC";"Norte";"Atropelamento - Ciclista";0;1;1;0;0;0;0;0;0;0;1;1;0;0;0
"17/10/2016";"06:29:00";"1514";"com vítima";"156,65";"BR-116/PR";"Norte";"Atropelamento - Usuário";1;0;0;0;0;0;0;0;0;0;0;1;0;0;1
"18/10/2016";"22:07:00";"1737";"com vítima";"165";"BR-116/PR";"Norte";"Colisão Traseira";1;0;1;0;0;0;0;0;0;0;1;2;0;0;0