data;horario;n_da_ocorrencia;tipo_de_ocorrencia;km;trecho;sentido;tipo_de_acidente;automovel;bicicleta;caminhao;moto;onibus;outros;tracao_animal;transporte_de_cargas_especiais;trator_maquinas;utilitarios;ilesos;levemente_feridos;moderadamente_feridos;gravemente_feridos;mortos
"25/11/2016";"17:24:00";"2964";"sem vítima";"134";"BR-116/PR";"Norte";"Colisão Traseira";1;0;1;0;0;0;0;0;0;0;2;0;0;0;0
"25/11/2016";"18:21:00";"2970";"sem vítima";"139";"BR-116/PR";"Norte";"Colisão Lateral";0;0;0;1;0;1;0;0;0;0;2;0;0;0;0
"26/11/2016";"08:02:00";"3018";"sem vítima";"104,7";"BR-116/SC";"Sul";"Colisão Lateral";0;0;3;0;0;0;0;0;0;0;3;0;0;0;0
"26/11/2016";"10:24:00";"3044";"sem vítima";"206";"BR-116/PR";"Sul";"Saida de Pista";1;0;0;0;0;0;0;0;0;0;1;0;0;0;0
"26/11/2016";"11:23:00";"3047";"sem vítima";"134";"BR-116/PR";"Sul";"Choque - Cancela de Pedagio";0;0;1;0;0;0;0;0;0;0;1;0;0;0;0
"26/11/2016";"12:07:00";"3050";"sem vítima";"167";"BR-116/PR";"Sul";"Colisão Traseira";1;0;0;1;0;0;0;0;0;0;2;0;0;0;0
"26/11/2016";"13:03:00";"3055";"sem vítima";"140,05";"BR-116/PR";"Norte";"Choque - Defensa, barreira ou "submarino"";1;0;0;0;0;0;0;0;0;0;1;0;0;0;0
"26/11/2016";"17:25:00";"3075";"sem vítima";"122,7";"BR-116/PR";"Norte";"Colisão Traseira";2;0;0;0;0;0;0;0;0;0;3;0;0;0;0
"26/11/2016";"22:39:00";"3108";"com vítima";"141";"BR-116/PR";"Sul";"Colisão Lateral";1;0;0;1;0;0;0;0;0;0;1;1;0;0;0
"27/11/2016";"06:24:00";"3124";"sem vítima";"147,1";"BR-116/PR";"Norte";"Colisão Traseira";1;0;1;0;0;0;0;0;0;0;2;0;0;0;0
"27/11/2016";"06:53:00";"3126";"sem vítima";"234,82";"BR-116/SC";"Norte";"Saida de Pista";1;0;0;0;0;0;0;0;0;0;1;0;0;0;0
"27/11/2016";"17:59:00";"3173";"sem vítima";"206";"BR-116/PR";"Sul";"Saida de Pista";1;0;0;0;0;0;0;0;0;0;1;0;0;0;0
"27/11/2016";"21:01:00";"3186";"sem vítima";"152,3";"BR-116/PR";"Sul";"Saida de Pista";1;0;0;0;0;0;0;0;0;0;4;0;0;0;0
"27/11/2016";"21:52:00";"3191";"sem vítima";"122";"BR-116/PR";"Norte";"Saida de Pista";1;0;0;0;0;0;0;0;0;0;2;0;0;0;0
"27/11/2016";"22:07:00";"3192";"sem vítima";"144,7";"BR-116/SC";"Sul";"Saida de Pista";1;0;0;0;0;0;0;0;0;0;1;0;0;0;0
"28/11/2016";"13:23:00";"3276";"sem vítima";"119";"BR-116/PR";"Sul";"Choque - Suporte de Sinalização";0;0;0;0;0;0;0;0;0;1;1;0;0;0;0
"28/11/2016";"14:03:00";"3280";"com vítima";"9,5";"BR-116/SC";"Norte";"Colisão Transversal";1;0;0;0;0;0;0;0;0;1;1;1;0;0;0
"28/11/2016";"14:45:00";"3289";"sem vítima";"138,5";"BR-116/SC";"Sul";"Colisão Transversal";0;0;2;0;0;0;0;0;0;0;2;0;0;0;0
"28/11/2016";"18:23:00";"3318";"sem vítima";"275";"BR-116/SC";"Sul";"Colisão Traseira";2;0;0;0;0;0;0;0;0;0;2;0;0;0;0
"28/11/2016";"19:54:00";"3328";"sem vítima";"52";"BR-116/SC";"Sul";"Colisão Transversal";1;0;1;0;0;0;0;0;0;0;2;0;0;0;0
"29/11/2016";"15:01:00";"3403";"sem vítima";"204,95";"BR-116/SC";"Norte";"Tombamento";0;0;1;0;0;0;0;0;0;0;1;0;0;0;0
"29/11/2016";"23:36:00";"3454";"com vítima";"122";"BR-116/PR";"Sul";"Choque - Defensa, barreira ou "submarino"";0;0;0;1;0;0;0;0;0;0;0;1;0;0;0
"30/11/2016";"06:52:00";"3464";"com vítima";"120,5";"BR-116/PR";"Norte";"Colisão Lateral";1;0;0;1;0;0;0;0;0;0;1;1;0;0;0
"30/11/2016";"15:04:00";"3540";"sem vítima";"211";"BR-116/PR";"Sul";"Objeto lançado contra veículo";1;0;0;0;0;0;0;0;0;0;3;0;0;0;0
"30/11/2016";"16:43:00";"3562";"sem vítima";"131,5";"BR-116/SC";"Sul";"Choque - Objeto sobre a pista";1;0;0;0;0;0;0;0;0;0;3;0;0;0;0
"01/12/2016";"00:22:00";"1";"sem vítima";"120,5";"BR-116/PR";"Sul";"Capotamento";1;0;0;0;0;0;0;0;0;0;1;0;0;0;0
"01/12/2016";"04:33:00";"4";"sem vítima";"211,2";"BR-116/SC";"Norte";"Saida de Pista";1;0;0;0;0;0;0;0;0;0;1;0;0;0;0
"01/12/2016";"07:10:00";"9";"com vítima";"121";"BR-116/PR";"Norte";"Colisão Traseira";2;0;0;1;0;0;0;0;0;0;3;1;0;0;0
"01/12/2016";"08:19:00";"16";"sem vítima";"124";"BR-116/PR";"Norte";"Colisão Traseira";2;0;0;0;0;0;0;0;0;0;2;0;0;0;0
"01/12/2016";"15:07:00";"88";"com vítima";"294,7";"BR-116/SC";"Sul";"Colisão Traseira";0;0;2;0;0;0;0;0;0;0;1;1;0;0;0
"02/12/2016";"06:02:00";"164";"sem vítima";"120,02";"BR-116/PR";"Norte";"Engavetamento";1;0;0;0;0;0;0;0;0;1;2;0;0;0;0
"02/12/2016";"06:23:00";"165";"com vítima";"121,9";"BR-116/PR";"Sul";"Colisão Lateral";2;0;0;0;0;0;0;0;0;0;1;1;0;0;0
"02/12/2016";"06:52:00";"166";"sem vítima";"120";"BR-116/PR";"Norte";"Colisão Traseira";2;0;0;0;0;0;0;0;0;0;2;0;0;0;0
"02/12/2016";"06:54:00";"167";"sem vítima";"126,4";"BR-116/PR";"Norte";"Colisão Frontal";2;0;0;0;0;0;0;0;0;0;2;0;0;0;0
"02/12/2016";"07:42:00";"170";"sem vítima";"165";"BR-116/PR";"Norte";"Colisão Lateral";1;0;0;1;0;0;0;0;0;0;2;0;0;0;0
"02/12/2016";"09:12:00";"184";"com vítima";"218";"BR-116/SC";"Sul";"Colisão Frontal";0;0;1;0;0;0;0;0;0;1;0;2;0;0;1
"02/12/2016";"09:25:00";"187";"sem vítima";"122";"BR-116/PR";"Norte";"Colisão Traseira";1;0;1;0;0;0;0;0;0;0;2;0;0;0;0
"02/12/2016";"16:21:00";"246";"sem vítima";"125,9";"BR-116/PR";"Norte";"Objeto lançado contra veículo";1;0;0;0;0;0;0;0;0;0;1;0;0;0;0
"02/12/2016";"19:08:00";"265";"com vítima";"285,2";"BR-116/SC";"Norte";"Colisão Traseira";1;0;1;0;0;0;0;0;0;0;2;1;0;0;0
"02/12/2016";"21:20:00";"278";"com vítima";"117";"BR-116/PR";"Sul";"Colisão Traseira";2;0;0;0;0;0;0;0;0;0;2;1;0;0;0
"02/12/2016";"21:46:00";"283";"com vítima";"142,2";"BR-116/SC";"Sul";"Colisão Traseira";2;0;0;0;0;0;0;0;0;0;2;1;0;0;0
"02/12/2016";"22:36:00";"286";"com vítima";"70,95";"BR-116/SC";"Sul";"Saida de Pista";1;0;0;0;0;0;0;0;0;0;0;2;0;0;0
"03/12/2016";"09:21:00";"313";"sem vítima";"131";"BR-116/PR";"Norte";"Colisão Frontal";2;0;0;0;0;0;0;0;0;0;2;0;0;0;0
"03/12/2016";"13:47:00";"323";"sem vítima";"162";"BR-116/PR";"Sul";"Saida de Pista";0;0;0;0;0;0;0;0;0;1;1;0;0;0;0
"03/12/2016";"13:57:00";"324";"sem vítima";"141,5";"BR-116/PR";"Norte";"Colisão Traseira";1;0;0;1;0;0;0;0;0;0;2;0;0;0;0
"03/12/2016";"17:47:00";"333";"com vítima";"205,4";"BR-116/SC";"Norte";"Saida de Pista";1;0;0;0;0;0;0;0;0;0;0;1;0;0;0
"03/12/2016";"18:10:00";"334";"sem vítima";"134";"BR-116/PR";"Sul";"Colisão Traseira";2;0;0;0;0;0;0;0;0;0;3;0;0;0;0
"03/12/2016";"18:54:00";"335";"sem vítima";"207";"BR-116/SC";"Sul";"Saida de Pista";1;0;0;0;0;0;0;0;0;0;1;0;0;0;0
"03/12/2016";"19:21:00";"340";"sem vítima";"208";"BR-116/PR";"Norte";"Colisão Traseira";1;0;0;0;0;1;0;0;0;0;4;0;0;0;0
"03/12/2016";"22:44:00";"348";"com vítima";"2,4";"BR-116/SC";"Norte";"Colisão Traseira";2;0;0;0;0;0;0;0;0;0;2;1;0;0;0
"03/12/2016";"23:31:00";"351";"sem vítima";"220,4";"BR-116/SC";"Sul";"Saida de Pista";1;0;0;0;0;0;0;0;0;0;2;0;0;0;0
"04/12/2016";"08:02:00";"366";"sem vítima";"117";"BR-116/PR";"Sul";"Choque - Veiculo parado na pista";2;0;1;0;0;0;0;0;0;0;3;0;0;0;0
"04/12/2016";"11:24:00";"373";"sem vítima";"201";"BR-116/SC";"Sul";"Capotamento";1;0;0;0;0;0;0;0;0;0;1;0;0;0;0
"04/12/2016";"13:00:00";"376";"com vítima";"304,6";"BR-116/SC";"Sul";"Saida de Pista";1;0;0;0;0;0;0;0;0;0;0;1;0;0;0
"04/12/2016";"13:29:00";"382";"com vítima";"146";"BR-116/PR";"Sul";"Colisão Lateral";2;0;0;0;0;0;0;0;0;0;1;2;0;0;0
"04/12/2016";"15:48:00";"391";"sem vítima";"199";"BR-116/PR";"Norte";"Choque - Defensa, barreira ou "submarino"";1;0;0;0;0;0;0;0;0;0;1;0;0;0;0
"04/12/2016";"18:50:00";"412";"sem vítima";"210,8";"BR-116/PR";"Sul";"Colisão Lateral";2;0;0;0;0;0;0;0;0;1;7;0;0;0;0
"05/12/2016";"06:30:00";"447";"com vítima";"126";"BR-116/PR";"Sul";"Colisão Lateral";2;0;0;1;0;0;0;0;0;0;2;1;0;0;0
"05/12/2016";"08:43:00";"457";"com vítima";"181,5";"BR-116/SC";"Norte";"Colisão Traseira";1;0;1;0;0;0;0;0;0;0;1;1;0;0;0
"06/12/2016";"08:54:00";"581";"com vítima";"127";"BR-116/PR";"Norte";"Queda de Moto";0;0;0;1;0;0;0;0;0;0;1;1;0;0;0
"06/12/2016";"08:55:00";"582";"sem vítima";"192";"BR-116/SC";"Norte";"Colisão Lateral";2;0;0;0;0;0;0;0;0;0;2;0;0;0;0
"06/12/2016";"13:58:00";"626";"com vítima";"219,77";"BR-116/SC";"Sul";"Atropelamento - Usuário";0;0;0;1;0;0;0;0;0;0;0;1;0;1;0
"06/12/2016";"17:24:00";"660";"sem vítima";"152";"BR-116/PR";"Norte";"Colisão Transversal";1;0;1;0;0;0;0;0;0;0;2;0;0;0;0
"06/12/2016";"17:49:00";"662";"com vítima";"19,1";"BR-116/SC";"Sul";"Choque - Veiculo parado na pista";0;0;2;0;0;0;0;0;0;0;1;1;0;0;0
"06/12/2016";"21:07:00";"676";"com vítima";"125,9";"BR-116/PR";"Norte";"Atropelamento - Usuário";0;0;0;0;0;1;0;0;0;0;1;0;0;1;0
"07/12/2016";"12:05:00";"752";"sem vítima";"126,1";"BR-116/PR";"Sul";"Colisão Traseira";1;0;0;0;0;1;0;0;0;0;2;0;0;0;0
"07/12/2016";"18:12:00";"804";"sem vítima";"4,5";"BR-116/SC";"Sul";"Colisão Lateral";1;0;1;0;0;0;0;0;0;0;2;0;0;0;0
"07/12/2016";"19:06:00";"810";"sem vítima";"116,7";"BR-116/PR";"Norte";"Colisão Traseira";3;0;0;0;0;0;0;0;0;0;8;0;0;0;0
"07/12/2016";"19:07:00";"811";"sem vítima";"151,1";"BR-116/PR";"Sul";"Choque - Defensa, barreira ou "submarino"";0;0;1;0;0;0;0;0;0;0;1;0;0;0;0
"08/12/2016";"07:01:00";"841";"com vítima";"308,75";"BR-116/SC";"Norte";"Tombamento";0;0;1;0;0;0;0;0;0;0;0;1;0;0;0
"08/12/2016";"07:46:00";"847";"com vítima";"126";"BR-116/PR";"Norte";"Colisão Lateral";0;0;0;1;0;1;0;0;0;0;1;1;0;0;0
"08/12/2016";"20:10:00";"968";"sem vítima";"122";"BR-116/PR";"Norte";"Saida de Pista";1;0;0;0;0;1;0;0;0;0;2;0;0;0;0
"08/12/2016";"22:31:00";"974";"com vítima";"38,7";"BR-116/SC";"Sul";"Colisão Traseira";1;0;0;0;0;0;0;0;0;1;1;1;0;0;0
"09/12/2016";"07:01:00";"988";"com vítima";"118,8";"BR-116/PR";"Norte";"Colisão Lateral";1;0;0;1;0;0;0;0;0;0;1;2;0;0;0
"09/12/2016";"13:02:00";"1041";"sem vítima";"2";"BR-116/SC";"Sul";"Colisão Traseira";1;0;0;0;0;1;0;0;0;0;5;0;0;0;0
"09/12/2016";"13:28:00";"1043";"com vítima";"101,3";"BR-116/SC";"Sul";"Queda de Moto";0;0;0;1;0;0;0;0;0;0;0;1;0;0;0
"09/12/2016";"15:05:00";"1060";"sem vítima";"134";"BR-116/PR";"Sul";"Colisão Traseira";2;0;0;0;0;0;0;0;0;0;4;0;0;0;0
"09/12/2016";"17:42:00";"1082";"sem vítima";"199,6";"BR-116/SC";"Norte";"Tombamento";0;0;0;0;0;0;0;0;1;0;1;0;0;0;0
"09/12/2016";"22:29:00";"1093";"sem vítima";"204,9";"BR-116/PR";"Norte";"Saida de Pista";2;0;0;0;0;0;0;0;0;0;4;0;0;0;0
"10/12/2016";"00:12:00";"1101";"sem vítima";"81,2";"BR-116/SC";"Sul";"Outros";0;0;1;0;0;0;0;0;0;0;1;0;0;0;0
"10/12/2016";"00:17:00";"1104";"sem vítima";"210,3";"BR-116/SC";"Sul";"Saida de Pista";1;0;0;0;0;0;0;0;0;0;1;0;0;0;0
"10/12/2016";"07:10:00";"1116";"com vítima";"119";"BR-116/PR";"Norte";"Choque - Defensa, barreira ou "submarino"";0;0;0;1;0;0;0;0;0;0;0;1;0;0;0
"10/12/2016";"08:02:00";"1118";"sem vítima";"118,4";"BR-116/PR";"Norte";"Choque - Veiculo parado na pista";2;0;0;0;0;0;0;0;0;0;2;0;0;0;0
"10/12/2016";"15:35:00";"1142";"sem vítima";"48,5";"BR-116/SC";"Norte";"Colisão Lateral";2;0;0;0;0;0;0;0;0;0;4;0;0;0;0
"10/12/2016";"17:12:00";"1144";"com vítima";"16,65";"BR-116/SC";"Sul";"Capotamento";1;0;0;0;0;1;0;0;0;0;1;2;0;0;0
"10/12/2016";"20:07:00";"1157";"sem vítima";"118,1";"BR-116/PR";"Sul";"Colisão Lateral";1;0;1;0;0;0;0;0;0;0;6;0;0;0;0
"11/12/2016";"00:16:00";"1169";"sem vítima";"59,8";"BR-116/SC";"Sul";"Atropelamento de Animal";1;0;0;0;0;0;0;0;0;0;1;0;0;0;0
"11/12/2016";"01:51:00";"1174";"sem vítima";"126";"BR-116/PR";"Norte";"Colisão Transversal";2;0;0;0;0;0;0;0;0;0;5;0;0;0;0
"11/12/2016";"04:57:00";"1177";"sem vítima";"225,85";"BR-116/SC";"Sul";"Colisão Frontal";1;0;1;0;0;0;0;0;0;0;2;0;0;0;0
"11/12/2016";"05:31:00";"1179";"sem vítima";"141";"BR-116/PR";"Norte";"Choque - Objeto sobre a pista";1;0;0;0;0;0;0;0;0;0;1;0;0;0;0
"11/12/2016";"05:31:00";"1178";"sem vítima";"141";"BR-116/PR";"Norte";"Saida de Pista";0;0;1;0;0;0;0;0;0;0;1;0;0;0;0
"11/12/2016";"11:56:00";"1205";"com vítima";"120";"BR-116/PR";"Norte";"Queda de Moto";1;0;0;1;0;0;0;0;0;0;1;0;0;1;0
"11/12/2016";"14:50:00";"1213";"sem vítima";"139";"BR-116/PR";"Sul";"Saida de Pista";1;0;0;0;0;0;0;0;0;0;1;0;0;0;0
"11/12/2016";"15:24:00";"1215";"sem vítima";"47,5";"BR-116/SC";"Norte";"Colisão Traseira";2;0;0;0;0;0;0;0;0;0;6;0;0;0;0
"11/12/2016";"16:35:00";"1220";"sem vítima";"168,3";"BR-116/SC";"Sul";"Tombamento";0;0;1;0;0;0;0;0;0;0;1;0;0;0;0
"11/12/2016";"19:49:00";"1245";"sem vítima";"129,2";"BR-116/PR";"Norte";"Colisão Lateral";0;0;1;0;0;0;0;0;0;1;2;0;0;0;0
"11/12/2016";"20:09:00";"1247";"sem vítima";"147,5";"BR-116/PR";"Norte";"Capotamento";1;0;0;0;0;0;0;0;0;0;1;0;0;0;0
"11/12/2016";"21:42:00";"1256";"sem vítima";"226,95";"BR-116/SC";"Sul";"Saida de Pista";1;0;0;0;0;0;0;0;0;0;1;0;0;0;0
"11/12/2016";"22:14:00";"1259";"sem vítima";"134,2";"BR-116/PR";"Norte";"Colisão Lateral";1;0;0;0;0;0;0;0;0;1;2;0;0;0;0
"12/12/2016";"04:50:00";"1277";"com vítima";"1";"BR-116/SC";"Sul";"Queda de Moto";0;0;0;1;0;0;0;0;0;0;0;1;0;0;0
"12/12/2016";"06:57:00";"1279";"com vítima";"128,05";"BR-116/PR";"Norte";"Colisão Traseira";0;0;1;1;0;0;0;0;0;0;1;1;0;0;0
"12/12/2016";"14:49:00";"1361";"sem vítima";"125,8";"BR-116/PR";"Norte";"Colisão Traseira";3;0;0;0;0;1;0;0;0;0;4;0;0;0;0
"12/12/2016";"17:12:00";"1386";"sem vítima";"146,95";"BR-116/PR";"Norte";"Colisão Lateral";0;0;2;0;0;0;0;0;0;0;2;0;0;0;0
"12/12/2016";"18:42:00";"1392";"sem vítima";"126,3";"BR-116/PR";"Sul";"Colisão Transversal";3;0;0;0;0;0;0;0;0;0;4;0;0;0;0
"12/12/2016";"21:38:00";"1407";"sem vítima";"137";"BR-116/PR";"Sul";"Atropelamento de Animal";0;0;0;0;0;0;0;0;0;1;3;0;0;0;0
"12/12/2016";"22:18:00";"1410";"sem vítima";"145";"BR-116/PR";"Sul";"Saida de Pista";1;0;0;0;0;0;0;0;0;0;1;0;0;0;0
"12/12/2016";"22:48:00";"1411";"sem vítima";"130,5";"BR-116/PR";"Sul";"Capotamento";1;0;0;0;0;0;0;0;0;0;4;0;0;0;0
"13/12/2016";"01:09:00";"1427";"com vítima";"117";"BR-116/PR";"Sul";"Colisão Transversal";2;0;0;0;0;0;0;0;0;0;1;1;0;0;0
"13/12/2016";"06:09:00";"1436";"sem vítima";"142,1";"BR-116/SC";"Sul";"Colisão Traseira";2;0;1;0;0;0;0;0;0;0;3;0;0;0;0
"13/12/2016";"12:24:00";"1492";"com vítima";"126";"BR-116/PR";"Norte";"Colisão Traseira";1;0;1;0;0;0;0;0;0;0;1;1;0;0;0
"13/12/2016";"20:38:00";"1553";"com vítima";"214,1";"BR-116/SC";"Norte";"Saida de Pista";1;0;0;0;0;0;0;0;0;0;0;2;0;0;0
"14/12/2016";"07:16:00";"1578";"com vítima";"12";"BR-116/SC";"Sul";"Colisão Transversal";1;0;0;1;0;0;0;0;0;0;1;1;0;0;0
"14/12/2016";"08:04:00";"1581";"com vítima";"128";"BR-116/PR";"Norte";"Queda de Moto";0;0;0;1;0;0;0;0;0;0;0;1;0;0;0
"14/12/2016";"16:42:00";"1658";"sem vítima";"18,3";"BR-116/SC";"Sul";"Colisão Traseira";2;0;0;0;0;0;0;0;0;0;2;0;0;0;0
"14/12/2016";"18:54:00";"1666";"com vítima";"116,1";"BR-116/PR";"Sul";"Colisão Lateral";1;0;0;1;0;0;0;0;0;0;1;1;0;0;0
"15/12/2016";"08:45:00";"1721";"com vítima";"152";"BR-116/PR";"Sul";"Queda de Moto";0;0;0;1;0;0;0;0;0;0;0;1;0;0;0
"15/12/2016";"12:03:00";"1767";"sem vítima";"118,5";"BR-116/PR";"Norte";"Saida de Pista";0;0;0;0;0;0;0;0;0;1;1;0;0;0;0
"15/12/2016";"15:28:00";"1797";"com vítima";"210,8";"BR-116/PR";"Norte";"Colisão Transversal";1;0;1;0;0;0;0;0;0;0;1;1;0;0;0
"16/12/2016";"11:10:00";"1885";"sem vítima";"117";"BR-116/PR";"Norte";"Colisão Traseira";2;0;0;0;0;0;0;0;0;0;2;0;0;0;0
"16/12/2016";"21:02:00";"1944";"sem vítima";"150,6";"BR-116/PR";"Norte";"Saida de Pista";0;0;0;0;0;0;0;0;0;1;1;0;0;0;0
"16/12/2016";"21:28:00";"1948";"sem vítima";"129";"BR-116/PR";"Norte";"Choque - Defensa, barreira ou "submarino"";1;0;0;0;0;0;0;0;0;0;1;0;0;0;0
"17/12/2016";"02:31:00";"1969";"sem vítima";"255,86";"BR-116/SC";"Norte";"Saida de Pista";1;0;0;0;0;0;0;0;0;0;1;0;0;0;0
"17/12/2016";"06:49:00";"1977";"sem vítima";"289";"BR-116/SC";"Norte";"Colisão Traseira";1;0;0;0;0;1;0;0;0;0;2;0;0;0;0
"17/12/2016";"11:59:00";"1996";"sem vítima";"248";"BR-116/SC";"Sul";"Atropelamento de Animal";1;0;0;0;0;0;0;0;0;0;1;0;0;0;0
"17/12/2016";"12:21:00";"1998";"com vítima";"211,2";"BR-116/SC";"Norte";"Colisão Lateral";3;0;1;0;0;0;0;0;0;0;4;1;0;0;0
"18/12/2016";"05:07:00";"2056";"sem vítima";"8";"BR-116/SC";"Norte";"Colisão Lateral";2;0;0;0;0;0;0;0;0;0;2;0;0;0;0
"18/12/2016";"05:29:00";"2058";"com vítima";"21,7";"BR-116/SC";"Norte";"Saida de Pista";1;0;0;0;0;0;0;0;0;0;0;1;0;0;0
"18/12/2016";"09:34:00";"2067";"sem vítima";"260";"BR-116/SC";"Norte";"Saida de Pista";1;0;0;0;0;0;0;0;0;0;1;0;0;0;0
"18/12/2016";"11:41:00";"2076";"com vítima";"57,2";"BR-116/SC";"Norte";"Colisão Frontal";1;0;0;1;0;0;0;0;0;0;0;1;1;0;0
"18/12/2016";"12:46:00";"2079";"sem vítima";"227,2";"BR-116/SC";"Sul";"Atropelamento de Animal";1;0;0;0;0;0;0;0;0;0;1;0;0;0;0
"18/12/2016";"16:16:00";"2091";"sem vítima";"134";"BR-116/PR";"Sul";"Colisão Transversal";2;0;0;0;0;0;0;0;0;0;2;0;0;0;0
"18/12/2016";"21:18:00";"2126";"sem vítima";"29,7";"BR-116/SC";"Sul";"Atropelamento de Animal";1;0;0;0;0;0;0;0;0;0;3;0;0;0;0
"18/12/2016";"23:26:00";"2142";"sem vítima";"117,4";"BR-116/PR";"Sul";"Engavetamento";3;0;0;0;0;0;0;0;0;0;5;0;0;0;0
"19/12/2016";"14:00:00";"2216";"sem vítima";"173,8";"BR-116/SC";"Sul";"Colisão Lateral";1;0;1;0;0;0;0;0;0;0;3;0;0;0;0
"19/12/2016";"14:46:00";"2223";"com vítima";"161,8";"BR-116/SC";"Sul";"Saida de Pista";1;0;0;0;0;0;0;0;0;0;0;2;0;0;0
"20/12/2016";"01:00:00";"2266";"com vítima";"125,8";"BR-116/PR";"Norte";"Colisão Transversal";1;0;1;0;0;0;0;0;0;0;1;1;0;1;0
"20/12/2016";"03:54:00";"2273";"com vítima";"19,3";"BR-116/SC";"Norte";"Tombamento";0;0;1;0;0;0;0;0;0;0;0;1;0;0;0
"20/12/2016";"08:49:00";"2283";"sem vítima";"2,5";"BR-116/SC";"Norte";"Colisão Traseira";1;0;0;0;0;0;0;0;0;1;2;0;0;0;0
"20/12/2016";"10:34:00";"2294";"sem vítima";"207,4";"BR-116/SC";"Sul";"Tombamento";0;0;1;0;0;0;0;0;0;0;1;0;0;0;0
"20/12/2016";"15:00:00";"2315";"sem vítima";"131,8";"BR-116/PR";"Sul";"Saida de Pista";0;0;1;0;0;0;0;0;0;0;1;0;0;0;0
"20/12/2016";"16:45:00";"2329";"sem vítima";"59,8";"BR-116/SC";"Norte";"Colisão Traseira";1;0;1;0;0;0;0;0;0;0;4;0;0;0;0
"20/12/2016";"16:59:00";"2330";"com vítima";"140,6";"BR-116/SC";"Sul";"Tombamento";0;0;1;0;0;0;0;0;0;0;0;1;0;0;0
"20/12/2016";"19:19:00";"2339";"sem vítima";"115,5";"BR-116/PR";"Norte";"Colisão Traseira";0;0;2;0;0;0;0;0;0;0;2;0;0;0;0
"20/12/2016";"22:53:00";"2355";"sem vítima";"154";"BR-116/PR";"Norte";"Atropelamento de Animal";1;0;0;0;0;0;0;0;0;0;1;0;0;0;0
"21/12/2016";"07:02:00";"2375";"sem vítima";"122,5";"BR-116/PR";"Norte";"Colisão Lateral";1;0;1;0;0;0;0;0;0;0;2;0;0;0;0
"21/12/2016";"09:53:00";"2396";"sem vítima";"121";"BR-116/PR";"Norte";"Colisão Lateral";1;0;1;0;0;0;0;0;0;0;2;0;0;0;0
"22/12/2016";"14:33:00";"2532";"sem vítima";"204";"BR-116/PR";"Norte";"Colisão Traseira";1;0;0;0;0;0;0;0;0;1;2;0;0;0;0
"22/12/2016";"15:17:00";"2540";"sem vítima";"189";"BR-116/PR";"Norte";"Saida de Pista";0;0;1;0;0;0;0;0;0;0;2;0;0;0;0
"22/12/2016";"17:38:00";"2554";"com vítima";"281,12";"BR-116/SC";"Norte";"Capotamento";1;0;0;0;0;0;0;0;0;0;0;1;0;0;0
"23/12/2016";"03:31:00";"2590";"sem vítima";"125,5";"BR-116/PR";"Sul";"Saida de Pista";1;0;0;0;0;0;0;0;0;0;1;0;0;0;0
"23/12/2016";"11:53:00";"2641";"sem vítima";"115";"BR-116/PR";"Norte";"Colisão Traseira";1;0;1;0;0;0;0;0;0;0;5;0;0;0;0
"23/12/2016";"14:32:00";"2662";"sem vítima";"152,2";"BR-116/SC";"Norte";"Choque - Veiculo parado na pista";1;0;1;0;0;0;0;0;0;0;6;0;0;0;0
"23/12/2016";"16:22:00";"2675";"sem vítima";"116,4";"BR-116/PR";"Sul";"Colisão Lateral";1;0;0;1;0;0;0;0;0;0;2;0;0;0;0
"23/12/2016";"16:25:00";"2676";"sem vítima";"141,1";"BR-116/PR";"Sul";"Choque - Elemento de Drenagem";0;0;0;0;0;0;0;0;0;1;2;0;0;0;0
"23/12/2016";"16:28:00";"2677";"com vítima";"164,3";"BR-116/PR";"Norte";"Choque - Defensa, barreira ou "submarino"";0;0;0;0;0;0;0;0;0;1;1;1;0;0;0
"23/12/2016";"19:29:00";"2703";"com vítima";"149,5";"BR-116/PR";"Sul";"Colisão Transversal";0;0;0;1;0;1;0;0;0;0;1;0;0;1;0
"24/12/2016";"01:35:00";"2720";"sem vítima";"223,8";"BR-116/SC";"Norte";"Saida de Pista";1;0;0;0;0;0;0;0;0;0;1;0;0;0;0
"24/12/2016";"10:50:00";"2749";"com vítima";"116,9";"BR-116/PR";"Sul";"Colisão Traseira";2;0;0;1;0;0;0;0;0;0;2;1;0;0;0
"24/12/2016";"13:04:00";"2758";"sem vítima";"128";"BR-116/PR";"Sul";"Saida de Pista";1;0;0;0;0;0;0;0;0;0;1;0;0;0;0
"24/12/2016";"15:48:00";"2773";"com vítima";"168,8";"BR-116/PR";"Norte";"Saida de Pista";1;0;0;0;0;0;0;0;0;0;1;0;0;1;0
"24/12/2016";"18:53:00";"2794";"sem vítima";"215,1";"BR-116/SC";"Norte";"Colisão Traseira";1;0;0;0;0;0;0;0;0;0;1;0;0;0;0
"24/12/2016";"20:29:00";"2803";"com vítima";"259,95";"BR-116/SC";"Norte";"Choque - Talude";1;0;0;0;0;0;0;0;0;0;0;0;0;0;1
"24/12/2016";"23:35:00";"2815";"sem vítima";"111";"BR-116/SC";"Sul";"Atropelamento de Animal";1;0;0;0;0;0;0;0;0;0;1;0;0;0;0
"25/12/2016";"04:18:00";"2825";"sem vítima";"126";"BR-116/PR";"Sul";"Colisão Traseira";1;0;0;0;0;1;0;0;0;0;2;0;0;0;0
"25/12/2016";"06:14:00";"2833";"sem vítima";"11,2";"BR-116/SC";"Sul";"Saida de Pista";1;0;0;0;0;0;0;0;0;0;3;0;0;0;0