data;horario;n_da_ocorrencia;tipo_de_ocorrencia;km;trecho;sentido;tipo_de_acidente;automovel;bicicleta;caminhao;moto;onibus;outros;tracao_animal;transporte_de_cargas_especiais;trator_maquinas;utilitarios;ilesos;levemente_feridos;moderadamente_feridos;gravemente_feridos;mortos
"29/04/2017";"07:35:00";"3167";"sem vítima";"7";"BR-116/SC";"Sul";"Colisão Frontal";1;0;1;0;0;0;0;0;0;0;2;0;0;0;0
"29/04/2017";"08:38:00";"3148";"sem vítima";"152";"BR-116/SC";"Norte";"Colisão Traseira";2;0;0;0;0;0;0;0;0;0;2;0;0;0;0
"29/04/2017";"12:54:00";"3165";"sem vítima";"125";"BR-116/PR";"Sul";"Choque - Defensa, barreira ou "submarino"";1;0;0;0;0;0;0;0;0;0;1;0;0;0;0
"29/04/2017";"20:14:00";"3193";"com vítima";"238,9";"BR-116/SC";"Norte";"Tombamento";0;0;1;0;0;0;0;0;0;0;0;2;0;0;0
"29/04/2017";"21:25:00";"3196";"sem vítima";"192,3";"BR-116/SC";"Norte";"Colisão Lateral";0;0;1;0;0;0;0;0;0;1;2;0;0;0;0
"29/04/2017";"21:49:00";"3200";"sem vítima";"144";"BR-116/SC";"Sul";"Saida de Pista";1;0;0;0;0;0;0;0;0;0;1;0;0;0;0
"30/04/2017";"18:05:00";"3258";"sem vítima";"14,7";"BR-116/SC";"Norte";"Colisão Lateral";2;0;0;0;0;0;0;0;0;0;6;0;0;0;0
"30/04/2017";"18:53:00";"3260";"sem vítima";"115,5";"BR-116/PR";"Norte";"Engavetamento";3;0;0;0;0;0;0;0;0;0;3;0;0;0;0
"01/05/2017";"07:06:00";"7";"sem vítima";"116";"BR-116/PR";"Norte";"Saida de Pista";1;0;0;0;0;0;0;0;0;0;1;0;0;0;0
"01/05/2017";"10:18:00";"16";"sem vítima";"245";"BR-116/SC";"Sul";"Colisão Transversal";0;0;0;0;0;0;0;0;0;2;2;0;0;0;0
"01/05/2017";"11:20:00";"22";"sem vítima";"308,7";"BR-116/SC";"Norte";"Tombamento";0;0;1;0;0;0;0;0;0;0;1;0;0;0;0
"01/05/2017";"13:45:00";"27";"sem vítima";"115";"BR-116/SC";"Norte";"Colisão Traseira";2;0;0;0;0;0;0;0;0;0;8;0;0;0;0
"01/05/2017";"18:13:00";"53";"sem vítima";"126,9";"BR-116/PR";"Norte";"Colisão Traseira";2;0;0;0;0;0;0;0;0;0;2;0;0;0;0
"02/05/2017";"08:32:00";"84";"com vítima";"167";"BR-116/PR";"Norte";"Colisão Transversal";0;0;0;2;0;0;0;0;0;0;0;2;0;0;0
"02/05/2017";"15:16:00";"146";"sem vítima";"178,75";"BR-116/PR";"Norte";"Tombamento";0;0;1;0;0;0;0;0;0;0;1;0;0;0;0
"02/05/2017";"18:49:00";"166";"sem vítima";"4,5";"BR-116/SC";"Sul";"Colisão Transversal";2;0;0;0;0;0;0;0;0;0;3;0;0;0;0
"02/05/2017";"19:02:00";"168";"sem vítima";"208,8";"BR-116/SC";"Sul";"Colisão Transversal";1;0;0;1;0;0;0;0;0;0;2;0;0;0;0
"03/05/2017";"13:10:00";"239";"com vítima";"225,5";"BR-116/SC";"Sul";"Saida de Pista";1;0;0;0;0;0;0;0;0;0;1;0;0;1;0
"04/05/2017";"00:11:00";"289";"sem vítima";"227,1";"BR-116/SC";"Sul";"Saida de Pista";0;0;1;0;0;0;0;0;0;0;1;0;0;0;0
"04/05/2017";"14:05:00";"354";"sem vítima";"131,9";"BR-116/PR";"Sul";"Saida de Pista";1;0;1;0;0;0;0;0;0;0;2;0;0;0;0
"04/05/2017";"15:17:00";"363";"com vítima";"26,2";"BR-116/SC";"Sul";"Colisão Transversal";1;0;1;0;0;0;0;0;0;0;1;0;0;0;2
"04/05/2017";"16:35:00";"372";"sem vítima";"26,5";"BR-116/SC";"Norte";"Saida de Pista";0;0;1;0;0;0;0;0;0;0;1;0;0;0;0
"04/05/2017";"18:09:00";"382";"sem vítima";"115,8";"BR-116/PR";"Norte";"Engavetamento";3;0;0;0;0;0;0;0;0;0;3;0;0;0;0
"04/05/2017";"18:11:00";"383";"sem vítima";"185,8";"BR-116/SC";"Norte";"Saida de Pista";1;0;0;0;0;0;0;0;0;0;1;0;0;0;0
"04/05/2017";"18:30:00";"384";"sem vítima";"119";"BR-116/PR";"Norte";"Colisão Traseira";2;0;0;0;0;0;0;0;0;0;3;0;0;0;0
"04/05/2017";"22:11:00";"396";"sem vítima";"54";"BR-116/SC";"Sul";"Saida de Pista";1;0;0;0;0;0;0;0;0;0;3;0;0;0;0
"04/05/2017";"23:40:00";"398";"sem vítima";"211,2";"BR-116/SC";"Sul";"Saida de Pista";1;0;0;0;0;0;0;0;0;0;1;0;0;0;0
"05/05/2017";"06:40:00";"408";"com vítima";"126";"BR-116/PR";"Norte";"Colisão Lateral";1;0;0;1;0;0;0;0;0;0;1;1;0;0;0
"05/05/2017";"07:28:00";"417";"sem vítima";"4,5";"BR-116/SC";"Norte";"Colisão Transversal";2;0;0;0;0;0;0;0;0;0;2;0;0;0;0
"05/05/2017";"10:59:00";"452";"sem vítima";"109";"BR-116/SC";"Norte";"Colisão Traseira";1;0;0;0;0;0;0;0;0;1;3;0;0;0;0
"05/05/2017";"18:29:00";"510";"com vítima";"181,45";"BR-116/PR";"Sul";"Colisão Frontal";3;0;0;0;0;0;0;0;0;0;4;0;0;1;0
"06/05/2017";"13:40:00";"560";"com vítima";"176,6";"BR-116/SC";"Sul";"Colisão Lateral";2;0;1;0;0;0;0;0;0;0;2;1;0;0;0
"06/05/2017";"19:53:00";"584";"sem vítima";"143,05";"BR-116/PR";"Norte";"Saida de Pista";1;0;0;0;0;0;0;0;0;0;1;0;0;0;0
"06/05/2017";"23:04:00";"594";"sem vítima";"115";"BR-116/PR";"Norte";"Colisão Traseira";0;0;0;1;0;1;0;0;0;0;2;0;0;0;0
"07/05/2017";"00:30:00";"598";"sem vítima";"58,8";"BR-116/SC";"Sul";"Colisão Lateral";2;0;0;0;0;0;0;0;0;0;6;0;0;0;0
"07/05/2017";"00:50:00";"599";"sem vítima";"117,9";"BR-116/PR";"Sul";"Choque - Defensa, barreira ou "submarino"";1;0;0;0;0;0;0;0;0;0;1;0;0;0;0
"07/05/2017";"13:08:00";"629";"sem vítima";"2";"BR-116/SC";"Norte";"Colisão Traseira";2;0;0;0;0;0;0;0;0;0;2;0;0;0;0
"07/05/2017";"19:39:00";"653";"sem vítima";"121";"BR-116/PR";"Norte";"Colisão Traseira";0;0;0;0;1;0;0;0;0;1;2;0;0;0;0
"08/05/2017";"06:49:00";"673";"sem vítima";"126,5";"BR-116/PR";"Norte";"Colisão Lateral";0;0;0;1;0;0;0;0;0;1;2;0;0;0;0
"08/05/2017";"07:03:00";"675";"sem vítima";"116,1";"BR-116/PR";"Norte";"Colisão Lateral";1;0;0;1;0;0;0;0;0;0;2;0;0;0;0
"08/05/2017";"07:42:00";"680";"com vítima";"12";"BR-116/SC";"Norte";"Colisão Transversal";1;0;0;1;0;0;0;0;0;0;1;1;0;0;0
"08/05/2017";"22:05:00";"774";"com vítima";"126";"BR-116/PR";"Norte";"Colisão Transversal";2;0;0;0;0;0;0;0;0;0;2;1;0;0;0
"09/05/2017";"10:53:00";"836";"com vítima";"303,3";"BR-116/SC";"Sul";"Colisão Frontal";1;0;1;0;0;0;0;0;0;0;1;0;0;1;0
"09/05/2017";"13:35:00";"853";"sem vítima";"4,5";"BR-116/SC";"Norte";"Colisão Transversal";2;0;0;0;0;0;0;0;0;0;4;0;0;0;0
"09/05/2017";"15:54:00";"876";"com vítima";"180,58";"BR-116/SC";"Sul";"Colisão Transversal";1;0;0;1;0;0;0;0;0;0;1;0;0;1;0
"10/05/2017";"07:47:00";"930";"sem vítima";"211";"BR-116/PR";"Sul";"Colisão Transversal";2;0;0;0;0;0;0;0;0;0;2;0;0;0;0
"10/05/2017";"11:54:00";"962";"sem vítima";"233";"BR-116/SC";"Norte";"Colisão Lateral";0;0;0;0;0;0;0;0;0;2;2;0;0;0;0
"10/05/2017";"19:11:00";"1010";"sem vítima";"188,9";"BR-116/SC";"Sul";"Atropelamento de Animal";1;0;0;0;0;0;0;0;0;0;3;0;0;0;0
"11/05/2017";"13:55:00";"1076";"sem vítima";"69";"BR-116/SC";"Sul";"Colisão Transversal";1;0;0;1;0;0;0;0;0;0;2;0;0;0;0
"11/05/2017";"20:11:00";"1122";"sem vítima";"35";"BR-116/SC";"Sul";"Atropelamento de Animal";0;0;0;1;0;0;0;0;0;0;1;0;0;0;0
"12/05/2017";"15:38:00";"1208";"com vítima";"116";"BR-116/PR";"Norte";"Queda de Moto";0;0;0;1;0;1;0;0;0;0;1;1;0;0;0
"12/05/2017";"16:19:00";"1217";"sem vítima";"140";"BR-116/SC";"Norte";"Objeto lançado contra veículo";0;0;2;0;0;0;0;0;0;0;2;0;0;0;0
"12/05/2017";"16:54:00";"1219";"sem vítima";"105,6";"BR-116/SC";"Norte";"Saida de Pista";0;0;1;0;0;0;0;0;0;0;1;0;0;0;0
"12/05/2017";"18:04:00";"1223";"com vítima";"102";"BR-116/SC";"Norte";"Atropelamento - Usuário";1;0;0;0;0;0;0;0;0;0;1;2;0;0;0
"12/05/2017";"19:21:00";"1230";"sem vítima";"52,4";"BR-116/SC";"Norte";"Saida de Pista";1;0;0;0;0;0;0;0;0;0;4;0;0;0;0
"12/05/2017";"19:45:00";"1232";"com vítima";"115,6";"BR-116/PR";"Sul";"Colisão Traseira";1;0;0;1;0;0;0;0;0;0;1;1;0;0;0
"13/05/2017";"06:09:00";"1255";"com vítima";"124,6";"BR-116/SC";"Norte";"Colisão Frontal";2;0;0;0;0;0;0;0;0;0;3;1;0;0;0
"13/05/2017";"11:58:00";"1272";"sem vítima";"118,5";"BR-116/PR";"Sul";"Colisão Lateral";1;0;1;0;0;0;0;0;0;0;2;0;0;0;0
"13/05/2017";"12:38:00";"1277";"sem vítima";"152,5";"BR-116/PR";"Norte";"Colisão Transversal";2;0;0;0;0;0;0;0;0;0;6;0;0;0;0
"13/05/2017";"20:17:00";"1320";"sem vítima";"124,5";"BR-116/PR";"Sul";"Choque - Defensa, barreira ou "submarino"";1;0;0;0;0;0;0;0;0;0;1;0;0;0;0
"13/05/2017";"21:31:00";"1329";"com vítima";"117,2";"BR-116/PR";"Sul";"Colisão Lateral";1;0;0;1;0;0;0;0;0;0;1;2;0;0;0
"13/05/2017";"23:03:00";"1333";"sem vítima";"123,3";"BR-116/PR";"Norte";"Choque - Defensa, barreira ou "submarino"";2;0;0;0;0;0;0;0;0;0;7;0;0;0;0
"13/05/2017";"23:37:00";"1334";"sem vítima";"137";"BR-116/SC";"Sul";"Saida de Pista";1;0;0;0;0;0;0;0;0;0;1;0;0;0;0
"14/05/2017";"00:13:00";"1337";"com vítima";"125,8";"BR-116/PR";"Sul";"Colisão Transversal";2;0;0;0;0;0;0;0;0;0;4;1;0;0;0
"14/05/2017";"05:01:00";"1353";"com vítima";"206";"BR-116/SC";"Sul";"Capotamento";1;0;0;0;0;0;0;0;0;0;4;1;0;0;0
"14/05/2017";"05:22:00";"1356";"sem vítima";"124";"BR-116/PR";"Sul";"Saida de Pista";1;0;0;0;0;0;0;0;0;0;2;0;0;0;0
"14/05/2017";"10:01:00";"1369";"sem vítima";"130";"BR-116/PR";"Norte";"Capotamento";1;0;0;0;0;0;0;0;0;0;1;0;0;0;0
"14/05/2017";"10:41:00";"1375";"com vítima";"247,76";"BR-116/SC";"Sul";"Colisão Transversal";2;0;0;0;0;0;0;0;0;0;1;1;0;0;0
"14/05/2017";"10:43:00";"1376";"sem vítima";"145,7";"BR-116/PR";"Sul";"Colisão Transversal";1;0;0;0;0;0;0;0;0;1;2;0;0;0;0
"14/05/2017";"11:37:00";"1380";"com vítima";"126";"BR-116/PR";"Norte";"Colisão Traseira";2;0;0;1;0;0;0;0;0;0;2;0;0;1;0
"14/05/2017";"15:34:00";"1397";"com vítima";"239";"BR-116/SC";"Norte";"Colisão Lateral";0;0;0;1;0;1;0;0;0;0;2;1;0;0;0
"14/05/2017";"17:37:00";"1406";"sem vítima";"145,5";"BR-116/PR";"Sul";"Engavetamento";1;0;0;0;0;0;0;0;0;3;4;0;0;0;0
"14/05/2017";"18:54:00";"1412";"sem vítima";"152,8";"BR-116/PR";"Norte";"Engavetamento";3;0;0;0;0;0;0;0;0;0;4;0;0;0;0
"16/05/2017";"16:51:00";"1626";"com vítima";"127,75";"BR-116/PR";"Norte";"Choque - Objeto sobre a pista";0;0;0;1;0;0;0;0;0;0;0;1;0;0;0
"17/05/2017";"07:23:00";"1662";"com vítima";"115";"BR-116/PR";"Sul";"Colisão Lateral";1;0;0;1;0;0;0;0;0;0;1;1;0;0;0
"17/05/2017";"07:47:00";"1663";"sem vítima";"2";"BR-116/SC";"Norte";"Colisão Traseira";2;0;0;0;0;0;0;0;0;0;2;0;0;0;0
"17/05/2017";"18:00:00";"1736";"sem vítima";"42,7";"BR-116/SC";"Sul";"Atropelamento de Animal";1;0;0;0;0;0;0;0;0;0;2;0;0;0;0
"17/05/2017";"23:41:00";"1760";"sem vítima";"202,9";"BR-116/SC";"Norte";"Colisão Lateral";0;0;1;0;1;0;0;0;0;0;2;0;0;0;0
"18/05/2017";"06:45:00";"1765";"com vítima";"115";"BR-116/PR";"Norte";"Colisão Traseira";1;0;0;1;0;0;0;0;0;0;1;1;0;0;0
"18/05/2017";"11:10:00";"1788";"sem vítima";"4,5";"BR-116/SC";"Norte";"Colisão Transversal";2;0;0;0;0;0;0;0;0;0;2;0;0;0;0
"18/05/2017";"13:03:00";"1796";"sem vítima";"130,2";"BR-116/PR";"Norte";"Saida de Pista";1;0;0;0;0;0;0;0;0;0;1;0;0;0;0
"18/05/2017";"18:20:00";"1833";"sem vítima";"1,2";"BR-116/SC";"Sul";"Colisão Transversal";1;0;1;0;0;0;0;0;0;0;2;0;0;0;0
"18/05/2017";"20:42:00";"1845";"sem vítima";"75,5";"BR-116/SC";"Norte";"Choque - Arvore";0;0;1;0;0;0;0;0;0;0;1;0;0;0;0
"19/05/2017";"04:07:00";"1859";"sem vítima";"119";"BR-116/PR";"Norte";"Capotamento";1;0;0;0;0;0;0;0;0;0;1;0;0;0;0
"19/05/2017";"07:27:00";"1869";"com vítima";"247,6";"BR-116/SC";"Sul";"Choque - Veiculo parado no acostamento";1;0;0;1;0;0;0;0;0;0;1;1;0;0;0
"19/05/2017";"08:07:00";"1873";"sem vítima";"205";"BR-116/PR";"Sul";"Saida de Pista";1;0;0;0;0;0;0;0;0;0;1;0;0;0;0
"19/05/2017";"09:31:00";"1881";"com vítima";"15";"BR-116/SC";"Sul";"Saida de Pista";1;0;0;0;0;0;0;0;0;0;0;1;0;0;0
"19/05/2017";"13:04:00";"1907";"com vítima";"179";"BR-116/SC";"Sul";"Colisão Transversal";1;0;0;1;0;0;0;0;0;0;1;1;0;0;0
"19/05/2017";"13:10:00";"1908";"sem vítima";"42";"BR-116/SC";"Norte";"Colisão Lateral";0;0;1;0;0;0;0;0;0;1;2;0;0;0;0
"19/05/2017";"13:52:00";"1912";"sem vítima";"4,5";"BR-116/SC";"Sul";"Colisão Lateral";1;0;1;0;0;0;0;0;0;0;2;0;0;0;0
"19/05/2017";"17:05:00";"1933";"sem vítima";"2";"BR-116/SC";"Sul";"Colisão Traseira";2;0;0;0;0;0;0;0;0;0;2;0;0;0;0
"19/05/2017";"18:42:00";"1941";"com vítima";"209,5";"BR-116/PR";"Norte";"Colisão Lateral";0;0;0;1;0;1;0;0;0;0;1;1;0;0;0
"20/05/2017";"04:27:00";"1972";"sem vítima";"126";"BR-116/PR";"Norte";"Colisão Lateral";2;0;0;0;0;1;0;0;0;0;3;0;0;0;0
"20/05/2017";"10:54:00";"1991";"com vítima";"117";"BR-116/PR";"Sul";"Colisão Traseira";1;0;0;0;0;1;0;0;0;0;2;1;0;0;0
"21/05/2017";"03:21:00";"2047";"com vítima";"125,8";"BR-116/PR";"Sul";"Colisão Transversal";2;0;0;0;0;0;0;0;0;0;0;0;0;3;2
"21/05/2017";"06:19:00";"2053";"sem vítima";"260,45";"BR-116/SC";"Norte";"Saida de Pista";1;0;0;0;0;0;0;0;0;0;3;0;0;0;0
"21/05/2017";"10:45:00";"2068";"sem vítima";"147";"BR-116/PR";"Sul";"Saida de Pista";1;0;0;0;0;0;0;0;0;0;1;0;0;0;0
"21/05/2017";"15:00:00";"2081";"sem vítima";"205,9";"BR-116/SC";"Norte";"Choque - Outros";0;0;1;0;0;0;0;0;0;0;1;0;0;0;0
"21/05/2017";"23:09:00";"2120";"sem vítima";"208";"BR-116/PR";"Norte";"Saida de Pista";1;0;0;0;0;0;0;0;0;0;1;0;0;0;0
"22/05/2017";"08:05:00";"2143";"sem vítima";"47,2";"BR-116/SC";"Sul";"Colisão Lateral";3;0;0;0;0;0;0;0;0;0;3;0;0;0;0
"22/05/2017";"10:06:00";"2158";"sem vítima";"119,2";"BR-116/PR";"Sul";"Colisão Lateral";1;0;1;0;0;0;0;0;0;0;2;0;0;0;0
"22/05/2017";"11:42:00";"2180";"sem vítima";"257";"BR-116/SC";"Norte";"Engavetamento";2;0;2;0;0;0;0;0;0;0;4;0;0;0;0
"22/05/2017";"17:38:00";"2214";"com vítima";"2,5";"BR-116/SC";"Norte";"Choque - Veiculo parado na pista";1;0;1;0;0;0;0;0;0;0;2;2;0;0;0
"23/05/2017";"12:03:00";"2266";"com vítima";"131";"BR-116/PR";"Norte";"Colisão Transversal";1;0;1;0;0;0;0;0;0;0;1;1;0;0;0
"23/05/2017";"13:16:00";"2274";"sem vítima";"49,95";"BR-116/SC";"Norte";"Saida de Pista";1;0;0;0;0;0;0;0;0;0;1;0;0;0;0
"23/05/2017";"22:53:00";"2307";"sem vítima";"148";"BR-116/PR";"Sul";"Saida de Pista";0;0;0;0;1;0;0;0;0;0;1;0;0;0;0
"23/05/2017";"23:20:00";"2309";"com vítima";"115,3";"BR-116/PR";"Sul";"Capotamento";1;0;0;0;0;0;0;0;0;0;0;1;0;0;0
"24/05/2017";"00:13:00";"2312";"sem vítima";"229,6";"BR-116/SC";"Sul";"Saida de Pista";1;0;0;0;0;0;0;0;0;0;1;0;0;0;0
"24/05/2017";"01:22:00";"2316";"sem vítima";"247,4";"BR-116/SC";"Norte";"Colisão Transversal";0;0;2;0;0;0;0;0;0;0;2;0;0;0;0
"24/05/2017";"02:46:00";"2318";"com vítima";"115";"BR-116/PR";"Sul";"Capotamento";1;0;0;0;0;0;0;0;0;0;0;1;0;0;0
"24/05/2017";"04:58:00";"2321";"sem vítima";"4,5";"BR-116/SC";"Sul";"Colisão Transversal";2;0;0;0;0;0;0;0;0;1;3;0;0;0;0
"24/05/2017";"06:11:00";"2325";"sem vítima";"203";"BR-116/SC";"Sul";"Saida de Pista";0;0;1;0;0;0;0;0;0;0;1;0;0;0;0
"24/05/2017";"07:29:00";"2330";"com vítima";"141,8";"BR-116/SC";"Norte";"Colisão Frontal";0;0;1;1;0;0;0;0;0;0;1;0;0;0;1
"24/05/2017";"08:31:00";"2335";"sem vítima";"235";"BR-116/SC";"Norte";"Colisão Lateral";1;0;0;0;0;1;0;0;0;0;2;0;0;0;0
"25/05/2017";"15:10:00";"2512";"sem vítima";"1,7";"BR-116/SC";"Sul";"Colisão Traseira";1;0;1;0;0;0;0;0;0;0;4;0;0;0;0
"26/05/2017";"06:26:00";"2568";"sem vítima";"133,7";"BR-116/PR";"Norte";"Choque - Veiculo parado no acostamento";0;0;2;0;0;0;0;0;0;0;2;0;0;0;0
"26/05/2017";"10:30:00";"2625";"sem vítima";"122,5";"BR-116/PR";"Norte";"Colisão Lateral";2;0;0;0;0;0;0;0;0;0;2;0;0;0;0
"26/05/2017";"15:50:00";"2680";"sem vítima";"235,6";"BR-116/SC";"Norte";"Saida de Pista";1;0;0;0;0;0;0;0;0;0;1;0;0;0;0
"26/05/2017";"16:55:00";"2686";"sem vítima";"119";"BR-116/PR";"Sul";"Colisão Traseira";0;0;1;0;0;0;0;0;0;1;2;0;0;0;0
"26/05/2017";"18:49:00";"2703";"com vítima";"47,8";"BR-116/SC";"Norte";"Choque - Veiculo parado na pista";2;0;1;0;0;0;0;0;0;0;4;1;0;0;0
"27/05/2017";"08:23:00";"2738";"sem vítima";"117,5";"BR-116/PR";"Norte";"Colisão Traseira";1;0;1;0;0;0;0;0;0;0;2;0;0;0;0
"27/05/2017";"11:40:00";"2755";"sem vítima";"153,2";"BR-116/PR";"Norte";"Colisão Traseira";2;0;0;0;0;0;0;0;0;0;2;0;0;0;0
"27/05/2017";"12:57:00";"2761";"sem vítima";"117,5";"BR-116/SC";"Norte";"Tombamento";0;0;1;0;0;0;0;0;0;0;1;0;0;0;0
"27/05/2017";"19:40:00";"2788";"sem vítima";"242,5";"BR-116/SC";"Sul";"Saida de Pista";1;0;0;0;0;0;0;0;0;0;4;0;0;0;0
"27/05/2017";"23:05:00";"2804";"com vítima";"165,6";"BR-116/PR";"Sul";"Colisão Lateral";1;0;0;0;0;0;0;0;0;2;4;1;0;0;0
"28/05/2017";"00:50:00";"2809";"sem vítima";"149";"BR-116/PR";"Sul";"Choque - Arvore";1;0;0;0;0;0;0;0;0;0;1;0;0;0;0
"28/05/2017";"05:55:00";"2816";"sem vítima";"125,8";"BR-116/PR";"Norte";"Engavetamento";3;0;0;0;0;0;0;0;0;0;3;0;0;0;0
"28/05/2017";"09:21:00";"2829";"sem vítima";"226";"BR-116/SC";"Norte";"Colisão Traseira";1;0;0;0;0;0;0;0;0;1;2;0;0;0;0
"28/05/2017";"16:29:00";"2864";"sem vítima";"261";"BR-116/SC";"Sul";"Saida de Pista";1;0;0;0;0;0;0;0;0;0;1;0;0;0;0
"28/05/2017";"17:45:00";"2877";"sem vítima";"167";"BR-116/PR";"Norte";"Colisão Transversal";1;0;0;0;0;0;0;0;0;1;3;0;0;0;0
"28/05/2017";"18:33:00";"2882";"sem vítima";"12,3";"BR-116/SC";"Sul";"Colisão Transversal";2;0;0;0;0;0;0;0;0;0;6;0;0;0;0
"28/05/2017";"19:54:00";"2887";"sem vítima";"120,46";"BR-116/PR";"Norte";"Colisão Traseira";1;0;1;0;0;0;0;0;0;0;3;0;0;0;0
"28/05/2017";"20:31:00";"2893";"com vítima";"152,6";"BR-116/PR";"Sul";"Colisão Transversal";2;0;0;0;0;0;0;0;0;0;0;5;0;0;0
"28/05/2017";"22:49:00";"2903";"sem vítima";"5,5";"BR-116/SC";"Sul";"Saida de Pista";0;0;1;0;0;0;0;0;0;0;1;0;0;0;0
"29/05/2017";"21:20:00";"3024";"sem vítima";"162,05";"BR-116/SC";"Norte";"Saida de Pista";1;0;0;0;0;0;0;0;0;0;1;0;0;0;0
"29/05/2017";"22:41:00";"3026";"com vítima";"179,3";"BR-116/SC";"Norte";"Queda de Moto";0;0;0;1;0;0;0;0;0;0;0;1;0;0;0
"29/05/2017";"23:34:00";"3029";"sem vítima";"39,5";"BR-116/SC";"Sul";"Saida de Pista";0;0;1;0;0;0;0;0;0;0;1;0;0;0;0
"30/05/2017";"09:05:00";"3047";"sem vítima";"124";"BR-116/PR";"Norte";"Colisão Traseira";2;1;0;0;0;0;0;0;0;0;3;0;0;0;0
"30/05/2017";"09:36:00";"3052";"sem vítima";"69";"BR-116/SC";"Sul";"Colisão Lateral";0;0;1;0;0;1;0;0;0;0;2;0;0;0;0
"30/05/2017";"17:50:00";"3105";"com vítima";"119,5";"BR-116/PR";"Sul";"Colisão Traseira";1;0;0;1;0;0;0;0;0;0;1;1;0;0;0
"30/05/2017";"19:19:00";"3109";"sem vítima";"2";"BR-116/SC";"Sul";"Colisão Traseira";1;0;0;0;0;0;0;0;0;1;5;0;0;0;0
"31/05/2017";"07:38:00";"3148";"com vítima";"56,1";"BR-116/SC";"Norte";"Colisão Frontal";1;0;0;1;0;0;0;0;0;0;1;0;0;1;0
"31/05/2017";"08:03:00";"3149";"sem vítima";"184";"BR-116/SC";"Sul";"Saida de Pista";1;0;0;0;0;0;0;0;0;0;1;0;0;0;0
"31/05/2017";"11:49:00";"3183";"sem vítima";"7";"BR-116/SC";"Sul";"Colisão Frontal";1;0;1;0;0;0;0;0;0;0;2;0;0;0;0
"31/05/2017";"12:21:00";"3187";"sem vítima";"217";"BR-116/SC";"Norte";"Colisão Transversal";0;0;1;0;0;0;0;0;0;1;2;0;0;0;0
"31/05/2017";"12:38:00";"3188";"sem vítima";"244";"BR-116/SC";"Sul";"Saida de Pista";1;0;0;0;0;0;0;0;0;0;1;0;0;0;0
"31/05/2017";"14:32:00";"3192";"sem vítima";"245";"BR-116/SC";"Sul";"Colisão Transversal";1;0;1;0;0;0;0;0;0;0;2;0;0;0;0
"31/05/2017";"19:24:00";"3207";"sem vítima";"204";"BR-116/SC";"Sul";"Colisão Lateral";1;0;2;0;0;0;0;0;0;0;3;0;0;0;0
"01/06/2017";"18:10:00";"75";"com vítima";"117";"BR-116/PR";"Sul";"Queda de Moto";0;0;0;1;0;0;0;0;0;0;1;1;0;0;0
"02/06/2017";"05:36:00";"103";"sem vítima";"181,4";"BR-116/SC";"Norte";"Saida de Pista";0;0;0;0;0;0;0;0;0;1;1;0;0;0;0
"02/06/2017";"10:04:00";"131";"sem vítima";"233";"BR-116/SC";"Sul";"Colisão Traseira";1;0;0;0;0;1;0;0;0;0;2;0;0;0;0
"02/06/2017";"13:10:00";"156";"com vítima";"123,1";"BR-116/PR";"Norte";"Colisão Lateral";0;0;1;1;0;0;0;0;0;0;1;1;0;0;0
"03/06/2017";"07:14:00";"229";"sem vítima";"137,3";"BR-116/PR";"Norte";"Choque - Defensa, barreira ou "submarino"";1;0;0;0;0;0;0;0;0;0;1;0;0;0;0
"03/06/2017";"07:45:00";"231";"sem vítima";"243,3";"BR-116/SC";"Norte";"Saida de Pista";1;0;0;0;0;0;0;0;0;0;1;0;0;0;0
"03/06/2017";"08:11:00";"233";"com vítima";"126";"BR-116/PR";"Norte";"Colisão Lateral";1;0;0;1;0;0;0;0;0;0;1;1;0;0;0
"03/06/2017";"15:35:00";"283";"com vítima";"119";"BR-116/PR";"Norte";"Colisão Transversal";2;0;0;0;0;0;0;0;0;0;0;5;0;0;0
"03/06/2017";"18:16:00";"297";"com vítima";"267,5";"BR-116/SC";"Sul";"Colisão Transversal";1;0;1;0;0;0;0;0;0;0;1;3;0;1;0
"03/06/2017";"19:33:00";"307";"sem vítima";"117";"BR-116/PR";"Norte";"Colisão Transversal";2;0;0;0;0;0;0;0;0;0;2;0;0;0;0
"03/06/2017";"23:10:00";"321";"sem vítima";"121";"BR-116/PR";"Sul";"Colisão Lateral";1;0;0;0;0;1;0;0;0;0;2;0;0;0;0
"04/06/2017";"01:55:00";"331";"sem vítima";"115";"BR-116/PR";"Norte";"Choque - Defensa, barreira ou "submarino"";1;0;0;0;0;0;0;0;0;0;1;0;0;0;0
"04/06/2017";"15:01:00";"368";"sem vítima";"234,6";"BR-116/SC";"Norte";"Saida de Pista";1;0;0;0;0;0;0;0;0;0;2;0;0;0;0
"04/06/2017";"17:30:00";"380";"sem vítima";"126,5";"BR-116/PR";"Norte";"Engavetamento";3;0;0;0;0;0;0;0;0;0;6;0;0;0;0
"04/06/2017";"18:03:00";"383";"sem vítima";"47";"BR-116/SC";"Norte";"Colisão Traseira";2;0;0;0;0;0;0;0;0;0;8;0;0;0;0
"04/06/2017";"20:47:00";"400";"com vítima";"119";"BR-116/PR";"Norte";"Engavetamento";5;0;0;0;0;0;0;0;0;0;8;5;0;0;0
"04/06/2017";"21:08:00";"402";"com vítima";"121";"BR-116/SC";"Norte";"Colisão Traseira";2;0;0;0;0;0;0;0;0;0;5;1;0;0;0
"04/06/2017";"21:31:00";"404";"sem vítima";"109";"BR-116/SC";"Norte";"Choque - Talude";0;0;1;0;0;0;0;0;0;0;1;0;0;0;0