data;horario;n_da_ocorrencia;tipo_de_ocorrencia;km;trecho;sentido;tipo_de_acidente;automovel;bicicleta;caminhao;moto;onibus;outros;tracao_animal;transporte_de_cargas_especiais;trator_maquinas;utilitarios;ilesos;levemente_feridos;moderadamente_feridos;gravemente_feridos;mortos
"09/07/2017";"18:52:00";"1020";"com vítima";"147,5";"BR-116/PR";"Norte";"Colisão Traseira";1;0;0;0;0;0;0;0;0;1;2;2;0;0;0
"09/07/2017";"19:15:00";"1023";"sem vítima";"12,5";"BR-116/SC";"Norte";"Colisão Transversal";1;0;1;0;0;0;0;0;0;0;2;0;0;0;0
"09/07/2017";"22:57:00";"1041";"com vítima";"125,8";"BR-116/PR";"Sul";"Colisão Traseira";2;0;1;0;0;0;0;0;0;0;6;3;0;0;0
"10/07/2017";"05:17:00";"1050";"sem vítima";"252,85";"BR-116/SC";"Norte";"Saida de Pista";1;0;0;0;0;0;0;0;0;0;1;0;0;0;0
"10/07/2017";"07:26:00";"1052";"com vítima";"198";"BR-116/SC";"Norte";"Colisão Traseira";1;0;0;0;0;0;0;0;1;0;0;2;0;0;0
"10/07/2017";"08:12:00";"1057";"sem vítima";"124";"BR-116/PR";"Sul";"Colisão Traseira";1;0;0;0;0;0;0;0;0;1;2;0;0;0;0
"10/07/2017";"14:42:00";"4";"sem vítima";"237";"BR-116/SC";"Norte";"Saida de Pista";1;0;0;0;0;0;0;0;0;0;1;0;0;0;0
"10/07/2017";"18:52:00";"25";"sem vítima";"69";"BR-116/SC";"Norte";"Colisão Transversal";2;0;0;0;0;0;0;0;0;0;5;0;0;0;0
"11/07/2017";"11:01:00";"55";"sem vítima";"102";"BR-116/SC";"Sul";"Colisão Traseira";2;0;0;0;0;0;0;0;0;0;2;0;0;0;0
"11/07/2017";"19:44:00";"115";"sem vítima";"138";"BR-116/PR";"Norte";"Saida de Pista";1;0;0;0;0;0;0;0;0;0;1;0;0;0;0
"12/07/2017";"05:01:00";"8";"sem vítima";"115,3";"BR-116/SC";"Norte";"Colisão Traseira";0;0;2;0;0;0;0;0;0;0;2;0;0;0;0
"12/07/2017";"13:51:00";"75";"sem vítima";"4";"BR-116/SC";"Sul";"Colisão Traseira";1;0;0;1;0;0;0;0;0;0;2;0;0;0;0
"12/07/2017";"22:20:00";"123";"sem vítima";"204,8";"BR-116/PR";"Sul";"Choque - Defensa, barreira ou "submarino"";0;0;0;0;0;0;0;0;0;1;1;0;0;0;0
"13/07/2017";"12:18:00";"86";"com vítima";"117";"BR-116/PR";"Norte";"Colisão Traseira";1;0;0;1;0;0;0;0;0;0;1;1;0;0;0
"13/07/2017";"18:39:00";"130";"sem vítima";"188";"BR-116/PR";"Sul";"Tombamento";0;0;1;0;0;0;0;0;0;0;1;0;0;0;0
"14/07/2017";"18:42:00";"152";"sem vítima";"141,5";"BR-116/PR";"Norte";"Queda de Moto";0;0;0;1;0;0;0;0;0;0;1;0;0;0;0
"15/07/2017";"02:34:00";"13";"sem vítima";"122,8";"BR-116/PR";"Norte";"Choque - Poste";1;0;0;0;0;0;0;0;0;0;1;0;0;0;0
"15/07/2017";"09:51:00";"37";"sem vítima";"122,1";"BR-116/SC";"Norte";"Colisão Traseira";1;0;0;0;0;1;0;0;0;0;2;0;0;0;0
"15/07/2017";"13:28:00";"59";"com vítima";"115,15";"BR-116/PR";"Sul";"Colisão Lateral";0;0;0;1;0;1;0;0;0;0;1;2;0;0;0
"15/07/2017";"15:00:00";"67";"com vítima";"118,9";"BR-116/PR";"Sul";"Choque - Defensa, barreira ou "submarino"";1;0;0;0;0;0;0;0;0;0;0;3;0;0;0
"16/07/2017";"01:37:00";"7";"sem vítima";"254,1";"BR-116/SC";"Norte";"Capotamento";1;0;0;0;0;0;0;0;0;0;1;0;0;0;0
"16/07/2017";"05:53:00";"17";"sem vítima";"125,8";"BR-116/PR";"Norte";"Choque - Veiculo parado na pista";1;0;0;1;0;0;0;0;0;0;2;0;0;0;0
"16/07/2017";"19:16:00";"89";"com vítima";"131,35";"BR-116/PR";"Norte";"Choque - Defensa, barreira ou "submarino"";1;0;0;0;0;0;0;0;0;0;0;1;0;0;0
"16/07/2017";"19:45:00";"93";"sem vítima";"120";"BR-116/PR";"Norte";"Colisão Lateral";1;0;1;0;0;0;0;0;0;0;5;0;0;0;0
"17/07/2017";"17:08:00";"92";"sem vítima";"3";"BR-116/SC";"Norte";"Colisão Transversal";2;0;0;0;0;0;0;0;0;0;2;0;0;0;0
"17/07/2017";"21:20:00";"113";"sem vítima";"206";"BR-116/PR";"Norte";"Saida de Pista";1;0;0;0;0;0;0;0;0;0;1;0;0;0;0
"18/07/2017";"04:09:00";"10";"sem vítima";"152";"BR-116/PR";"Norte";"Colisão Traseira";1;0;0;0;0;0;0;0;0;0;2;0;0;0;0
"18/07/2017";"07:11:00";"19";"sem vítima";"171";"BR-116/PR";"Norte";"Tombamento";0;0;1;0;0;0;0;0;0;0;1;0;0;0;0
"18/07/2017";"15:22:00";"102";"sem vítima";"197,7";"BR-116/PR";"Norte";"Engavetamento";2;0;2;0;0;0;0;0;0;0;4;0;0;0;0
"18/07/2017";"15:56:00";"112";"sem vítima";"129,6";"BR-116/PR";"Sul";"Choque - Defensa, barreira ou "submarino"";1;0;0;0;0;0;0;0;0;0;1;0;0;0;0
"18/07/2017";"17:07:00";"115";"com vítima";"62,5";"BR-116/SC";"Norte";"Saida de Pista";1;0;0;0;0;0;0;0;0;0;0;1;0;0;0
"18/07/2017";"17:32:00";"119";"sem vítima";"121,6";"BR-116/PR";"Sul";"Saida de Pista";1;0;0;0;0;0;0;0;0;0;1;0;0;0;0
"18/07/2017";"18:06:00";"123";"sem vítima";"121,2";"BR-116/PR";"Sul";"Engavetamento";4;0;0;0;0;1;0;0;0;0;5;0;0;0;0
"18/07/2017";"18:37:00";"125";"com vítima";"62,9";"BR-116/SC";"Sul";"Colisão Lateral";2;0;0;0;0;0;0;0;0;0;2;1;0;0;0
"19/07/2017";"04:40:00";"18";"sem vítima";"202";"BR-116/PR";"Sul";"Tombamento";0;0;1;0;0;0;0;0;0;0;1;0;0;0;0
"20/07/2017";"16:33:00";"104";"sem vítima";"93,2";"BR-116/SC";"Sul";"Saida de Pista";1;0;0;0;0;0;0;0;0;0;2;0;0;0;0
"20/07/2017";"17:03:00";"106";"sem vítima";"158,5";"BR-116/PR";"Norte";"Colisão Lateral";1;0;0;0;1;0;0;0;0;0;2;0;0;0;0
"20/07/2017";"17:12:00";"107";"sem vítima";"138";"BR-116/PR";"Norte";"Choque - Defensa, barreira ou "submarino"";1;0;0;0;0;0;0;0;0;0;1;0;0;0;0
"20/07/2017";"19:47:00";"119";"com vítima";"245";"BR-116/SC";"Norte";"Colisão Transversal";2;0;0;0;0;0;0;0;0;0;4;2;0;0;0
"21/07/2017";"05:34:00";"6";"sem vítima";"211,5";"BR-116/PR";"Norte";"Colisão Lateral";0;0;0;0;0;0;0;0;0;2;2;0;0;0;0
"21/07/2017";"14:35:00";"69";"com vítima";"29,4";"BR-116/SC";"Norte";"Colisão Lateral";1;0;1;0;0;0;0;0;0;0;1;1;0;0;0
"21/07/2017";"15:14:00";"74";"com vítima";"205,95";"BR-116/PR";"Norte";"Colisão Transversal";1;0;1;0;0;0;0;0;0;0;2;0;0;1;0
"22/07/2017";"06:03:00";"14";"sem vítima";"125,8";"BR-116/PR";"Norte";"Colisão Traseira";1;0;0;1;0;0;0;0;0;0;2;0;0;0;0
"22/07/2017";"17:58:00";"84";"com vítima";"5,5";"BR-116/SC";"Norte";"Colisão Transversal";1;1;0;0;0;0;0;0;0;0;1;1;0;0;0
"22/07/2017";"21:28:00";"105";"sem vítima";"131,8";"BR-116/PR";"Sul";"Choque - Poste";1;0;0;0;0;0;0;0;0;0;1;0;0;0;0
"23/07/2017";"14:49:00";"42";"sem vítima";"4,5";"BR-116/SC";"Norte";"Colisão Transversal";2;0;0;0;0;0;0;0;0;0;9;0;0;0;0
"23/07/2017";"19:29:00";"89";"sem vítima";"251,9";"BR-116/SC";"Norte";"Colisão Frontal";1;0;1;0;0;0;0;0;0;0;2;0;0;0;0
"23/07/2017";"20:02:00";"93";"com vítima";"220,3";"BR-116/SC";"Sul";"Colisão Transversal";0;0;0;1;0;1;0;0;0;0;1;1;0;0;0
"23/07/2017";"22:17:00";"103";"sem vítima";"174";"BR-116/SC";"Sul";"Atropelamento de Animal";1;0;0;0;0;0;0;0;0;0;4;0;0;0;0
"24/07/2017";"06:53:00";"17";"sem vítima";"117";"BR-116/PR";"Sul";"Colisão Traseira";1;0;0;0;1;0;0;0;0;0;2;0;0;0;0
"24/07/2017";"09:43:00";"31";"com vítima";"179";"BR-116/PR";"Norte";"Tombamento";0;0;1;0;0;0;0;0;0;0;0;1;0;0;0
"24/07/2017";"14:06:00";"60";"sem vítima";"205,9";"BR-116/SC";"Sul";"Saida de Pista";1;0;0;0;0;0;0;0;0;0;3;0;0;0;0
"24/07/2017";"14:48:00";"67";"com vítima";"126";"BR-116/PR";"Norte";"Queda de Moto";0;0;0;1;0;0;0;0;0;0;0;1;0;0;0
"24/07/2017";"16:36:00";"97";"com vítima";"292";"BR-116/SC";"Norte";"Saida de Pista";0;0;0;0;0;1;0;0;0;0;0;1;0;0;0
"24/07/2017";"17:47:00";"107";"sem vítima";"115,95";"BR-116/PR";"Norte";"Colisão Traseira";1;0;1;0;0;0;0;0;0;0;2;0;0;0;0
"25/07/2017";"08:46:00";"20";"com vítima";"115";"BR-116/PR";"Sul";"Colisão Lateral";0;0;1;1;0;0;0;0;0;0;1;0;0;1;0
"25/07/2017";"10:20:00";"48";"sem vítima";"120,45";"BR-116/PR";"Sul";"Colisão Traseira";1;0;0;0;0;0;0;0;0;1;2;0;0;0;0
"25/07/2017";"10:30:00";"49";"sem vítima";"211,5";"BR-116/SC";"Sul";"Colisão Lateral";0;0;2;0;0;0;0;0;0;0;2;0;0;0;0
"25/07/2017";"17:35:00";"108";"sem vítima";"167";"BR-116/PR";"Norte";"Colisão Lateral";2;0;0;0;0;0;0;0;0;0;2;0;0;0;0
"26/07/2017";"17:06:00";"83";"sem vítima";"131,5";"BR-116/PR";"Norte";"Queda de Moto";0;0;0;1;0;0;0;0;0;0;1;0;0;0;0
"26/07/2017";"17:29:00";"85";"com vítima";"123,3";"BR-116/PR";"Sul";"Choque - Defensa, barreira ou "submarino"";1;0;0;0;0;0;0;0;0;0;0;1;0;0;0
"26/07/2017";"18:36:00";"88";"sem vítima";"177";"BR-116/PR";"Sul";"Colisão Transversal";1;0;0;0;0;0;0;0;1;0;2;0;0;0;0
"26/07/2017";"22:34:00";"99";"sem vítima";"218,85";"BR-116/SC";"Sul";"Choque - Defensa, barreira ou "submarino"";1;0;0;0;0;0;0;0;0;0;1;0;0;0;0
"27/07/2017";"09:53:00";"49";"sem vítima";"152";"BR-116/PR";"Sul";"Colisão Lateral";0;0;2;0;0;0;0;0;0;0;2;0;0;0;0
"27/07/2017";"17:22:00";"125";"sem vítima";"126";"BR-116/PR";"Norte";"Colisão Traseira";3;0;0;0;0;0;0;0;0;0;3;0;0;0;0
"27/07/2017";"18:48:00";"131";"sem vítima";"246";"BR-116/SC";"Norte";"Colisão Traseira";1;0;0;1;0;0;0;0;0;0;2;0;0;0;0
"28/07/2017";"11:43:00";"68";"sem vítima";"81,8";"BR-116/SC";"Sul";"Colisão Lateral";1;0;1;0;0;0;0;0;0;0;2;0;0;0;0
"28/07/2017";"12:16:00";"70";"sem vítima";"129";"BR-116/PR";"Norte";"Colisão Frontal";0;0;1;0;1;0;0;0;0;0;2;0;0;0;0
"28/07/2017";"21:32:00";"130";"sem vítima";"122,9";"BR-116/PR";"Norte";"Saida de Pista";1;0;0;0;0;0;0;0;0;0;1;0;0;0;0
"28/07/2017";"22:44:00";"132";"sem vítima";"81,6";"BR-116/SC";"Sul";"Choque - Defensa, barreira ou "submarino"";0;0;1;0;0;0;0;0;0;0;1;0;0;0;0
"29/07/2017";"04:54:00";"10";"sem vítima";"148";"BR-116/PR";"Sul";"Saida de Pista";1;0;0;0;0;0;0;0;0;0;1;0;0;0;0
"29/07/2017";"06:24:00";"12";"sem vítima";"66";"BR-116/SC";"Norte";"Saida de Pista";1;0;0;0;0;0;0;0;0;0;1;0;0;0;0
"29/07/2017";"13:02:00";"46";"sem vítima";"134";"BR-116/PR";"Sul";"Colisão Traseira";1;0;1;0;0;0;0;0;0;0;2;0;0;0;0
"29/07/2017";"19:16:00";"80";"com vítima";"145,9";"BR-116/PR";"Norte";"Colisão Frontal";1;0;1;0;0;0;0;0;0;0;2;1;0;0;0
"30/07/2017";"16:47:00";"61";"com vítima";"10,6";"BR-116/SC";"Norte";"Colisão Traseira";1;0;0;0;0;1;0;0;0;1;4;1;0;0;0
"30/07/2017";"17:59:00";"66";"com vítima";"135,5";"BR-116/PR";"Sul";"Colisão Traseira";0;0;0;2;0;0;0;0;0;0;0;4;0;0;0
"30/07/2017";"20:17:00";"81";"sem vítima";"203,1";"BR-116/SC";"Norte";"Colisão Transversal";1;0;0;0;0;0;0;0;0;1;2;0;0;0;0
"30/07/2017";"23:57:00";"99";"com vítima";"122,1";"BR-116/PR";"Norte";"Queda de Moto";0;0;0;1;0;0;0;0;0;0;0;1;0;0;0
"31/07/2017";"07:29:00";"11";"sem vítima";"115,2";"BR-116/PR";"Norte";"Colisão Lateral";1;0;1;0;0;0;0;0;0;0;2;0;0;0;0
"31/07/2017";"08:32:00";"14";"sem vítima";"191";"BR-116/PR";"Sul";"Colisão Traseira";0;0;2;0;0;0;0;0;0;0;2;0;0;0;0
"01/08/2017";"19:46:00";"99";"sem vítima";"138";"BR-116/PR";"Norte";"Colisão Lateral";0;0;2;0;0;0;0;0;0;0;2;0;0;0;0
"01/08/2017";"20:54:00";"101";"sem vítima";"69,95";"BR-116/SC";"Norte";"Colisão Traseira";1;0;0;0;0;1;0;0;0;0;2;0;0;0;0
"02/08/2017";"11:37:00";"53";"sem vítima";"12";"BR-116/SC";"Sul";"Colisão Frontal";2;0;0;0;0;0;0;0;0;0;2;0;0;0;0
"02/08/2017";"16:49:00";"85";"com vítima";"181,1";"BR-116/SC";"Norte";"Colisão Lateral";2;0;0;0;0;0;0;0;0;0;2;1;0;0;0
"03/08/2017";"04:00:00";"5";"sem vítima";"159";"BR-116/PR";"Sul";"Saida de Pista";1;0;0;0;0;0;0;0;0;0;1;0;0;0;0
"03/08/2017";"06:49:00";"12";"sem vítima";"115";"BR-116/PR";"Norte";"Colisão Traseira";2;0;0;0;0;0;0;0;0;0;2;0;0;0;0
"03/08/2017";"15:42:00";"60";"sem vítima";"140,3";"BR-116/PR";"Sul";"Colisão Traseira";0;0;2;0;0;0;0;0;0;0;2;0;0;0;0
"03/08/2017";"19:42:00";"74";"sem vítima";"94,6";"BR-116/SC";"Sul";"Colisão Traseira";1;0;1;0;0;0;0;0;0;0;2;0;0;0;0
"04/08/2017";"01:29:00";"4";"sem vítima";"239,5";"BR-116/SC";"Sul";"Saida de Pista";0;0;1;0;0;0;0;0;0;0;1;0;0;0;0
"04/08/2017";"08:29:00";"22";"sem vítima";"69,2";"BR-116/SC";"Norte";"Colisão Traseira";0;0;1;0;0;0;0;0;0;1;2;0;0;0;0
"04/08/2017";"11:03:00";"42";"sem vítima";"4,5";"BR-116/SC";"Sul";"Colisão Transversal";2;0;0;0;0;0;0;0;0;0;2;0;0;0;0
"04/08/2017";"13:10:00";"53";"sem vítima";"71,6";"BR-116/SC";"Norte";"Colisão Traseira";0;0;2;0;0;0;0;0;0;0;2;0;0;0;0
"04/08/2017";"20:04:00";"92";"sem vítima";"115";"BR-116/PR";"Sul";"Colisão Traseira";1;0;0;0;0;1;0;0;0;0;2;0;0;0;0
"05/08/2017";"12:21:00";"46";"com vítima";"137,7";"BR-116/SC";"Sul";"Choque - Defensa, barreira ou "submarino"";1;0;0;0;0;1;0;0;0;0;1;1;0;0;0
"05/08/2017";"14:26:00";"51";"sem vítima";"219,3";"BR-116/SC";"Sul";"Colisão Transversal";2;0;0;0;0;0;0;0;0;0;2;0;0;0;0
"05/08/2017";"16:03:00";"68";"sem vítima";"193";"BR-116/PR";"Norte";"Tombamento";0;0;1;0;0;0;0;0;0;0;1;0;0;0;0
"05/08/2017";"16:36:00";"71";"com vítima";"123";"BR-116/PR";"Norte";"Queda de Moto";0;0;0;1;0;1;0;0;0;0;1;1;0;0;0
"05/08/2017";"17:12:00";"74";"com vítima";"219,35";"BR-116/SC";"Norte";"Colisão Transversal";1;0;0;1;0;0;0;0;0;0;1;1;0;0;0
"05/08/2017";"20:18:00";"87";"sem vítima";"43,7";"BR-116/SC";"Norte";"Tombamento";1;0;0;0;0;0;0;0;0;0;2;0;0;0;0
"06/08/2017";"02:22:00";"6";"com vítima";"125,1";"BR-116/PR";"Sul";"Colisão Traseira";2;0;0;0;0;0;0;0;0;0;1;1;0;0;0
"06/08/2017";"05:21:00";"8";"com vítima";"51,1";"BR-116/SC";"Norte";"Capotamento";1;0;0;0;0;0;0;0;0;0;0;1;0;0;0
"06/08/2017";"17:34:00";"48";"sem vítima";"211,1";"BR-116/SC";"Norte";"Saida de Pista";0;0;0;1;0;0;0;0;0;0;1;0;0;0;0
"06/08/2017";"17:42:00";"50";"sem vítima";"210,8";"BR-116/PR";"Norte";"Colisão Transversal";2;0;0;0;0;0;0;0;0;0;4;0;0;0;0
"06/08/2017";"18:16:00";"53";"sem vítima";"131";"BR-116/PR";"Norte";"Colisão Lateral";1;0;0;0;0;0;0;0;0;0;3;0;0;0;0
"06/08/2017";"18:43:00";"54";"sem vítima";"115";"BR-116/PR";"Norte";"Colisão Traseira";2;0;0;0;0;0;0;0;0;0;2;0;0;0;0
"06/08/2017";"19:23:00";"57";"sem vítima";"34,15";"BR-116/SC";"Norte";"Saida de Pista";1;0;0;0;0;0;0;0;0;0;1;0;0;0;0
"06/08/2017";"19:25:00";"58";"sem vítima";"115";"BR-116/PR";"Norte";"Engavetamento";4;0;0;0;0;0;0;0;0;0;4;0;0;0;0
"06/08/2017";"21:34:00";"70";"sem vítima";"220";"BR-116/SC";"Norte";"Saida de Pista";1;0;0;0;0;0;0;0;0;0;1;0;0;0;0
"07/08/2017";"12:25:00";"52";"sem vítima";"126";"BR-116/PR";"Norte";"Colisão Lateral";1;0;0;1;0;0;0;0;0;0;2;0;0;0;0
"07/08/2017";"18:32:00";"109";"sem vítima";"245,4";"BR-116/SC";"Sul";"Colisão Transversal";2;0;0;0;0;0;0;0;0;0;2;0;0;0;0
"08/08/2017";"15:25:00";"97";"sem vítima";"63,5";"BR-116/SC";"Norte";"Saida de Pista";0;0;1;0;0;0;0;0;0;0;1;0;0;0;0
"08/08/2017";"16:17:00";"107";"com vítima";"2,8";"BR-116/SC";"Norte";"Engavetamento";3;0;0;0;0;0;0;0;0;0;3;1;0;0;0
"08/08/2017";"19:20:00";"119";"sem vítima";"122";"BR-116/PR";"Norte";"Colisão Traseira";2;0;0;0;0;0;0;0;0;0;2;0;0;0;0
"08/08/2017";"20:23:00";"121";"sem vítima";"126,8";"BR-116/PR";"Sul";"Choque - Defensa, barreira ou "submarino"";1;0;0;0;0;0;0;0;0;0;1;0;0;0;0
"08/08/2017";"20:31:00";"122";"sem vítima";"126,9";"BR-116/PR";"Norte";"Choque - Defensa, barreira ou "submarino"";1;0;0;0;0;0;0;0;0;0;1;0;0;0;0
"09/08/2017";"10:31:00";"38";"sem vítima";"4,5";"BR-116/SC";"Sul";"Colisão Transversal";2;0;0;0;0;0;0;0;0;0;2;0;0;0;0
"09/08/2017";"17:50:00";"100";"sem vítima";"116";"BR-116/PR";"Norte";"Colisão Traseira";1;0;0;0;0;0;0;0;0;1;2;0;0;0;0
"09/08/2017";"19:34:00";"109";"com vítima";"211,864";"BR-116/SC";"Sul";"Choque - Defensa, barreira ou "submarino"";0;0;0;1;0;0;0;0;0;0;0;0;0;0;1
"10/08/2017";"10:32:00";"53";"sem vítima";"127";"BR-116/PR";"Sul";"Capotamento";1;0;0;0;0;0;0;0;0;0;1;0;0;0;0
"10/08/2017";"10:35:00";"54";"sem vítima";"23";"BR-116/SC";"Sul";"Colisão Transversal";1;0;0;0;0;0;0;0;0;1;2;0;0;0;0
"10/08/2017";"13:48:00";"75";"com vítima";"2";"BR-116/SC";"Norte";"Colisão Traseira";2;0;1;0;0;0;0;0;0;0;2;1;0;0;0
"10/08/2017";"16:34:00";"103";"sem vítima";"147,5";"BR-116/PR";"Norte";"Colisão Lateral";1;0;2;0;0;1;0;0;0;1;5;0;0;0;0
"10/08/2017";"18:21:00";"109";"com vítima";"210,5";"BR-116/PR";"Sul";"Colisão Transversal";1;0;0;1;0;0;0;0;0;0;1;1;0;0;0
"10/08/2017";"23:24:00";"125";"sem vítima";"80,6";"BR-116/SC";"Sul";"Saida de Pista";0;0;1;0;0;0;0;0;0;0;1;0;0;0;0
"11/08/2017";"15:00:00";"71";"com vítima";"128";"BR-116/PR";"Sul";"Colisão Traseira";0;0;1;1;0;0;0;0;0;0;1;1;0;0;0
"11/08/2017";"16:23:00";"82";"com vítima";"73";"BR-116/SC";"Sul";"Colisão Traseira";0;0;0;0;0;0;0;0;0;2;1;3;0;0;0
"11/08/2017";"16:59:00";"86";"com vítima";"117";"BR-116/PR";"Sul";"Colisão Traseira";1;0;0;1;0;0;0;0;0;0;1;1;0;0;0
"12/08/2017";"02:27:00";"5";"com vítima";"123,83";"BR-116/PR";"Norte";"Colisão Traseira";0;0;0;1;0;1;0;0;0;0;1;0;0;0;1
"12/08/2017";"13:44:00";"55";"com vítima";"191,2";"BR-116/PR";"Sul";"Colisão Traseira";1;0;0;0;0;1;0;0;0;0;1;1;0;0;0
"12/08/2017";"14:41:00";"60";"com vítima";"139";"BR-116/PR";"Sul";"Queda de Moto";0;0;0;0;0;1;0;0;0;0;0;1;0;0;0
"12/08/2017";"15:12:00";"67";"com vítima";"119";"BR-116/PR";"Sul";"Queda de Moto";0;0;0;0;0;1;0;0;0;0;0;1;0;0;0
"12/08/2017";"17:35:00";"82";"sem vítima";"195";"BR-116/SC";"Norte";"Colisão Traseira";2;0;0;0;0;0;0;0;0;0;2;0;0;0;0
"12/08/2017";"18:18:00";"88";"com vítima";"139";"BR-116/SC";"Norte";"Queda de Moto";0;0;0;1;0;0;0;0;0;0;0;1;0;0;0
"12/08/2017";"18:30:00";"89";"sem vítima";"117,5";"BR-116/PR";"Sul";"Colisão Traseira";1;0;0;0;0;2;0;0;0;0;4;0;0;0;0
"12/08/2017";"20:19:00";"96";"sem vítima";"52";"BR-116/SC";"Sul";"Colisão Lateral";0;0;1;0;0;1;0;0;0;0;2;0;0;0;0
"12/08/2017";"20:28:00";"99";"sem vítima";"262,7";"BR-116/SC";"Norte";"Atropelamento de Animal";1;0;0;0;0;0;0;0;0;0;1;0;0;0;0
"12/08/2017";"23:23:00";"104";"sem vítima";"154";"BR-116/PR";"Sul";"Atropelamento de Animal";1;0;0;0;0;0;0;0;0;0;1;0;0;0;0
"13/08/2017";"06:37:00";"13";"sem vítima";"131,8";"BR-116/PR";"Sul";"Choque - Suporte de Sinalização";1;0;0;0;0;0;0;0;0;0;1;0;0;0;0
"13/08/2017";"13:25:00";"37";"sem vítima";"117";"BR-116/PR";"Sul";"Queda de Moto";0;0;0;1;0;0;0;0;0;0;1;0;0;0;0
"13/08/2017";"15:26:00";"41";"com vítima";"206";"BR-116/PR";"Sul";"Colisão Transversal";1;0;1;0;0;0;0;0;0;0;1;2;0;0;0
"13/08/2017";"17:35:00";"61";"sem vítima";"152";"BR-116/PR";"Sul";"Colisão Transversal";1;0;0;0;0;1;0;0;0;0;4;0;0;0;0
"13/08/2017";"18:10:00";"68";"com vítima";"48,05";"BR-116/SC";"Norte";"Engavetamento";4;0;0;0;0;0;0;0;0;1;18;2;0;0;0
"13/08/2017";"18:45:00";"73";"sem vítima";"129,1";"BR-116/PR";"Norte";"Capotamento";1;0;0;0;0;0;0;0;0;0;1;0;0;0;0
"13/08/2017";"19:06:00";"78";"sem vítima";"156";"BR-116/PR";"Norte";"Colisão Traseira";0;0;2;0;0;0;0;0;0;0;2;0;0;0;0
"13/08/2017";"20:29:00";"88";"sem vítima";"191";"BR-116/PR";"Norte";"Colisão Traseira";1;0;0;0;0;1;0;0;0;0;2;0;0;0;0
"14/08/2017";"07:15:00";"6";"sem vítima";"131,8";"BR-116/PR";"Norte";"Saida de Pista";1;0;0;0;0;0;0;0;0;0;1;0;0;0;0
"14/08/2017";"07:20:00";"7";"sem vítima";"127";"BR-116/PR";"Norte";"Colisão Lateral";3;0;0;0;0;0;0;0;0;0;3;0;0;0;0
"14/08/2017";"09:43:00";"23";"sem vítima";"141,9";"BR-116/SC";"Norte";"Saida de Pista";1;0;0;0;0;0;0;0;0;0;1;0;0;0;0
"14/08/2017";"19:22:00";"97";"sem vítima";"4,5";"BR-116/SC";"Sul";"Colisão Transversal";2;0;0;0;0;0;0;0;0;0;3;0;0;0;0
"15/08/2017";"07:34:00";"16";"com vítima";"5,5";"BR-116/SC";"Norte";"Queda de Moto";0;0;0;1;0;0;0;0;0;0;1;1;0;0;0
"16/08/2017";"20:20:00";"124";"sem vítima";"130,5";"BR-116/PR";"Norte";"Objeto lançado contra veículo";1;0;0;0;0;0;0;0;0;0;1;0;0;0;0
"16/08/2017";"23:02:00";"151";"com vítima";"152,43";"BR-116/PR";"Sul";"Colisão Transversal";1;0;1;0;0;0;0;0;0;0;1;0;0;2;1
"17/08/2017";"04:41:00";"19";"com vítima";"199";"BR-116/PR";"Sul";"Choque - Arvore";0;0;1;0;0;0;0;0;0;0;0;1;0;0;0
"17/08/2017";"07:50:00";"23";"sem vítima";"115";"BR-116/PR";"Norte";"Colisão Traseira";1;0;0;1;0;0;0;0;0;0;2;0;0;0;0
"17/08/2017";"15:22:00";"80";"sem vítima";"201,3";"BR-116/SC";"Norte";"Colisão Lateral";0;0;1;0;0;0;0;0;0;1;2;0;0;0;0
"17/08/2017";"15:36:00";"84";"sem vítima";"117,3";"BR-116/PR";"Sul";"Colisão Traseira";1;0;0;1;0;0;0;0;0;0;6;0;0;0;0
"18/08/2017";"05:04:00";"13";"sem vítima";"206";"BR-116/PR";"Sul";"Saida de Pista";1;0;0;0;0;0;0;0;0;0;1;0;0;0;0
"18/08/2017";"11:33:00";"65";"com vítima";"173,7";"BR-116/SC";"Norte";"Tombamento";0;0;1;0;0;0;0;0;0;0;0;1;0;0;0
"19/08/2017";"10:22:00";"36";"sem vítima";"184,3";"BR-116/SC";"Sul";"Choque - Suporte de Sinalização";1;0;0;0;0;0;0;0;0;0;1;0;0;0;0
"19/08/2017";"10:44:00";"41";"sem vítima";"166,5";"BR-116/PR";"Norte";"Colisão Transversal";2;0;0;0;0;0;0;0;0;0;2;0;0;0;0
"19/08/2017";"10:54:00";"42";"sem vítima";"132,3";"BR-116/PR";"Sul";"Colisão Traseira";1;0;1;0;0;1;0;0;0;0;3;0;0;0;0
"19/08/2017";"13:37:00";"53";"sem vítima";"134";"BR-116/PR";"Norte";"Colisão Frontal";2;0;0;0;0;0;0;0;0;0;2;0;0;0;0
"19/08/2017";"19:32:00";"72";"sem vítima";"32,6";"BR-116/SC";"Sul";"Choque - Arvore";1;0;0;0;0;0;0;0;0;0;1;0;0;0;0
"19/08/2017";"20:17:00";"74";"com vítima";"140,16";"BR-116/PR";"Norte";"Colisão Transversal";2;0;0;0;0;0;0;0;0;0;0;1;0;3;1
"20/08/2017";"03:34:00";"14";"sem vítima";"148,1";"BR-116/PR";"Sul";"Saida de Pista";1;0;0;0;0;0;0;0;0;0;1;0;0;0;0
"20/08/2017";"03:42:00";"15";"sem vítima";"125,8";"BR-116/PR";"Sul";"Saida de Pista";1;0;0;0;0;0;0;0;0;0;1;0;0;0;0
"20/08/2017";"04:14:00";"17";"sem vítima";"233,7";"BR-116/SC";"Norte";"Saida de Pista";1;0;0;0;0;0;0;0;0;0;1;0;0;0;0