data;horario;n_da_ocorrencia;tipo_de_ocorrencia;km;trecho;sentido;tipo_de_acidente;automovel;bicicleta;caminhao;moto;onibus;outros;tracao_animal;transporte_de_cargas_especiais;trator_maquinas;utilitarios;ilesos;levemente_feridos;moderadamente_feridos;gravemente_feridos;mortos
"25/12/2017";"20:56:00";"94";"sem vítima";"174,5";"BR-116/PR";"Sul";"Saida de Pista";0;0;0;0;0;0;0;0;0;1;1;0;0;0;0
"26/12/2017";"02:37:00";"6";"sem vítima";"192";"BR-116/PR";"Norte";"Atropelamento de Animal";1;0;0;0;0;0;0;0;0;0;2;0;0;0;0
"26/12/2017";"16:39:00";"77";"sem vítima";"182,5";"BR-116/PR";"Sul";"Atropelamento de Animal";1;0;0;0;0;0;0;0;0;0;1;0;0;0;0
"26/12/2017";"19:44:00";"95";"com vítima";"9,5";"BR-116/SC";"Norte";"Queda de Moto";0;0;0;1;0;0;0;0;0;0;0;1;0;0;0
"27/12/2017";"04:33:00";"9";"sem vítima";"93";"BR-116/SC";"Sul";"Choque - Outros";0;0;1;0;0;0;0;0;0;0;1;0;0;0;0
"27/12/2017";"16:01:00";"88";"sem vítima";"120";"BR-116/PR";"Norte";"Colisão Lateral";1;0;0;0;0;1;0;0;0;0;2;0;0;0;0
"28/12/2017";"09:01:00";"25";"sem vítima";"119";"BR-116/PR";"Norte";"Queda de Moto";0;0;0;1;0;0;0;0;0;0;1;0;0;0;0
"28/12/2017";"14:54:00";"65";"com vítima";"23,6";"BR-116/SC";"Norte";"Colisão Transversal";1;0;0;0;0;0;0;0;0;1;4;2;0;0;0
"28/12/2017";"16:18:00";"73";"sem vítima";"261";"BR-116/SC";"Norte";"Colisão Lateral";0;0;2;0;0;0;0;0;0;0;2;0;0;0;0
"28/12/2017";"17:55:00";"83";"sem vítima";"53,8";"BR-116/SC";"Norte";"Tombamento";0;0;1;0;0;0;0;0;0;0;1;0;0;0;0
"29/12/2017";"02:57:00";"5";"sem vítima";"11,1";"BR-116/SC";"Norte";"Choque - Defensa, barreira ou "submarino"";0;0;1;0;0;0;0;0;0;0;1;0;0;0;0
"29/12/2017";"15:10:00";"47";"sem vítima";"199,5";"BR-116/PR";"Sul";"Choque - Defensa, barreira ou "submarino"";1;0;0;0;0;0;0;0;0;0;1;0;0;0;0
"29/12/2017";"17:37:00";"55";"sem vítima";"211";"BR-116/PR";"Sul";"Engavetamento";3;0;0;0;0;0;0;0;0;0;3;0;0;0;0
"30/12/2017";"14:57:00";"39";"com vítima";"69,03";"BR-116/SC";"Norte";"Colisão Transversal";1;1;0;0;0;0;0;0;0;0;1;1;0;0;0
"30/12/2017";"17:09:00";"52";"sem vítima";"131,8";"BR-116/PR";"Sul";"Saida de Pista";1;0;0;0;0;0;0;0;0;0;1;0;0;0;0
"30/12/2017";"22:04:00";"76";"com vítima";"59,4";"BR-116/SC";"Sul";"Colisão Frontal";2;0;0;0;0;0;0;0;0;0;0;6;0;0;0
"31/12/2017";"00:50:00";"1";"sem vítima";"273,7";"BR-116/SC";"Norte";"Choque - Defensa, barreira ou "submarino"";0;0;0;0;0;0;0;0;0;1;1;0;0;0;0
"31/12/2017";"09:42:00";"24";"sem vítima";"206";"BR-116/PR";"Sul";"Choque - Outros";1;0;0;0;0;0;0;0;0;0;3;0;0;0;0
"31/12/2017";"09:45:00";"26";"sem vítima";"126";"BR-116/PR";"Norte";"Colisão Traseira";0;0;2;0;0;0;0;0;0;0;2;0;0;0;0
"31/12/2017";"20:00:00";"55";"com vítima";"218,5";"BR-116/SC";"Norte";"Colisão Lateral";1;0;0;1;0;0;0;0;0;0;1;0;0;1;0
"01/01/2018";"02:05:00";"3";"sem vítima";"191,5";"BR-116/PR";"Norte";"Choque - Arvore";1;0;0;0;0;0;0;0;0;0;1;0;0;0;0
"01/01/2018";"18:00:00";"43";"com vítima";"121";"BR-116/PR";"Norte";"Queda de Moto";0;0;0;1;0;0;0;0;0;0;0;1;0;1;0
"01/01/2018";"18:22:00";"47";"sem vítima";"125,8";"BR-116/PR";"Norte";"Colisão Traseira";2;0;0;0;0;0;0;0;0;0;4;0;0;0;0
"02/01/2018";"15:39:00";"52";"com vítima";"131";"BR-116/PR";"Norte";"Queda de Moto";0;0;0;1;0;0;0;0;0;0;0;1;0;0;0
"03/01/2018";"12:16:00";"53";"com vítima";"209";"BR-116/SC";"Sul";"Colisão Transversal";2;0;0;0;0;0;0;0;0;0;0;2;0;1;0
"04/01/2018";"06:38:00";"7";"sem vítima";"117";"BR-116/PR";"Sul";"Colisão Lateral";1;0;1;0;0;0;0;0;0;0;2;0;0;0;0
"04/01/2018";"10:49:00";"48";"sem vítima";"125,9";"BR-116/PR";"Norte";"Colisão Traseira";1;0;1;0;0;0;0;0;0;0;2;0;0;0;0
"04/01/2018";"15:23:00";"82";"com vítima";"117,2";"BR-116/PR";"Sul";"Colisão Transversal";0;0;0;1;0;1;0;0;0;0;1;1;0;0;0
"05/01/2018";"00:01:00";"1";"sem vítima";"117";"BR-116/PR";"Sul";"Choque - Elemento de Drenagem";1;0;0;0;0;0;0;0;0;0;1;0;0;0;0
"05/01/2018";"10:40:00";"31";"com vítima";"302,6";"BR-116/SC";"Norte";"Saida de Pista";1;0;0;0;0;0;0;0;0;0;0;2;0;0;0
"05/01/2018";"15:43:00";"69";"sem vítima";"211,5";"BR-116/SC";"Norte";"Tombamento";0;0;1;0;0;0;0;0;0;0;1;0;0;0;0
"05/01/2018";"20:03:00";"102";"com vítima";"242";"BR-116/SC";"Sul";"Outros";0;1;0;0;0;0;0;0;0;0;0;1;0;0;0
"06/01/2018";"10:36:00";"37";"sem vítima";"210,9";"BR-116/PR";"Norte";"Colisão Traseira";2;0;0;0;0;0;0;0;0;0;2;0;0;0;0
"06/01/2018";"11:16:00";"43";"sem vítima";"4,5";"BR-116/SC";"Sul";"Engavetamento";2;0;0;0;0;0;0;0;0;1;5;0;0;0;0
"07/01/2018";"03:16:00";"7";"sem vítima";"220,7";"BR-116/SC";"Sul";"Saida de Pista";0;0;0;0;0;1;0;0;0;0;1;0;0;0;0
"07/01/2018";"04:21:00";"11";"com vítima";"139,05";"BR-116/SC";"Norte";"Colisão Frontal";2;0;0;0;0;0;0;0;0;0;2;3;0;0;0
"07/01/2018";"12:18:00";"35";"com vítima";"44";"BR-116/SC";"Norte";"Capotamento";1;0;0;0;0;0;0;0;0;0;0;1;0;0;0
"07/01/2018";"12:55:00";"38";"sem vítima";"245";"BR-116/SC";"Sul";"Colisão Transversal";1;0;0;0;0;0;0;0;0;1;6;0;0;0;0
"07/01/2018";"15:46:00";"53";"sem vítima";"209";"BR-116/PR";"Sul";"Colisão Traseira";0;0;0;0;1;1;0;0;0;0;14;0;0;0;0
"07/01/2018";"17:05:00";"65";"sem vítima";"245,5";"BR-116/SC";"Sul";"Colisão Transversal";2;0;0;0;0;0;0;0;0;0;5;0;0;0;0
"08/01/2018";"08:42:00";"26";"sem vítima";"115";"BR-116/SC";"Norte";"Choque - Defensa, barreira ou "submarino"";1;0;0;0;0;0;0;0;0;0;1;0;0;0;0
"08/01/2018";"10:55:00";"47";"sem vítima";"134,4";"BR-116/PR";"Norte";"Colisão Traseira";2;0;0;0;0;0;0;0;0;0;2;0;0;0;0
"08/01/2018";"11:00:00";"48";"sem vítima";"162";"BR-116/SC";"Sul";"Saida de Pista";1;0;0;0;0;0;0;0;0;0;4;0;0;0;0
"09/01/2018";"15:34:00";"49";"sem vítima";"16";"BR-116/SC";"Sul";"Choque - Defensa, barreira ou "submarino"";0;0;0;0;0;0;0;0;0;1;1;0;0;0;0
"09/01/2018";"17:43:00";"65";"com vítima";"48,5";"BR-116/SC";"Norte";"Choque - Arvore";1;0;0;0;0;0;0;0;0;0;0;1;0;0;0
"10/01/2018";"05:49:00";"8";"com vítima";"59,9";"BR-116/SC";"Norte";"Colisão Transversal";1;0;1;0;0;0;0;0;0;0;1;2;0;1;0
"10/01/2018";"07:03:00";"10";"sem vítima";"125,8";"BR-116/PR";"Sul";"Choque - Veiculo parado na pista";2;0;0;0;0;0;0;0;0;0;2;0;0;0;0
"10/01/2018";"10:43:00";"27";"com vítima";"276,7";"BR-116/SC";"Sul";"Capotamento";1;0;0;0;0;0;0;0;0;0;0;0;0;1;0
"10/01/2018";"10:48:00";"29";"sem vítima";"56";"BR-116/SC";"Norte";"Choque - Arvore";0;0;1;0;0;0;0;0;0;0;1;0;0;0;0
"10/01/2018";"11:46:00";"37";"sem vítima";"248";"BR-116/SC";"Norte";"Colisão Traseira";2;0;0;0;0;0;0;0;0;0;2;0;0;0;0
"10/01/2018";"16:33:00";"74";"sem vítima";"245,6";"BR-116/SC";"Norte";"Colisão Transversal";1;0;1;0;0;0;0;0;0;0;4;0;0;0;0
"11/01/2018";"08:00:00";"12";"sem vítima";"116,2";"BR-116/PR";"Norte";"Colisão Traseira";2;0;0;0;0;0;0;0;0;0;2;0;0;0;0
"11/01/2018";"08:08:00";"13";"sem vítima";"116,4";"BR-116/PR";"Norte";"Engavetamento";3;0;0;0;0;0;0;0;0;0;3;0;0;0;0
"11/01/2018";"10:27:00";"37";"com vítima";"124,6";"BR-116/SC";"Norte";"Saida de Pista";1;0;0;0;0;0;0;0;0;0;0;1;0;0;0
"11/01/2018";"12:58:00";"58";"sem vítima";"245";"BR-116/SC";"Norte";"Colisão Transversal";2;0;0;0;0;0;0;0;0;0;6;0;0;0;0
"11/01/2018";"14:04:00";"67";"com vítima";"116";"BR-116/PR";"Norte";"Queda de Moto";0;0;0;1;0;0;0;0;0;0;0;1;0;0;0
"11/01/2018";"14:33:00";"71";"com vítima";"115,03";"BR-116/SC";"Norte";"Choque - Defensa, barreira ou "submarino"";1;0;0;0;0;0;0;0;0;0;2;1;0;0;0
"11/01/2018";"20:36:00";"105";"sem vítima";"3,4";"BR-116/SC";"Sul";"Colisão Transversal";2;0;0;0;0;0;0;0;0;0;6;0;0;0;0
"11/01/2018";"23:17:00";"112";"sem vítima";"95,5";"BR-116/SC";"Norte";"Choque - Talude";1;0;0;0;0;0;0;0;0;0;1;0;0;0;0
"12/01/2018";"01:57:00";"3";"sem vítima";"118";"BR-116/PR";"Norte";"Choque - Defensa, barreira ou "submarino"";1;0;0;0;0;0;0;0;0;0;1;0;0;0;0
"12/01/2018";"20:36:00";"98";"com vítima";"125";"BR-116/PR";"Norte";"Colisão Traseira";0;0;1;1;0;0;0;0;0;0;1;0;0;1;0
"13/01/2018";"14:08:00";"43";"sem vítima";"4,9";"BR-116/SC";"Sul";"Colisão Transversal";1;0;1;0;0;0;0;0;0;0;2;0;0;0;0
"13/01/2018";"19:57:00";"80";"sem vítima";"126";"BR-116/PR";"Norte";"Choque - Talude";1;0;0;0;0;0;0;0;0;0;1;0;0;0;0
"14/01/2018";"06:32:00";"9";"sem vítima";"0,1";"BR-116/SC";"Norte";"Choque - Defensa, barreira ou "submarino"";1;0;0;0;0;0;0;0;0;0;1;0;0;0;0
"14/01/2018";"17:42:00";"62";"sem vítima";"254,7";"BR-116/SC";"Sul";"Choque - Outros";1;0;0;0;0;0;0;0;0;0;1;0;0;0;0
"15/01/2018";"18:55:00";"103";"sem vítima";"117";"BR-116/PR";"Norte";"Colisão Traseira";2;0;0;0;0;0;0;0;0;0;2;0;0;0;0
"15/01/2018";"23:45:00";"125";"sem vítima";"204,1";"BR-116/PR";"Norte";"Choque - Defensa, barreira ou "submarino"";0;0;0;0;0;1;0;0;0;0;1;0;0;0;0
"16/01/2018";"16:06:00";"54";"com vítima";"159,5";"BR-116/PR";"Norte";"Queda de Moto";0;0;0;1;0;0;0;0;0;0;1;1;0;0;0
"16/01/2018";"16:31:00";"60";"sem vítima";"81,6";"BR-116/SC";"Norte";"Colisão Traseira";0;0;1;0;0;0;0;0;0;1;3;0;0;0;0
"16/01/2018";"18:00:00";"70";"sem vítima";"152";"BR-116/PR";"Sul";"Colisão Transversal";0;0;2;0;0;0;0;0;0;0;2;0;0;0;0
"17/01/2018";"11:51:00";"49";"com vítima";"254";"BR-116/SC";"Norte";"Colisão Traseira";1;0;1;0;0;0;0;0;0;0;1;1;0;0;0
"17/01/2018";"23:53:00";"122";"sem vítima";"153,2";"BR-116/PR";"Norte";"Colisão Traseira";2;0;0;0;0;0;0;0;0;0;2;0;0;0;0
"18/01/2018";"07:26:00";"10";"com vítima";"143";"BR-116/SC";"Norte";"Colisão Frontal";0;0;2;0;0;0;0;0;0;0;1;1;0;0;0
"18/01/2018";"12:20:00";"47";"sem vítima";"203";"BR-116/PR";"Norte";"Colisão Traseira";1;0;1;0;0;0;0;0;0;0;2;0;0;0;0
"18/01/2018";"15:27:00";"71";"com vítima";"157,6";"BR-116/PR";"Norte";"Colisão Frontal";1;0;1;0;0;0;0;0;0;0;1;0;0;0;1
"18/01/2018";"21:25:00";"110";"sem vítima";"235";"BR-116/SC";"Sul";"Choque - Elemento de Drenagem";1;0;0;0;0;0;0;0;0;0;1;0;0;0;0
"19/01/2018";"14:47:00";"66";"sem vítima";"222,8";"BR-116/SC";"Sul";"Choque - Defensa, barreira ou "submarino"";1;0;0;0;0;0;0;0;0;0;2;0;0;0;0
"19/01/2018";"14:52:00";"68";"sem vítima";"191";"BR-116/PR";"Sul";"Colisão Traseira";0;0;1;0;0;1;0;0;0;0;2;0;0;0;0
"19/01/2018";"18:07:00";"100";"sem vítima";"209";"BR-116/PR";"Sul";"Colisão Traseira";0;0;2;0;0;0;0;0;0;0;2;0;0;0;0
"20/01/2018";"00:47:00";"3";"sem vítima";"117";"BR-116/PR";"Sul";"Colisão Traseira";2;0;0;0;0;0;0;0;0;0;2;0;0;0;0
"21/01/2018";"02:33:00";"4";"sem vítima";"77,5";"BR-116/SC";"Norte";"Choque - Talude";1;0;0;0;0;0;0;0;0;0;1;0;0;0;0
"21/01/2018";"03:13:00";"6";"sem vítima";"119";"BR-116/PR";"Sul";"Choque - Elemento de Drenagem";1;0;0;0;0;0;0;0;0;0;1;0;0;0;0
"21/01/2018";"04:28:00";"7";"sem vítima";"107,9";"BR-116/SC";"Sul";"Choque - Suporte de Sinalização";0;0;0;0;0;0;0;0;0;1;1;0;0;0;0
"21/01/2018";"17:48:00";"70";"com vítima";"64,3";"BR-116/SC";"Norte";"Colisão Transversal";1;0;0;1;0;0;0;0;0;0;4;0;0;2;0
"21/01/2018";"18:19:00";"73";"com vítima";"193,4";"BR-116/SC";"Sul";"Choque - Talude";1;0;0;0;0;0;0;0;0;0;0;2;0;0;0
"22/01/2018";"05:45:00";"6";"sem vítima";"271";"BR-116/SC";"Norte";"Atropelamento de Animal";1;0;0;0;0;0;0;0;0;0;1;0;0;0;0
"22/01/2018";"07:46:00";"13";"sem vítima";"126";"BR-116/PR";"Norte";"Colisão Traseira";1;0;0;1;0;0;0;0;0;0;2;0;0;0;0
"22/01/2018";"15:56:00";"43";"sem vítima";"132";"BR-116/PR";"Sul";"Queda de Moto";0;0;0;1;0;0;0;0;0;0;1;0;0;0;0
"22/01/2018";"21:54:00";"75";"com vítima";"144";"BR-116/PR";"Sul";"Choque - Outros";0;0;0;1;0;0;0;0;0;0;1;1;0;0;0
"23/01/2018";"11:24:00";"47";"com vítima";"166,7";"BR-116/PR";"Norte";"Colisão Transversal";1;0;0;0;0;0;0;0;0;1;1;2;0;0;0
"23/01/2018";"16:06:00";"84";"com vítima";"267,7";"BR-116/SC";"Norte";"Colisão Transversal";2;0;0;0;0;0;0;0;0;0;3;1;0;0;0
"24/01/2018";"07:39:00";"16";"sem vítima";"194,4";"BR-116/PR";"Sul";"Choque - Defensa, barreira ou "submarino"";0;0;1;0;0;0;0;0;0;0;1;0;0;0;0
"24/01/2018";"08:25:00";"24";"com vítima";"221,5";"BR-116/SC";"Norte";"Choque - Defensa, barreira ou "submarino"";0;0;1;0;0;0;0;0;0;0;0;1;0;0;0
"24/01/2018";"16:17:00";"96";"com vítima";"226,4";"BR-116/SC";"Norte";"Choque - Talude";1;0;0;0;0;0;0;0;0;0;0;1;0;0;0
"24/01/2018";"22:45:00";"127";"sem vítima";"119";"BR-116/PR";"Sul";"Colisão Traseira";2;0;0;0;0;0;0;0;0;0;4;0;0;0;0
"25/01/2018";"05:13:00";"11";"com vítima";"127,8";"BR-116/PR";"Norte";"Colisão Lateral";0;0;0;1;0;0;0;0;0;1;1;1;0;0;0
"25/01/2018";"15:53:00";"98";"com vítima";"116";"BR-116/PR";"Sul";"Colisão Traseira";1;0;0;1;0;0;0;0;0;0;1;2;0;0;0
"26/01/2018";"00:35:00";"2";"sem vítima";"155,3";"BR-116/PR";"Sul";"Capotamento";1;0;0;0;0;0;0;0;0;0;1;0;0;0;0
"26/01/2018";"00:43:00";"4";"sem vítima";"115,5";"BR-116/PR";"Norte";"Choque - Poste";1;0;0;0;0;0;0;0;0;0;1;0;0;0;0
"26/01/2018";"06:07:00";"18";"sem vítima";"60";"BR-116/SC";"Norte";"Colisão Transversal";1;0;1;0;0;0;0;0;0;0;2;0;0;0;0
"27/01/2018";"12:36:00";"50";"sem vítima";"245,6";"BR-116/SC";"Sul";"Colisão Transversal";2;0;0;0;0;0;0;0;0;0;2;0;0;0;0
"27/01/2018";"21:36:00";"106";"sem vítima";"245,6";"BR-116/SC";"Norte";"Colisão Transversal";2;0;0;0;0;0;0;0;0;0;2;0;0;0;0
"28/01/2018";"06:46:00";"13";"com vítima";"134,75";"BR-116/SC";"Norte";"Saida de Pista";1;0;0;0;0;0;0;0;0;0;2;1;0;0;0
"28/01/2018";"20:08:00";"90";"sem vítima";"118,6";"BR-116/PR";"Sul";"Queda de Moto";1;0;0;1;0;1;0;0;0;0;4;0;0;0;0
"28/01/2018";"20:31:00";"92";"sem vítima";"142";"BR-116/PR";"Norte";"Colisão Traseira";2;0;0;0;0;0;0;0;0;0;2;0;0;0;0
"29/01/2018";"00:45:00";"2";"sem vítima";"151,15";"BR-116/SC";"Norte";"Saida de Pista";0;0;1;0;0;0;0;0;0;0;1;0;0;0;0
"29/01/2018";"05:43:00";"14";"com vítima";"64,5";"BR-116/SC";"Norte";"Choque - Objeto sobre a pista";2;0;0;0;0;0;0;0;0;0;1;1;0;0;0
"29/01/2018";"05:43:00";"9";"com vítima";"64,5";"BR-116/SC";"Sul";"Choque - Objeto sobre a pista";1;0;0;0;0;0;0;0;0;0;0;1;0;0;0
"29/01/2018";"06:13:00";"12";"sem vítima";"115";"BR-116/SC";"Sul";"Choque - Defensa, barreira ou "submarino"";1;0;0;0;0;0;0;0;0;0;4;0;0;0;0
"29/01/2018";"11:43:00";"45";"sem vítima";"245,6";"BR-116/SC";"Norte";"Colisão Transversal";2;0;0;0;0;0;0;0;0;0;3;0;0;0;0
"29/01/2018";"16:12:00";"67";"com vítima";"106,15";"BR-116/SC";"Norte";"Tombamento";0;0;2;0;0;0;0;0;0;0;1;4;0;0;0
"31/01/2018";"06:43:00";"14";"sem vítima";"35";"BR-116/SC";"Norte";"Colisão Lateral";0;0;1;0;0;0;0;0;1;0;2;0;0;0;0
"31/01/2018";"07:58:00";"24";"sem vítima";"123";"BR-116/PR";"Norte";"Engavetamento";3;0;0;0;0;0;0;0;0;0;3;0;0;0;0
"31/01/2018";"11:44:00";"55";"sem vítima";"114";"BR-116/SC";"Sul";"Colisão Lateral";1;0;1;0;0;0;0;0;0;0;2;0;0;0;0
"31/01/2018";"12:43:00";"65";"sem vítima";"7";"BR-116/SC";"Sul";"Colisão Lateral";1;0;1;0;0;0;0;0;0;0;2;0;0;0;0
"31/01/2018";"14:28:00";"77";"com vítima";"254,5";"BR-116/SC";"Norte";"Colisão Traseira";3;0;1;0;0;0;0;0;0;0;5;1;0;1;0
"31/01/2018";"15:46:00";"90";"sem vítima";"172,1";"BR-116/PR";"Norte";"Colisão Traseira";2;0;0;0;0;0;0;0;0;0;4;0;0;0;0
"31/01/2018";"20:53:00";"124";"com vítima";"52,4";"BR-116/SC";"Norte";"Colisão Transversal";0;0;1;1;0;0;0;0;0;0;1;0;0;0;1
"01/02/2018";"08:52:00";"38";"sem vítima";"119";"BR-116/PR";"Norte";"Colisão Traseira";1;0;1;0;0;0;0;0;0;0;2;0;0;0;0
"01/02/2018";"09:36:00";"45";"sem vítima";"82,3";"BR-116/SC";"Sul";"Colisão Lateral";1;0;1;0;0;0;0;0;0;0;2;0;0;0;0
"01/02/2018";"17:31:00";"104";"com vítima";"139,9";"BR-116/SC";"Sul";"Colisão Transversal";2;0;0;0;0;0;0;0;0;0;3;1;0;0;0
"01/02/2018";"18:45:00";"115";"sem vítima";"115,95";"BR-116/PR";"Sul";"Engavetamento";3;0;0;0;0;0;0;0;0;0;8;0;0;0;0
"02/02/2018";"12:23:00";"62";"sem vítima";"142";"BR-116/PR";"Norte";"Colisão Lateral";2;0;0;0;0;1;0;0;0;0;3;0;0;0;0
"02/02/2018";"14:20:00";"73";"sem vítima";"302";"BR-116/SC";"Norte";"Colisão Transversal";2;0;1;0;0;0;0;0;0;0;3;0;0;0;0
"02/02/2018";"19:23:00";"108";"sem vítima";"117,55";"BR-116/SC";"Norte";"Tombamento";0;0;1;0;0;0;0;0;0;0;1;0;0;0;0
"02/02/2018";"19:32:00";"109";"com vítima";"69";"BR-116/SC";"Sul";"Colisão Traseira";2;0;0;0;0;0;0;0;0;0;3;2;0;0;0
"02/02/2018";"20:48:00";"114";"sem vítima";"122,537";"BR-116/PR";"Sul";"Colisão Traseira";2;0;0;0;0;0;0;0;0;0;2;0;0;0;0
"03/02/2018";"05:24:00";"11";"com vítima";"126";"BR-116/PR";"Sul";"Colisão Traseira";1;0;0;0;0;1;0;0;0;0;5;1;0;0;0
"03/02/2018";"06:30:00";"13";"sem vítima";"126";"BR-116/PR";"Norte";"Colisão Traseira";1;0;0;1;0;1;0;0;0;0;3;0;0;0;0
"03/02/2018";"06:40:00";"14";"sem vítima";"221";"BR-116/SC";"Norte";"Colisão Traseira";2;0;0;0;0;0;0;0;0;0;2;0;0;0;0
"03/02/2018";"09:43:00";"28";"com vítima";"109,1";"BR-116/SC";"Norte";"Engavetamento";1;0;2;0;0;0;0;0;0;0;2;2;0;0;0
"03/02/2018";"18:36:00";"92";"com vítima";"24";"BR-116/SC";"Norte";"Queda de Moto";0;0;0;1;0;0;0;0;0;0;0;0;0;1;0
"03/02/2018";"21:21:00";"106";"com vítima";"122,7";"BR-116/PR";"Norte";"Colisão Traseira";2;0;0;0;0;0;0;0;0;0;2;1;0;0;0
"04/02/2018";"00:00:00";"1";"com vítima";"134,15";"BR-116/PR";"Norte";"Colisão Traseira";0;0;0;1;0;1;0;0;0;0;1;1;0;0;0
"04/02/2018";"03:30:00";"8";"sem vítima";"233,16";"BR-116/SC";"Norte";"Choque - Defensa, barreira ou "submarino"";1;0;0;0;0;0;0;0;0;0;1;0;0;0;0
"04/02/2018";"05:49:00";"11";"sem vítima";"7";"BR-116/SC";"Norte";"Choque - Defensa, barreira ou "submarino"";1;0;0;0;0;0;0;0;0;0;1;0;0;0;0
"04/02/2018";"15:56:00";"56";"sem vítima";"237,6";"BR-116/SC";"Sul";"Capotamento";1;0;0;0;0;0;0;0;0;0;4;0;0;0;0
"04/02/2018";"16:36:00";"60";"sem vítima";"237,4";"BR-116/SC";"Norte";"Choque - Outros";1;0;0;0;0;0;0;0;0;0;2;0;0;0;0
"05/02/2018";"13:08:00";"53";"sem vítima";"201,9";"BR-116/PR";"Sul";"Colisão Traseira";2;0;0;0;0;0;0;0;0;0;7;0;0;0;0
"06/02/2018";"10:58:00";"39";"sem vítima";"134,1";"BR-116/PR";"Norte";"Colisão Traseira";1;0;0;0;0;0;0;0;0;0;1;0;0;0;0
"06/02/2018";"13:47:00";"62";"com vítima";"116,2";"BR-116/PR";"Sul";"Colisão Lateral";2;0;0;0;0;0;0;0;0;0;1;0;0;1;0
"07/02/2018";"07:11:00";"19";"sem vítima";"121,9";"BR-116/PR";"Sul";"Colisão Lateral";1;0;1;0;0;0;0;0;0;0;3;0;0;0;0
"07/02/2018";"07:54:00";"20";"com vítima";"117,6";"BR-116/SC";"Norte";"Tombamento";0;0;1;0;0;0;0;0;0;0;0;3;0;0;0
"07/02/2018";"09:17:00";"27";"com vítima";"140,5";"BR-116/SC";"Norte";"Colisão Frontal";0;0;1;0;0;0;0;0;0;1;1;1;0;0;0
"07/02/2018";"11:31:00";"49";"com vítima";"108,4";"BR-116/SC";"Sul";"Colisão Traseira";1;0;1;0;0;0;0;0;0;0;1;4;0;0;0
"07/02/2018";"15:38:00";"82";"sem vítima";"177";"BR-116/SC";"Norte";"Colisão Transversal";1;0;0;0;0;0;0;0;0;1;3;0;0;0;0
"07/02/2018";"16:07:00";"83";"sem vítima";"147";"BR-116/PR";"Norte";"Colisão Traseira";1;0;0;0;0;0;0;0;1;0;2;0;0;0;0
"07/02/2018";"18:22:00";"100";"sem vítima";"61";"BR-116/SC";"Norte";"Objeto lançado contra veículo";1;0;1;0;0;0;0;0;0;0;5;0;0;0;0
"08/02/2018";"07:20:00";"20";"com vítima";"116,9";"BR-116/PR";"Norte";"Colisão Traseira";1;0;0;1;0;0;0;0;0;0;1;1;0;0;0
"08/02/2018";"08:15:00";"24";"com vítima";"115,5";"BR-116/PR";"Norte";"Colisão Lateral";1;0;0;1;0;0;0;0;0;0;1;1;0;0;0
"08/02/2018";"16:09:00";"95";"com vítima";"245";"BR-116/SC";"Norte";"Colisão Traseira";1;0;0;1;0;0;0;0;0;0;1;1;0;0;0
"08/02/2018";"20:43:00";"134";"com vítima";"117";"BR-116/PR";"Sul";"Colisão Lateral";1;0;1;0;0;0;0;0;0;0;1;1;0;0;0
"08/02/2018";"23:40:00";"147";"sem vítima";"184,9";"BR-116/SC";"Sul";"Choque - Defensa, barreira ou "submarino"";0;0;0;0;0;1;0;0;0;0;1;0;0;0;0
"09/02/2018";"07:29:00";"16";"sem vítima";"233,1";"BR-116/SC";"Sul";"Colisão Traseira";2;0;0;0;0;0;0;0;0;0;2;0;0;0;0
"09/02/2018";"08:30:00";"23";"com vítima";"116";"BR-116/PR";"Norte";"Colisão Traseira";1;0;0;1;0;0;0;0;0;0;1;1;0;0;0
"09/02/2018";"12:54:00";"59";"sem vítima";"112,5";"BR-116/SC";"Norte";"Colisão Traseira";2;0;0;0;0;0;0;0;0;0;6;0;0;0;0
"09/02/2018";"13:31:00";"64";"com vítima";"245,6";"BR-116/SC";"Sul";"Colisão Transversal";2;0;0;0;0;0;0;0;0;0;2;1;0;0;0
"09/02/2018";"16:41:00";"86";"sem vítima";"126";"BR-116/PR";"Norte";"Colisão Traseira";1;0;0;0;0;0;0;0;0;1;2;0;0;0;0
"09/02/2018";"19:30:00";"106";"sem vítima";"246";"BR-116/SC";"Norte";"Colisão Transversal";2;0;0;0;0;0;0;0;0;0;2;0;0;0;0
"10/02/2018";"05:39:00";"19";"sem vítima";"4,5";"BR-116/SC";"Norte";"Colisão Transversal";1;0;1;0;0;0;0;0;0;0;2;0;0;0;0
"10/02/2018";"06:14:00";"21";"sem vítima";"4,5";"BR-116/SC";"Norte";"Colisão Transversal";1;0;1;0;0;0;0;0;0;0;2;0;0;0;0
"10/02/2018";"08:56:00";"33";"com vítima";"296";"BR-116/SC";"Norte";"Colisão Lateral";2;0;0;0;0;0;0;0;0;0;1;0;0;1;0
"10/02/2018";"12:13:00";"65";"com vítima";"126,25";"BR-116/PR";"Norte";"Colisão Traseira";0;0;2;0;0;0;0;0;0;0;1;0;0;1;0
"10/02/2018";"12:22:00";"66";"sem vítima";"245";"BR-116/SC";"Sul";"Colisão Transversal";0;0;1;0;0;1;0;0;0;0;2;0;0;0;0
"10/02/2018";"16:39:00";"99";"sem vítima";"126";"BR-116/PR";"Sul";"Queda de Moto";0;0;0;1;0;0;0;0;0;0;1;0;0;0;0
"10/02/2018";"17:47:00";"106";"com vítima";"93,9";"BR-116/SC";"Sul";"Choque - Arvore";1;0;0;0;0;0;0;0;0;0;0;0;0;1;2