data;horario;n_da_ocorrencia;tipo_de_ocorrencia;km;trecho;sentido;tipo_de_acidente;automovel;bicicleta;caminhao;moto;onibus;outros;tracao_animal;transporte_de_cargas_especiais;trator_maquinas;utilitarios;ilesos;levemente_feridos;moderadamente_feridos;gravemente_feridos;mortos
"10/02/2018";"20:51:00";"123";"com vítima";"206";"BR-116/PR";"Sul";"Queda de Moto";0;0;0;1;0;0;0;0;0;0;1;1;0;0;0
"10/02/2018";"22:00:00";"125";"com vítima";"172,2";"BR-116/SC";"Norte";"Atropelamento - Andarilho";0;0;1;0;0;0;0;0;0;0;1;1;0;0;0
"11/02/2018";"04:52:00";"15";"sem vítima";"107,8";"BR-116/SC";"Norte";"Saida de Pista";1;0;0;0;0;0;0;0;0;0;5;0;0;0;0
"11/02/2018";"05:11:00";"17";"sem vítima";"141,3";"BR-116/SC";"Norte";"Saida de Pista";1;0;0;0;0;0;0;0;0;0;6;0;0;0;0
"11/02/2018";"09:10:00";"34";"sem vítima";"115";"BR-116/PR";"Sul";"Saida de Pista";1;0;0;0;0;0;0;0;0;0;1;0;0;0;0
"11/02/2018";"13:30:00";"51";"com vítima";"93,2";"BR-116/SC";"Norte";"Colisão Lateral";2;0;0;0;0;0;0;0;0;0;2;5;0;0;0
"11/02/2018";"14:52:00";"60";"sem vítima";"142";"BR-116/PR";"Sul";"Queda de Moto";0;0;0;1;0;0;0;0;0;0;1;0;0;0;0
"12/02/2018";"16:18:00";"67";"com vítima";"167,4";"BR-116/PR";"Norte";"Atropelamento - Morador";0;0;1;0;0;0;0;0;0;0;1;0;0;1;0
"12/02/2018";"19:11:00";"91";"sem vítima";"220,2";"BR-116/SC";"Sul";"Colisão Transversal";1;0;1;0;0;0;0;0;0;0;2;0;0;0;0
"12/02/2018";"19:36:00";"93";"sem vítima";"150";"BR-116/PR";"Norte";"Colisão Lateral";2;0;0;0;0;0;0;0;0;0;3;0;0;0;0
"13/02/2018";"10:53:00";"31";"sem vítima";"122";"BR-116/PR";"Norte";"Colisão Traseira";2;0;0;0;0;0;0;0;0;0;2;0;0;0;0
"13/02/2018";"22:01:00";"90";"com vítima";"247,85";"BR-116/SC";"Sul";"Colisão Lateral";1;0;1;0;0;0;0;0;0;0;2;4;0;0;0
"14/02/2018";"16:21:00";"63";"sem vítima";"245";"BR-116/SC";"Sul";"Colisão Transversal";1;0;0;0;0;0;0;0;0;1;5;0;0;0;0
"14/02/2018";"17:30:00";"74";"com vítima";"166,1";"BR-116/PR";"Norte";"Colisão Transversal";2;0;0;0;0;0;0;0;0;0;3;1;0;0;0
"15/02/2018";"08:08:00";"19";"sem vítima";"115";"BR-116/PR";"Norte";"Colisão Lateral";1;0;1;0;0;0;0;0;0;0;2;0;0;0;0
"15/02/2018";"09:15:00";"30";"sem vítima";"154";"BR-116/PR";"Norte";"Tombamento";0;0;1;0;0;0;0;0;0;0;1;0;0;0;0
"15/02/2018";"10:39:00";"42";"sem vítima";"134";"BR-116/PR";"Sul";"Choque - Defensa, barreira ou "submarino"";0;0;1;0;0;0;0;0;0;0;1;0;0;0;0
"15/02/2018";"14:32:00";"62";"sem vítima";"247,8";"BR-116/SC";"Sul";"Colisão Traseira";1;0;1;0;0;0;0;0;0;0;3;0;0;0;0
"15/02/2018";"14:54:00";"63";"sem vítima";"125";"BR-116/PR";"Sul";"Choque - Poste";0;0;1;0;0;1;0;0;0;0;2;0;0;0;0
"16/02/2018";"07:57:00";"17";"com vítima";"116";"BR-116/PR";"Norte";"Colisão Lateral";2;0;0;1;0;0;0;0;0;0;2;2;0;0;0
"16/02/2018";"08:17:00";"20";"com vítima";"251";"BR-116/SC";"Norte";"Colisão Transversal";1;0;1;0;0;0;0;0;0;0;1;1;0;0;0
"16/02/2018";"08:46:00";"26";"sem vítima";"210,6";"BR-116/SC";"Sul";"Colisão Lateral";0;0;0;0;0;1;0;0;0;1;2;0;0;0;0
"16/02/2018";"19:04:00";"92";"com vítima";"222";"BR-116/SC";"Sul";"Capotamento";1;0;0;0;0;0;0;0;0;0;2;1;0;0;0
"16/02/2018";"21:46:00";"110";"sem vítima";"166";"BR-116/PR";"Sul";"Colisão Transversal";2;0;0;0;0;0;0;0;0;0;2;0;0;0;0
"17/02/2018";"03:09:00";"8";"sem vítima";"53,85";"BR-116/SC";"Norte";"Saida de Pista";0;0;0;0;0;0;0;0;0;1;1;0;0;0;0
"17/02/2018";"10:09:00";"33";"com vítima";"188,8";"BR-116/PR";"Norte";"Colisão Lateral";1;0;1;0;0;0;0;0;0;0;1;2;0;0;0
"17/02/2018";"12:15:00";"47";"sem vítima";"145,7";"BR-116/PR";"Sul";"Colisão Frontal";1;0;1;0;1;0;0;0;0;0;4;0;0;0;0
"17/02/2018";"13:02:00";"52";"sem vítima";"117,7";"BR-116/SC";"Sul";"Choque - Defensa, barreira ou "submarino"";1;0;0;0;0;0;0;0;0;0;1;0;0;0;0
"17/02/2018";"18:17:00";"82";"sem vítima";"136";"BR-116/PR";"Norte";"Atropelamento de Animal";1;0;0;0;0;0;0;0;0;0;4;0;0;0;0
"18/02/2018";"19:25:00";"64";"sem vítima";"205,8";"BR-116/PR";"Norte";"Colisão Lateral";0;0;1;0;0;0;0;0;0;1;2;0;0;0;0
"19/02/2018";"06:57:00";"17";"sem vítima";"166";"BR-116/SC";"Norte";"Colisão Traseira";1;0;1;0;0;0;0;0;0;0;2;0;0;0;0
"19/02/2018";"12:40:00";"53";"com vítima";"4,5";"BR-116/SC";"Sul";"Colisão Transversal";1;0;0;1;0;0;0;0;0;0;1;1;0;0;0
"19/02/2018";"16:27:00";"84";"sem vítima";"119";"BR-116/PR";"Norte";"Colisão Transversal";2;0;0;0;0;0;0;0;0;0;2;0;0;0;0
"19/02/2018";"19:37:00";"98";"sem vítima";"58";"BR-116/SC";"Sul";"Colisão Transversal";2;0;0;0;0;0;0;0;0;0;4;0;0;0;0
"19/02/2018";"19:43:00";"99";"sem vítima";"4,5";"BR-116/SC";"Sul";"Colisão Transversal";2;0;0;0;0;0;0;0;0;0;2;0;0;0;0
"20/02/2018";"00:20:00";"1";"sem vítima";"247,8";"BR-116/SC";"Sul";"Atropelamento de Animal";1;0;0;0;0;0;0;0;0;0;1;0;0;0;0
"20/02/2018";"16:23:00";"73";"sem vítima";"184";"BR-116/SC";"Sul";"Colisão Traseira";1;0;0;0;0;1;0;0;0;0;2;0;0;0;0
"20/02/2018";"16:26:00";"74";"sem vítima";"136";"BR-116/SC";"Sul";"Colisão Traseira";0;0;2;0;0;0;0;0;0;0;2;0;0;0;0
"20/02/2018";"19:44:00";"100";"sem vítima";"178";"BR-116/SC";"Sul";"Colisão Traseira";2;0;2;0;0;0;0;0;0;0;4;0;0;0;0
"21/02/2018";"00:16:00";"1";"com vítima";"138";"BR-116/SC";"Norte";"Saida de Pista";0;0;0;0;0;0;0;0;0;1;0;1;0;0;0
"21/02/2018";"21:25:00";"97";"com vítima";"142,15";"BR-116/SC";"Sul";"Colisão Transversal";0;0;1;0;0;0;0;0;0;1;1;1;0;0;0
"22/02/2018";"08:56:00";"34";"sem vítima";"117";"BR-116/PR";"Norte";"Colisão Traseira";1;0;1;0;0;0;0;0;0;0;2;0;0;0;0
"22/02/2018";"16:12:00";"95";"sem vítima";"42,4";"BR-116/SC";"Sul";"Saida de Pista";0;0;0;1;0;0;0;0;0;0;1;0;0;0;0
"22/02/2018";"22:27:00";"131";"sem vítima";"192,8";"BR-116/PR";"Norte";"Queda de Moto";0;0;0;1;0;0;0;0;0;0;1;0;0;0;0
"23/02/2018";"08:54:00";"28";"sem vítima";"64";"BR-116/SC";"Norte";"Colisão Transversal";1;0;1;0;0;0;0;0;0;0;2;0;0;0;0
"23/02/2018";"10:37:00";"45";"sem vítima";"253";"BR-116/SC";"Norte";"Colisão Traseira";0;0;2;0;0;0;0;0;0;0;2;0;0;0;0
"24/02/2018";"11:21:00";"48";"sem vítima";"69";"BR-116/SC";"Sul";"Colisão Transversal";1;0;0;0;0;0;0;0;0;1;2;0;0;0;0
"24/02/2018";"20:03:00";"90";"sem vítima";"126";"BR-116/PR";"Norte";"Colisão Traseira";3;0;0;0;0;0;0;0;0;0;3;0;0;0;0
"25/02/2018";"09:35:00";"24";"sem vítima";"126";"BR-116/PR";"Norte";"Colisão Traseira";1;0;1;0;0;0;0;0;0;0;2;0;0;0;0
"25/02/2018";"17:38:00";"69";"com vítima";"52,6";"BR-116/SC";"Norte";"Colisão Transversal";1;0;0;0;0;0;0;0;0;1;3;0;0;1;0
"25/02/2018";"18:52:00";"81";"sem vítima";"126,3";"BR-116/PR";"Norte";"Engavetamento";3;0;0;0;0;0;0;0;0;0;3;0;0;0;0
"26/02/2018";"07:56:00";"19";"sem vítima";"45,8";"BR-116/SC";"Norte";"Saida de Pista";1;0;0;0;0;0;0;0;0;0;3;0;0;0;0
"26/02/2018";"08:09:00";"21";"sem vítima";"124";"BR-116/PR";"Norte";"Colisão Traseira";2;0;0;0;0;0;0;0;0;0;2;0;0;0;0
"26/02/2018";"10:58:00";"45";"com vítima";"251";"BR-116/SC";"Norte";"Engavetamento";3;0;0;0;0;0;0;0;0;0;2;1;0;0;0
"26/02/2018";"11:45:00";"38";"sem vítima";"117";"BR-116/PR";"Norte";"Colisão Traseira";2;0;0;0;0;0;0;0;0;0;2;0;0;0;0
"26/02/2018";"13:51:00";"67";"com vítima";"139,8";"BR-116/SC";"Sul";"Colisão Transversal";1;0;1;0;0;1;0;0;0;0;2;1;0;0;0
"26/02/2018";"16:27:00";"90";"sem vítima";"170";"BR-116/PR";"Sul";"Colisão Traseira";1;0;1;0;0;0;0;0;0;0;2;0;0;0;0
"26/02/2018";"19:19:00";"101";"com vítima";"77,9";"BR-116/SC";"Sul";"Atropelamento - Ciclista";0;0;0;1;0;0;0;0;0;0;1;1;0;0;0
"27/02/2018";"08:22:00";"21";"sem vítima";"116";"BR-116/PR";"Norte";"Colisão Lateral";1;0;0;1;0;0;0;0;0;0;2;0;0;0;0
"27/02/2018";"09:31:00";"28";"com vítima";"5,6";"BR-116/SC";"Norte";"Colisão Transversal";1;0;1;0;0;0;0;0;0;0;1;1;0;0;0
"27/02/2018";"12:02:00";"62";"com vítima";"118,8";"BR-116/PR";"Sul";"Queda de Moto";0;0;0;1;0;0;0;0;0;0;0;2;0;0;0
"27/02/2018";"15:01:00";"83";"sem vítima";"170,8";"BR-116/SC";"Sul";"Saida de Pista";0;0;1;0;0;0;0;0;0;0;1;0;0;0;0
"27/02/2018";"15:50:00";"87";"sem vítima";"191";"BR-116/PR";"Norte";"Queda de Moto";0;0;0;1;0;0;0;0;0;0;1;0;0;0;0
"28/02/2018";"12:51:00";"76";"sem vítima";"75,8";"BR-116/SC";"Sul";"Saida de Pista";0;0;0;0;0;0;0;0;0;1;1;0;0;0;0
"28/02/2018";"14:33:00";"87";"sem vítima";"117";"BR-116/PR";"Sul";"Choque - Veiculo parado na pista";1;0;1;0;0;0;0;0;0;0;2;0;0;0;0
"28/02/2018";"15:16:00";"97";"com vítima";"23";"BR-116/SC";"Sul";"Queda de Moto";0;0;0;1;0;0;0;0;0;0;0;1;0;0;0
"28/02/2018";"16:21:00";"103";"sem vítima";"116";"BR-116/PR";"Sul";"Colisão Lateral";1;0;1;0;0;0;0;0;0;0;2;0;0;0;0
"28/02/2018";"19:14:00";"126";"sem vítima";"139";"BR-116/SC";"Norte";"Colisão Transversal";0;0;1;0;0;0;0;0;0;1;2;0;0;0;0
"01/03/2018";"11:48:00";"57";"sem vítima";"245";"BR-116/SC";"Sul";"Colisão Lateral";2;0;0;0;0;0;0;0;0;0;2;0;0;0;0
"01/03/2018";"18:28:00";"100";"sem vítima";"143,25";"BR-116/SC";"Norte";"Colisão Lateral";1;0;1;0;0;0;0;0;0;0;2;0;0;0;0
"02/03/2018";"09:37:00";"46";"sem vítima";"253,3";"BR-116/SC";"Norte";"Colisão Traseira";2;0;0;0;0;0;0;0;0;0;2;0;0;0;0
"02/03/2018";"11:29:00";"62";"sem vítima";"258";"BR-116/SC";"Norte";"Colisão Lateral";0;0;1;0;0;0;0;0;0;1;2;0;0;0;0
"02/03/2018";"14:38:00";"84";"sem vítima";"263,7";"BR-116/SC";"Norte";"Capotamento";1;0;0;0;0;0;0;0;0;0;1;0;0;0;0
"02/03/2018";"17:42:00";"102";"com vítima";"117";"BR-116/PR";"Norte";"Colisão Traseira";1;0;0;1;0;0;0;0;0;0;1;1;0;0;0
"02/03/2018";"17:50:00";"107";"com vítima";"135";"BR-116/PR";"Norte";"Atropelamento - Morador";1;0;0;0;0;0;0;0;0;0;1;0;0;1;0
"02/03/2018";"17:57:00";"108";"sem vítima";"30,15";"BR-116/SC";"Sul";"Colisão Traseira";1;0;0;0;0;0;0;0;0;1;2;0;0;0;0
"03/03/2018";"18:01:00";"89";"sem vítima";"296";"BR-116/SC";"Norte";"Choque - Objeto sobre a pista";1;0;1;0;0;0;0;0;0;0;4;0;0;0;0
"03/03/2018";"19:15:00";"98";"sem vítima";"132";"BR-116/PR";"Norte";"Engavetamento";2;0;0;0;1;0;0;0;0;0;3;0;0;0;0
"04/03/2018";"06:02:00";"16";"sem vítima";"224";"BR-116/SC";"Norte";"Colisão Lateral";2;0;0;0;0;0;0;0;0;0;2;0;0;0;0
"04/03/2018";"15:31:00";"62";"com vítima";"122";"BR-116/PR";"Sul";"Choque - Poste";1;0;0;0;0;0;0;0;0;0;0;1;0;0;0
"04/03/2018";"15:58:00";"66";"com vítima";"209";"BR-116/SC";"Norte";"Colisão Transversal";1;0;0;1;0;0;0;0;0;0;1;1;0;0;0
"04/03/2018";"16:56:00";"74";"sem vítima";"119";"BR-116/PR";"Sul";"Colisão Lateral";3;0;0;0;0;0;0;0;0;0;7;0;0;0;0
"04/03/2018";"22:29:00";"103";"sem vítima";"288,3";"BR-116/SC";"Sul";"Saida de Pista";0;0;1;0;0;0;0;0;0;0;1;0;0;0;0
"05/03/2018";"03:34:00";"6";"sem vítima";"15,7";"BR-116/SC";"Norte";"Choque - Talude";0;0;1;0;0;0;0;0;0;0;1;0;0;0;0
"05/03/2018";"07:53:00";"23";"com vítima";"120";"BR-116/PR";"Norte";"Engavetamento";3;0;0;0;0;0;0;0;0;0;3;1;0;0;0
"06/03/2018";"13:06:00";"62";"sem vítima";"0,2";"BR-116/SC";"Norte";"Colisão Traseira";1;0;1;0;0;0;0;0;0;0;2;0;0;0;0
"06/03/2018";"19:56:00";"96";"com vítima";"11,7";"BR-116/SC";"Norte";"Choque - Defensa, barreira ou "submarino"";0;0;1;0;0;0;0;0;0;0;1;2;0;0;0
"07/03/2018";"06:22:00";"12";"sem vítima";"125";"BR-116/PR";"Norte";"Colisão Traseira";1;0;1;0;0;0;0;0;0;0;2;0;0;0;0
"07/03/2018";"06:59:00";"15";"com vítima";"120,3";"BR-116/PR";"Sul";"Saida de Pista";1;0;0;0;0;0;0;0;0;0;0;1;0;0;0
"07/03/2018";"12:09:00";"71";"sem vítima";"167";"BR-116/PR";"Norte";"Colisão Transversal";1;0;0;0;0;1;0;0;0;0;2;0;0;0;0
"08/03/2018";"16:41:00";"98";"sem vítima";"251";"BR-116/SC";"Norte";"Choque - Veiculo parado na pista";1;0;1;0;0;0;0;0;0;0;2;0;0;0;0
"09/03/2018";"15:52:00";"78";"sem vítima";"148";"BR-116/SC";"Norte";"Choque - Talude";0;0;1;0;0;0;0;0;0;0;1;0;0;0;0
"09/03/2018";"18:16:00";"102";"com vítima";"58,4";"BR-116/SC";"Sul";"Colisão Frontal";2;0;0;0;0;0;0;0;0;0;4;2;0;0;0
"09/03/2018";"23:11:00";"127";"com vítima";"142,95";"BR-116/PR";"Sul";"Colisão Lateral";0;0;0;1;0;1;0;0;0;0;1;1;0;0;0
"10/03/2018";"06:36:00";"9";"sem vítima";"121";"BR-116/PR";"Norte";"Saida de Pista";1;0;0;0;0;0;0;0;0;0;1;0;0;0;0
"10/03/2018";"10:19:00";"45";"sem vítima";"54";"BR-116/SC";"Norte";"Colisão Lateral";1;0;1;0;0;0;0;0;0;0;2;0;0;0;0
"10/03/2018";"14:00:00";"59";"com vítima";"117,4";"BR-116/SC";"Norte";"Tombamento";0;0;1;0;0;0;0;0;0;0;0;1;0;0;0
"10/03/2018";"15:10:00";"62";"com vítima";"119";"BR-116/PR";"Norte";"Colisão Traseira";1;0;0;1;0;0;0;0;0;0;1;2;0;0;0
"10/03/2018";"15:12:00";"64";"sem vítima";"124";"BR-116/PR";"Norte";"Engavetamento";1;0;0;0;0;2;0;0;0;0;6;0;0;0;0
"10/03/2018";"17:09:00";"73";"sem vítima";"209";"BR-116/PR";"Sul";"Colisão Lateral";2;0;0;0;0;0;0;0;0;0;2;0;0;0;0
"11/03/2018";"00:01:00";"1";"sem vítima";"127";"BR-116/PR";"Sul";"Saida de Pista";1;0;0;0;0;0;0;0;0;0;1;0;0;0;0
"11/03/2018";"03:18:00";"9";"com vítima";"156,4";"BR-116/SC";"Sul";"Choque - Defensa, barreira ou "submarino"";1;0;0;0;0;0;0;0;0;0;0;2;0;0;0
"11/03/2018";"07:07:00";"17";"sem vítima";"140";"BR-116/SC";"Norte";"Atropelamento de Animal";1;0;0;0;0;0;0;0;0;0;1;0;0;0;0
"11/03/2018";"17:07:00";"75";"com vítima";"1";"BR-116/SC";"Norte";"Colisão Lateral";0;0;1;1;0;0;0;0;0;0;1;1;0;0;0
"11/03/2018";"21:44:00";"100";"com vítima";"41,8";"BR-116/SC";"Sul";"Colisão Frontal";0;0;1;0;0;0;0;0;0;2;7;0;0;1;0
"11/03/2018";"22:18:00";"101";"com vítima";"0,1";"BR-116/SC";"Norte";"Queda de Moto";0;0;0;1;0;0;0;0;0;0;0;1;0;0;0
"13/03/2018";"17:35:00";"99";"com vítima";"48";"BR-116/SC";"Sul";"Colisão Traseira";1;0;0;0;0;1;0;0;0;0;4;0;0;1;0
"13/03/2018";"18:08:00";"105";"com vítima";"224";"BR-116/SC";"Norte";"Colisão Traseira";1;0;1;0;0;0;0;0;0;0;1;1;0;0;0
"13/03/2018";"18:10:00";"106";"sem vítima";"224,4";"BR-116/SC";"Sul";"Objeto lançado contra veículo";1;0;1;0;0;0;0;0;0;0;2;0;0;0;0
"13/03/2018";"19:36:00";"120";"com vítima";"159";"BR-116/PR";"Norte";"Colisão Transversal";0;0;1;1;0;0;0;0;0;0;1;2;0;0;0
"14/03/2018";"05:39:00";"8";"sem vítima";"143,95";"BR-116/SC";"Sul";"Tombamento";0;0;1;0;0;0;0;0;0;0;1;0;0;0;0
"14/03/2018";"05:42:00";"9";"com vítima";"114,9";"BR-116/SC";"Norte";"Tombamento";0;0;1;0;0;0;0;0;0;0;0;0;0;1;0
"14/03/2018";"13:25:00";"71";"com vítima";"119";"BR-116/PR";"Sul";"Choque - Veiculo parado na pista";2;0;0;0;0;0;0;0;0;0;1;1;0;0;0
"14/03/2018";"17:24:00";"84";"sem vítima";"119";"BR-116/PR";"Sul";"Colisão Traseira";2;0;0;0;0;0;0;0;0;0;2;0;0;0;0
"14/03/2018";"18:14:00";"91";"com vítima";"142,2";"BR-116/SC";"Norte";"Colisão Frontal";1;0;1;0;0;0;0;0;0;1;3;0;0;0;2
"14/03/2018";"19:11:00";"96";"sem vítima";"121,967";"BR-116/PR";"Norte";"Engavetamento";3;0;0;0;0;0;0;0;0;1;4;0;0;0;0
"15/03/2018";"02:59:00";"9";"com vítima";"117,2";"BR-116/SC";"Sul";"Capotamento";1;0;0;0;0;0;0;0;0;0;2;2;0;0;0
"15/03/2018";"16:01:00";"104";"sem vítima";"259,9";"BR-116/SC";"Norte";"Choque - Talude";0;0;1;0;0;0;0;0;0;0;1;0;0;0;0
"15/03/2018";"16:05:00";"105";"sem vítima";"12";"BR-116/SC";"Sul";"Colisão Transversal";0;0;2;0;0;0;0;0;0;0;2;0;0;0;0
"17/03/2018";"07:14:00";"19";"sem vítima";"117";"BR-116/PR";"Sul";"Colisão Lateral";1;0;0;0;0;1;0;0;0;0;2;0;0;0;0
"17/03/2018";"07:20:00";"45";"sem vítima";"117";"BR-116/PR";"Sul";"Colisão Traseira";1;0;0;0;0;1;0;0;0;0;2;0;0;0;0
"17/03/2018";"07:55:00";"24";"sem vítima";"115";"BR-116/PR";"Norte";"Colisão Transversal";2;0;0;0;0;0;0;0;0;0;2;0;0;0;0
"17/03/2018";"10:57:00";"54";"com vítima";"120";"BR-116/PR";"Sul";"Colisão Traseira";1;0;0;1;0;0;0;0;0;0;2;1;0;0;0
"17/03/2018";"11:18:00";"58";"sem vítima";"117";"BR-116/PR";"Sul";"Engavetamento";2;0;0;0;0;1;0;0;0;0;5;0;0;0;0
"17/03/2018";"11:47:00";"61";"sem vítima";"117";"BR-116/PR";"Sul";"Engavetamento";2;0;0;0;0;1;0;0;0;0;3;0;0;0;0
"17/03/2018";"13:14:00";"67";"com vítima";"119";"BR-116/PR";"Sul";"Colisão Traseira";2;0;0;0;0;1;0;0;0;0;4;0;0;1;0
"17/03/2018";"17:17:00";"98";"com vítima";"133,2";"BR-116/SC";"Norte";"Colisão Transversal";1;0;1;0;0;0;0;0;0;0;1;1;0;0;0
"17/03/2018";"18:09:00";"101";"com vítima";"202";"BR-116/PR";"Norte";"Colisão Traseira";2;0;0;0;0;0;0;0;0;0;3;2;0;0;0
"18/03/2018";"17:40:00";"70";"sem vítima";"73,8";"BR-116/SC";"Sul";"Colisão Lateral";2;0;0;0;0;0;0;0;0;0;5;0;0;0;0
"18/03/2018";"19:08:00";"76";"sem vítima";"127,5";"BR-116/PR";"Norte";"Colisão Traseira";2;0;0;0;0;1;0;0;0;0;6;0;0;0;0
"19/03/2018";"07:40:00";"15";"com vítima";"124";"BR-116/PR";"Norte";"Colisão Lateral";1;0;0;2;0;1;0;0;0;0;3;1;0;0;0
"19/03/2018";"09:41:00";"24";"sem vítima";"246";"BR-116/SC";"Norte";"Colisão Transversal";0;0;1;0;0;1;0;0;0;0;2;0;0;0;0
"19/03/2018";"18:03:00";"95";"sem vítima";"126";"BR-116/PR";"Sul";"Colisão Traseira";1;0;0;0;1;0;0;0;0;0;3;0;0;0;0
"20/03/2018";"14:26:00";"68";"sem vítima";"280,2";"BR-116/SC";"Norte";"Saida de Pista";0;0;1;0;0;0;0;0;0;0;1;0;0;0;0
"20/03/2018";"15:05:00";"78";"com vítima";"116";"BR-116/PR";"Norte";"Queda de Moto";0;0;0;1;0;0;0;0;0;0;0;1;0;0;0
"20/03/2018";"19:20:00";"106";"sem vítima";"105,7";"BR-116/SC";"Norte";"Choque - Defensa, barreira ou "submarino"";1;0;0;0;0;0;0;0;0;0;1;0;0;0;0
"21/03/2018";"05:43:00";"12";"com vítima";"117,5";"BR-116/PR";"Norte";"Queda de Moto";0;0;0;1;0;0;0;0;0;0;0;1;0;0;0
"21/03/2018";"14:32:00";"67";"com vítima";"191,8";"BR-116/PR";"Sul";"Colisão Lateral";1;0;1;0;0;0;0;0;0;0;3;1;0;0;0
"21/03/2018";"19:34:00";"116";"sem vítima";"11,5";"BR-116/SC";"Norte";"Colisão Traseira";0;0;2;0;0;0;0;0;0;0;4;0;0;0;0
"22/03/2018";"10:32:00";"46";"sem vítima";"166";"BR-116/SC";"Norte";"Choque - Veiculo parado no acostamento";1;0;0;0;0;1;0;0;0;0;2;0;0;0;0
"22/03/2018";"19:48:00";"103";"com vítima";"167";"BR-116/PR";"Sul";"Colisão Transversal";0;0;0;1;1;1;0;0;0;0;12;0;0;0;1
"22/03/2018";"22:38:00";"115";"com vítima";"131,1";"BR-116/PR";"Sul";"Queda de Moto";0;0;0;1;0;0;0;0;0;0;0;1;0;0;0
"23/03/2018";"20:21:00";"111";"com vítima";"205";"BR-116/PR";"Norte";"Colisão Lateral";0;0;1;1;0;0;0;0;0;0;2;1;0;0;0
"24/03/2018";"02:59:00";"6";"sem vítima";"220,85";"BR-116/SC";"Norte";"Saida de Pista";1;0;0;0;0;0;0;0;0;0;1;0;0;0;0
"24/03/2018";"03:22:00";"8";"sem vítima";"246,35";"BR-116/SC";"Norte";"Choque - Suporte de Sinalização";0;0;0;0;0;1;0;0;0;0;1;0;0;0;0
"24/03/2018";"04:18:00";"10";"com vítima";"156,7";"BR-116/SC";"Norte";"Colisão Frontal";1;0;1;0;0;0;0;0;0;0;1;0;0;0;1
"24/03/2018";"04:33:00";"17";"com vítima";"156,7";"BR-116/SC";"Norte";"Colisão Frontal";1;0;0;0;0;1;0;0;0;0;1;1;0;0;0
"25/03/2018";"07:32:00";"13";"sem vítima";"130,8";"BR-116/SC";"Norte";"Choque - Arvore";0;0;1;0;0;0;0;0;0;0;1;0;0;0;0
"25/03/2018";"20:08:00";"95";"sem vítima";"126";"BR-116/PR";"Sul";"Colisão Transversal";1;0;0;0;0;1;0;0;0;0;6;0;0;0;0
"26/03/2018";"16:45:00";"93";"com vítima";"135,2";"BR-116/PR";"Sul";"Colisão Lateral";1;0;0;1;0;0;0;0;0;0;3;1;0;0;0
"26/03/2018";"19:15:00";"111";"sem vítima";"147,2";"BR-116/PR";"Norte";"Saida de Pista";1;0;0;0;0;0;0;0;0;0;2;0;0;0;0
"26/03/2018";"19:51:00";"114";"com vítima";"157,2";"BR-116/PR";"Sul";"Colisão Traseira";2;0;0;0;0;1;0;0;0;0;1;1;0;1;0
"27/03/2018";"09:28:00";"24";"sem vítima";"140";"BR-116/SC";"Norte";"Choque - Talude";0;0;1;0;0;0;0;0;0;0;1;0;0;0;0
"27/03/2018";"17:16:00";"90";"com vítima";"154,9";"BR-116/SC";"Norte";"Tombamento";0;0;1;0;0;0;0;0;0;0;0;1;0;0;0
"27/03/2018";"18:57:00";"99";"com vítima";"116,3";"BR-116/PR";"Norte";"Colisão Lateral";2;0;0;2;0;0;0;0;0;0;3;1;0;0;0
"28/03/2018";"01:39:00";"3";"com vítima";"119";"BR-116/PR";"Sul";"Colisão Traseira";0;0;0;1;0;1;0;0;0;0;1;0;0;1;0
"28/03/2018";"11:29:00";"41";"com vítima";"202";"BR-116/PR";"Norte";"Colisão Traseira";2;0;1;0;0;0;0;0;0;0;2;3;0;0;0
"28/03/2018";"16:04:00";"89";"sem vítima";"198";"BR-116/SC";"Norte";"Choque - Objeto sobre a pista";0;0;2;0;0;0;0;0;0;0;3;0;0;0;0
"28/03/2018";"19:04:00";"108";"com vítima";"217,35";"BR-116/SC";"Norte";"Colisão Transversal";3;0;1;0;0;0;0;0;0;0;8;1;0;0;0
"29/03/2018";"03:27:00";"5";"sem vítima";"129,3";"BR-116/PR";"Sul";"Saida de Pista";1;0;0;0;0;0;0;0;0;0;1;0;0;0;0
"29/03/2018";"03:39:00";"6";"sem vítima";"117";"BR-116/PR";"Norte";"Saida de Pista";1;0;0;0;0;0;0;0;0;0;1;0;0;0;0
"29/03/2018";"15:00:00";"64";"sem vítima";"126";"BR-116/PR";"Norte";"Colisão Traseira";2;0;0;0;0;0;0;0;0;0;2;0;0;0;0
"29/03/2018";"15:18:00";"68";"com vítima";"23,6";"BR-116/SC";"Norte";"Colisão Frontal";1;0;0;1;0;0;0;0;0;0;1;0;0;1;0
"29/03/2018";"20:57:00";"103";"sem vítima";"228";"BR-116/SC";"Norte";"Colisão Transversal";2;0;0;0;0;0;0;0;0;0;5;0;0;0;0
"31/03/2018";"23:05:00";"82";"sem vítima";"209,7";"BR-116/PR";"Sul";"Saida de Pista";1;0;0;0;0;0;0;0;0;0;1;0;0;0;0
"01/04/2018";"10:31:00";"36";"sem vítima";"155";"BR-116/SC";"Norte";"Saida de Pista";1;0;0;0;0;0;0;0;0;0;1;0;0;0;0
"01/04/2018";"14:48:00";"62";"sem vítima";"72,15";"BR-116/SC";"Sul";"Colisão Transversal";2;0;0;0;0;0;0;0;0;0;3;0;0;0;0
"02/04/2018";"05:58:00";"15";"com vítima";"78,15";"BR-116/SC";"Sul";"Colisão Lateral";0;0;1;0;0;0;0;0;0;1;1;1;0;0;0