data;horario;n_da_ocorrencia;tipo_de_ocorrencia;km;trecho;sentido;tipo_de_acidente;automovel;bicicleta;caminhao;moto;onibus;outros;tracao_animal;transporte_de_cargas_especiais;trator_maquinas;utilitarios;ilesos;levemente_feridos;moderadamente_feridos;gravemente_feridos;mortos
"02/04/2018";"06:56:00";"17";"com vítima";"129,4";"BR-116/PR";"Norte";"Queda de Moto";0;0;0;1;0;0;0;0;0;0;1;1;0;0;0
"02/04/2018";"07:42:00";"25";"sem vítima";"155,9";"BR-116/PR";"Sul";"Choque - Defensa, barreira ou "submarino"";1;0;0;0;0;0;0;0;0;0;1;0;0;0;0
"02/04/2018";"14:04:00";"90";"sem vítima";"12";"BR-116/SC";"Norte";"Colisão Transversal";1;0;1;0;0;0;0;0;0;0;2;0;0;0;0
"02/04/2018";"16:37:00";"111";"com vítima";"122";"BR-116/PR";"Norte";"Colisão Lateral";1;0;0;1;0;0;0;0;0;0;1;1;0;0;0
"02/04/2018";"16:54:00";"114";"com vítima";"141";"BR-116/PR";"Norte";"Colisão Traseira";2;0;0;0;0;0;0;0;0;0;3;1;0;0;0
"02/04/2018";"18:26:00";"128";"com vítima";"5,1";"BR-116/SC";"Norte";"Atropelamento - Morador";0;0;1;0;0;0;0;0;0;0;1;0;0;0;1
"02/04/2018";"18:29:00";"129";"sem vítima";"115,1";"BR-116/PR";"Norte";"Colisão Traseira";2;0;0;0;0;0;0;0;0;0;2;0;0;0;0
"03/04/2018";"19:11:00";"113";"sem vítima";"115";"BR-116/PR";"Norte";"Colisão Traseira";1;0;0;1;0;0;0;0;0;0;2;0;0;0;0
"03/04/2018";"20:49:00";"121";"sem vítima";"307";"BR-116/SC";"Norte";"Colisão Lateral";0;0;2;0;0;0;0;0;0;0;2;0;0;0;0
"03/04/2018";"22:54:00";"129";"sem vítima";"132,6";"BR-116/PR";"Sul";"Capotamento";1;0;0;0;0;0;0;0;0;0;1;0;0;0;0
"04/04/2018";"00:06:00";"1";"sem vítima";"122,7";"BR-116/PR";"Sul";"Queda de Moto";0;0;0;1;0;0;0;0;0;0;1;0;0;0;0
"04/04/2018";"10:35:00";"67";"com vítima";"130";"BR-116/PR";"Sul";"Colisão Lateral";3;0;2;0;0;0;0;0;0;0;7;3;0;0;0
"04/04/2018";"15:16:00";"110";"com vítima";"5,6";"BR-116/SC";"Norte";"Colisão Transversal";1;0;0;1;0;0;0;0;0;0;3;1;0;0;0
"05/04/2018";"07:53:00";"14";"sem vítima";"117";"BR-116/PR";"Sul";"Colisão Lateral";1;0;1;0;0;0;0;0;0;0;2;0;0;0;0
"05/04/2018";"11:57:00";"65";"sem vítima";"184";"BR-116/PR";"Sul";"Colisão Lateral";1;0;1;0;0;0;0;0;0;0;2;0;0;0;0
"05/04/2018";"13:03:00";"70";"com vítima";"17,7";"BR-116/SC";"Norte";"Colisão Frontal";2;0;0;0;0;0;0;0;0;0;1;1;0;1;0
"06/04/2018";"12:39:00";"50";"sem vítima";"11,1";"BR-116/SC";"Norte";"Choque - Defensa, barreira ou "submarino"";0;0;1;0;0;0;0;0;0;0;1;0;0;0;0
"06/04/2018";"13:16:00";"57";"sem vítima";"226";"BR-116/SC";"Sul";"Colisão Transversal";2;0;0;0;0;0;0;0;0;0;2;0;0;0;0
"06/04/2018";"15:38:00";"82";"com vítima";"126";"BR-116/PR";"Norte";"Colisão Traseira";2;0;0;0;0;0;0;0;0;0;3;3;0;0;0
"07/04/2018";"03:59:00";"7";"sem vítima";"153";"BR-116/PR";"Sul";"Choque - Defensa, barreira ou "submarino"";0;0;0;0;0;1;0;0;0;0;2;0;0;0;0
"07/04/2018";"12:15:00";"49";"sem vítima";"84,3";"BR-116/SC";"Norte";"Tombamento";0;0;1;0;0;0;0;0;0;0;1;0;0;0;0
"07/04/2018";"18:26:00";"95";"sem vítima";"116";"BR-116/PR";"Sul";"Colisão Lateral";2;0;0;0;0;0;0;0;0;0;2;0;0;0;0
"07/04/2018";"22:26:00";"108";"sem vítima";"126,3";"BR-116/PR";"Norte";"Colisão Traseira";2;0;0;0;0;0;0;0;0;0;2;0;0;0;0
"08/04/2018";"06:52:00";"19";"com vítima";"0,05";"BR-116/SC";"Sul";"Colisão Traseira";1;0;0;0;0;1;0;0;0;0;2;1;0;1;0
"08/04/2018";"13:52:00";"57";"com vítima";"120";"BR-116/PR";"Norte";"Queda de Moto";1;0;0;1;0;0;0;0;0;0;1;1;0;0;0
"08/04/2018";"15:55:00";"70";"sem vítima";"12";"BR-116/SC";"Norte";"Colisão Traseira";0;0;2;0;0;0;0;0;0;0;2;0;0;0;0
"08/04/2018";"21:27:00";"95";"com vítima";"219";"BR-116/SC";"Norte";"Colisão Transversal";2;0;0;0;0;0;0;0;0;0;1;2;0;0;0
"09/04/2018";"19:45:00";"146";"sem vítima";"126";"BR-116/PR";"Norte";"Colisão Traseira";2;0;0;0;0;0;0;0;0;0;4;0;0;0;0
"09/04/2018";"22:53:00";"157";"sem vítima";"56";"BR-116/SC";"Sul";"Colisão Lateral";1;0;0;0;0;0;0;0;0;1;2;0;0;0;0
"10/04/2018";"07:08:00";"10";"com vítima";"125,7";"BR-116/PR";"Norte";"Colisão Traseira";1;0;0;1;0;0;0;0;0;0;1;1;0;0;0
"10/04/2018";"17:23:00";"107";"sem vítima";"173";"BR-116/SC";"Norte";"Colisão Lateral";2;0;0;0;0;0;0;0;0;0;3;0;0;0;0
"10/04/2018";"17:58:00";"110";"sem vítima";"137,75";"BR-116/SC";"Sul";"Colisão Lateral";2;0;0;0;0;0;0;0;0;0;4;0;0;0;0
"11/04/2018";"02:57:00";"6";"sem vítima";"134,6";"BR-116/SC";"Sul";"Choque - Arvore";0;0;1;0;0;0;0;0;0;0;1;0;0;0;0
"11/04/2018";"07:13:00";"10";"com vítima";"127,9";"BR-116/PR";"Norte";"Colisão Lateral";0;0;1;1;0;0;0;0;0;0;1;1;0;0;0
"11/04/2018";"07:16:00";"11";"sem vítima";"122,7";"BR-116/PR";"Norte";"Colisão Lateral";1;0;1;0;0;0;0;0;0;0;2;0;0;0;0
"11/04/2018";"07:24:00";"12";"sem vítima";"4,6";"BR-116/SC";"Norte";"Colisão Traseira";1;0;0;0;0;1;0;0;0;0;2;0;0;0;0
"11/04/2018";"15:16:00";"84";"sem vítima";"30,3";"BR-116/SC";"Norte";"Colisão Traseira";0;0;1;0;0;0;0;0;0;1;2;0;0;0;0
"11/04/2018";"17:47:00";"101";"com vítima";"210";"BR-116/SC";"Norte";"Colisão Traseira";1;0;0;1;0;0;0;0;0;0;1;1;0;0;0
"11/04/2018";"22:10:00";"131";"com vítima";"148,7";"BR-116/PR";"Sul";"Queda de Moto";0;0;0;1;0;0;0;0;0;0;0;1;0;0;0
"12/04/2018";"04:46:00";"17";"sem vítima";"137";"BR-116/PR";"Norte";"Saida de Pista";1;0;0;0;0;0;0;0;0;0;1;0;0;0;0
"12/04/2018";"08:44:00";"47";"sem vítima";"148,1";"BR-116/PR";"Norte";"Colisão Lateral";0;0;2;0;0;0;0;0;0;0;2;0;0;0;0
"13/04/2018";"21:44:00";"138";"com vítima";"125,8";"BR-116/PR";"Sul";"Colisão Transversal";0;0;0;1;0;1;0;0;0;0;1;1;0;0;0
"13/04/2018";"22:24:00";"142";"com vítima";"127,2";"BR-116/PR";"Sul";"Colisão Traseira";1;0;0;0;0;0;0;0;0;2;3;1;0;0;0
"14/04/2018";"04:58:00";"12";"com vítima";"126";"BR-116/PR";"Sul";"Colisão Traseira";2;0;0;0;0;0;0;0;0;0;1;5;0;1;0
"14/04/2018";"13:06:00";"44";"sem vítima";"140";"BR-116/PR";"Sul";"Choque - Outros";1;0;0;0;0;0;0;0;0;0;1;0;0;0;0
"14/04/2018";"15:50:00";"59";"sem vítima";"32,6";"BR-116/SC";"Norte";"Colisão Traseira";1;0;1;0;0;0;0;0;0;0;6;0;0;0;0
"15/04/2018";"00:19:00";"2";"com vítima";"228";"BR-116/SC";"Norte";"Saida de Pista";1;0;0;0;0;0;0;0;0;0;0;1;0;0;0
"15/04/2018";"10:07:00";"29";"sem vítima";"171,1";"BR-116/PR";"Norte";"Tombamento";0;0;1;0;0;0;0;0;0;0;1;0;0;0;0
"15/04/2018";"12:01:00";"34";"sem vítima";"12,05";"BR-116/SC";"Sul";"Colisão Traseira";2;0;0;0;0;0;0;0;0;0;2;0;0;0;0
"15/04/2018";"18:13:00";"77";"sem vítima";"126,8";"BR-116/PR";"Norte";"Engavetamento";5;0;0;0;0;0;0;0;0;0;5;0;0;0;0
"16/04/2018";"07:25:00";"31";"com vítima";"116";"BR-116/PR";"Norte";"Colisão Lateral";0;0;0;2;0;0;0;0;0;0;1;1;0;0;0
"16/04/2018";"09:38:00";"54";"com vítima";"206";"BR-116/SC";"Sul";"Colisão Transversal";2;0;0;0;0;0;0;0;0;0;1;1;0;0;0
"16/04/2018";"12:16:00";"74";"com vítima";"176,4";"BR-116/PR";"Norte";"Colisão Transversal";1;0;0;1;0;0;0;0;0;0;2;0;0;1;0
"16/04/2018";"19:45:00";"109";"com vítima";"128";"BR-116/PR";"Norte";"Atropelamento - Usuário";1;0;0;0;0;0;0;0;0;0;1;1;0;0;0
"17/04/2018";"06:36:00";"6";"sem vítima";"125,8";"BR-116/PR";"Norte";"Colisão Lateral";1;0;0;0;0;1;0;0;0;0;2;0;0;0;0
"17/04/2018";"07:22:00";"11";"com vítima";"124";"BR-116/PR";"Norte";"Colisão Lateral";1;0;0;1;0;0;0;0;0;0;1;1;0;0;0
"17/04/2018";"08:10:00";"19";"com vítima";"116,2";"BR-116/PR";"Norte";"Colisão Traseira";1;0;0;1;0;0;0;0;0;0;1;1;0;0;0
"17/04/2018";"09:06:00";"30";"com vítima";"150,1";"BR-116/PR";"Norte";"Queda de Moto";0;0;0;1;0;0;0;0;0;0;0;1;0;0;0
"17/04/2018";"11:01:00";"48";"com vítima";"117,5";"BR-116/SC";"Norte";"Tombamento";0;0;1;0;0;0;0;0;0;0;0;1;0;0;0
"17/04/2018";"13:43:00";"70";"sem vítima";"132,5";"BR-116/SC";"Norte";"Choque - Veiculo parado na pista";1;0;1;0;0;0;0;0;0;0;5;0;0;0;0
"17/04/2018";"14:04:00";"73";"sem vítima";"209";"BR-116/PR";"Norte";"Choque - Outros";1;0;0;0;0;0;0;0;0;0;1;0;0;0;0
"17/04/2018";"23:04:00";"127";"sem vítima";"141";"BR-116/SC";"Norte";"Choque - Defensa, barreira ou "submarino"";1;0;0;0;0;0;0;0;0;0;1;0;0;0;0
"18/04/2018";"16:06:00";"101";"com vítima";"128,5";"BR-116/PR";"Norte";"Colisão Lateral";1;0;1;0;0;0;0;0;0;0;1;1;0;0;0
"19/04/2018";"08:00:00";"29";"com vítima";"137,7";"BR-116/PR";"Sul";"Colisão Frontal";0;1;0;0;0;1;0;0;0;0;1;1;0;0;0
"19/04/2018";"17:31:00";"126";"sem vítima";"287,2";"BR-116/SC";"Sul";"Choque - Talude";0;0;1;0;0;0;0;0;0;0;2;0;0;0;0
"20/04/2018";"04:45:00";"9";"com vítima";"115";"BR-116/PR";"Norte";"Colisão Lateral";0;0;0;1;0;1;0;0;0;0;1;1;0;0;0
"20/04/2018";"07:47:00";"26";"sem vítima";"249";"BR-116/SC";"Sul";"Colisão Traseira";1;0;1;0;0;0;0;0;0;0;2;0;0;0;0
"20/04/2018";"10:49:00";"62";"sem vítima";"276";"BR-116/SC";"Sul";"Saida de Pista";1;0;1;0;0;0;0;0;0;0;2;0;0;0;0
"20/04/2018";"13:40:00";"96";"com vítima";"246,1";"BR-116/SC";"Sul";"Colisão Transversal";1;0;1;0;0;0;0;0;0;0;1;1;0;0;0
"20/04/2018";"16:13:00";"112";"sem vítima";"0,8";"BR-116/SC";"Norte";"Choque - Defensa, barreira ou "submarino"";0;0;1;0;0;0;0;0;0;0;1;0;0;0;0
"20/04/2018";"19:26:00";"138";"com vítima";"152";"BR-116/PR";"Norte";"Colisão Transversal";1;0;0;1;0;0;0;0;0;0;2;1;0;0;0
"21/04/2018";"04:09:00";"11";"com vítima";"161,6";"BR-116/SC";"Norte";"Saida de Pista";1;0;0;0;0;0;0;0;0;0;0;2;0;0;0
"21/04/2018";"15:53:00";"61";"com vítima";"143,95";"BR-116/PR";"Norte";"Colisão Lateral";1;0;1;0;0;0;0;0;0;0;1;3;0;0;0
"22/04/2018";"06:05:00";"13";"sem vítima";"26,8";"BR-116/SC";"Sul";"Colisão Traseira";1;0;1;0;0;0;0;0;0;0;4;0;0;0;0
"22/04/2018";"19:15:00";"69";"com vítima";"135,57";"BR-116/PR";"Norte";"Colisão Transversal";2;0;0;0;0;0;0;0;0;0;0;1;0;1;0
"22/04/2018";"22:10:00";"82";"sem vítima";"128,5";"BR-116/SC";"Norte";"Atropelamento de Animal";1;0;1;0;0;0;0;0;0;0;4;0;0;0;0
"23/04/2018";"07:00:00";"18";"com vítima";"126,95";"BR-116/SC";"Norte";"Colisão Transversal";2;0;0;0;0;0;0;0;0;0;2;1;0;0;0
"23/04/2018";"07:48:00";"26";"com vítima";"122,7";"BR-116/PR";"Sul";"Colisão Traseira";0;0;0;1;0;1;0;0;0;0;1;1;0;0;0
"23/04/2018";"08:45:00";"33";"sem vítima";"127";"BR-116/PR";"Sul";"Saida de Pista";1;0;0;0;0;0;0;0;0;0;1;0;0;0;0
"23/04/2018";"08:47:00";"34";"sem vítima";"127";"BR-116/PR";"Norte";"Colisão Lateral";1;0;1;0;0;0;0;0;0;0;2;0;0;0;0
"23/04/2018";"16:25:00";"99";"sem vítima";"4,5";"BR-116/SC";"Norte";"Colisão Traseira";0;0;2;0;0;0;0;0;0;0;2;0;0;0;0
"23/04/2018";"16:37:00";"102";"com vítima";"125,95";"BR-116/PR";"Norte";"Colisão Traseira";0;0;1;1;0;0;0;0;0;0;1;1;0;0;0
"23/04/2018";"22:19:00";"128";"sem vítima";"141,3";"BR-116/PR";"Sul";"Colisão Traseira";3;0;0;0;0;0;0;0;0;0;3;0;0;0;0
"24/04/2018";"09:35:00";"37";"sem vítima";"247";"BR-116/SC";"Sul";"Colisão Traseira";1;0;0;0;0;0;0;0;0;1;2;0;0;0;0
"24/04/2018";"21:10:00";"118";"com vítima";"7,8";"BR-116/SC";"Norte";"Choque - Veiculo parado na pista";1;0;1;0;0;0;0;0;0;0;1;0;0;1;0
"25/04/2018";"08:23:00";"43";"sem vítima";"116";"BR-116/PR";"Sul";"Colisão Traseira";1;0;1;0;0;0;0;0;0;0;2;0;0;0;0
"25/04/2018";"17:49:00";"141";"com vítima";"130,2";"BR-116/PR";"Sul";"Choque - Veiculo parado no acostamento";1;1;0;0;0;0;0;0;0;0;2;1;0;0;0
"26/04/2018";"12:19:00";"70";"com vítima";"180,4";"BR-116/SC";"Norte";"Colisão Transversal";2;0;0;0;0;0;0;0;0;0;1;1;0;0;0
"26/04/2018";"18:32:00";"144";"sem vítima";"117";"BR-116/PR";"Sul";"Colisão Lateral";1;0;1;0;0;0;0;0;0;0;2;0;0;0;0
"26/04/2018";"21:46:00";"163";"com vítima";"126,7";"BR-116/PR";"Sul";"Colisão Transversal";1;0;0;1;0;0;0;0;0;0;2;1;0;0;0
"27/04/2018";"09:43:00";"48";"com vítima";"128";"BR-116/PR";"Norte";"Colisão Traseira";0;0;1;1;0;0;0;0;0;0;1;1;0;0;0
"27/04/2018";"09:50:00";"49";"com vítima";"245,3";"BR-116/SC";"Norte";"Capotamento";1;0;0;0;0;0;0;0;0;0;1;1;0;0;0
"27/04/2018";"11:14:00";"62";"com vítima";"304,6";"BR-116/SC";"Sul";"Queda de Moto";0;0;0;1;0;0;0;0;0;0;0;1;0;0;0
"27/04/2018";"12:08:00";"67";"com vítima";"59,8";"BR-116/SC";"Norte";"Colisão Transversal";2;0;0;0;0;0;0;0;0;0;1;3;0;0;0
"27/04/2018";"19:35:00";"126";"sem vítima";"176,85";"BR-116/SC";"Norte";"Atropelamento de Animal";0;0;0;0;0;1;0;0;0;0;1;0;0;0;0
"27/04/2018";"20:50:00";"131";"com vítima";"125";"BR-116/PR";"Norte";"Colisão Transversal";2;0;0;0;0;0;0;0;0;0;1;1;0;0;0
"28/04/2018";"05:56:00";"18";"com vítima";"51";"BR-116/SC";"Sul";"Saida de Pista";1;0;0;0;0;0;0;0;0;0;2;2;0;0;0
"28/04/2018";"08:30:00";"32";"sem vítima";"181,5";"BR-116/SC";"Norte";"Choque - Talude";1;0;0;0;0;0;0;0;0;0;2;0;0;0;0
"28/04/2018";"12:53:00";"65";"sem vítima";"134";"BR-116/PR";"Norte";"Colisão Traseira";2;0;0;0;0;0;0;0;0;0;2;0;0;0;0
"28/04/2018";"17:13:00";"96";"com vítima";"158";"BR-116/SC";"Norte";"Colisão Frontal";2;0;0;0;0;0;0;0;0;0;1;2;0;1;0
"28/04/2018";"17:48:00";"98";"sem vítima";"221";"BR-116/SC";"Sul";"Saida de Pista";0;0;1;0;0;0;0;0;0;0;1;0;0;0;0
"28/04/2018";"19:12:00";"110";"sem vítima";"125,7";"BR-116/PR";"Sul";"Colisão Traseira";1;0;0;0;0;0;0;0;0;1;2;0;0;0;0
"28/04/2018";"19:57:00";"113";"com vítima";"164";"BR-116/PR";"Norte";"Colisão Transversal";1;0;0;0;0;0;0;0;0;1;1;0;0;1;0
"29/04/2018";"17:20:00";"77";"sem vítima";"133,8";"BR-116/PR";"Sul";"Choque - Elemento de Drenagem";1;0;0;0;0;0;0;0;0;0;1;0;0;0;0
"29/04/2018";"19:48:00";"95";"com vítima";"206";"BR-116/SC";"Norte";"Colisão Transversal";2;0;0;0;0;0;0;0;0;0;1;1;0;0;0
"29/04/2018";"20:51:00";"100";"com vítima";"129";"BR-116/PR";"Norte";"Capotamento";1;0;0;0;0;0;0;0;0;0;0;1;0;0;0
"30/04/2018";"11:10:00";"31";"com vítima";"260,3";"BR-116/SC";"Norte";"Colisão Frontal";2;0;0;0;0;0;0;0;0;0;2;1;0;0;0
"30/04/2018";"18:14:00";"69";"com vítima";"130";"BR-116/PR";"Sul";"Colisão Traseira";0;0;0;1;0;1;0;0;0;0;1;1;0;0;0
"01/05/2018";"06:53:00";"11";"sem vítima";"129";"BR-116/PR";"Sul";"Choque - Veiculo parado na pista";2;0;0;0;0;0;0;0;0;0;2;0;0;0;0
"02/05/2018";"10:38:00";"55";"sem vítima";"126";"BR-116/SC";"Norte";"Saida de Pista";1;0;0;0;0;0;0;0;0;0;1;0;0;0;0
"02/05/2018";"17:40:00";"107";"sem vítima";"150";"BR-116/PR";"Sul";"Colisão Transversal";1;0;0;0;0;0;0;0;0;1;2;0;0;0;0
"02/05/2018";"18:15:00";"109";"com vítima";"23,5";"BR-116/SC";"Norte";"Colisão Lateral";1;0;1;0;0;0;0;0;0;0;1;1;0;0;0
"02/05/2018";"18:24:00";"110";"com vítima";"122";"BR-116/PR";"Norte";"Atropelamento - Usuário";0;0;0;1;0;0;0;0;0;0;0;1;0;1;0
"02/05/2018";"18:37:00";"111";"sem vítima";"124";"BR-116/PR";"Norte";"Engavetamento";4;0;0;0;0;0;0;0;0;0;4;0;0;0;0
"03/05/2018";"11:09:00";"60";"sem vítima";"122";"BR-116/PR";"Sul";"Colisão Lateral";1;0;1;0;0;0;0;0;0;0;2;0;0;0;0
"03/05/2018";"17:46:00";"109";"sem vítima";"158,7";"BR-116/PR";"Sul";"Queda de Moto";0;0;0;1;0;0;0;0;0;0;1;0;0;0;0
"03/05/2018";"18:49:00";"115";"sem vítima";"12,4";"BR-116/SC";"Norte";"Colisão Transversal";1;0;1;0;0;0;0;0;0;0;5;0;0;0;0
"04/05/2018";"07:36:00";"24";"com vítima";"119";"BR-116/PR";"Norte";"Colisão Lateral";1;0;1;1;0;0;0;0;0;0;3;1;0;0;0
"05/05/2018";"07:26:00";"17";"sem vítima";"245";"BR-116/SC";"Norte";"Colisão Transversal";2;0;0;0;0;0;0;0;0;0;2;0;0;0;0
"05/05/2018";"08:53:00";"23";"sem vítima";"149";"BR-116/PR";"Norte";"Colisão Traseira";2;0;0;0;0;0;0;0;0;0;2;0;0;0;0
"05/05/2018";"16:53:00";"79";"com vítima";"135,7";"BR-116/PR";"Norte";"Atropelamento - Ciclista";1;1;0;0;0;0;0;0;0;0;1;0;0;1;0
"05/05/2018";"22:34:00";"102";"sem vítima";"107,6";"BR-116/SC";"Norte";"Saida de Pista";0;0;1;0;0;0;0;0;0;0;1;0;0;0;0
"06/05/2018";"06:45:00";"14";"com vítima";"214";"BR-116/SC";"Norte";"Capotamento";1;0;0;0;0;0;0;0;0;0;2;1;0;0;0
"06/05/2018";"07:27:00";"16";"sem vítima";"224,5";"BR-116/SC";"Norte";"Capotamento";1;0;0;0;0;0;0;0;0;0;1;0;0;0;0
"06/05/2018";"09:27:00";"25";"sem vítima";"126";"BR-116/PR";"Norte";"Colisão Transversal";1;0;1;0;0;0;0;0;0;0;2;0;0;0;0
"06/05/2018";"11:51:00";"49";"com vítima";"190,7";"BR-116/SC";"Norte";"Saida de Pista";0;0;1;0;0;0;0;0;0;0;0;1;0;0;0
"06/05/2018";"16:00:00";"75";"sem vítima";"168,5";"BR-116/PR";"Sul";"Choque - Suporte de Sinalização";1;0;0;0;0;0;0;0;0;0;4;0;0;0;0
"07/05/2018";"07:11:00";"17";"sem vítima";"115,4";"BR-116/PR";"Norte";"Colisão Lateral";1;0;0;1;0;0;0;0;0;0;2;0;0;0;0
"07/05/2018";"15:11:00";"75";"com vítima";"122,3";"BR-116/PR";"Norte";"Colisão Lateral";1;0;0;1;0;0;0;0;0;0;1;1;0;0;0
"07/05/2018";"16:16:00";"84";"com vítima";"161,4";"BR-116/PR";"Sul";"Choque - Elemento de Drenagem";0;0;1;0;0;0;0;0;0;0;0;1;0;0;0
"07/05/2018";"21:13:00";"123";"com vítima";"138,6";"BR-116/SC";"Norte";"Colisão Lateral";1;0;0;0;1;0;0;0;0;0;23;1;0;0;0
"08/05/2018";"06:52:00";"24";"com vítima";"120,5";"BR-116/PR";"Norte";"Queda de Moto";1;0;0;1;0;0;0;0;0;0;1;1;0;0;0
"08/05/2018";"07:06:00";"26";"com vítima";"123,6";"BR-116/PR";"Norte";"Colisão Traseira";1;0;0;1;0;0;0;0;0;0;1;1;0;0;0
"08/05/2018";"09:05:00";"47";"sem vítima";"5,9";"BR-116/SC";"Norte";"Choque - Outros";0;0;0;0;0;0;0;0;0;2;2;0;0;0;0
"08/05/2018";"10:49:00";"65";"com vítima";"139,8";"BR-116/SC";"Sul";"Colisão Transversal";1;0;0;1;0;0;0;0;0;0;1;1;0;0;0
"08/05/2018";"14:10:00";"81";"sem vítima";"4,2";"BR-116/SC";"Norte";"Colisão Lateral";1;0;1;0;0;0;0;0;0;0;2;0;0;0;0
"08/05/2018";"18:14:00";"119";"com vítima";"116";"BR-116/PR";"Norte";"Colisão Lateral";1;0;0;1;0;0;0;0;0;0;2;1;0;0;0
"09/05/2018";"04:50:00";"12";"sem vítima";"178,2";"BR-116/PR";"Sul";"Colisão Lateral";0;0;2;0;0;0;0;0;0;0;2;0;0;0;0
"09/05/2018";"11:28:00";"51";"sem vítima";"270,6";"BR-116/SC";"Norte";"Colisão Lateral";0;0;2;0;0;0;0;0;0;0;2;0;0;0;0
"09/05/2018";"15:37:00";"81";"sem vítima";"145,5";"BR-116/PR";"Norte";"Saida de Pista";0;0;0;1;0;0;0;0;0;0;1;0;0;0;0
"10/05/2018";"05:41:00";"10";"sem vítima";"242,4";"BR-116/SC";"Sul";"Saida de Pista";0;0;0;0;0;0;0;0;0;1;1;0;0;0;0
"10/05/2018";"11:30:00";"46";"sem vítima";"26,5";"BR-116/SC";"Sul";"Colisão Lateral";0;0;2;0;0;0;0;0;0;0;2;0;0;0;0
"10/05/2018";"17:41:00";"97";"com vítima";"93,3";"BR-116/SC";"Norte";"Colisão Frontal";1;0;0;0;0;0;0;0;0;1;2;1;0;0;0
"11/05/2018";"00:28:00";"1";"sem vítima";"66,7";"BR-116/SC";"Sul";"Capotamento";0;0;0;0;0;1;0;0;0;0;1;0;0;0;0
"11/05/2018";"14:05:00";"70";"sem vítima";"209";"BR-116/PR";"Sul";"Colisão Traseira";2;0;0;0;0;0;0;0;0;0;5;0;0;0;0
"11/05/2018";"18:41:00";"101";"sem vítima";"139";"BR-116/SC";"Norte";"Colisão Transversal";2;0;0;0;0;0;0;0;0;0;3;0;0;0;0
"11/05/2018";"20:44:00";"113";"com vítima";"70,9";"BR-116/SC";"Sul";"Colisão Lateral";2;0;0;0;0;0;0;0;0;2;10;2;0;0;0
"11/05/2018";"23:29:00";"128";"com vítima";"289";"BR-116/SC";"Norte";"Colisão Lateral";0;0;2;0;0;0;0;0;0;0;1;1;0;1;0
"12/05/2018";"07:13:00";"16";"sem vítima";"125";"BR-116/PR";"Norte";"Saida de Pista";1;0;0;0;0;0;0;0;0;0;1;0;0;0;0
"12/05/2018";"14:55:00";"65";"sem vítima";"105,1";"BR-116/SC";"Sul";"Colisão Traseira";2;0;0;0;0;0;0;0;0;0;5;0;0;0;0
"12/05/2018";"15:08:00";"69";"sem vítima";"234";"BR-116/SC";"Sul";"Tombamento";0;0;1;0;0;0;0;0;0;0;1;0;0;0;0
"12/05/2018";"16:55:00";"77";"com vítima";"184,85";"BR-116/SC";"Sul";"Colisão Transversal";1;0;0;1;0;0;0;0;0;0;1;1;0;0;0
"12/05/2018";"19:26:00";"91";"sem vítima";"61,4";"BR-116/SC";"Norte";"Choque - Defensa, barreira ou "submarino"";0;0;0;0;0;0;0;0;0;1;1;0;0;0;0
"13/05/2018";"00:04:00";"1";"sem vítima";"142";"BR-116/PR";"Sul";"Choque - Outros";1;0;0;0;0;0;0;0;0;0;1;0;0;0;0
"13/05/2018";"15:48:00";"59";"sem vítima";"170";"BR-116/SC";"Norte";"Choque - Elemento de Drenagem";1;0;0;0;0;0;0;0;0;0;2;0;0;0;0
"13/05/2018";"17:36:00";"72";"sem vítima";"155";"BR-116/PR";"Norte";"Colisão Traseira";2;0;0;0;0;0;0;0;0;0;2;0;0;0;0
"13/05/2018";"18:23:00";"80";"com vítima";"4,5";"BR-116/SC";"Norte";"Colisão Transversal";1;0;0;1;0;0;0;0;0;0;4;1;0;1;0
"13/05/2018";"20:16:00";"97";"sem vítima";"158,3";"BR-116/PR";"Norte";"Colisão Traseira";1;0;1;0;0;0;0;0;0;0;2;0;0;0;0
"14/05/2018";"07:33:00";"16";"com vítima";"134";"BR-116/PR";"Norte";"Colisão Transversal";1;0;0;1;0;0;0;0;0;0;1;1;0;0;0
"14/05/2018";"23:09:00";"114";"sem vítima";"209,45";"BR-116/PR";"Norte";"Colisão Traseira";1;0;0;0;0;0;0;0;0;1;4;0;0;0;0
"15/05/2018";"10:51:00";"53";"sem vítima";"133";"BR-116/SC";"Sul";"Colisão Traseira";0;0;2;0;0;0;0;0;0;0;2;0;0;0;0
"15/05/2018";"14:07:00";"76";"sem vítima";"187";"BR-116/SC";"Norte";"Choque - Talude";1;0;0;0;0;0;0;0;0;0;1;0;0;0;0
"15/05/2018";"14:08:00";"77";"sem vítima";"54";"BR-116/SC";"Norte";"Colisão Lateral";1;0;1;0;0;0;0;0;0;0;2;0;0;0;0
"15/05/2018";"16:34:00";"96";"sem vítima";"9";"BR-116/SC";"Sul";"Choque - Veiculo parado na pista";1;0;0;0;0;1;0;0;0;0;4;0;0;0;0
"16/05/2018";"19:10:00";"113";"sem vítima";"211,4";"BR-116/PR";"Norte";"Colisão Transversal";2;0;0;0;0;0;0;0;0;0;2;0;0;0;0
"17/05/2018";"05:02:00";"11";"sem vítima";"81,6";"BR-116/SC";"Sul";"Colisão Lateral";0;0;2;0;0;0;0;0;0;0;2;0;0;0;0
"17/05/2018";"06:55:00";"15";"com vítima";"210,8";"BR-116/PR";"Sul";"Choque - Poste";1;0;0;0;0;0;0;0;0;0;0;1;0;0;0