data;horario;n_da_ocorrencia;tipo_de_ocorrencia;km;trecho;sentido;tipo_de_acidente;automovel;bicicleta;caminhao;moto;onibus;outros;tracao_animal;transporte_de_cargas_especiais;trator_maquinas;utilitarios;ilesos;levemente_feridos;moderadamente_feridos;gravemente_feridos;mortos
"08/07/2018";"01:39:00";"3";"sem vítima";"117,8";"BR-116/PR";"Sul";"Colisão Transversal";2;0;0;0;0;0;0;0;0;0;5;0;0;0;0
"08/07/2018";"04:16:00";"8";"sem vítima";"206";"BR-116/PR";"Sul";"Choque - Defensa, barreira ou "submarino"";1;0;0;0;0;0;0;0;0;0;1;0;0;0;0
"08/07/2018";"08:06:00";"20";"sem vítima";"12,3";"BR-116/SC";"Norte";"Choque - Poste";1;0;0;0;0;0;0;0;0;0;1;0;0;0;0
"08/07/2018";"09:29:00";"26";"com vítima";"180";"BR-116/SC";"Norte";"Colisão Transversal";2;0;0;0;0;0;0;0;0;0;0;2;0;0;0
"08/07/2018";"16:29:00";"66";"sem vítima";"165";"BR-116/PR";"Sul";"Choque - Arvore";1;0;0;0;0;0;0;0;0;0;1;0;0;0;0
"08/07/2018";"18:02:00";"79";"sem vítima";"151,8";"BR-116/PR";"Sul";"Colisão Traseira";2;0;0;0;0;0;0;0;0;0;4;0;0;0;0
"08/07/2018";"18:46:00";"83";"sem vítima";"152,6";"BR-116/PR";"Norte";"Colisão Traseira";2;0;0;0;0;0;0;0;0;0;6;0;0;0;0
"09/07/2018";"15:23:00";"60";"com vítima";"22,2";"BR-116/SC";"Sul";"Colisão Lateral";1;0;1;0;0;0;0;0;0;0;2;1;0;0;0
"09/07/2018";"17:59:00";"86";"com vítima";"129,25";"BR-116/PR";"Sul";"Atropelamento - Morador";0;0;0;0;0;0;0;0;0;1;2;0;0;1;0
"10/07/2018";"07:45:00";"14";"sem vítima";"144";"BR-116/PR";"Norte";"Saida de Pista";0;0;0;0;1;0;0;0;0;0;1;0;0;0;0
"10/07/2018";"08:45:00";"23";"sem vítima";"115";"BR-116/PR";"Norte";"Colisão Lateral";1;0;0;0;0;1;0;0;0;0;2;0;0;0;0
"10/07/2018";"09:08:00";"30";"sem vítima";"303,5";"BR-116/SC";"Sul";"Capotamento";1;0;0;0;0;0;0;0;0;0;1;0;0;0;0
"10/07/2018";"09:50:00";"36";"sem vítima";"129";"BR-116/SC";"Sul";"Choque - Talude";0;0;1;0;0;0;0;0;0;0;1;0;0;0;0
"10/07/2018";"22:35:00";"121";"sem vítima";"4,9";"BR-116/SC";"Sul";"Colisão Lateral";1;0;1;0;0;0;0;0;0;0;2;0;0;0;0
"11/07/2018";"16:23:00";"98";"sem vítima";"148";"BR-116/PR";"Sul";"Queda de Moto";0;0;0;1;0;0;0;0;0;0;1;0;0;0;0
"12/07/2018";"19:04:00";"101";"com vítima";"124";"BR-116/PR";"Sul";"Choque - Defensa, barreira ou "submarino"";1;0;0;1;0;0;0;0;0;0;1;1;0;0;0
"12/07/2018";"21:28:00";"112";"com vítima";"27,9";"BR-116/SC";"Sul";"Colisão Lateral";0;0;1;0;0;0;0;0;0;1;1;0;0;1;0
"13/07/2018";"10:03:00";"37";"sem vítima";"68,7";"BR-116/SC";"Norte";"Colisão Lateral";0;0;1;0;0;0;0;0;1;0;2;0;0;0;0
"13/07/2018";"10:52:00";"43";"com vítima";"209";"BR-116/SC";"Norte";"Colisão Lateral";1;0;1;0;0;0;0;0;0;0;1;1;0;0;0
"13/07/2018";"10:55:00";"45";"sem vítima";"9";"BR-116/SC";"Norte";"Engavetamento";3;0;0;0;0;0;0;0;0;0;3;0;0;0;0
"13/07/2018";"13:10:00";"65";"sem vítima";"126";"BR-116/PR";"Norte";"Colisão Traseira";3;0;0;1;0;1;0;0;0;0;5;0;0;0;0
"13/07/2018";"13:22:00";"67";"sem vítima";"126";"BR-116/PR";"Sul";"Não Def";3;0;0;0;0;0;0;0;0;0;3;0;0;0;0
"13/07/2018";"15:52:00";"82";"sem vítima";"133";"BR-116/SC";"Sul";"Colisão Lateral";2;0;0;0;0;0;0;0;0;0;2;0;0;0;0
"13/07/2018";"15:54:00";"83";"com vítima";"117";"BR-116/PR";"Norte";"Colisão Transversal";0;0;1;1;0;0;0;0;0;0;1;2;0;0;0
"13/07/2018";"18:07:00";"99";"sem vítima";"6";"BR-116/SC";"Norte";"Colisão Transversal";1;0;1;0;0;0;0;0;0;0;2;0;0;0;0
"13/07/2018";"20:18:00";"110";"sem vítima";"136,8";"BR-116/SC";"Sul";"Saida de Pista";0;0;0;0;0;0;0;0;0;1;1;0;0;0;0
"14/07/2018";"02:47:00";"7";"com vítima";"124,4";"BR-116/PR";"Norte";"Colisão Traseira";2;0;0;0;0;0;0;0;0;0;2;1;0;0;0
"14/07/2018";"07:43:00";"11";"com vítima";"11,2";"BR-116/SC";"Sul";"Colisão Frontal";1;0;0;0;0;0;0;0;0;1;2;2;0;0;0
"14/07/2018";"11:58:00";"39";"sem vítima";"168,3";"BR-116/PR";"Norte";"Colisão Traseira";2;0;0;0;0;0;0;0;0;0;2;0;0;0;0
"14/07/2018";"16:18:00";"63";"com vítima";"256,6";"BR-116/SC";"Norte";"Colisão Traseira";0;0;0;1;0;1;0;0;0;0;1;0;0;1;0
"15/07/2018";"00:55:00";"1";"sem vítima";"125";"BR-116/PR";"Sul";"Colisão Traseira";2;0;0;0;0;0;0;0;0;0;3;0;0;0;0
"15/07/2018";"07:14:00";"21";"com vítima";"3";"BR-116/SC";"Sul";"Colisão Frontal";1;0;1;0;0;0;0;0;0;0;1;0;0;1;0
"15/07/2018";"18:32:00";"84";"com vítima";"206";"BR-116/SC";"Norte";"Colisão Transversal";2;0;0;0;0;0;0;0;0;0;3;1;0;0;0
"16/07/2018";"12:19:00";"46";"sem vítima";"163,45";"BR-116/SC";"Sul";"Choque - Defensa, barreira ou "submarino"";0;0;1;0;0;0;0;0;0;0;1;0;0;0;0
"16/07/2018";"13:13:00";"50";"com vítima";"152";"BR-116/PR";"Norte";"Colisão Transversal";1;0;0;1;0;0;0;0;0;0;1;2;0;0;0
"16/07/2018";"19:52:00";"99";"sem vítima";"116";"BR-116/PR";"Sul";"Colisão Lateral";1;0;0;1;0;0;0;0;0;0;2;0;0;0;0
"17/07/2018";"16:05:00";"90";"com vítima";"34,2";"BR-116/SC";"Sul";"Colisão Transversal";1;0;0;1;0;0;0;0;0;0;1;0;0;0;1
"17/07/2018";"16:55:00";"97";"com vítima";"0,2";"BR-116/SC";"Sul";"Choque - Talude";1;0;0;0;0;0;0;0;0;0;0;1;0;0;0
"17/07/2018";"17:26:00";"99";"sem vítima";"65";"BR-116/SC";"Norte";"Colisão Lateral";1;0;1;0;0;0;0;0;0;0;2;0;0;0;0
"17/07/2018";"18:57:00";"107";"sem vítima";"184,5";"BR-116/SC";"Norte";"Colisão Traseira";2;0;0;0;0;0;0;0;0;0;2;0;0;0;0
"18/07/2018";"05:39:00";"16";"sem vítima";"209,5";"BR-116/PR";"Norte";"Colisão Traseira";0;0;1;0;0;1;0;0;0;0;2;0;0;0;0
"18/07/2018";"21:11:00";"124";"com vítima";"150,19";"BR-116/PR";"Sul";"Atropelamento - Morador";0;0;0;0;0;1;0;0;0;0;1;0;0;1;1
"19/07/2018";"07:45:00";"14";"com vítima";"156,6";"BR-116/SC";"Norte";"Choque - Defensa, barreira ou "submarino"";0;0;0;1;0;0;0;0;0;0;0;1;0;0;0
"19/07/2018";"18:29:00";"104";"sem vítima";"116,7";"BR-116/PR";"Norte";"Colisão Lateral";0;0;0;2;0;0;0;0;0;0;2;0;0;0;0
"20/07/2018";"12:13:00";"58";"sem vítima";"118";"BR-116/PR";"Norte";"Colisão Transversal";1;0;1;0;0;0;0;0;0;0;2;0;0;0;0
"20/07/2018";"16:20:00";"81";"com vítima";"159";"BR-116/PR";"Norte";"Colisão Transversal";1;0;1;0;0;0;0;0;0;0;3;1;0;1;0
"20/07/2018";"20:48:00";"108";"sem vítima";"192";"BR-116/SC";"Norte";"Choque - Defensa, barreira ou "submarino"";0;0;1;0;0;0;0;0;0;0;1;0;0;0;0
"21/07/2018";"03:23:00";"14";"sem vítima";"305,2";"BR-116/SC";"Sul";"Choque - Talude";1;0;0;0;0;0;0;0;0;0;3;0;0;0;0
"21/07/2018";"13:43:00";"54";"sem vítima";"125,9";"BR-116/PR";"Norte";"Colisão Traseira";2;0;0;0;0;0;0;0;0;0;3;0;0;0;0
"21/07/2018";"15:41:00";"67";"sem vítima";"305";"BR-116/SC";"Norte";"Saida de Pista";1;0;0;0;0;0;0;0;0;0;1;0;0;0;0
"22/07/2018";"07:04:00";"13";"sem vítima";"40";"BR-116/SC";"Norte";"Colisão Lateral";0;0;1;0;0;0;0;0;0;1;2;0;0;0;0
"23/07/2018";"10:50:00";"48";"sem vítima";"174,5";"BR-116/PR";"Norte";"Colisão Transversal";2;0;0;0;0;0;0;0;0;0;2;0;0;0;0
"23/07/2018";"17:16:00";"98";"sem vítima";"25";"BR-116/SC";"Sul";"Colisão Lateral";2;0;0;0;0;0;0;0;0;0;2;0;0;0;0
"23/07/2018";"18:00:00";"104";"com vítima";"5,6";"BR-116/SC";"Norte";"Colisão Frontal";1;0;0;1;0;0;0;0;0;0;1;2;0;0;0
"24/07/2018";"01:06:00";"4";"com vítima";"4";"BR-116/SC";"Norte";"Choque - Defensa, barreira ou "submarino"";1;0;0;0;0;0;0;0;0;0;0;1;0;0;0
"24/07/2018";"18:14:00";"93";"com vítima";"146";"BR-116/PR";"Sul";"Colisão Transversal";1;0;0;1;0;0;0;0;0;0;2;1;0;0;0
"24/07/2018";"20:17:00";"102";"com vítima";"219,65";"BR-116/SC";"Sul";"Colisão Frontal";1;0;1;0;0;0;0;0;0;0;1;0;0;1;0
"25/07/2018";"12:43:00";"42";"sem vítima";"235";"BR-116/SC";"Sul";"Saida de Pista";1;0;0;0;0;0;0;0;0;0;1;0;0;0;0
"26/07/2018";"03:29:00";"11";"com vítima";"193,1";"BR-116/SC";"Norte";"Tombamento";0;0;1;0;0;0;0;0;0;0;0;0;0;0;1
"26/07/2018";"07:15:00";"17";"sem vítima";"55,15";"BR-116/SC";"Norte";"Colisão Traseira";2;0;0;0;0;0;0;0;0;0;2;0;0;0;0
"26/07/2018";"18:16:00";"91";"com vítima";"147,325";"BR-116/PR";"Norte";"Choque - Veiculo parado na pista";1;0;0;0;1;0;0;0;0;0;1;1;0;0;0
"27/07/2018";"07:09:00";"14";"sem vítima";"121,7";"BR-116/PR";"Norte";"Engavetamento";5;0;0;0;0;0;0;0;0;0;5;0;0;0;0
"27/07/2018";"18:43:00";"109";"sem vítima";"115,911";"BR-116/PR";"Norte";"Engavetamento";3;0;0;0;0;0;0;0;0;0;4;0;0;0;0
"27/07/2018";"19:38:00";"115";"sem vítima";"115";"BR-116/PR";"Norte";"Colisão Lateral";1;0;0;0;0;1;0;0;0;0;3;0;0;0;0
"27/07/2018";"19:48:00";"117";"sem vítima";"65,3";"BR-116/SC";"Norte";"Colisão Frontal";2;0;0;0;0;0;0;0;0;0;3;0;0;0;0
"28/07/2018";"10:04:00";"34";"sem vítima";"123";"BR-116/PR";"Norte";"Colisão Traseira";3;0;0;0;0;0;0;0;0;0;3;0;0;0;0
"28/07/2018";"19:32:00";"77";"com vítima";"12,35";"BR-116/SC";"Sul";"Choque - Talude";0;0;0;1;0;0;0;0;0;0;0;0;0;0;1
"28/07/2018";"20:20:00";"84";"sem vítima";"117,3";"BR-116/PR";"Norte";"Colisão Lateral";1;0;1;0;0;0;0;0;0;0;2;0;0;0;0
"28/07/2018";"20:50:00";"91";"sem vítima";"136";"BR-116/PR";"Sul";"Capotamento";1;0;0;0;0;0;0;0;0;0;2;0;0;0;0
"29/07/2018";"14:21:00";"50";"sem vítima";"153";"BR-116/PR";"Sul";"Colisão Transversal";2;0;0;0;0;0;0;0;0;0;3;0;0;0;0
"29/07/2018";"16:07:00";"63";"com vítima";"176,9";"BR-116/SC";"Norte";"Choque - Arvore";1;0;0;0;0;0;0;0;0;0;0;0;0;1;0
"29/07/2018";"19:27:00";"85";"sem vítima";"122";"BR-116/PR";"Sul";"Colisão Traseira";1;0;0;0;1;1;0;0;0;0;7;0;0;0;0
"29/07/2018";"22:49:00";"107";"com vítima";"283,4";"BR-116/SC";"Norte";"Colisão Transversal";2;0;0;0;0;0;0;0;0;0;1;1;0;0;0
"30/07/2018";"00:30:00";"2";"sem vítima";"49,3";"BR-116/SC";"Norte";"Colisão Traseira";0;0;2;0;0;0;0;0;0;0;4;0;0;0;0
"30/07/2018";"07:02:00";"17";"com vítima";"125";"BR-116/PR";"Norte";"Colisão Lateral";0;0;0;2;0;0;0;0;0;0;1;1;0;0;0
"30/07/2018";"07:13:00";"18";"com vítima";"288,58";"BR-116/SC";"Norte";"Queda de Moto";0;0;0;1;0;0;0;0;0;0;0;1;0;0;0
"30/07/2018";"09:11:00";"31";"sem vítima";"185,9";"BR-116/PR";"Norte";"Capotamento";1;0;0;0;0;0;0;0;0;0;1;0;0;0;0
"30/07/2018";"11:36:00";"48";"sem vítima";"166,8";"BR-116/PR";"Norte";"Colisão Transversal";2;0;0;0;0;0;0;0;0;0;2;0;0;0;0
"30/07/2018";"14:35:00";"76";"sem vítima";"118";"BR-116/PR";"Sul";"Colisão Lateral";0;0;0;1;0;1;0;0;0;0;2;0;0;0;0
"31/07/2018";"05:13:00";"8";"sem vítima";"224,95";"BR-116/SC";"Norte";"Colisão Traseira";1;0;1;0;0;0;0;0;0;0;2;0;0;0;0
"31/07/2018";"06:57:00";"10";"sem vítima";"201,2";"BR-116/SC";"Norte";"Choque - Defensa, barreira ou "submarino"";1;0;0;0;0;0;0;0;0;0;1;0;0;0;0
"31/07/2018";"10:41:00";"35";"sem vítima";"211";"BR-116/SC";"Sul";"Engavetamento";1;0;1;0;0;1;0;0;0;0;4;0;0;0;0
"01/08/2018";"05:44:00";"11";"sem vítima";"138,5";"BR-116/PR";"Norte";"Choque - Defensa, barreira ou "submarino"";1;0;0;0;0;0;0;0;0;0;1;0;0;0;0
"01/08/2018";"07:16:00";"14";"sem vítima";"122,5";"BR-116/PR";"Sul";"Queda de Moto";0;0;0;1;0;0;0;0;0;0;1;0;0;0;0
"01/08/2018";"14:23:00";"70";"sem vítima";"2";"BR-116/SC";"Norte";"Colisão Transversal";2;0;0;0;0;0;0;0;0;0;2;0;0;0;0
"01/08/2018";"14:36:00";"73";"com vítima";"238,95";"BR-116/SC";"Sul";"Tombamento";0;0;2;0;0;0;0;0;0;0;2;1;0;0;0
"03/08/2018";"07:24:00";"14";"sem vítima";"122,7";"BR-116/PR";"Norte";"Colisão Lateral";2;0;0;1;0;0;0;0;0;0;3;0;0;0;0
"03/08/2018";"16:00:00";"73";"sem vítima";"184";"BR-116/PR";"Sul";"Saida de Pista";0;0;1;0;0;0;0;0;0;0;1;0;0;0;0
"03/08/2018";"22:24:00";"103";"sem vítima";"107,7";"BR-116/SC";"Norte";"Choque - Elemento de Drenagem";1;0;0;0;0;0;0;0;0;0;2;0;0;0;0
"04/08/2018";"09:05:00";"29";"com vítima";"23,5";"BR-116/SC";"Norte";"Choque - Outros";0;0;0;1;0;0;0;0;0;0;0;1;0;0;0
"05/08/2018";"11:21:00";"40";"sem vítima";"202";"BR-116/PR";"Sul";"Queda de Moto";0;0;0;2;0;0;0;0;0;0;2;0;0;0;0
"05/08/2018";"18:40:00";"87";"com vítima";"154";"BR-116/PR";"Norte";"Colisão Frontal";2;0;0;0;0;0;0;0;0;0;0;2;0;1;1
"05/08/2018";"23:52:00";"104";"sem vítima";"150,9";"BR-116/PR";"Norte";"Queda de Moto";0;0;0;1;0;0;0;0;0;0;1;0;0;0;0
"06/08/2018";"06:35:00";"16";"sem vítima";"152";"BR-116/PR";"Norte";"Colisão Transversal";2;0;0;0;0;0;0;0;0;0;2;0;0;0;0
"06/08/2018";"07:45:00";"24";"com vítima";"117,5";"BR-116/PR";"Norte";"Colisão Traseira";1;0;0;1;0;0;0;0;0;0;3;1;0;0;0
"06/08/2018";"08:28:00";"30";"com vítima";"119";"BR-116/PR";"Norte";"Colisão Traseira";1;0;0;1;0;0;0;0;0;0;1;1;0;0;0
"06/08/2018";"08:55:00";"34";"sem vítima";"4,5";"BR-116/SC";"Norte";"Colisão Transversal";1;0;0;0;0;1;0;0;0;0;2;0;0;0;0
"06/08/2018";"12:20:00";"61";"com vítima";"187,1";"BR-116/SC";"Norte";"Queda de Moto";0;0;0;1;0;0;0;0;0;0;0;1;0;0;0
"06/08/2018";"12:47:00";"64";"sem vítima";"124";"BR-116/SC";"Sul";"Colisão Lateral";2;0;0;0;0;0;0;0;0;0;2;0;0;0;0
"06/08/2018";"15:36:00";"77";"com vítima";"132";"BR-116/SC";"Sul";"Colisão Lateral";1;0;1;0;0;0;0;0;0;0;2;1;0;0;0
"06/08/2018";"15:43:00";"80";"sem vítima";"120";"BR-116/SC";"Norte";"Saida de Pista";0;0;1;0;0;0;0;0;0;0;1;0;0;0;0
"06/08/2018";"16:42:00";"88";"com vítima";"1";"BR-116/SC";"Norte";"Colisão Transversal";1;0;0;1;0;0;0;0;0;0;1;1;0;0;0
"07/08/2018";"08:41:00";"25";"com vítima";"119,9";"BR-116/PR";"Sul";"Queda de Moto";0;0;0;1;0;0;0;0;0;0;0;1;0;0;0
"07/08/2018";"09:55:00";"36";"sem vítima";"125,8";"BR-116/PR";"Norte";"Colisão Traseira";2;0;0;0;0;0;0;0;0;0;2;0;0;0;0
"07/08/2018";"11:14:00";"46";"sem vítima";"12,3";"BR-116/SC";"Norte";"Tombamento";0;0;1;0;0;0;0;0;0;0;1;0;0;0;0
"07/08/2018";"14:21:00";"69";"com vítima";"13,4";"BR-116/SC";"Sul";"Engavetamento";1;0;3;0;0;0;0;0;0;0;2;3;0;2;0
"07/08/2018";"16:31:00";"91";"sem vítima";"119";"BR-116/PR";"Sul";"Colisão Traseira";1;0;1;0;0;0;0;0;0;0;2;0;0;0;0
"08/08/2018";"18:50:00";"98";"sem vítima";"278,25";"BR-116/SC";"Norte";"Atropelamento de Animal";1;0;0;0;0;0;0;0;0;0;1;0;0;0;0
"09/08/2018";"02:19:00";"5";"sem vítima";"141";"BR-116/PR";"Norte";"Choque - Talude";1;0;0;0;0;0;0;0;0;0;1;0;0;0;0
"09/08/2018";"10:22:00";"31";"sem vítima";"115,5";"BR-116/PR";"Norte";"Colisão Traseira";1;0;0;0;0;1;0;0;0;0;2;0;0;0;0
"09/08/2018";"11:40:00";"46";"sem vítima";"60";"BR-116/SC";"Sul";"Colisão Traseira";0;0;2;0;0;0;0;0;0;0;2;0;0;0;0
"09/08/2018";"12:26:00";"51";"sem vítima";"117,3";"BR-116/PR";"Sul";"Colisão Traseira";2;0;0;0;0;0;0;0;0;0;2;0;0;0;0
"09/08/2018";"15:03:00";"67";"com vítima";"98,95";"BR-116/SC";"Sul";"Colisão Transversal";1;0;1;0;0;0;0;0;0;0;1;1;0;0;0
"10/08/2018";"00:22:00";"3";"com vítima";"166,7";"BR-116/PR";"Norte";"Colisão Transversal";1;0;1;0;0;0;0;0;0;0;1;0;0;1;0
"10/08/2018";"08:10:00";"27";"com vítima";"125,1";"BR-116/PR";"Norte";"Colisão Traseira";1;0;0;1;0;0;0;0;0;0;2;1;0;0;0
"10/08/2018";"15:50:00";"86";"com vítima";"5,8";"BR-116/SC";"Sul";"Queda de Moto";0;0;0;1;0;0;0;0;0;0;0;1;0;0;0
"10/08/2018";"16:12:00";"91";"com vítima";"105,7";"BR-116/SC";"Norte";"Tombamento";0;0;1;0;0;0;0;0;0;0;0;1;0;0;0
"10/08/2018";"17:22:00";"102";"sem vítima";"189,75";"BR-116/SC";"Norte";"Saida de Pista";1;0;0;0;0;0;0;0;0;0;1;0;0;0;0
"11/08/2018";"10:48:00";"39";"com vítima";"55,6";"BR-116/SC";"Sul";"Colisão Transversal";1;0;0;1;0;0;0;0;0;0;1;1;0;0;0
"11/08/2018";"11:31:00";"43";"com vítima";"110";"BR-116/SC";"Norte";"Colisão Traseira";0;0;1;0;0;0;0;0;0;1;2;1;0;0;0
"11/08/2018";"16:31:00";"64";"sem vítima";"117,067";"BR-116/PR";"Sul";"Colisão Traseira";1;0;0;0;0;0;0;0;0;0;1;0;0;0;0
"11/08/2018";"16:39:00";"68";"sem vítima";"170,8";"BR-116/SC";"Norte";"Colisão Lateral";1;0;1;0;0;1;0;0;0;0;5;0;0;0;0
"11/08/2018";"17:10:00";"75";"com vítima";"138,4";"BR-116/SC";"Norte";"Colisão Transversal";2;0;0;0;0;0;0;0;0;0;3;1;0;0;0
"11/08/2018";"18:21:00";"82";"com vítima";"129,5";"BR-116/PR";"Sul";"Queda de Moto";0;0;0;1;0;0;0;0;0;0;0;1;0;0;0
"11/08/2018";"18:32:00";"83";"sem vítima";"197";"BR-116/SC";"Norte";"Colisão Lateral";1;0;0;0;0;2;0;0;0;0;3;0;0;0;0
"12/08/2018";"04:29:00";"12";"sem vítima";"117";"BR-116/PR";"Sul";"Capotamento";1;0;0;0;0;0;0;0;0;0;2;0;0;0;0
"12/08/2018";"05:13:00";"15";"sem vítima";"162";"BR-116/SC";"Norte";"Capotamento";1;0;0;0;0;0;0;0;0;0;1;0;0;0;0
"12/08/2018";"05:32:00";"17";"com vítima";"165,7";"BR-116/SC";"Norte";"Tombamento";0;0;1;0;0;0;0;0;0;0;0;1;0;0;0
"12/08/2018";"06:42:00";"20";"com vítima";"125";"BR-116/PR";"Norte";"Queda de Moto";0;0;0;1;0;0;0;0;0;0;0;1;0;0;0
"12/08/2018";"14:11:00";"49";"sem vítima";"210";"BR-116/SC";"Norte";"Choque - Talude";1;0;0;0;0;0;0;0;0;0;1;0;0;0;0
"12/08/2018";"18:04:00";"77";"com vítima";"135";"BR-116/PR";"Sul";"Colisão Transversal";1;0;0;0;0;0;0;0;0;1;2;1;0;0;0
"13/08/2018";"11:55:00";"41";"sem vítima";"122";"BR-116/PR";"Sul";"Colisão Transversal";1;0;0;0;0;1;0;0;0;0;4;0;0;0;0
"13/08/2018";"12:40:00";"46";"sem vítima";"1,2";"BR-116/SC";"Sul";"Saida de Pista";1;0;0;0;0;0;0;0;0;0;1;0;0;0;0
"14/08/2018";"07:25:00";"11";"com vítima";"115";"BR-116/PR";"Norte";"Colisão Lateral";1;0;0;1;0;0;0;0;0;0;1;1;0;0;0
"14/08/2018";"08:01:00";"13";"sem vítima";"138";"BR-116/SC";"Norte";"Colisão Transversal";1;0;1;0;0;0;0;0;0;0;2;0;0;0;0
"14/08/2018";"11:06:00";"45";"sem vítima";"126";"BR-116/PR";"Sul";"Colisão Traseira";1;0;1;0;0;0;0;0;0;0;2;0;0;0;0
"14/08/2018";"12:43:00";"56";"sem vítima";"12";"BR-116/SC";"Sul";"Colisão Transversal";2;0;0;0;0;0;0;0;0;0;2;0;0;0;0
"14/08/2018";"19:30:00";"100";"sem vítima";"47";"BR-116/SC";"Sul";"Atropelamento de Animal";1;0;0;0;0;0;0;0;0;0;1;0;0;0;0
"14/08/2018";"21:58:00";"116";"com vítima";"123";"BR-116/PR";"Norte";"Atropelamento - Ciclista";0;1;0;0;0;1;0;0;0;0;1;0;0;1;0
"14/08/2018";"22:08:00";"117";"com vítima";"211";"BR-116/SC";"Norte";"Queda de Moto";0;0;0;1;0;0;0;0;0;0;0;1;0;0;0
"15/08/2018";"08:18:00";"22";"sem vítima";"116,9";"BR-116/PR";"Norte";"Colisão Traseira";1;1;0;0;0;0;0;0;0;0;2;0;0;0;0
"15/08/2018";"13:56:00";"50";"com vítima";"251,3";"BR-116/SC";"Sul";"Colisão Transversal";2;0;1;0;0;0;0;0;0;0;3;1;0;0;0
"16/08/2018";"14:03:00";"66";"sem vítima";"41,2";"BR-116/SC";"Sul";"Choque - Outros";0;0;1;0;0;0;0;0;0;0;1;0;0;0;0
"16/08/2018";"17:26:00";"87";"sem vítima";"137";"BR-116/SC";"Norte";"Choque - Talude";1;0;0;0;0;0;0;0;0;0;1;0;0;0;0
"17/08/2018";"06:21:00";"10";"sem vítima";"181,05";"BR-116/SC";"Sul";"Saida de Pista";1;0;0;0;0;0;0;0;0;0;3;0;0;0;0
"17/08/2018";"21:15:00";"115";"sem vítima";"168";"BR-116/PR";"Sul";"Colisão Lateral";1;0;1;0;0;0;0;0;0;0;2;0;0;0;0
"19/08/2018";"02:19:00";"5";"com vítima";"117,1";"BR-116/PR";"Sul";"Capotamento";1;0;0;0;0;0;0;0;0;0;0;3;0;0;0
"19/08/2018";"13:12:00";"40";"com vítima";"149";"BR-116/PR";"Norte";"Colisão Frontal";1;0;0;0;0;0;0;0;0;1;0;1;0;1;0
"19/08/2018";"14:57:00";"48";"com vítima";"238,9";"BR-116/SC";"Norte";"Choque - Outros";0;0;0;1;0;0;0;0;0;0;0;1;0;0;0
"19/08/2018";"17:43:00";"60";"com vítima";"119";"BR-116/PR";"Sul";"Saida de Pista";1;0;0;0;0;0;0;0;0;0;0;3;0;0;0
"19/08/2018";"19:17:00";"68";"sem vítima";"107,7";"BR-116/SC";"Sul";"Choque - Elemento de Drenagem";1;0;0;0;0;0;0;0;0;0;2;0;0;0;0
"19/08/2018";"19:41:00";"71";"sem vítima";"143";"BR-116/PR";"Norte";"Colisão Traseira";2;0;0;0;0;0;0;0;0;0;2;0;0;0;0
"19/08/2018";"20:58:00";"79";"com vítima";"153,1";"BR-116/PR";"Norte";"Colisão Transversal";1;0;1;0;0;0;0;0;0;0;1;2;0;0;0
"20/08/2018";"09:03:00";"31";"sem vítima";"119,5";"BR-116/PR";"Norte";"Colisão Traseira";0;0;0;1;0;0;0;0;0;1;2;0;0;0;0
"20/08/2018";"10:30:00";"58";"sem vítima";"51,5";"BR-116/SC";"Norte";"Choque - Outros";1;0;0;0;0;0;0;0;0;0;1;0;0;0;0
"20/08/2018";"19:07:00";"106";"sem vítima";"149";"BR-116/PR";"Norte";"Colisão Traseira";2;0;0;0;0;1;0;0;0;0;3;0;0;0;0
"20/08/2018";"20:35:00";"109";"com vítima";"161,5";"BR-116/PR";"Sul";"Saida de Pista";1;0;0;0;0;0;0;0;0;0;0;1;0;0;0
"21/08/2018";"07:01:00";"11";"com vítima";"126";"BR-116/PR";"Norte";"Colisão Traseira";1;0;0;1;0;0;0;0;0;0;1;1;0;0;0
"21/08/2018";"07:36:00";"13";"sem vítima";"2,5";"BR-116/SC";"Norte";"Colisão Traseira";0;0;1;1;0;0;0;0;0;0;3;0;0;0;0
"21/08/2018";"12:26:00";"55";"sem vítima";"122";"BR-116/PR";"Norte";"Queda de Moto";0;0;0;1;0;0;0;0;0;0;1;0;0;0;0
"21/08/2018";"13:00:00";"58";"sem vítima";"121";"BR-116/PR";"Norte";"Choque - Veiculo parado na pista";1;0;1;0;0;0;0;0;0;0;2;0;0;0;0
"21/08/2018";"19:06:00";"87";"com vítima";"10,5";"BR-116/SC";"Sul";"Colisão Frontal";1;0;1;0;0;0;0;0;0;0;0;1;0;0;1
"22/08/2018";"04:03:00";"8";"sem vítima";"119";"BR-116/PR";"Norte";"Saida de Pista";0;0;1;0;0;0;0;0;0;0;1;0;0;0;0
"22/08/2018";"07:30:00";"19";"sem vítima";"12";"BR-116/SC";"Norte";"Colisão Traseira";1;0;1;0;0;0;0;0;0;0;2;0;0;0;0
"22/08/2018";"15:46:00";"61";"sem vítima";"152";"BR-116/PR";"Sul";"Colisão Transversal";1;0;1;0;0;0;0;0;0;0;2;0;0;0;0
"23/08/2018";"06:41:00";"13";"com vítima";"120";"BR-116/PR";"Norte";"Colisão Lateral";1;0;0;1;0;0;0;0;0;0;1;1;0;0;0
"23/08/2018";"06:44:00";"14";"sem vítima";"184";"BR-116/SC";"Sul";"Colisão Lateral";1;0;1;0;0;0;0;0;0;0;2;0;0;0;0
"23/08/2018";"19:20:00";"107";"com vítima";"138,3";"BR-116/PR";"Sul";"Atropelamento - Andarilho";1;0;0;0;0;0;0;0;0;0;2;0;0;0;1