data;horario;n_da_ocorrencia;tipo_de_ocorrencia;km;trecho;sentido;tipo_de_acidente;automovel;bicicleta;caminhao;moto;onibus;outros;tracao_animal;transporte_de_cargas_especiais;trator_maquinas;utilitarios;ilesos;levemente_feridos;moderadamente_feridos;gravemente_feridos;mortos
"24/08/2018";"07:40:00";"19";"sem vítima";"142";"BR-116/PR";"Norte";"Colisão Lateral";1;0;1;0;0;0;0;0;0;0;2;0;0;0;0
"24/08/2018";"10:24:00";"35";"sem vítima";"2,4";"BR-116/SC";"Norte";"Choque - Defensa, barreira ou "submarino"";0;0;1;0;0;0;0;0;0;0;1;0;0;0;0
"24/08/2018";"13:00:00";"60";"sem vítima";"89";"BR-116/SC";"Norte";"Saida de Pista";1;0;0;0;0;0;0;0;0;0;1;0;0;0;0
"24/08/2018";"18:19:00";"88";"sem vítima";"152,4";"BR-116/PR";"Norte";"Colisão Transversal";1;0;1;0;0;0;0;0;0;0;2;0;0;0;0
"24/08/2018";"18:50:00";"93";"com vítima";"146";"BR-116/PR";"Sul";"Colisão Lateral";0;0;0;1;0;1;0;0;0;0;1;0;0;1;0
"24/08/2018";"19:18:00";"96";"sem vítima";"146";"BR-116/PR";"Norte";"Colisão Traseira";2;0;0;0;0;0;0;0;0;0;4;0;0;0;0
"24/08/2018";"20:15:00";"101";"sem vítima";"242,35";"BR-116/SC";"Sul";"Tombamento";0;0;1;0;0;0;0;0;0;0;1;0;0;0;0
"25/08/2018";"02:23:00";"9";"sem vítima";"139";"BR-116/PR";"Sul";"Choque - Arvore";1;0;0;0;0;0;0;0;0;0;1;0;0;0;0
"25/08/2018";"06:57:00";"17";"sem vítima";"130,8";"BR-116/PR";"Sul";"Saida de Pista";1;0;0;0;0;0;0;0;0;0;1;0;0;0;0
"25/08/2018";"08:34:00";"26";"com vítima";"122";"BR-116/PR";"Norte";"Saida de Pista";1;0;0;0;0;0;0;0;0;0;1;4;0;0;0
"25/08/2018";"11:02:00";"40";"sem vítima";"125";"BR-116/PR";"Sul";"Colisão Traseira";1;0;1;0;0;0;0;0;0;0;2;0;0;0;0
"25/08/2018";"13:27:00";"59";"sem vítima";"126";"BR-116/PR";"Sul";"Engavetamento";2;0;0;0;0;1;0;0;0;0;3;0;0;0;0
"25/08/2018";"15:27:00";"71";"sem vítima";"166,8";"BR-116/PR";"Norte";"Colisão Traseira";2;0;0;0;0;0;0;0;0;0;7;0;0;0;0
"25/08/2018";"23:28:00";"103";"sem vítima";"118,3";"BR-116/SC";"Sul";"Saida de Pista";1;0;0;0;0;0;0;0;0;0;3;0;0;0;0
"26/08/2018";"12:09:00";"43";"sem vítima";"131,1";"BR-116/SC";"Sul";"Choque - Talude";1;0;0;0;0;0;0;0;0;0;1;0;0;0;0
"26/08/2018";"19:18:00";"80";"sem vítima";"137,25";"BR-116/SC";"Sul";"Capotamento";1;0;0;0;0;0;0;0;0;0;1;0;0;0;0
"26/08/2018";"20:39:00";"89";"com vítima";"181,96";"BR-116/PR";"Norte";"Atropelamento - Ciclista";1;1;0;0;0;0;0;0;0;0;1;0;0;0;1
"27/08/2018";"18:01:00";"115";"com vítima";"281,3";"BR-116/SC";"Sul";"Choque - Talude";1;0;0;0;0;0;0;0;0;0;0;1;0;0;0
"28/08/2018";"15:08:00";"87";"sem vítima";"181";"BR-116/SC";"Norte";"Colisão Traseira";2;0;0;0;0;0;0;0;0;0;2;0;0;0;0
"28/08/2018";"17:35:00";"108";"com vítima";"306,5";"BR-116/SC";"Norte";"Capotamento";1;0;0;0;0;0;0;0;0;0;0;1;0;0;0
"29/08/2018";"02:43:00";"5";"com vítima";"185,9";"BR-116/SC";"Norte";"Capotamento";0;0;1;0;0;0;0;0;0;0;0;1;0;0;0
"29/08/2018";"07:25:00";"12";"sem vítima";"131,7";"BR-116/PR";"Sul";"Colisão Lateral";2;0;0;0;0;0;0;0;0;0;2;0;0;0;0
"30/08/2018";"07:24:00";"16";"sem vítima";"298,9";"BR-116/SC";"Sul";"Saida de Pista";1;0;0;0;0;0;0;0;0;0;2;0;0;0;0
"30/08/2018";"12:17:00";"58";"sem vítima";"206";"BR-116/SC";"Sul";"Colisão Transversal";1;0;0;0;1;0;0;0;0;0;2;0;0;0;0
"30/08/2018";"18:04:00";"116";"sem vítima";"43,5";"BR-116/SC";"Norte";"Colisão Traseira";1;0;1;0;0;0;0;0;0;0;2;0;0;0;0
"30/08/2018";"19:15:00";"123";"sem vítima";"163,7";"BR-116/PR";"Norte";"Colisão Transversal";2;0;0;0;0;0;0;0;0;0;2;0;0;0;0
"31/08/2018";"06:41:00";"21";"sem vítima";"137";"BR-116/PR";"Norte";"Colisão Traseira";0;0;2;0;0;0;0;0;0;0;2;0;0;0;0
"31/08/2018";"11:59:00";"56";"sem vítima";"143,7";"BR-116/PR";"Sul";"Engavetamento";3;0;0;0;0;0;0;0;0;0;3;0;0;0;0
"31/08/2018";"14:02:00";"64";"sem vítima";"244,4";"BR-116/SC";"Sul";"Choque - Talude";0;0;1;0;0;0;0;0;0;0;1;0;0;0;0
"31/08/2018";"16:57:00";"83";"sem vítima";"56,3";"BR-116/SC";"Norte";"Colisão Lateral";0;0;0;0;1;1;0;0;0;0;2;0;0;0;0
"31/08/2018";"18:08:00";"89";"sem vítima";"134,4";"BR-116/PR";"Norte";"Colisão Lateral";0;0;1;0;0;0;0;0;0;0;1;0;0;0;0
"31/08/2018";"19:21:00";"95";"sem vítima";"234,9";"BR-116/SC";"Sul";"Colisão Lateral";1;0;0;0;0;1;0;0;0;0;4;0;0;0;0
"01/09/2018";"02:18:00";"10";"sem vítima";"117";"BR-116/PR";"Sul";"Colisão Traseira";2;0;0;0;0;0;0;0;0;0;2;0;0;0;0
"01/09/2018";"06:51:00";"13";"com vítima";"115,1";"BR-116/PR";"Norte";"Choque - Poste";1;0;0;0;0;0;0;0;0;0;0;1;0;0;0
"01/09/2018";"07:38:00";"15";"sem vítima";"160,5";"BR-116/PR";"Sul";"Colisão Transversal";1;0;1;0;0;0;0;0;0;0;2;0;0;0;0
"01/09/2018";"09:39:00";"26";"sem vítima";"2,35";"BR-116/SC";"Norte";"Choque - Defensa, barreira ou "submarino"";1;0;0;0;0;0;0;0;0;0;1;0;0;0;0
"02/09/2018";"06:11:00";"21";"sem vítima";"119";"BR-116/PR";"Sul";"Choque - Elemento de Drenagem";1;0;0;0;0;0;0;0;0;0;1;0;0;0;0
"02/09/2018";"06:24:00";"24";"sem vítima";"64";"BR-116/SC";"Norte";"Choque - Talude";1;0;0;0;0;0;0;0;0;0;1;0;0;0;0
"02/09/2018";"09:57:00";"33";"sem vítima";"143";"BR-116/SC";"Norte";"Saida de Pista";1;0;0;0;0;0;0;0;0;0;1;0;0;0;0
"02/09/2018";"12:50:00";"49";"sem vítima";"13";"BR-116/SC";"Norte";"Choque - Talude";1;0;0;0;0;0;0;0;0;0;1;0;0;0;0
"02/09/2018";"15:07:00";"59";"sem vítima";"117";"BR-116/PR";"Sul";"Colisão Traseira";2;0;0;0;0;0;0;0;0;0;2;0;0;0;0
"02/09/2018";"17:41:00";"79";"sem vítima";"117";"BR-116/PR";"Norte";"Saida de Pista";1;0;0;0;0;0;0;0;0;0;1;0;0;0;0
"02/09/2018";"18:19:00";"81";"com vítima";"117";"BR-116/PR";"Sul";"Engavetamento";3;0;0;0;0;0;0;0;0;0;4;0;0;1;0
"02/09/2018";"18:59:00";"85";"sem vítima";"126,9";"BR-116/PR";"Norte";"Colisão Traseira";1;0;0;0;0;1;0;0;0;0;2;0;0;0;0
"02/09/2018";"19:21:00";"89";"sem vítima";"59,4";"BR-116/SC";"Sul";"Saida de Pista";1;0;0;0;0;0;0;0;0;0;1;0;0;0;0
"02/09/2018";"19:38:00";"91";"sem vítima";"189,8";"BR-116/SC";"Sul";"Queda de Moto";0;0;0;1;0;0;0;0;0;0;2;0;0;0;0
"03/09/2018";"05:20:00";"21";"com vítima";"117";"BR-116/PR";"Sul";"Queda de Moto";0;0;0;1;0;0;0;0;0;0;0;1;0;0;0
"03/09/2018";"08:47:00";"34";"sem vítima";"124,6";"BR-116/PR";"Sul";"Choque - Defensa, barreira ou "submarino"";1;0;0;0;0;0;0;0;0;0;1;0;0;0;0
"03/09/2018";"15:17:00";"79";"sem vítima";"238,9";"BR-116/SC";"Sul";"Choque - Elemento de Drenagem";0;0;1;0;0;0;0;0;0;0;1;0;0;0;0
"03/09/2018";"19:58:00";"109";"sem vítima";"125,2";"BR-116/PR";"Norte";"Colisão Traseira";1;0;0;0;0;1;0;0;0;0;2;0;0;0;0
"03/09/2018";"20:08:00";"110";"com vítima";"125,2";"BR-116/PR";"Norte";"Engavetamento";1;0;0;0;0;0;0;0;0;2;5;2;0;0;0
"04/09/2018";"06:45:00";"21";"sem vítima";"176";"BR-116/PR";"Norte";"Choque - Talude";0;0;1;0;0;0;0;0;0;0;1;0;0;0;0
"04/09/2018";"07:35:00";"27";"sem vítima";"146";"BR-116/PR";"Norte";"Colisão Transversal";1;0;1;0;0;0;0;0;0;0;2;0;0;0;0
"04/09/2018";"17:25:00";"110";"sem vítima";"23,6";"BR-116/SC";"Sul";"Colisão Transversal";2;0;0;0;0;0;0;0;0;0;2;0;0;0;0
"04/09/2018";"17:51:00";"113";"sem vítima";"205";"BR-116/PR";"Sul";"Colisão Transversal";2;0;0;0;0;0;0;0;0;0;2;0;0;0;0
"04/09/2018";"21:53:00";"138";"com vítima";"172,18";"BR-116/PR";"Norte";"Capotamento";1;0;0;0;0;0;0;0;0;0;0;0;0;1;1
"05/09/2018";"13:59:00";"82";"sem vítima";"14";"BR-116/SC";"Norte";"Engavetamento";2;0;1;0;0;0;0;0;0;0;6;0;0;0;0
"05/09/2018";"14:56:00";"92";"sem vítima";"8,5";"BR-116/SC";"Sul";"Colisão Lateral";1;0;1;0;0;0;0;0;0;0;2;0;0;0;0
"05/09/2018";"21:28:00";"133";"sem vítima";"180";"BR-116/SC";"Norte";"Colisão Transversal";2;0;0;0;0;0;0;0;0;0;3;0;0;0;0
"05/09/2018";"21:57:00";"136";"sem vítima";"208,7";"BR-116/SC";"Sul";"Saida de Pista";0;0;1;0;0;0;0;0;0;0;1;0;0;0;0
"05/09/2018";"22:47:00";"144";"sem vítima";"146";"BR-116/PR";"Norte";"Saida de Pista";1;0;0;0;0;0;0;0;0;0;1;0;0;0;0
"06/09/2018";"02:36:00";"9";"sem vítima";"174,8";"BR-116/SC";"Norte";"Saida de Pista";0;0;1;0;0;0;0;0;0;0;1;0;0;0;0
"06/09/2018";"06:36:00";"17";"sem vítima";"4,15";"BR-116/SC";"Norte";"Tombamento";1;0;0;0;0;0;0;0;0;0;1;0;0;0;0
"06/09/2018";"14:52:00";"86";"sem vítima";"132,3";"BR-116/SC";"Sul";"Colisão Traseira";0;0;2;0;0;0;0;0;0;0;2;0;0;0;0
"06/09/2018";"19:52:00";"118";"com vítima";"8,5";"BR-116/SC";"Sul";"Colisão Frontal";1;0;0;1;0;0;0;0;0;1;0;4;0;2;0
"07/09/2018";"08:28:00";"40";"com vítima";"177";"BR-116/PR";"Sul";"Queda de Moto";0;0;0;1;0;0;0;0;0;0;0;1;0;0;0
"07/09/2018";"22:15:00";"118";"sem vítima";"125,8";"BR-116/PR";"Sul";"Colisão Transversal";2;0;0;0;0;0;0;0;0;0;5;0;0;0;0
"08/09/2018";"04:19:00";"17";"sem vítima";"245,5";"BR-116/SC";"Norte";"Colisão Transversal";1;0;0;0;0;1;0;0;0;0;2;0;0;0;0
"08/09/2018";"14:48:00";"66";"com vítima";"12,3";"BR-116/SC";"Sul";"Colisão Transversal";0;0;1;1;0;0;0;0;0;0;1;2;0;0;0
"08/09/2018";"17:51:00";"84";"sem vítima";"226";"BR-116/SC";"Norte";"Saida de Pista";1;0;0;0;0;0;0;0;0;0;1;0;0;0;0
"09/09/2018";"05:21:00";"22";"sem vítima";"143";"BR-116/PR";"Sul";"Choque - Talude";1;0;0;0;0;0;0;0;0;0;1;0;0;0;0
"09/09/2018";"11:44:00";"48";"sem vítima";"117,5";"BR-116/PR";"Sul";"Engavetamento";2;0;0;0;0;1;0;0;0;0;8;0;0;0;0
"09/09/2018";"14:02:00";"55";"sem vítima";"27,3";"BR-116/SC";"Norte";"Colisão Transversal";1;0;0;0;0;1;0;0;0;0;3;0;0;0;0
"09/09/2018";"14:27:00";"58";"sem vítima";"27";"BR-116/SC";"Norte";"Colisão Lateral";0;0;1;0;0;1;0;0;0;0;2;0;0;0;0
"09/09/2018";"17:34:00";"79";"com vítima";"150,7";"BR-116/PR";"Sul";"Colisão Transversal";2;0;0;0;0;0;0;0;0;0;5;3;0;0;0
"09/09/2018";"19:20:00";"89";"com vítima";"141,5";"BR-116/PR";"Sul";"Colisão Transversal";0;0;0;1;0;0;0;0;0;1;1;1;0;0;0
"10/09/2018";"07:47:00";"17";"sem vítima";"120,6";"BR-116/PR";"Norte";"Engavetamento";3;0;0;0;0;0;0;0;0;0;5;0;0;0;0
"10/09/2018";"14:00:00";"66";"com vítima";"5,7";"BR-116/SC";"Sul";"Colisão Transversal";0;0;0;1;0;0;0;0;0;1;1;1;0;0;0
"10/09/2018";"15:15:00";"75";"com vítima";"204,9";"BR-116/PR";"Norte";"Colisão Transversal";2;0;0;0;0;0;0;0;0;0;3;1;0;0;0
"10/09/2018";"19:16:00";"104";"sem vítima";"263,5";"BR-116/SC";"Sul";"Tombamento";0;0;1;0;0;0;0;0;0;0;1;0;0;0;0
"10/09/2018";"19:41:00";"107";"com vítima";"126";"BR-116/PR";"Norte";"Colisão Transversal";0;0;0;2;0;1;0;0;0;0;2;1;0;0;0
"11/09/2018";"07:20:00";"16";"sem vítima";"116,7";"BR-116/PR";"Norte";"Colisão Traseira";2;0;0;0;0;0;0;0;0;0;2;0;0;0;0
"11/09/2018";"08:36:00";"28";"sem vítima";"253";"BR-116/SC";"Norte";"Choque - Talude";0;0;1;0;0;0;0;0;0;0;1;0;0;0;0
"11/09/2018";"18:59:00";"112";"com vítima";"197";"BR-116/PR";"Norte";"Colisão Lateral";2;0;0;0;0;0;0;0;0;0;1;1;0;0;0
"12/09/2018";"07:30:00";"20";"sem vítima";"125,3";"BR-116/PR";"Norte";"Colisão Lateral";1;0;0;1;0;0;0;0;0;0;2;0;0;0;0
"12/09/2018";"18:38:00";"111";"sem vítima";"143,15";"BR-116/SC";"Sul";"Colisão Lateral";1;0;0;1;0;0;0;0;0;0;2;0;0;0;0
"12/09/2018";"18:52:00";"115";"com vítima";"191,08";"BR-116/PR";"Sul";"Colisão Transversal";0;0;0;1;0;0;0;0;0;1;1;1;0;0;0
"12/09/2018";"21:07:00";"125";"com vítima";"267,75";"BR-116/SC";"Sul";"Colisão Traseira";1;0;0;0;0;0;0;0;0;1;5;1;0;0;0
"12/09/2018";"21:15:00";"127";"com vítima";"147,1";"BR-116/PR";"Norte";"Choque - Suporte de Sinalização";1;0;0;0;0;0;0;0;0;0;0;1;0;0;0
"13/09/2018";"05:48:00";"14";"sem vítima";"52,3";"BR-116/SC";"Sul";"Colisão Traseira";0;0;2;0;0;0;0;0;0;0;2;0;0;0;0
"14/09/2018";"00:08:00";"5";"com vítima";"126,3";"BR-116/PR";"Sul";"Colisão Transversal";2;0;0;0;0;0;0;0;0;0;5;1;0;0;0
"14/09/2018";"05:54:00";"17";"sem vítima";"117";"BR-116/PR";"Norte";"Colisão Traseira";1;0;1;0;0;0;0;0;0;0;2;0;0;0;0
"14/09/2018";"08:27:00";"28";"com vítima";"304,9";"BR-116/SC";"Sul";"Saida de Pista";0;0;1;0;0;0;0;0;0;0;0;1;0;0;0
"14/09/2018";"17:14:00";"104";"com vítima";"207";"BR-116/SC";"Norte";"Colisão Transversal";1;0;1;0;0;0;0;0;0;0;1;0;0;1;0
"14/09/2018";"19:28:00";"122";"com vítima";"141";"BR-116/SC";"Sul";"Colisão Transversal";1;0;0;0;0;0;0;0;0;1;1;2;0;0;0
"15/09/2018";"13:06:00";"50";"sem vítima";"117";"BR-116/PR";"Norte";"Engavetamento";3;0;0;0;0;0;0;0;0;0;3;0;0;0;0
"15/09/2018";"16:28:00";"72";"com vítima";"115,8";"BR-116/PR";"Norte";"Atropelamento - Usuário";1;0;0;0;0;0;0;0;0;0;1;0;0;0;1
"15/09/2018";"19:22:00";"85";"sem vítima";"116";"BR-116/PR";"Sul";"Colisão Traseira";2;0;0;0;0;0;0;0;0;0;6;0;0;0;0
"15/09/2018";"22:56:00";"100";"sem vítima";"117,6";"BR-116/PR";"Sul";"Colisão Traseira";2;0;0;0;0;0;0;0;0;0;5;0;0;0;0
"16/09/2018";"00:57:00";"10";"com vítima";"125,8";"BR-116/PR";"Norte";"Colisão Traseira";1;0;0;1;0;0;0;0;0;0;1;1;0;0;0
"16/09/2018";"14:00:00";"75";"sem vítima";"145,8";"BR-116/PR";"Norte";"Choque - Veiculo parado no acostamento";2;0;0;0;0;0;0;0;0;0;2;0;0;0;0
"16/09/2018";"14:51:00";"80";"com vítima";"157,168";"BR-116/PR";"Sul";"Colisão Frontal";1;0;1;0;0;0;0;0;0;0;0;1;0;0;2
"16/09/2018";"15:31:00";"82";"sem vítima";"125,6";"BR-116/SC";"Norte";"Choque - Talude";1;0;0;0;0;0;0;0;0;0;2;0;0;0;0
"16/09/2018";"18:36:00";"102";"sem vítima";"160,9";"BR-116/PR";"Sul";"Colisão Traseira";2;0;0;0;0;1;0;0;0;0;5;0;0;0;0
"17/09/2018";"06:57:00";"20";"com vítima";"126";"BR-116/PR";"Sul";"Colisão Frontal";1;0;0;1;0;0;0;0;0;0;1;2;0;0;0
"17/09/2018";"14:54:00";"77";"sem vítima";"111";"BR-116/SC";"Sul";"Colisão Lateral";1;0;1;0;0;0;0;0;0;0;5;0;0;0;0
"17/09/2018";"17:24:00";"90";"sem vítima";"206";"BR-116/SC";"Norte";"Colisão Transversal";0;0;2;0;0;0;0;0;0;0;2;0;0;0;0
"17/09/2018";"20:10:00";"113";"sem vítima";"159,9";"BR-116/SC";"Sul";"Saida de Pista";0;0;1;0;0;0;0;0;0;0;1;0;0;0;0
"18/09/2018";"17:45:00";"114";"com vítima";"167";"BR-116/PR";"Sul";"Colisão Lateral";1;0;1;0;0;0;0;0;0;0;1;1;0;0;0
"19/09/2018";"07:45:00";"25";"com vítima";"117";"BR-116/PR";"Norte";"Colisão Traseira";1;0;0;1;0;0;0;0;0;0;1;1;0;0;0
"19/09/2018";"11:32:00";"60";"sem vítima";"134";"BR-116/PR";"Norte";"Colisão Traseira";0;0;2;0;0;0;0;0;0;0;2;0;0;0;0
"19/09/2018";"18:19:00";"121";"sem vítima";"126";"BR-116/PR";"Norte";"Colisão Transversal";1;0;0;1;0;0;0;0;0;0;2;0;0;0;0
"20/09/2018";"07:39:00";"19";"com vítima";"107,7";"BR-116/SC";"Norte";"Tombamento";0;0;1;0;0;0;0;0;0;0;0;1;0;0;0
"20/09/2018";"07:41:00";"20";"sem vítima";"116,3";"BR-116/PR";"Norte";"Colisão Traseira";1;0;0;1;0;0;0;0;0;0;2;0;0;0;0
"20/09/2018";"10:36:00";"50";"sem vítima";"4,5";"BR-116/SC";"Sul";"Colisão Lateral";1;0;1;0;0;0;0;0;0;0;2;0;0;0;0
"20/09/2018";"15:33:00";"87";"sem vítima";"117";"BR-116/PR";"Norte";"Colisão Traseira";1;0;0;0;0;1;0;0;0;0;2;0;0;0;0
"21/09/2018";"19:02:00";"95";"sem vítima";"214,5";"BR-116/SC";"Sul";"Colisão Lateral";1;0;0;0;0;1;0;0;0;0;2;0;0;0;0
"21/09/2018";"21:30:00";"107";"com vítima";"170,45";"BR-116/PR";"Norte";"Colisão Transversal";1;0;0;1;0;0;0;0;0;0;1;0;0;1;0
"22/09/2018";"13:48:00";"80";"sem vítima";"309";"BR-116/SC";"Norte";"Saida de Pista";1;0;0;0;0;0;0;0;0;0;1;0;0;0;0
"22/09/2018";"19:29:00";"111";"sem vítima";"245";"BR-116/SC";"Sul";"Colisão Transversal";1;0;1;0;0;0;0;0;0;0;4;0;0;0;0
"23/09/2018";"02:39:00";"11";"sem vítima";"127,4";"BR-116/PR";"Sul";"Colisão Traseira";1;0;0;0;0;1;0;0;0;0;2;0;0;0;0
"23/09/2018";"08:14:00";"27";"sem vítima";"134";"BR-116/PR";"Norte";"Colisão Transversal";1;0;0;0;0;1;0;0;0;0;4;0;0;0;0
"23/09/2018";"11:40:00";"47";"com vítima";"124";"BR-116/PR";"Sul";"Colisão Lateral";1;0;0;1;0;0;0;0;0;0;1;1;0;1;0
"23/09/2018";"13:42:00";"54";"com vítima";"191";"BR-116/PR";"Norte";"Colisão Transversal";0;0;0;1;0;1;0;0;0;0;1;1;0;0;0
"24/09/2018";"06:46:00";"20";"sem vítima";"148";"BR-116/PR";"Norte";"Colisão Traseira";2;0;0;0;0;0;0;0;0;0;4;0;0;0;0
"24/09/2018";"11:27:00";"57";"sem vítima";"226";"BR-116/SC";"Norte";"Saida de Pista";1;0;0;0;0;0;0;0;0;0;1;0;0;0;0
"24/09/2018";"15:13:00";"77";"com vítima";"140,3";"BR-116/PR";"Norte";"Colisão Lateral";1;0;1;0;0;0;0;0;0;0;1;1;0;0;0
"24/09/2018";"19:06:00";"106";"sem vítima";"216";"BR-116/SC";"Norte";"Saida de Pista";1;0;0;0;0;0;0;0;0;0;1;0;0;0;0
"24/09/2018";"20:40:00";"116";"sem vítima";"118";"BR-116/PR";"Sul";"Colisão Lateral";1;0;0;0;0;1;0;0;0;0;2;0;0;0;0
"25/09/2018";"13:50:00";"75";"sem vítima";"57,9";"BR-116/SC";"Norte";"Colisão Traseira";1;0;1;0;0;0;0;0;0;0;2;0;0;0;0
"25/09/2018";"18:28:00";"104";"sem vítima";"117";"BR-116/PR";"Norte";"Colisão Traseira";0;0;1;0;1;0;0;0;0;0;2;0;0;0;0
"25/09/2018";"20:55:00";"122";"sem vítima";"126";"BR-116/PR";"Norte";"Colisão Transversal";2;0;0;0;0;0;0;0;0;0;4;0;0;0;0
"26/09/2018";"07:15:00";"20";"com vítima";"116,6";"BR-116/PR";"Norte";"Colisão Lateral";1;0;0;1;0;0;0;0;0;1;2;2;0;0;0
"26/09/2018";"16:10:00";"95";"sem vítima";"159,3";"BR-116/PR";"Norte";"Choque - Outros";1;0;0;0;0;0;0;0;0;0;1;0;0;0;0
"26/09/2018";"17:41:00";"105";"sem vítima";"118,8";"BR-116/PR";"Norte";"Engavetamento";2;0;0;0;0;3;0;0;0;0;5;0;0;0;0
"27/09/2018";"14:19:00";"80";"sem vítima";"143,05";"BR-116/PR";"Norte";"Colisão Lateral";1;0;1;0;0;0;0;0;0;0;2;0;0;0;0
"27/09/2018";"17:24:00";"114";"sem vítima";"143,2";"BR-116/PR";"Norte";"Colisão Traseira";0;0;2;0;0;0;0;0;0;0;2;0;0;0;0
"29/09/2018";"10:54:00";"45";"com vítima";"116";"BR-116/PR";"Norte";"Outros";0;0;0;2;0;1;0;0;0;0;2;1;0;0;0
"29/09/2018";"11:50:00";"54";"sem vítima";"140,5";"BR-116/SC";"Sul";"Colisão Traseira";2;0;0;0;0;0;0;0;0;0;2;0;0;0;0
"29/09/2018";"14:28:00";"73";"com vítima";"167";"BR-116/PR";"Norte";"Colisão Transversal";1;0;1;0;0;0;0;0;0;0;2;1;0;0;0
"29/09/2018";"17:12:00";"85";"sem vítima";"117";"BR-116/PR";"Norte";"Colisão Lateral";0;0;0;1;0;0;0;0;0;1;2;0;0;0;0
"29/09/2018";"20:04:00";"102";"sem vítima";"55";"BR-116/SC";"Sul";"Colisão Traseira";2;0;0;0;0;0;0;0;0;0;3;0;0;0;0
"29/09/2018";"20:24:00";"104";"sem vítima";"292,6";"BR-116/SC";"Norte";"Choque - Talude";1;0;0;0;0;0;0;0;0;0;1;0;0;0;0
"30/09/2018";"05:24:00";"21";"com vítima";"211,8";"BR-116/SC";"Norte";"Choque - Defensa, barreira ou "submarino"";1;0;0;0;0;0;0;0;0;0;1;1;0;0;0
"30/09/2018";"17:57:00";"78";"sem vítima";"204,8";"BR-116/SC";"Norte";"Saida de Pista";1;0;0;0;0;0;0;0;0;0;1;0;0;0;0
"30/09/2018";"19:06:00";"87";"sem vítima";"118";"BR-116/PR";"Sul";"Colisão Traseira";1;0;1;0;0;0;0;0;0;0;2;0;0;0;0
"02/10/2018";"04:47:00";"20";"com vítima";"21";"BR-116/SC";"Sul";"Queda de Moto";0;0;0;1;0;0;0;0;0;0;0;1;0;0;0
"02/10/2018";"07:51:00";"34";"sem vítima";"117";"BR-116/PR";"Norte";"Queda de Moto";0;0;0;2;0;0;0;0;0;0;2;0;0;0;0
"02/10/2018";"09:05:00";"45";"com vítima";"128";"BR-116/PR";"Sul";"Queda de Moto";0;0;0;1;0;0;0;0;0;0;0;1;0;0;0
"02/10/2018";"09:23:00";"48";"com vítima";"210";"BR-116/PR";"Norte";"Colisão Transversal";0;0;0;1;0;1;0;0;0;0;1;1;0;0;0
"02/10/2018";"18:17:00";"113";"sem vítima";"95,1";"BR-116/SC";"Sul";"Colisão Traseira";1;0;0;0;0;1;0;0;0;0;2;0;0;0;0
"02/10/2018";"19:39:00";"126";"com vítima";"246,9";"BR-116/SC";"Sul";"Colisão Transversal";0;0;1;1;0;0;0;0;0;0;4;0;0;1;0
"03/10/2018";"08:02:00";"33";"sem vítima";"122,7";"BR-116/PR";"Sul";"Engavetamento";3;0;0;0;0;0;0;0;0;0;3;0;0;0;0
"03/10/2018";"11:21:00";"53";"com vítima";"126";"BR-116/PR";"Norte";"Colisão Transversal";1;0;0;0;0;1;0;0;0;0;1;2;0;0;0
"03/10/2018";"14:27:00";"73";"sem vítima";"219";"BR-116/SC";"Sul";"Colisão Transversal";2;0;0;0;0;0;0;0;0;0;2;0;0;0;0
"03/10/2018";"14:54:00";"75";"com vítima";"211,9";"BR-116/SC";"Norte";"Tombamento";0;0;1;0;0;0;0;0;0;0;0;1;0;0;0
"04/10/2018";"15:49:00";"103";"com vítima";"185";"BR-116/PR";"Sul";"Engavetamento";3;0;1;0;0;0;0;0;0;0;5;1;0;0;0
"05/10/2018";"06:32:00";"25";"sem vítima";"120,5";"BR-116/PR";"Norte";"Engavetamento";4;0;0;0;0;0;0;0;0;0;4;0;0;0;0
"05/10/2018";"08:03:00";"30";"com vítima";"120,9";"BR-116/PR";"Norte";"Colisão Lateral";1;0;0;1;0;0;0;0;0;0;1;1;0;0;0
"05/10/2018";"08:05:00";"31";"sem vítima";"172";"BR-116/PR";"Norte";"Colisão Traseira";1;0;0;0;0;1;0;0;0;0;3;0;0;0;0
"05/10/2018";"23:41:00";"161";"com vítima";"139,2";"BR-116/PR";"Sul";"Colisão Transversal";1;0;1;0;0;0;0;0;0;0;1;1;0;0;0
"06/10/2018";"04:33:00";"19";"sem vítima";"120,5";"BR-116/PR";"Sul";"Colisão Lateral";1;0;1;0;0;0;0;0;0;0;2;0;0;0;0
"06/10/2018";"10:52:00";"56";"com vítima";"168,3";"BR-116/SC";"Sul";"Capotamento";1;0;0;0;0;0;0;0;0;0;0;1;0;0;0
"06/10/2018";"11:02:00";"57";"com vítima";"117";"BR-116/PR";"Norte";"Queda de Moto";1;0;0;1;0;0;0;0;0;0;1;2;0;0;0
"06/10/2018";"13:50:00";"73";"sem vítima";"150";"BR-116/PR";"Sul";"Choque - Elemento de Drenagem";1;0;0;0;0;0;0;0;0;0;1;0;0;0;0
"06/10/2018";"18:53:00";"98";"sem vítima";"136";"BR-116/SC";"Sul";"Colisão Traseira";1;0;1;0;0;0;0;0;0;0;2;0;0;0;0
"07/10/2018";"19:34:00";"81";"com vítima";"168,3";"BR-116/SC";"Sul";"Saida de Pista";1;0;0;0;0;0;0;0;0;0;1;2;0;0;0
"08/10/2018";"04:21:00";"17";"com vítima";"3,15";"BR-116/SC";"Norte";"Colisão Transversal";2;0;0;0;0;0;0;0;0;0;1;0;0;0;1
"08/10/2018";"07:49:00";"27";"sem vítima";"125,4";"BR-116/PR";"Norte";"Colisão Lateral";2;0;0;1;0;0;0;0;0;0;3;0;0;0;0