data;horario;n_da_ocorrencia;tipo_de_ocorrencia;km;trecho;sentido;tipo_de_acidente;automovel;bicicleta;caminhao;moto;onibus;outros;tracao_animal;transporte_de_cargas_especiais;trator_maquinas;utilitarios;ilesos;levemente_feridos;moderadamente_feridos;gravemente_feridos;mortos
"09/10/2018";"07:54:00";"28";"sem vítima";"126,3";"BR-116/PR";"Sul";"Engavetamento";3;0;0;0;0;0;0;0;0;0;5;0;0;0;0
"09/10/2018";"08:50:00";"34";"sem vítima";"177,6";"BR-116/PR";"Norte";"Tombamento";0;0;1;0;0;0;0;0;0;0;1;0;0;0;0
"09/10/2018";"09:07:00";"37";"sem vítima";"125,8";"BR-116/PR";"Norte";"Colisão Transversal";1;0;1;0;0;0;0;0;0;0;2;0;0;0;0
"10/10/2018";"04:27:00";"21";"com vítima";"115,8";"BR-116/PR";"Sul";"Capotamento";1;0;1;0;0;0;0;0;0;1;3;1;0;0;0
"10/10/2018";"13:38:00";"78";"sem vítima";"251,2";"BR-116/SC";"Norte";"Saida de Pista";1;0;0;0;0;0;0;0;0;0;1;0;0;0;0
"10/10/2018";"23:06:00";"141";"com vítima";"118";"BR-116/PR";"Norte";"Queda de Moto";0;0;0;1;0;0;0;0;0;0;0;1;0;0;0
"11/10/2018";"10:06:00";"51";"sem vítima";"204";"BR-116/PR";"Norte";"Colisão Transversal";1;0;1;0;0;0;0;0;0;0;3;0;0;0;0
"11/10/2018";"16:57:00";"105";"com vítima";"117,8";"BR-116/PR";"Sul";"Queda de Moto";0;0;1;1;0;0;0;0;0;0;1;0;0;0;1
"11/10/2018";"21:25:00";"133";"sem vítima";"116,7";"BR-116/PR";"Norte";"Choque - Defensa, barreira ou "submarino"";1;0;0;0;0;0;0;0;0;0;1;0;0;0;0
"11/10/2018";"21:53:00";"136";"sem vítima";"117";"BR-116/PR";"Norte";"Colisão Lateral";1;0;1;0;0;0;0;0;0;0;2;0;0;0;0
"12/10/2018";"08:26:00";"30";"sem vítima";"107,8";"BR-116/SC";"Norte";"Choque - Talude";1;0;0;0;0;1;0;0;0;0;3;0;0;0;0
"12/10/2018";"11:39:00";"48";"com vítima";"54,75";"BR-116/SC";"Sul";"Atropelamento - Morador";0;0;0;1;0;0;0;0;0;0;0;2;0;0;0
"12/10/2018";"15:37:00";"68";"sem vítima";"207";"BR-116/SC";"Norte";"Colisão Transversal";2;0;0;0;0;0;0;0;0;0;4;0;0;0;0
"13/10/2018";"00:18:00";"7";"com vítima";"208,85";"BR-116/SC";"Sul";"Queda de Moto";0;0;0;1;0;0;0;0;0;0;0;1;0;0;0
"13/10/2018";"14:10:00";"45";"sem vítima";"144,89";"BR-116/PR";"Norte";"Choque - Outros";1;0;0;0;0;0;0;0;0;0;1;0;0;0;0
"14/10/2018";"10:33:00";"33";"com vítima";"287";"BR-116/SC";"Norte";"Colisão Lateral";2;0;0;0;0;0;0;0;0;0;5;1;0;0;0
"14/10/2018";"14:53:00";"60";"com vítima";"30,5";"BR-116/SC";"Norte";"Colisão Traseira";2;0;0;0;0;0;0;0;0;0;3;1;0;0;0
"14/10/2018";"19:13:00";"89";"com vítima";"211";"BR-116/SC";"Norte";"Colisão Frontal";2;0;0;0;0;0;0;0;0;0;0;4;0;0;0
"15/10/2018";"00:08:00";"7";"sem vítima";"149";"BR-116/PR";"Sul";"Choque - Elemento de Drenagem";0;0;0;0;1;0;0;0;0;0;1;0;0;0;0
"15/10/2018";"08:22:00";"30";"com vítima";"143";"BR-116/PR";"Sul";"Colisão Lateral";1;0;1;0;0;0;0;0;0;0;1;1;0;0;0
"15/10/2018";"09:13:00";"36";"sem vítima";"191";"BR-116/PR";"Sul";"Colisão Traseira";2;0;0;0;0;0;0;0;0;0;2;0;0;0;0
"15/10/2018";"09:18:00";"37";"sem vítima";"152";"BR-116/SC";"Norte";"Colisão Traseira";1;0;1;0;0;0;0;0;0;0;2;0;0;0;0
"15/10/2018";"11:06:00";"47";"com vítima";"58";"BR-116/SC";"Norte";"Colisão Transversal";0;0;1;0;0;0;0;0;0;1;4;1;0;0;0
"15/10/2018";"12:26:00";"58";"sem vítima";"193";"BR-116/PR";"Sul";"Colisão Lateral";1;0;1;0;0;0;0;0;0;0;8;0;0;0;0
"17/10/2018";"10:33:00";"47";"sem vítima";"244,5";"BR-116/SC";"Sul";"Colisão Lateral";0;0;1;0;0;0;0;0;0;0;1;0;0;0;0
"17/10/2018";"12:04:00";"61";"com vítima";"1,6";"BR-116/SC";"Norte";"Colisão Transversal";0;0;0;2;0;0;0;0;0;0;0;2;0;0;0
"17/10/2018";"21:05:00";"132";"sem vítima";"119";"BR-116/PR";"Sul";"Colisão Traseira";2;0;0;0;0;0;0;0;0;0;2;0;0;0;0
"17/10/2018";"23:32:00";"142";"sem vítima";"137,7";"BR-116/PR";"Norte";"Colisão Lateral";0;0;1;0;0;1;0;0;0;0;2;0;0;0;0
"18/10/2018";"05:52:00";"25";"sem vítima";"206";"BR-116/PR";"Sul";"Colisão Traseira";0;0;1;0;0;0;0;0;0;1;2;0;0;0;0
"18/10/2018";"10:24:00";"65";"sem vítima";"185,2";"BR-116/PR";"Sul";"Choque - Veiculo parado na pista";1;0;1;0;0;0;0;0;0;0;2;0;0;0;0
"18/10/2018";"18:03:00";"127";"sem vítima";"119";"BR-116/PR";"Norte";"Choque - Talude";1;0;0;0;0;0;0;0;0;0;1;0;0;0;0
"19/10/2018";"04:47:00";"12";"sem vítima";"234,7";"BR-116/SC";"Sul";"Saida de Pista";1;0;0;0;0;0;0;0;0;0;1;0;0;0;0
"19/10/2018";"17:28:00";"97";"sem vítima";"117";"BR-116/PR";"Norte";"Colisão Traseira";1;0;0;1;0;0;0;0;0;0;2;0;0;0;0
"20/10/2018";"06:48:00";"20";"sem vítima";"141";"BR-116/SC";"Sul";"Colisão Traseira";1;0;0;0;0;1;0;0;0;0;2;0;0;0;0
"20/10/2018";"10:59:00";"49";"com vítima";"137,2";"BR-116/SC";"Norte";"Colisão Frontal";0;0;0;1;0;1;0;0;0;1;3;0;0;0;1
"21/10/2018";"01:49:00";"13";"com vítima";"243,6";"BR-116/SC";"Norte";"Colisão Frontal";0;0;0;1;0;1;0;0;0;0;1;1;0;0;0
"21/10/2018";"16:13:00";"73";"sem vítima";"72,3";"BR-116/SC";"Norte";"Colisão Transversal";2;0;0;0;0;0;0;0;0;0;2;0;0;0;0
"22/10/2018";"01:30:00";"11";"sem vítima";"128,9";"BR-116/PR";"Norte";"Choque - Defensa, barreira ou "submarino"";1;0;0;0;0;0;0;0;0;0;3;0;0;0;0
"22/10/2018";"07:12:00";"29";"sem vítima";"118,8";"BR-116/PR";"Norte";"Colisão Traseira";2;0;1;0;0;0;0;0;0;0;3;0;0;0;0
"22/10/2018";"08:05:00";"33";"com vítima";"2,8";"BR-116/SC";"Norte";"Choque - Objeto sobre a pista";0;0;0;1;0;0;0;0;0;0;0;1;0;0;0
"22/10/2018";"14:22:00";"81";"sem vítima";"139,7";"BR-116/SC";"Norte";"Colisão Transversal";2;0;0;0;0;0;0;0;0;0;2;0;0;0;0
"23/10/2018";"05:21:00";"15";"com vítima";"121,1";"BR-116/PR";"Norte";"Colisão Traseira";1;0;0;2;0;0;0;0;0;0;1;2;0;0;0
"23/10/2018";"12:23:00";"52";"com vítima";"246,5";"BR-116/SC";"Sul";"Colisão Transversal";1;0;0;1;0;0;0;0;0;0;1;1;0;0;0
"24/10/2018";"00:12:00";"7";"sem vítima";"209,2";"BR-116/PR";"Norte";"Colisão Lateral";0;0;2;0;0;0;0;0;0;0;2;0;0;0;0
"24/10/2018";"04:32:00";"15";"sem vítima";"243,2";"BR-116/SC";"Sul";"Choque - Defensa, barreira ou "submarino"";0;0;1;0;0;0;0;0;0;0;1;0;0;0;0
"24/10/2018";"07:25:00";"19";"sem vítima";"115,1";"BR-116/PR";"Norte";"Colisão Lateral";1;0;1;0;0;0;0;0;0;0;2;0;0;0;0
"24/10/2018";"11:48:00";"47";"com vítima";"210";"BR-116/PR";"Norte";"Colisão Transversal";1;0;0;1;0;0;0;0;0;0;1;1;0;0;0
"24/10/2018";"16:45:00";"76";"com vítima";"111,5";"BR-116/SC";"Norte";"Choque - Arvore";0;0;0;0;1;0;0;0;0;0;0;1;0;0;0
"24/10/2018";"17:47:00";"89";"com vítima";"117";"BR-116/PR";"Sul";"Queda de Moto";0;0;0;1;0;0;0;0;0;0;0;1;0;0;0
"24/10/2018";"20:31:00";"104";"sem vítima";"165,3";"BR-116/PR";"Sul";"Colisão Transversal";2;0;0;0;0;0;0;0;0;0;4;0;0;0;0
"25/10/2018";"15:29:00";"70";"sem vítima";"117";"BR-116/PR";"Norte";"Colisão Lateral";2;0;0;0;0;0;0;0;0;0;3;0;0;0;0
"26/10/2018";"11:16:00";"61";"sem vítima";"267";"BR-116/SC";"Norte";"Colisão Transversal";2;0;0;0;0;0;0;0;0;0;2;0;0;0;0
"26/10/2018";"11:34:00";"63";"sem vítima";"146";"BR-116/PR";"Norte";"Engavetamento";0;0;0;0;0;4;0;0;0;0;4;0;0;0;0
"26/10/2018";"14:39:00";"79";"com vítima";"43";"BR-116/SC";"Norte";"Saida de Pista";1;0;0;0;0;0;0;0;0;0;0;1;0;0;0
"26/10/2018";"20:13:00";"123";"sem vítima";"14,2";"BR-116/SC";"Norte";"Capotamento";0;0;0;0;0;0;0;0;0;1;2;0;0;0;0
"26/10/2018";"22:55:00";"133";"sem vítima";"134,5";"BR-116/PR";"Sul";"Choque - Veiculo parado no acostamento";2;0;0;0;0;0;0;0;0;0;2;0;0;0;0
"27/10/2018";"01:13:00";"9";"com vítima";"181,5";"BR-116/SC";"Norte";"Colisão Frontal";1;0;1;0;0;0;0;0;0;0;0;1;0;1;2
"27/10/2018";"05:44:00";"23";"sem vítima";"21,6";"BR-116/SC";"Sul";"Saida de Pista";1;0;0;0;0;0;0;0;0;0;1;0;0;0;0
"27/10/2018";"07:42:00";"30";"sem vítima";"122";"BR-116/PR";"Norte";"Colisão Traseira";1;0;1;0;0;0;0;0;0;0;2;0;0;0;0
"27/10/2018";"08:02:00";"37";"com vítima";"169,3";"BR-116/SC";"Norte";"Colisão Frontal";2;0;1;0;0;0;0;0;0;0;2;0;0;0;1
"27/10/2018";"08:24:00";"33";"com vítima";"117";"BR-116/PR";"Norte";"Colisão Traseira";1;0;1;0;0;0;0;0;0;0;1;1;0;0;0
"27/10/2018";"10:38:00";"49";"sem vítima";"119";"BR-116/PR";"Sul";"Colisão Transversal";2;0;0;0;0;0;0;0;0;0;2;0;0;0;0
"27/10/2018";"19:28:00";"97";"sem vítima";"192";"BR-116/PR";"Norte";"Choque - Talude";1;0;0;0;0;0;0;0;0;0;1;0;0;0;0
"27/10/2018";"19:30:00";"98";"sem vítima";"2";"BR-116/SC";"Sul";"Objeto lançado contra veículo";1;0;1;0;0;0;0;0;0;0;2;0;0;0;0
"27/10/2018";"20:47:00";"103";"com vítima";"225,45";"BR-116/SC";"Sul";"Colisão Frontal";1;0;1;0;0;0;0;0;0;0;0;1;0;0;1
"28/10/2018";"08:03:00";"21";"com vítima";"53,75";"BR-116/SC";"Norte";"Tombamento";0;0;1;0;0;0;0;0;0;0;0;1;0;0;0
"29/10/2018";"02:25:00";"11";"sem vítima";"208";"BR-116/PR";"Norte";"Saida de Pista";1;0;0;0;0;0;0;0;0;0;1;0;0;0;0
"30/10/2018";"08:14:00";"31";"sem vítima";"133";"BR-116/SC";"Norte";"Colisão Traseira";1;0;1;0;0;0;0;0;0;0;4;0;0;0;0
"30/10/2018";"18:11:00";"116";"com vítima";"166,3";"BR-116/SC";"Sul";"Colisão Transversal";1;0;0;1;0;0;0;0;0;0;2;1;0;0;0
"31/10/2018";"04:50:00";"13";"sem vítima";"247,5";"BR-116/SC";"Norte";"Saida de Pista";1;0;0;0;0;0;0;0;0;0;1;0;0;0;0
"31/10/2018";"09:09:00";"25";"com vítima";"73,5";"BR-116/SC";"Sul";"Capotamento";1;0;0;0;0;0;0;0;0;0;0;1;0;0;0
"31/10/2018";"10:29:00";"32";"sem vítima";"126,6";"BR-116/PR";"Norte";"Colisão Traseira";1;0;1;0;0;0;0;0;0;0;2;0;0;0;0
"31/10/2018";"12:58:00";"52";"com vítima";"168";"BR-116/PR";"Norte";"Colisão Transversal";1;0;0;0;0;0;0;0;0;1;1;1;0;0;0
"31/10/2018";"23:12:00";"112";"com vítima";"138,23";"BR-116/PR";"Norte";"Atropelamento - Morador";0;0;1;0;0;0;0;0;0;0;1;0;0;0;1
"01/11/2018";"07:02:00";"21";"sem vítima";"182";"BR-116/SC";"Norte";"Tombamento";0;0;1;0;0;0;0;0;0;0;1;0;0;0;0
"01/11/2018";"08:45:00";"28";"sem vítima";"191,6";"BR-116/PR";"Norte";"Colisão Lateral";1;0;0;0;0;0;0;0;0;1;3;0;0;0;0
"01/11/2018";"08:52:00";"32";"sem vítima";"191";"BR-116/PR";"Norte";"Colisão Traseira";2;0;0;0;0;0;0;0;0;0;5;0;0;0;0
"01/11/2018";"19:25:00";"98";"com vítima";"116";"BR-116/PR";"Sul";"Colisão Traseira";1;0;0;1;0;0;0;0;0;0;2;1;0;0;0
"01/11/2018";"23:37:00";"114";"com vítima";"142,2";"BR-116/SC";"Sul";"Choque - Defensa, barreira ou "submarino"";1;0;0;0;0;0;0;0;0;0;0;1;0;0;0
"02/11/2018";"01:23:00";"11";"sem vítima";"55,2";"BR-116/SC";"Sul";"Capotamento";0;0;0;0;0;0;0;0;0;1;1;0;0;0;0
"02/11/2018";"06:45:00";"21";"sem vítima";"223,4";"BR-116/SC";"Norte";"Saida de Pista";1;0;0;0;0;0;0;0;0;0;1;0;0;0;0
"02/11/2018";"11:17:00";"54";"com vítima";"135";"BR-116/PR";"Sul";"Colisão Frontal";2;0;0;0;0;0;0;0;0;0;2;1;0;0;0
"02/11/2018";"19:12:00";"89";"com vítima";"128";"BR-116/PR";"Norte";"Queda de Moto";0;0;0;1;0;0;0;0;0;0;0;1;0;0;0
"03/11/2018";"10:11:00";"28";"sem vítima";"50,4";"BR-116/SC";"Norte";"Saida de Pista";1;0;0;0;0;0;0;0;0;0;3;0;0;0;0
"03/11/2018";"13:15:00";"47";"com vítima";"125,5";"BR-116/PR";"Sul";"Queda de Moto";0;0;0;1;0;0;0;0;0;0;0;1;0;0;0
"03/11/2018";"17:57:00";"77";"sem vítima";"115";"BR-116/PR";"Sul";"Choque - Outros";1;0;0;0;0;0;0;0;0;0;1;0;0;0;0
"03/11/2018";"18:54:00";"84";"com vítima";"125,4";"BR-116/PR";"Sul";"Colisão Transversal";2;0;0;0;0;0;0;0;0;0;4;1;0;0;0
"03/11/2018";"22:25:00";"100";"sem vítima";"39";"BR-116/SC";"Norte";"Choque - Arvore";0;0;0;0;0;0;0;0;0;1;3;0;0;0;0
"04/11/2018";"03:49:00";"8";"com vítima";"119,4";"BR-116/PR";"Sul";"Choque - Elemento de Drenagem";1;0;0;0;0;0;0;0;0;0;0;1;0;0;0
"04/11/2018";"04:17:00";"10";"sem vítima";"124";"BR-116/PR";"Sul";"Capotamento";1;0;0;0;0;0;0;0;0;0;1;0;0;0;0
"04/11/2018";"07:04:00";"17";"sem vítima";"150";"BR-116/SC";"Norte";"Capotamento";1;0;0;0;0;0;0;0;0;0;2;0;0;0;0
"04/11/2018";"11:16:00";"40";"sem vítima";"255";"BR-116/SC";"Norte";"Colisão Traseira";0;0;0;2;0;0;0;0;0;0;4;0;0;0;0
"04/11/2018";"12:30:00";"43";"sem vítima";"118";"BR-116/PR";"Norte";"Engavetamento";3;0;0;0;0;0;0;0;0;1;4;0;0;0;0
"04/11/2018";"13:38:00";"52";"sem vítima";"116";"BR-116/PR";"Sul";"Saida de Pista";1;0;0;0;0;0;0;0;0;0;1;0;0;0;0
"04/11/2018";"15:51:00";"66";"com vítima";"246";"BR-116/SC";"Sul";"Colisão Transversal";1;0;0;1;0;0;0;0;0;0;1;2;0;0;0
"04/11/2018";"17:44:00";"82";"sem vítima";"126";"BR-116/PR";"Norte";"Engavetamento";1;0;0;0;0;2;0;0;0;0;3;0;0;0;0
"04/11/2018";"18:41:00";"92";"sem vítima";"99";"BR-116/SC";"Norte";"Colisão Transversal";2;0;0;0;0;0;0;0;0;0;2;0;0;0;0
"05/11/2018";"04:56:00";"13";"sem vítima";"117";"BR-116/PR";"Sul";"Saida de Pista";1;0;0;0;0;0;0;0;0;0;1;0;0;0;0
"05/11/2018";"14:19:00";"63";"sem vítima";"160";"BR-116/SC";"Norte";"Engavetamento";1;0;2;0;0;0;0;0;0;1;8;0;0;0;0
"05/11/2018";"22:38:00";"111";"sem vítima";"196,4";"BR-116/PR";"Sul";"Colisão Traseira";1;0;1;0;0;0;0;0;0;0;2;0;0;0;0
"06/11/2018";"06:12:00";"22";"com vítima";"150,1";"BR-116/PR";"Norte";"Colisão Traseira";1;0;0;0;0;0;0;0;0;1;1;1;0;0;0
"06/11/2018";"07:19:00";"27";"com vítima";"118,8";"BR-116/PR";"Norte";"Colisão Lateral";1;0;0;1;0;0;0;0;0;0;1;1;0;0;0
"06/11/2018";"07:52:00";"28";"com vítima";"116";"BR-116/PR";"Norte";"Colisão Lateral";1;0;0;1;0;0;0;0;0;0;1;1;0;0;0
"06/11/2018";"14:06:00";"83";"sem vítima";"287";"BR-116/SC";"Norte";"Colisão Lateral";1;0;1;0;0;0;0;0;0;0;2;0;0;0;0
"06/11/2018";"20:35:00";"127";"com vítima";"84,95";"BR-116/SC";"Sul";"Colisão Traseira";1;0;0;1;0;0;0;0;0;0;0;1;0;0;1
"07/11/2018";"00:00:00";"1";"sem vítima";"133";"BR-116/PR";"Sul";"Choque - Defensa, barreira ou "submarino"";1;0;0;0;0;0;0;0;0;0;1;0;0;0;0
"07/11/2018";"11:27:00";"66";"sem vítima";"118,1";"BR-116/PR";"Sul";"Colisão Traseira";2;0;0;0;0;0;0;0;0;1;3;0;0;0;0
"07/11/2018";"11:30:00";"70";"sem vítima";"118,1";"BR-116/PR";"Sul";"Colisão Traseira";2;0;0;0;0;0;0;0;0;1;3;0;0;0;0
"07/11/2018";"12:55:00";"76";"sem vítima";"151";"BR-116/PR";"Norte";"Colisão Lateral";1;0;1;0;0;0;0;0;0;0;2;0;0;0;0
"08/11/2018";"10:00:00";"58";"com vítima";"119";"BR-116/PR";"Sul";"Choque - Poste";0;0;0;1;0;0;0;0;0;0;0;0;0;1;0
"09/11/2018";"16:25:00";"108";"com vítima";"131";"BR-116/PR";"Sul";"Colisão Frontal";0;0;0;1;0;0;0;0;0;1;1;1;0;0;0
"10/11/2018";"03:33:00";"14";"sem vítima";"173,6";"BR-116/SC";"Sul";"Saida de Pista";1;0;0;0;0;0;0;0;0;0;4;0;0;0;0
"10/11/2018";"09:19:00";"33";"sem vítima";"116";"BR-116/PR";"Norte";"Colisão Traseira";1;0;0;1;0;0;0;0;0;0;2;0;0;0;0
"10/11/2018";"09:21:00";"35";"com vítima";"175";"BR-116/SC";"Sul";"Saida de Pista";0;0;0;0;0;0;0;0;0;1;0;1;0;0;0
"10/11/2018";"19:58:00";"98";"com vítima";"258";"BR-116/SC";"Sul";"Choque - Outros";1;0;0;0;0;0;0;0;0;0;1;2;0;0;0
"11/11/2018";"02:05:00";"18";"sem vítima";"141,5";"BR-116/PR";"Norte";"Saida de Pista";1;0;0;0;0;0;0;0;0;0;1;0;0;0;0
"12/11/2018";"07:23:00";"32";"sem vítima";"119,4";"BR-116/PR";"Norte";"Atropelamento - Ciclista";1;1;0;0;0;0;0;0;0;0;2;0;0;0;0
"12/11/2018";"09:20:00";"51";"sem vítima";"158,2";"BR-116/PR";"Sul";"Colisão Traseira";0;0;2;0;0;0;0;0;0;0;2;0;0;0;0
"12/11/2018";"13:14:00";"81";"sem vítima";"245";"BR-116/SC";"Norte";"Colisão Transversal";1;0;1;0;0;0;0;0;0;0;2;0;0;0;0
"13/11/2018";"06:30:00";"18";"sem vítima";"145,8";"BR-116/SC";"Sul";"Tombamento";0;0;1;0;0;0;0;0;0;0;1;0;0;0;0
"13/11/2018";"06:35:00";"19";"com vítima";"126,5";"BR-116/PR";"Norte";"Colisão Lateral";1;0;0;1;0;0;0;0;0;0;2;2;0;0;0
"13/11/2018";"08:39:00";"26";"sem vítima";"117,5";"BR-116/PR";"Norte";"Colisão Lateral";1;0;1;0;0;0;0;0;0;0;2;0;0;0;0
"13/11/2018";"10:47:00";"47";"sem vítima";"124,1";"BR-116/SC";"Norte";"Colisão Lateral";0;0;2;0;0;0;0;0;0;0;2;0;0;0;0
"13/11/2018";"11:34:00";"52";"sem vítima";"69,1";"BR-116/SC";"Norte";"Colisão Transversal";2;0;0;0;0;0;0;0;0;0;2;0;0;0;0
"13/11/2018";"17:09:00";"106";"sem vítima";"168";"BR-116/PR";"Norte";"Colisão Lateral";1;0;1;0;0;0;0;0;0;0;2;0;0;0;0
"13/11/2018";"23:53:00";"141";"com vítima";"105,8";"BR-116/SC";"Norte";"Capotamento";0;0;1;0;0;0;0;0;0;0;0;1;0;0;0
"14/11/2018";"08:21:00";"37";"sem vítima";"126,2";"BR-116/PR";"Norte";"Choque - Veiculo parado no acostamento";0;0;0;0;0;1;0;0;0;1;2;0;0;0;0
"14/11/2018";"13:43:00";"92";"com vítima";"166,8";"BR-116/PR";"Sul";"Colisão Transversal";1;0;0;1;0;0;0;0;0;0;1;1;0;0;0
"14/11/2018";"15:16:00";"99";"sem vítima";"142";"BR-116/PR";"Sul";"Colisão Transversal";1;0;1;0;0;0;0;0;0;0;2;0;0;0;0
"14/11/2018";"21:16:00";"126";"com vítima";"117,5";"BR-116/PR";"Norte";"Colisão Traseira";1;0;0;1;0;0;0;0;0;0;3;1;0;0;0
"15/11/2018";"02:12:00";"10";"sem vítima";"121,5";"BR-116/PR";"Sul";"Saida de Pista";1;0;0;0;0;0;0;0;0;0;1;0;0;0;0
"15/11/2018";"10:03:00";"34";"sem vítima";"131,8";"BR-116/SC";"Norte";"Colisão Lateral";0;0;1;0;0;0;0;0;0;1;2;0;0;0;0
"16/11/2018";"18:21:00";"103";"com vítima";"262,9";"BR-116/SC";"Norte";"Capotamento";0;0;0;0;0;0;0;0;0;1;0;1;0;0;0
"16/11/2018";"22:12:00";"123";"com vítima";"64,97";"BR-116/SC";"Sul";"Queda de Moto";0;0;0;1;0;0;0;0;0;0;0;1;0;0;0
"17/11/2018";"08:09:00";"26";"com vítima";"178,9";"BR-116/SC";"Sul";"Colisão Transversal";1;0;0;1;0;0;0;0;0;0;1;1;0;0;0
"17/11/2018";"13:58:00";"58";"com vítima";"168";"BR-116/PR";"Sul";"Colisão Transversal";1;0;0;0;1;0;0;0;0;0;1;2;0;0;0
"18/11/2018";"00:42:00";"7";"com vítima";"33,2";"BR-116/SC";"Norte";"Choque - Defensa, barreira ou "submarino"";0;0;0;1;0;0;0;0;0;0;0;0;0;1;0
"18/11/2018";"03:30:00";"16";"com vítima";"216,6";"BR-116/SC";"Sul";"Choque - Outros";1;0;0;0;0;0;0;0;0;0;0;1;0;0;0
"18/11/2018";"03:55:00";"18";"sem vítima";"123,8";"BR-116/PR";"Norte";"Queda de Moto";0;0;0;1;0;0;0;0;0;0;1;0;0;0;0
"18/11/2018";"06:00:00";"22";"com vítima";"121";"BR-116/PR";"Sul";"Capotamento";1;0;0;0;0;0;0;0;0;0;0;1;0;0;0
"18/11/2018";"10:13:00";"37";"sem vítima";"233";"BR-116/SC";"Norte";"Colisão Traseira";2;0;0;0;0;0;0;0;0;0;2;0;0;0;0
"18/11/2018";"12:35:00";"44";"sem vítima";"308,7";"BR-116/SC";"Norte";"Capotamento";1;0;0;0;0;0;0;0;0;0;1;0;0;0;0
"19/11/2018";"08:16:00";"29";"sem vítima";"236,2";"BR-116/SC";"Norte";"Saida de Pista";0;0;0;0;0;0;0;0;0;1;1;0;0;0;0
"20/11/2018";"14:51:00";"94";"sem vítima";"248,7";"BR-116/SC";"Norte";"Colisão Traseira";0;0;1;0;0;0;0;0;0;1;2;0;0;0;0
"20/11/2018";"17:40:00";"114";"sem vítima";"52";"BR-116/SC";"Norte";"Colisão Transversal";1;0;0;0;0;0;0;0;0;1;2;0;0;0;0
"20/11/2018";"18:50:00";"120";"com vítima";"76,7";"BR-116/SC";"Norte";"Colisão Lateral";1;0;0;0;0;0;0;0;0;1;1;2;0;0;0
"21/11/2018";"14:33:00";"83";"sem vítima";"129,5";"BR-116/SC";"Norte";"Colisão Lateral";1;0;1;0;0;0;0;0;0;0;2;0;0;0;0
"21/11/2018";"17:10:00";"97";"com vítima";"107,6";"BR-116/SC";"Norte";"Tombamento";0;0;1;0;0;0;0;0;0;0;0;1;0;0;0
"21/11/2018";"23:24:00";"130";"sem vítima";"27,6";"BR-116/SC";"Norte";"Colisão Traseira";1;0;1;0;0;0;0;0;0;0;3;0;0;0;0
"22/11/2018";"17:44:00";"115";"sem vítima";"3,5";"BR-116/SC";"Norte";"Colisão Traseira";1;0;0;0;0;1;0;0;0;0;2;0;0;0;0
"22/11/2018";"21:43:00";"141";"sem vítima";"117,15";"BR-116/PR";"Norte";"Capotamento";2;0;0;0;0;0;0;0;0;1;3;0;0;0;0
"24/11/2018";"09:02:00";"24";"sem vítima";"210,65";"BR-116/SC";"Sul";"Choque - Talude";1;0;0;0;0;0;0;0;0;0;1;0;0;0;0
"24/11/2018";"09:37:00";"26";"sem vítima";"117";"BR-116/PR";"Sul";"Colisão Traseira";1;0;1;0;0;0;0;0;0;0;2;0;0;0;0
"24/11/2018";"10:55:00";"32";"com vítima";"117";"BR-116/PR";"Sul";"Colisão Frontal";0;0;1;1;0;0;0;0;0;0;1;0;0;1;0
"24/11/2018";"11:26:00";"34";"com vítima";"140,7";"BR-116/SC";"Sul";"Queda de Moto";0;0;0;1;0;0;0;0;0;0;0;1;0;0;0
"24/11/2018";"17:58:00";"52";"com vítima";"12";"BR-116/SC";"Norte";"Colisão Transversal";2;0;0;0;0;0;0;0;0;0;2;2;0;0;0
"25/11/2018";"12:03:00";"49";"sem vítima";"276,9";"BR-116/SC";"Sul";"Saida de Pista";1;0;0;0;0;0;0;0;0;0;1;0;0;0;0
"25/11/2018";"12:44:00";"53";"sem vítima";"120";"BR-116/PR";"Sul";"Colisão Traseira";0;0;0;0;0;2;0;0;0;0;2;0;0;0;0
"26/11/2018";"18:36:00";"114";"com vítima";"116,7";"BR-116/PR";"Sul";"Colisão Traseira";1;0;0;1;0;0;0;0;0;0;1;1;0;0;0
"27/11/2018";"09:24:00";"52";"sem vítima";"79,1";"BR-116/SC";"Norte";"Capotamento";1;0;0;0;0;0;0;0;0;0;3;0;0;0;0
"27/11/2018";"10:56:00";"69";"sem vítima";"119,8";"BR-116/PR";"Sul";"Choque - Defensa, barreira ou "submarino"";1;0;0;0;0;1;0;0;0;0;2;0;0;0;0
"27/11/2018";"11:46:00";"77";"com vítima";"152,4";"BR-116/PR";"Sul";"Colisão Transversal";0;0;0;1;0;0;0;0;0;1;1;1;0;0;0
"27/11/2018";"19:33:00";"116";"com vítima";"118";"BR-116/PR";"Sul";"Colisão Traseira";1;0;0;0;0;1;0;0;0;0;1;1;0;0;0
"28/11/2018";"07:38:00";"27";"com vítima";"115,4";"BR-116/PR";"Norte";"Colisão Lateral";1;0;0;1;0;0;0;0;0;0;2;1;0;0;0
"28/11/2018";"21:18:00";"121";"com vítima";"135";"BR-116/PR";"Norte";"Colisão Transversal";0;0;1;1;0;0;0;0;0;0;1;1;0;0;0
"29/11/2018";"02:01:00";"13";"sem vítima";"107";"BR-116/SC";"Sul";"Capotamento";1;0;0;0;0;0;0;0;0;0;2;0;0;0;0
"29/11/2018";"12:29:00";"54";"sem vítima";"4,5";"BR-116/SC";"Norte";"Colisão Transversal";1;0;0;1;0;0;0;0;0;0;2;0;0;0;0
"29/11/2018";"13:10:00";"56";"sem vítima";"263";"BR-116/SC";"Norte";"Colisão Traseira";1;0;1;0;0;0;0;0;0;0;2;0;0;0;0