data;horario;n_da_ocorrencia;tipo_de_ocorrencia;km;trecho;sentido;tipo_de_acidente;automovel;bicicleta;caminhao;moto;onibus;outros;tracao_animal;transporte_de_cargas_especiais;trator_maquinas;utilitarios;ilesos;levemente_feridos;moderadamente_feridos;gravemente_feridos;mortos
"18/01/2019";"17:30:00";"96";"sem vítima";"203";"BR-116/PR";"Norte";"Colisão Traseira";0;0;1;0;0;0;0;0;0;1;5;0;0;0;0
"18/01/2019";"18:12:00";"103";"sem vítima";"81,6";"BR-116/SC";"Sul";"Colisão Lateral";2;0;0;0;0;0;0;0;0;0;2;0;0;0;0
"19/01/2019";"01:13:00";"8";"sem vítima";"23";"BR-116/SC";"Norte";"Choque - Veiculo parado no acostamento";1;0;0;0;0;1;0;0;0;0;2;0;0;0;0
"19/01/2019";"01:54:00";"9";"com vítima";"116,35";"BR-116/PR";"Norte";"Atropelamento - Andarilho";0;0;0;1;0;0;0;0;0;0;0;1;0;1;0
"19/01/2019";"05:21:00";"18";"sem vítima";"165";"BR-116/SC";"Sul";"Tombamento";1;0;0;0;0;0;0;0;0;0;3;0;0;0;0
"19/01/2019";"19:17:00";"50";"com vítima";"122";"BR-116/PR";"Norte";"Choque - Defensa, barreira ou "submarino"";1;0;0;0;0;0;0;0;0;0;2;2;0;0;0
"19/01/2019";"19:36:00";"53";"sem vítima";"124";"BR-116/PR";"Norte";"Colisão Traseira";2;0;0;0;0;0;0;0;0;0;2;0;0;0;0
"19/01/2019";"22:46:00";"62";"sem vítima";"86,7";"BR-116/SC";"Sul";"Choque - Defensa, barreira ou "submarino"";1;0;0;0;0;0;0;0;0;0;1;0;0;0;0
"20/01/2019";"14:24:00";"45";"com vítima";"117";"BR-116/PR";"Norte";"Queda de Moto";0;0;0;1;0;0;0;0;0;0;0;2;0;0;0
"20/01/2019";"17:06:00";"63";"com vítima";"121";"BR-116/PR";"Sul";"Queda de Moto";0;0;0;1;0;0;0;0;0;0;0;1;0;0;0
"20/01/2019";"18:27:00";"74";"sem vítima";"89";"BR-116/SC";"Norte";"Colisão Traseira";2;0;0;0;0;0;0;0;0;0;10;0;0;0;0
"21/01/2019";"00:41:00";"7";"sem vítima";"151,2";"BR-116/PR";"Norte";"Choque - Arvore";1;0;0;0;0;0;0;0;0;0;6;0;0;0;0
"21/01/2019";"17:54:00";"98";"sem vítima";"117";"BR-116/PR";"Sul";"Colisão Traseira";0;0;0;1;0;0;0;0;0;1;2;0;0;0;0
"21/01/2019";"23:08:00";"124";"com vítima";"158,8";"BR-116/PR";"Norte";"Tombamento";0;0;1;0;0;0;0;0;0;0;0;0;0;1;0
"22/01/2019";"07:50:00";"20";"com vítima";"141";"BR-116/PR";"Sul";"Colisão Transversal";0;0;0;2;0;0;0;0;0;0;1;1;0;0;0
"22/01/2019";"11:03:00";"53";"sem vítima";"117";"BR-116/PR";"Norte";"Colisão Traseira";1;0;0;0;0;1;0;0;0;0;2;0;0;0;0
"22/01/2019";"15:21:00";"85";"com vítima";"174,8";"BR-116/SC";"Sul";"Choque - Defensa, barreira ou "submarino"";0;0;0;1;0;0;0;0;0;0;0;1;0;0;0
"22/01/2019";"21:46:00";"132";"sem vítima";"131,3";"BR-116/PR";"Norte";"Colisão Lateral";1;0;0;1;0;0;0;0;0;0;2;0;0;0;0
"23/01/2019";"06:06:00";"31";"sem vítima";"180,9";"BR-116/SC";"Sul";"Tombamento";0;0;1;0;0;0;0;0;0;0;1;0;0;0;0
"23/01/2019";"12:21:00";"81";"com vítima";"115";"BR-116/PR";"Norte";"Colisão Traseira";2;0;0;0;0;0;0;0;0;0;2;1;0;0;0
"23/01/2019";"13:58:00";"87";"sem vítima";"120";"BR-116/PR";"Norte";"Colisão Traseira";2;0;0;0;0;0;0;0;0;0;2;0;0;0;0
"23/01/2019";"22:20:00";"150";"com vítima";"219";"BR-116/SC";"Norte";"Colisão Transversal";1;0;1;0;0;0;0;0;0;0;1;1;0;0;0
"23/01/2019";"22:47:00";"151";"sem vítima";"218";"BR-116/SC";"Sul";"Choque - Talude";1;0;0;0;0;0;0;0;0;0;1;0;0;0;0
"24/01/2019";"03:45:00";"14";"sem vítima";"43";"BR-116/SC";"Sul";"Saida de Pista";0;0;1;0;0;0;0;0;0;0;1;0;0;0;0
"24/01/2019";"17:50:00";"101";"sem vítima";"116";"BR-116/PR";"Norte";"Colisão Traseira";2;0;0;0;0;0;0;0;0;0;2;0;0;0;0
"24/01/2019";"20:47:00";"114";"sem vítima";"107,6";"BR-116/SC";"Norte";"Choque - Talude";1;0;0;0;0;0;0;0;0;0;1;0;0;0;0
"25/01/2019";"15:48:00";"95";"sem vítima";"120";"BR-116/PR";"Norte";"Choque - Suporte de Sinalização";1;0;0;0;0;0;0;0;0;0;1;0;0;0;0
"25/01/2019";"22:19:00";"134";"sem vítima";"93,5";"BR-116/SC";"Norte";"Colisão Transversal";1;0;1;0;0;0;0;0;0;0;4;0;0;0;0
"26/01/2019";"18:06:00";"98";"sem vítima";"131,3";"BR-116/PR";"Sul";"Choque - Defensa, barreira ou "submarino"";1;0;0;0;0;0;0;0;0;0;1;0;0;0;0
"26/01/2019";"18:35:00";"100";"sem vítima";"152";"BR-116/PR";"Sul";"Colisão Transversal";1;0;1;0;0;0;0;0;0;0;2;0;0;0;0
"27/01/2019";"10:21:00";"45";"sem vítima";"121,7";"BR-116/PR";"Sul";"Capotamento";1;0;0;0;0;0;0;0;0;0;1;0;0;0;0
"27/01/2019";"11:57:00";"52";"sem vítima";"306";"BR-116/SC";"Norte";"Colisão Traseira";0;0;0;0;0;1;0;0;0;1;2;0;0;0;0
"27/01/2019";"14:24:00";"57";"com vítima";"87";"BR-116/SC";"Sul";"Colisão Lateral";1;0;0;1;0;0;0;0;0;0;1;1;0;0;0
"28/01/2019";"11:49:00";"66";"com vítima";"117,6";"BR-116/PR";"Norte";"Capotamento";2;0;0;0;0;0;0;0;0;0;1;1;0;0;0
"28/01/2019";"16:56:00";"101";"com vítima";"122";"BR-116/PR";"Sul";"Colisão Traseira";0;0;1;0;1;0;0;0;0;0;2;8;0;0;0
"29/01/2019";"13:37:00";"80";"sem vítima";"74";"BR-116/SC";"Norte";"Colisão Traseira";2;0;0;0;0;0;0;0;0;0;2;0;0;0;0
"29/01/2019";"19:02:00";"122";"sem vítima";"81,6";"BR-116/SC";"Norte";"Colisão Traseira";1;0;1;0;0;0;0;0;0;0;2;0;0;0;0
"29/01/2019";"22:19:00";"142";"sem vítima";"275,9";"BR-116/SC";"Norte";"Colisão Traseira";1;0;0;0;0;0;0;0;0;1;4;0;0;0;0
"30/01/2019";"10:26:00";"55";"sem vítima";"156";"BR-116/SC";"Norte";"Colisão Traseira";0;0;2;0;0;0;0;0;0;0;2;0;0;0;0
"30/01/2019";"18:47:00";"120";"sem vítima";"221";"BR-116/SC";"Norte";"Colisão Lateral";2;0;0;0;0;0;0;0;0;0;2;0;0;0;0
"30/01/2019";"20:33:00";"133";"sem vítima";"123,6";"BR-116/PR";"Sul";"Saida de Pista";1;0;0;0;0;0;0;0;0;0;1;0;0;0;0
"31/01/2019";"01:45:00";"14";"sem vítima";"238";"BR-116/SC";"Norte";"Tombamento";0;0;1;0;0;0;0;0;0;0;1;0;0;0;0
"31/01/2019";"07:00:00";"31";"sem vítima";"117,8";"BR-116/PR";"Norte";"Engavetamento";3;0;0;0;0;0;0;0;0;0;4;0;0;0;0
"31/01/2019";"07:19:00";"34";"sem vítima";"120";"BR-116/PR";"Norte";"Colisão Traseira";1;0;0;1;0;0;0;0;0;0;2;0;0;0;0
"31/01/2019";"07:39:00";"36";"com vítima";"119,7";"BR-116/PR";"Norte";"Colisão Traseira";1;0;0;1;0;0;0;0;0;0;2;1;0;0;0
"31/01/2019";"08:58:00";"45";"com vítima";"158";"BR-116/PR";"Norte";"Capotamento";1;0;0;0;0;0;0;0;0;0;0;1;0;0;0
"31/01/2019";"12:24:00";"75";"com vítima";"119,4";"BR-116/PR";"Sul";"Choque - Defensa, barreira ou "submarino"";2;0;0;0;0;0;0;0;0;0;1;0;0;2;0
"31/01/2019";"15:04:00";"93";"sem vítima";"123,9";"BR-116/SC";"Norte";"Colisão Lateral";1;0;1;0;0;0;0;0;0;0;2;0;0;0;0
"31/01/2019";"19:23:00";"134";"com vítima";"308,75";"BR-116/SC";"Sul";"Tombamento";0;0;1;0;0;0;0;0;0;0;0;0;0;1;0
"02/02/2019";"06:47:00";"16";"sem vítima";"122";"BR-116/PR";"Sul";"Colisão Traseira";2;0;0;0;0;0;0;0;0;0;2;0;0;0;0
"02/02/2019";"06:51:00";"17";"sem vítima";"180,9";"BR-116/PR";"Norte";"Tombamento";0;0;1;0;0;0;0;0;0;0;1;0;0;0;0
"02/02/2019";"08:02:00";"23";"sem vítima";"140";"BR-116/SC";"Norte";"Saida de Pista";1;0;0;0;0;0;0;0;0;0;1;0;0;0;0
"02/02/2019";"11:07:00";"43";"sem vítima";"176";"BR-116/PR";"Norte";"Colisão Traseira";1;0;0;0;0;0;0;0;0;1;2;0;0;0;0
"02/02/2019";"13:55:00";"70";"sem vítima";"33";"BR-116/SC";"Sul";"Colisão Traseira";0;0;2;0;0;0;0;0;0;0;2;0;0;0;0
"02/02/2019";"15:59:00";"87";"sem vítima";"234,6";"BR-116/SC";"Norte";"Tombamento";0;0;1;0;0;0;0;0;0;0;1;0;0;0;0
"02/02/2019";"22:20:00";"125";"sem vítima";"160";"BR-116/SC";"Sul";"Tombamento";0;0;0;0;0;0;0;0;0;1;1;0;0;0;0
"03/02/2019";"11:47:00";"52";"sem vítima";"146";"BR-116/PR";"Norte";"Choque - Talude";1;0;0;0;0;0;0;0;0;0;1;0;0;0;0
"03/02/2019";"13:26:00";"59";"sem vítima";"130";"BR-116/PR";"Norte";"Saida de Pista";1;0;0;0;0;0;0;0;0;0;1;0;0;0;0
"03/02/2019";"13:27:00";"60";"com vítima";"117";"BR-116/PR";"Norte";"Colisão Traseira";1;0;0;1;0;0;0;0;0;0;1;1;0;0;0
"03/02/2019";"13:52:00";"64";"sem vítima";"246";"BR-116/SC";"Norte";"Colisão Transversal";2;0;0;0;0;0;0;0;0;0;2;0;0;0;0
"03/02/2019";"17:07:00";"77";"com vítima";"176";"BR-116/SC";"Sul";"Colisão Lateral";2;0;0;0;0;0;0;0;0;0;5;1;0;0;0
"03/02/2019";"18:25:00";"83";"sem vítima";"113,5";"BR-116/SC";"Norte";"Colisão Traseira";1;0;1;0;0;0;0;0;0;0;2;0;0;0;0
"03/02/2019";"19:41:00";"92";"sem vítima";"233,6";"BR-116/SC";"Sul";"Colisão Lateral";1;0;1;0;0;0;0;0;0;0;2;0;0;0;0
"04/02/2019";"05:17:00";"19";"com vítima";"200,3";"BR-116/PR";"Sul";"Atropelamento - Andarilho";0;0;0;1;0;0;0;0;0;0;0;1;0;1;0
"05/02/2019";"09:38:00";"38";"com vítima";"117";"BR-116/PR";"Norte";"Queda de Moto";0;0;0;1;0;0;0;0;0;0;0;1;0;0;0
"07/02/2019";"08:05:00";"26";"sem vítima";"115";"BR-116/PR";"Norte";"Colisão Traseira";1;0;0;1;0;0;0;0;0;0;2;0;0;0;0
"07/02/2019";"09:38:00";"38";"sem vítima";"9";"BR-116/SC";"Sul";"Colisão Traseira";0;0;2;0;0;0;0;0;0;0;2;0;0;0;0
"07/02/2019";"14:24:00";"71";"sem vítima";"142";"BR-116/PR";"Sul";"Colisão Traseira";1;0;0;0;0;0;0;0;0;0;1;0;0;0;0
"07/02/2019";"15:37:00";"76";"com vítima";"258,4";"BR-116/SC";"Norte";"Colisão Frontal";1;0;1;0;0;0;0;0;0;0;0;1;0;0;1
"07/02/2019";"17:08:00";"95";"sem vítima";"81,6";"BR-116/SC";"Sul";"Colisão Traseira";0;0;1;0;0;0;0;0;0;0;1;0;0;0;0
"08/02/2019";"06:54:00";"29";"sem vítima";"121,9";"BR-116/PR";"Norte";"Colisão Traseira";2;0;0;0;0;0;0;0;0;0;2;0;0;0;0
"08/02/2019";"06:56:00";"25";"com vítima";"120,1";"BR-116/PR";"Norte";"Engavetamento";4;0;0;0;0;0;0;0;0;1;4;2;0;0;0
"08/02/2019";"07:19:00";"28";"com vítima";"93";"BR-116/SC";"Norte";"Saida de Pista";0;0;0;0;0;0;0;0;0;1;0;1;0;1;0
"08/02/2019";"12:03:00";"65";"com vítima";"4,5";"BR-116/SC";"Sul";"Colisão Transversal";2;0;0;0;0;0;0;0;0;0;1;3;0;0;0
"09/02/2019";"04:25:00";"20";"com vítima";"142,2";"BR-116/SC";"Norte";"Colisão Transversal";1;0;1;0;0;0;0;0;0;0;2;2;0;0;0
"09/02/2019";"08:28:00";"31";"com vítima";"63,3";"BR-116/SC";"Norte";"Colisão Lateral";1;0;0;0;0;0;0;0;0;1;1;3;0;0;0
"09/02/2019";"13:04:00";"52";"sem vítima";"117,3";"BR-116/PR";"Sul";"Colisão Lateral";2;0;1;0;0;0;0;0;0;0;3;0;0;0;0
"09/02/2019";"14:57:00";"62";"sem vítima";"126";"BR-116/PR";"Norte";"Engavetamento";3;0;0;0;0;0;0;0;0;0;7;0;0;0;0
"09/02/2019";"17:02:00";"76";"com vítima";"124";"BR-116/PR";"Norte";"Colisão Traseira";1;0;0;1;0;1;0;0;0;0;2;1;0;0;0
"09/02/2019";"18:27:00";"86";"sem vítima";"134";"BR-116/PR";"Sul";"Colisão Traseira";1;0;1;0;0;0;0;0;0;0;2;0;0;0;0
"10/02/2019";"04:55:00";"24";"sem vítima";"199,6";"BR-116/PR";"Sul";"Capotamento";1;0;0;0;0;0;0;0;0;0;1;0;0;0;0
"10/02/2019";"06:24:00";"32";"com vítima";"122,935";"BR-116/PR";"Sul";"Saida de Pista";1;0;0;0;0;0;0;0;0;0;1;1;0;0;0
"10/02/2019";"06:29:00";"33";"com vítima";"125,8";"BR-116/PR";"Norte";"Choque - Veiculo parado na pista";3;0;0;0;0;0;0;0;0;0;1;2;0;0;0
"10/02/2019";"06:37:00";"34";"sem vítima";"261";"BR-116/SC";"Norte";"Colisão Lateral";2;0;0;0;0;0;0;0;0;0;3;0;0;0;0
"10/02/2019";"07:23:00";"38";"sem vítima";"230";"BR-116/SC";"Norte";"Saida de Pista";1;0;0;0;0;0;0;0;0;0;1;0;0;0;0
"10/02/2019";"09:18:00";"45";"sem vítima";"117,35";"BR-116/PR";"Sul";"Colisão Traseira";2;0;0;0;0;0;0;0;0;0;2;0;0;0;0
"10/02/2019";"15:19:00";"73";"com vítima";"124";"BR-116/PR";"Sul";"Colisão Traseira";0;0;0;1;0;0;0;0;0;1;1;1;0;0;0
"10/02/2019";"19:23:00";"101";"sem vítima";"194";"BR-116/SC";"Sul";"Choque - Defensa, barreira ou "submarino"";1;0;0;0;0;0;0;0;0;0;1;0;0;0;0
"10/02/2019";"22:20:00";"119";"sem vítima";"205";"BR-116/PR";"Norte";"Colisão Lateral";1;0;1;0;0;0;0;0;0;0;3;0;0;0;0
"11/02/2019";"00:02:00";"6";"sem vítima";"152,5";"BR-116/PR";"Sul";"Capotamento";1;0;0;0;0;0;0;0;0;0;1;0;0;0;0
"11/02/2019";"07:05:00";"26";"com vítima";"122,2";"BR-116/PR";"Norte";"Colisão Traseira";1;0;0;1;0;0;0;0;0;0;2;1;0;0;0
"11/02/2019";"11:04:00";"50";"sem vítima";"134,2";"BR-116/PR";"Norte";"Colisão Lateral";0;0;1;0;0;0;0;0;0;1;2;0;0;0;0
"11/02/2019";"15:53:00";"96";"sem vítima";"115";"BR-116/PR";"Norte";"Colisão Traseira";0;0;2;0;0;0;0;0;0;0;2;0;0;0;0
"11/02/2019";"20:33:00";"132";"sem vítima";"199";"BR-116/PR";"Sul";"Colisão Lateral";1;0;1;0;0;0;0;0;0;0;2;0;0;0;0
"12/02/2019";"00:30:00";"6";"sem vítima";"171";"BR-116/SC";"Norte";"Tombamento";0;0;1;0;0;0;0;0;0;0;1;0;0;0;0
"12/02/2019";"04:21:00";"18";"com vítima";"115,86";"BR-116/PR";"Norte";"Choque - Defensa, barreira ou "submarino"";0;0;0;1;0;0;0;0;0;0;0;0;0;0;1
"12/02/2019";"06:05:00";"22";"com vítima";"132";"BR-116/PR";"Norte";"Choque - Defensa, barreira ou "submarino"";1;0;0;0;0;0;0;0;0;0;0;1;0;0;0
"12/02/2019";"11:41:00";"73";"sem vítima";"131";"BR-116/PR";"Norte";"Queda de Moto";0;0;0;1;0;0;0;0;0;0;1;0;0;0;0
"12/02/2019";"19:37:00";"130";"sem vítima";"143";"BR-116/PR";"Norte";"Capotamento";0;0;0;0;0;0;0;0;0;1;1;0;0;0;0
"13/02/2019";"11:56:00";"62";"sem vítima";"186";"BR-116/PR";"Norte";"Saida de Pista";0;0;1;0;0;0;0;0;0;0;1;0;0;0;0
"13/02/2019";"18:07:00";"107";"sem vítima";"60,05";"BR-116/SC";"Sul";"Colisão Traseira";0;0;2;0;0;0;0;0;0;0;2;0;0;0;0
"14/02/2019";"11:02:00";"49";"sem vítima";"230";"BR-116/SC";"Sul";"Saida de Pista";2;0;0;0;0;0;0;0;0;0;2;0;0;0;0
"15/02/2019";"00:16:00";"9";"com vítima";"122,7";"BR-116/PR";"Norte";"Queda de Moto";0;0;0;1;0;0;0;0;0;0;0;1;0;0;0
"15/02/2019";"04:10:00";"21";"sem vítima";"115";"BR-116/SC";"Norte";"Choque - Defensa, barreira ou "submarino"";0;0;1;0;0;0;0;0;0;0;1;0;0;0;0
"15/02/2019";"14:00:00";"51";"sem vítima";"188";"BR-116/PR";"Norte";"Saida de Pista";1;0;0;0;0;0;0;0;0;0;1;0;0;0;0
"16/02/2019";"05:54:00";"14";"sem vítima";"115";"BR-116/PR";"Sul";"Choque - Poste";1;0;0;0;0;0;0;0;0;0;2;0;0;0;0
"16/02/2019";"09:40:00";"26";"sem vítima";"134";"BR-116/PR";"Sul";"Colisão Traseira";0;0;1;0;0;0;0;0;0;1;2;0;0;0;0
"16/02/2019";"19:41:00";"70";"sem vítima";"50";"BR-116/SC";"Sul";"Queda de Moto";0;0;0;1;0;0;0;0;0;0;1;0;0;0;0
"17/02/2019";"05:32:00";"16";"sem vítima";"252,45";"BR-116/SC";"Norte";"Choque - Defensa, barreira ou "submarino"";1;0;0;0;0;0;0;0;0;0;1;0;0;0;0
"17/02/2019";"11:19:00";"40";"com vítima";"130,8";"BR-116/PR";"Norte";"Colisão Transversal";1;0;1;0;0;0;0;0;0;0;1;1;0;0;0
"17/02/2019";"12:02:00";"44";"sem vítima";"131,2";"BR-116/PR";"Norte";"Engavetamento";3;0;0;0;0;0;0;0;0;0;5;0;0;0;0
"17/02/2019";"13:45:00";"49";"sem vítima";"130,8";"BR-116/PR";"Norte";"Colisão Traseira";1;0;0;0;0;0;0;0;0;0;1;0;0;0;0
"17/02/2019";"17:46:00";"64";"sem vítima";"180";"BR-116/PR";"Norte";"Colisão Lateral";2;0;0;0;0;0;0;0;0;0;2;0;0;0;0
"18/02/2019";"00:14:00";"6";"sem vítima";"117";"BR-116/PR";"Norte";"Saida de Pista";1;0;0;0;0;0;0;0;0;0;1;0;0;0;0
"18/02/2019";"12:05:00";"61";"sem vítima";"257,8";"BR-116/SC";"Sul";"Colisão Traseira";0;0;1;0;0;0;0;0;0;1;3;0;0;0;0
"18/02/2019";"17:50:00";"94";"sem vítima";"246";"BR-116/SC";"Sul";"Colisão Transversal";1;0;1;0;0;0;0;0;0;0;5;0;0;0;0
"18/02/2019";"20:03:00";"106";"sem vítima";"125,4";"BR-116/PR";"Norte";"Choque - Veiculo parado na pista";2;0;0;0;0;0;0;0;0;0;2;0;0;0;0
"19/02/2019";"06:18:00";"18";"sem vítima";"184";"BR-116/PR";"Sul";"Tombamento";0;0;1;0;0;0;0;0;0;0;1;0;0;0;0
"19/02/2019";"06:59:00";"20";"com vítima";"184";"BR-116/PR";"Norte";"Colisão Lateral";1;0;4;0;0;0;0;0;0;0;3;3;0;0;0
"19/02/2019";"20:15:00";"117";"sem vítima";"226,1";"BR-116/SC";"Sul";"Colisão Transversal";0;0;1;0;0;0;0;0;0;1;2;0;0;0;0
"20/02/2019";"02:02:00";"20";"com vítima";"45,2";"BR-116/SC";"Sul";"Atropelamento - Outros";0;0;0;0;1;0;0;0;0;0;1;0;0;1;0
"20/02/2019";"18:37:00";"121";"com vítima";"241";"BR-116/SC";"Sul";"Colisão Frontal";1;0;1;0;0;0;0;0;0;0;1;1;0;0;0
"20/02/2019";"20:27:00";"130";"com vítima";"125,81";"BR-116/PR";"Sul";"Choque - Veiculo parado na pista";0;0;1;1;0;0;0;0;0;0;2;0;0;0;1
"21/02/2019";"06:46:00";"19";"com vítima";"118,6";"BR-116/PR";"Norte";"Queda de Moto";0;0;0;1;0;0;0;0;0;0;0;1;0;0;0
"21/02/2019";"16:07:00";"88";"com vítima";"299,5";"BR-116/SC";"Sul";"Saida de Pista";1;0;0;0;0;0;0;0;1;0;4;1;0;0;0
"21/02/2019";"22:29:00";"120";"com vítima";"107,6";"BR-116/SC";"Norte";"Choque - Talude";0;0;1;0;0;0;0;0;0;0;0;2;0;0;0
"21/02/2019";"22:32:00";"121";"com vítima";"135,5";"BR-116/PR";"Norte";"Colisão Lateral";1;0;0;0;1;0;0;0;0;0;1;0;0;1;0
"22/02/2019";"01:00:00";"7";"sem vítima";"53,3";"BR-116/SC";"Norte";"Choque - Arvore";0;0;1;0;0;0;0;0;0;0;1;0;0;0;0
"22/02/2019";"01:50:00";"11";"com vítima";"105";"BR-116/SC";"Norte";"Colisão Lateral";1;0;1;0;0;0;0;0;0;0;1;1;0;0;0
"22/02/2019";"07:07:00";"25";"sem vítima";"252";"BR-116/SC";"Norte";"Choque - Talude";1;0;0;0;0;0;0;0;0;0;1;0;0;0;0
"22/02/2019";"18:23:00";"107";"com vítima";"126";"BR-116/PR";"Norte";"Colisão Traseira";0;0;0;2;0;0;0;0;0;0;0;2;0;0;0
"22/02/2019";"21:34:00";"125";"sem vítima";"122,5";"BR-116/SC";"Sul";"Colisão Traseira";0;0;2;0;0;0;0;0;0;0;2;0;0;0;0
"23/02/2019";"01:06:00";"10";"com vítima";"31,7";"BR-116/SC";"Sul";"Tombamento";0;0;2;0;0;0;0;0;0;0;2;1;0;0;0
"23/02/2019";"01:45:00";"14";"sem vítima";"119,2";"BR-116/PR";"Norte";"Choque - Poste";0;0;0;0;0;0;0;0;0;1;1;0;0;0;0
"23/02/2019";"05:56:00";"20";"sem vítima";"256,1";"BR-116/SC";"Norte";"Choque - Talude";0;0;1;0;0;0;0;0;0;0;1;0;0;0;0
"23/02/2019";"10:08:00";"40";"sem vítima";"117";"BR-116/PR";"Sul";"Colisão Traseira";1;0;0;0;0;1;0;0;0;0;2;0;0;0;0
"23/02/2019";"18:39:00";"88";"sem vítima";"126";"BR-116/PR";"Norte";"Engavetamento";3;0;0;0;0;0;0;0;0;1;4;0;0;0;0
"23/02/2019";"19:30:00";"96";"sem vítima";"11,2";"BR-116/SC";"Norte";"Colisão Transversal";1;0;0;0;0;0;0;0;0;1;2;0;0;0;0
"24/02/2019";"04:48:00";"27";"com vítima";"4,5";"BR-116/SC";"Sul";"Atropelamento - Ciclista";0;1;0;0;0;1;0;0;0;0;1;0;0;1;0
"24/02/2019";"17:01:00";"89";"sem vítima";"203";"BR-116/SC";"Sul";"Capotamento";1;0;0;0;0;0;0;0;0;0;1;0;0;0;0
"24/02/2019";"17:06:00";"90";"sem vítima";"32,7";"BR-116/SC";"Sul";"Colisão Traseira";0;0;2;0;0;0;0;0;0;0;2;0;0;0;0
"25/02/2019";"07:21:00";"25";"sem vítima";"124,4";"BR-116/PR";"Norte";"Colisão Traseira";1;0;0;0;0;1;0;0;0;0;2;0;0;0;0
"25/02/2019";"14:46:00";"60";"sem vítima";"196";"BR-116/PR";"Norte";"Saida de Pista";0;0;1;0;0;0;0;0;0;0;1;0;0;0;0
"25/02/2019";"17:21:00";"82";"sem vítima";"62";"BR-116/SC";"Sul";"Colisão Frontal";1;0;0;0;0;0;0;0;0;1;4;0;0;0;0
"25/02/2019";"20:24:00";"97";"sem vítima";"122";"BR-116/PR";"Sul";"Colisão Lateral";1;0;1;0;0;0;0;0;0;0;2;0;0;0;0
"25/02/2019";"23:35:00";"106";"com vítima";"149";"BR-116/SC";"Norte";"Capotamento";1;0;0;0;0;0;0;0;0;0;0;2;0;0;0
"26/02/2019";"07:29:00";"23";"com vítima";"117,7";"BR-116/PR";"Norte";"Colisão Traseira";1;0;0;2;0;0;0;0;0;0;2;1;0;0;0
"26/02/2019";"07:58:00";"29";"sem vítima";"211";"BR-116/PR";"Norte";"Choque - Defensa, barreira ou "submarino"";1;0;0;0;0;0;0;0;0;0;1;0;0;0;0
"26/02/2019";"08:34:00";"34";"sem vítima";"123,3";"BR-116/PR";"Norte";"Colisão Lateral";1;0;0;1;0;0;0;0;0;0;4;0;0;0;0
"26/02/2019";"10:02:00";"48";"com vítima";"245";"BR-116/SC";"Norte";"Colisão Transversal";1;0;0;1;0;0;0;0;0;0;3;1;0;0;0
"26/02/2019";"11:42:00";"54";"sem vítima";"140,4";"BR-116/SC";"Sul";"Saida de Pista";1;0;0;0;0;0;0;0;0;0;1;0;0;0;0
"26/02/2019";"15:02:00";"65";"sem vítima";"211,2";"BR-116/SC";"Sul";"Atropelamento - Ciclista";0;1;1;0;0;0;0;0;0;0;2;0;0;0;0
"26/02/2019";"22:25:00";"101";"sem vítima";"133,55";"BR-116/PR";"Sul";"Choque - Arvore";1;0;0;0;0;0;0;0;0;0;5;0;0;0;0
"27/02/2019";"15:00:00";"89";"sem vítima";"82,1";"BR-116/SC";"Sul";"Colisão Traseira";0;0;2;0;0;0;0;0;0;0;2;0;0;0;0
"27/02/2019";"15:18:00";"93";"sem vítima";"203";"BR-116/PR";"Sul";"Colisão Traseira";1;0;1;0;0;0;0;0;0;0;4;0;0;0;0
"27/02/2019";"16:32:00";"97";"com vítima";"221,2";"BR-116/SC";"Norte";"Colisão Transversal";1;0;1;0;0;0;0;0;0;0;1;2;0;0;0
"27/02/2019";"17:37:00";"103";"sem vítima";"235";"BR-116/SC";"Norte";"Choque - Objeto sobre a pista";0;0;2;0;0;0;0;0;0;0;2;0;0;0;0
"27/02/2019";"19:34:00";"117";"com vítima";"125";"BR-116/SC";"Sul";"Colisão Transversal";1;0;1;0;0;0;0;0;0;0;1;1;0;0;0
"27/02/2019";"21:51:00";"125";"com vítima";"115";"BR-116/SC";"Norte";"Tombamento";0;0;1;0;0;0;0;0;0;0;0;1;0;0;0
"28/02/2019";"06:03:00";"17";"sem vítima";"184,8";"BR-116/PR";"Sul";"Capotamento";1;0;0;0;0;0;0;0;0;0;1;0;0;0;0
"28/02/2019";"09:58:00";"48";"sem vítima";"175";"BR-116/PR";"Sul";"Choque - Veiculo parado na pista";0;0;2;0;0;0;0;0;0;0;2;0;0;0;0
"28/02/2019";"18:17:00";"96";"com vítima";"115";"BR-116/PR";"Norte";"Colisão Transversal";0;0;0;2;0;0;0;0;0;0;2;1;0;0;0
"28/02/2019";"18:20:00";"98";"com vítima";"151";"BR-116/PR";"Sul";"Colisão Lateral";1;0;1;1;0;0;0;0;0;0;2;1;0;0;0
"28/02/2019";"20:04:00";"106";"sem vítima";"205";"BR-116/PR";"Norte";"Colisão Transversal";0;0;2;0;0;0;0;0;0;0;2;0;0;0;0
"01/03/2019";"01:38:00";"8";"com vítima";"205,7";"BR-116/PR";"Norte";"Colisão Frontal";1;0;0;0;0;0;0;0;0;1;0;0;0;1;1
"01/03/2019";"07:53:00";"28";"sem vítima";"118";"BR-116/PR";"Norte";"Colisão Lateral";1;0;0;1;0;0;0;0;0;0;2;0;0;0;0
"02/03/2019";"09:10:00";"47";"com vítima";"121,6";"BR-116/PR";"Sul";"Capotamento";1;0;0;0;0;0;0;0;0;0;0;1;0;0;0