data;horario;n_da_ocorrencia;tipo_de_ocorrencia;km;trecho;sentido;tipo_de_acidente;automovel;bicicleta;caminhao;moto;onibus;outros;tracao_animal;transporte_de_cargas_especiais;trator_maquinas;utilitarios;ilesos;levemente_feridos;moderadamente_feridos;gravemente_feridos;mortos
"02/03/2019";"13:49:00";"84";"com vítima";"53,5";"BR-116/SC";"Sul";"Choque - Defensa, barreira ou "submarino"";1;0;0;0;0;0;0;0;0;0;0;1;0;0;0
"02/03/2019";"14:39:00";"89";"sem vítima";"126";"BR-116/PR";"Norte";"Colisão Traseira";2;0;0;0;0;0;0;0;0;0;5;0;0;0;0
"02/03/2019";"22:09:00";"130";"com vítima";"174";"BR-116/SC";"Sul";"Choque - Elemento de Drenagem";0;0;0;1;0;0;0;0;0;0;0;1;0;0;0
"02/03/2019";"22:35:00";"133";"com vítima";"125,1";"BR-116/PR";"Norte";"Colisão Lateral";1;0;1;0;0;0;0;0;0;0;2;1;0;0;0
"03/03/2019";"09:17:00";"31";"sem vítima";"76";"BR-116/SC";"Norte";"Colisão Transversal";2;0;0;0;0;0;0;0;0;0;6;0;0;0;0
"04/03/2019";"14:27:00";"72";"com vítima";"126";"BR-116/PR";"Norte";"Atropelamento - Morador";0;0;0;1;0;0;0;0;0;0;1;1;0;0;0
"04/03/2019";"18:53:00";"93";"sem vítima";"1,95";"BR-116/SC";"Norte";"Colisão Traseira";1;0;1;0;0;0;0;0;0;0;2;0;0;0;0
"05/03/2019";"01:45:00";"10";"com vítima";"115,7";"BR-116/PR";"Norte";"Colisão Transversal";0;0;1;1;0;0;0;0;0;0;1;2;0;0;0
"05/03/2019";"20:12:00";"93";"sem vítima";"130";"BR-116/PR";"Sul";"Choque - Defensa, barreira ou "submarino"";1;0;0;0;0;0;0;0;0;0;2;0;0;0;0
"06/03/2019";"14:57:00";"65";"sem vítima";"123,6";"BR-116/PR";"Sul";"Colisão Traseira";1;0;1;0;0;0;0;0;0;0;2;0;0;0;0
"06/03/2019";"15:22:00";"68";"sem vítima";"124";"BR-116/PR";"Norte";"Colisão Traseira";2;0;0;0;0;0;0;0;0;0;2;0;0;0;0
"06/03/2019";"17:58:00";"80";"sem vítima";"4,004";"BR-116/SC";"Norte";"Colisão Lateral";1;0;1;0;0;0;0;0;0;0;2;0;0;0;0
"07/03/2019";"06:49:00";"17";"sem vítima";"117";"BR-116/PR";"Sul";"Colisão Traseira";1;0;0;0;0;0;0;0;0;1;2;0;0;0;0
"07/03/2019";"13:26:00";"57";"sem vítima";"123,3";"BR-116/PR";"Sul";"Saida de Pista";0;0;1;0;0;0;0;0;0;0;1;0;0;0;0
"07/03/2019";"19:42:00";"99";"com vítima";"116";"BR-116/PR";"Sul";"Colisão Lateral";1;0;0;1;0;0;0;0;0;0;1;1;0;0;0
"08/03/2019";"04:23:00";"16";"com vítima";"234,8";"BR-116/SC";"Sul";"Capotamento";1;0;0;0;0;0;0;0;0;0;0;3;0;0;0
"08/03/2019";"07:31:00";"23";"com vítima";"162,4";"BR-116/SC";"Norte";"Tombamento";0;0;1;0;0;0;0;0;0;0;0;1;0;0;0
"08/03/2019";"16:03:00";"80";"com vítima";"193";"BR-116/SC";"Norte";"Tombamento";0;0;1;0;0;0;0;0;0;0;2;0;0;1;0
"08/03/2019";"19:27:00";"101";"sem vítima";"119";"BR-116/PR";"Norte";"Colisão Lateral";1;0;0;0;0;1;0;0;0;0;2;0;0;0;0
"08/03/2019";"20:51:00";"111";"sem vítima";"165";"BR-116/PR";"Norte";"Colisão Lateral";2;0;0;0;0;0;0;0;0;0;2;0;0;0;0
"09/03/2019";"03:23:00";"16";"sem vítima";"148,2";"BR-116/PR";"Sul";"Capotamento";1;0;0;0;0;0;0;0;0;0;1;0;0;0;0
"09/03/2019";"21:34:00";"103";"sem vítima";"115";"BR-116/PR";"Sul";"Choque - Defensa, barreira ou "submarino"";1;0;0;0;0;0;0;0;0;0;1;0;0;0;0
"11/03/2019";"02:19:00";"11";"com vítima";"129,3";"BR-116/PR";"Sul";"Queda de Moto";0;0;0;1;0;0;0;0;0;0;0;1;0;0;0
"11/03/2019";"10:01:00";"47";"sem vítima";"203,9";"BR-116/PR";"Sul";"Colisão Traseira";0;0;1;1;0;0;0;0;0;0;3;0;0;0;0
"11/03/2019";"14:17:00";"79";"sem vítima";"134";"BR-116/PR";"Norte";"Colisão Traseira";2;0;0;0;0;0;0;0;0;0;2;0;0;0;0
"12/03/2019";"00:17:00";"7";"sem vítima";"135,5";"BR-116/PR";"Norte";"Saida de Pista";1;0;0;0;0;0;0;0;0;0;1;0;0;0;0
"12/03/2019";"08:35:00";"32";"com vítima";"117,2";"BR-116/PR";"Sul";"Colisão Traseira";0;0;1;1;0;0;0;0;0;0;1;1;0;0;0
"12/03/2019";"10:54:00";"54";"sem vítima";"208";"BR-116/SC";"Sul";"Colisão Transversal";1;0;0;0;1;0;0;0;0;0;5;0;0;0;0
"12/03/2019";"18:17:00";"112";"sem vítima";"187";"BR-116/SC";"Sul";"Choque - Objeto sobre a pista";1;0;0;0;0;0;0;0;0;0;1;0;0;0;0
"12/03/2019";"21:36:00";"128";"sem vítima";"170";"BR-116/PR";"Sul";"Colisão Lateral";1;0;0;0;0;0;0;0;0;0;1;0;0;0;0
"13/03/2019";"19:45:00";"121";"sem vítima";"56";"BR-116/SC";"Sul";"Colisão Traseira";1;0;0;1;0;0;0;0;0;0;3;0;0;0;0
"14/03/2019";"07:09:00";"25";"sem vítima";"117,6";"BR-116/PR";"Norte";"Choque - Veiculo parado no acostamento";1;1;0;0;0;0;0;0;0;0;2;0;0;0;0
"14/03/2019";"21:56:00";"137";"sem vítima";"193,1";"BR-116/SC";"Norte";"Tombamento";0;0;1;0;0;0;0;0;0;0;1;0;0;0;0
"15/03/2019";"07:10:00";"35";"sem vítima";"175,2";"BR-116/SC";"Sul";"Tombamento";0;0;1;0;0;0;0;0;0;0;1;0;0;0;0
"15/03/2019";"10:15:00";"63";"com vítima";"245";"BR-116/SC";"Sul";"Colisão Transversal";2;0;0;0;0;0;0;0;0;0;4;2;0;0;0
"16/03/2019";"18:02:00";"67";"com vítima";"172,1";"BR-116/PR";"Sul";"Colisão Traseira";1;0;2;0;0;0;0;0;0;0;2;2;0;0;0
"17/03/2019";"06:08:00";"17";"sem vítima";"227,06";"BR-116/SC";"Norte";"Saida de Pista";0;0;1;0;0;0;0;0;0;0;1;0;0;0;0
"17/03/2019";"16:29:00";"55";"sem vítima";"122,8";"BR-116/PR";"Sul";"Saida de Pista";1;0;0;0;0;0;0;0;0;0;1;0;0;0;0
"17/03/2019";"16:31:00";"56";"sem vítima";"146";"BR-116/PR";"Norte";"Colisão Lateral";1;0;1;1;0;0;0;0;0;0;3;0;0;0;0
"17/03/2019";"21:22:00";"76";"sem vítima";"210,1";"BR-116/SC";"Sul";"Choque - Elemento de Drenagem";1;0;0;0;0;0;0;0;0;0;1;0;0;0;0
"18/03/2019";"07:47:00";"28";"com vítima";"119,1";"BR-116/PR";"Norte";"Engavetamento";3;0;0;0;0;1;0;0;0;0;4;2;0;0;0
"18/03/2019";"10:39:00";"51";"sem vítima";"165";"BR-116/PR";"Norte";"Choque - Arvore";1;0;0;0;0;0;0;0;0;0;2;0;0;0;0
"18/03/2019";"14:00:00";"76";"sem vítima";"247,5";"BR-116/SC";"Norte";"Colisão Traseira";0;0;2;0;0;0;0;0;0;0;2;0;0;0;0
"18/03/2019";"15:26:00";"83";"sem vítima";"152,9";"BR-116/PR";"Norte";"Colisão Lateral";0;0;0;0;0;1;0;0;0;1;2;0;0;0;0
"18/03/2019";"16:13:00";"91";"sem vítima";"122,5";"BR-116/PR";"Sul";"Colisão Lateral";1;0;1;0;0;0;0;0;0;0;2;0;0;0;0
"19/03/2019";"04:12:00";"13";"sem vítima";"140";"BR-116/PR";"Sul";"Choque - Elemento de Drenagem";1;0;1;0;0;0;0;0;0;0;2;0;0;0;0
"19/03/2019";"15:25:00";"86";"sem vítima";"286,84";"BR-116/SC";"Sul";"Tombamento";0;0;1;0;0;0;0;0;0;0;1;0;0;0;0
"19/03/2019";"16:00:00";"90";"com vítima";"139";"BR-116/SC";"Sul";"Colisão Transversal";2;0;0;0;0;0;0;0;0;0;1;1;0;0;0
"19/03/2019";"18:45:00";"112";"sem vítima";"118";"BR-116/PR";"Sul";"Colisão Traseira";4;0;0;0;0;0;0;0;0;0;5;0;0;0;0
"19/03/2019";"19:45:00";"116";"com vítima";"8,5";"BR-116/SC";"Norte";"Colisão Frontal";1;0;0;1;0;0;0;0;0;1;3;0;0;1;0
"19/03/2019";"20:01:00";"117";"com vítima";"136,5";"BR-116/PR";"Sul";"Atropelamento de Animal";0;0;0;1;0;0;0;0;0;0;0;0;0;1;0
"20/03/2019";"22:41:00";"149";"sem vítima";"124";"BR-116/PR";"Norte";"Colisão Lateral";1;0;1;0;0;0;0;0;0;0;2;0;0;0;0
"20/03/2019";"23:27:00";"152";"sem vítima";"127,6";"BR-116/PR";"Norte";"Choque - Veiculo parado na pista";2;0;0;0;0;0;0;0;0;0;2;0;0;0;0
"21/03/2019";"07:14:00";"22";"com vítima";"123,4";"BR-116/PR";"Norte";"Colisão Traseira";1;0;0;1;0;0;0;0;0;0;2;1;0;0;0
"21/03/2019";"08:09:00";"28";"com vítima";"120,5";"BR-116/PR";"Norte";"Colisão Transversal";1;0;0;1;0;0;0;0;0;0;1;1;0;0;0
"21/03/2019";"18:29:00";"98";"sem vítima";"119";"BR-116/PR";"Sul";"Colisão Traseira";2;0;0;0;0;0;0;0;0;0;7;0;0;0;0
"21/03/2019";"18:36:00";"99";"sem vítima";"75,5";"BR-116/SC";"Sul";"Choque - Defensa, barreira ou "submarino"";1;0;0;0;0;0;0;0;0;0;1;0;0;0;0
"22/03/2019";"07:25:00";"32";"sem vítima";"122,4";"BR-116/PR";"Norte";"Colisão Traseira";0;0;0;0;0;0;0;0;0;2;4;0;0;0;0
"22/03/2019";"16:42:00";"93";"com vítima";"113,3";"BR-116/SC";"Sul";"Colisão Lateral";1;0;0;1;0;0;0;0;0;0;1;2;0;0;0
"22/03/2019";"16:45:00";"94";"com vítima";"4,5";"BR-116/SC";"Norte";"Colisão Transversal";1;0;0;1;0;0;0;0;0;0;2;1;0;0;0
"22/03/2019";"18:51:00";"108";"sem vítima";"116";"BR-116/PR";"Norte";"Choque - Veiculo parado na pista";3;0;0;0;0;1;0;0;0;0;6;0;0;0;0
"22/03/2019";"19:44:00";"116";"sem vítima";"174";"BR-116/SC";"Sul";"Saida de Pista";1;0;0;0;0;0;0;0;0;0;1;0;0;0;0
"22/03/2019";"19:48:00";"117";"sem vítima";"134";"BR-116/PR";"Sul";"Choque - Objeto sobre a pista";1;0;1;0;0;0;0;0;0;0;3;0;0;0;0
"23/03/2019";"02:33:00";"10";"sem vítima";"122,55";"BR-116/PR";"Sul";"Colisão Traseira";1;0;1;0;0;0;0;0;0;0;2;0;0;0;0
"23/03/2019";"15:42:00";"63";"com vítima";"210,8";"BR-116/PR";"Norte";"Colisão Lateral";1;0;0;1;0;0;0;0;0;0;1;2;0;0;0
"23/03/2019";"17:18:00";"67";"com vítima";"163,274";"BR-116/PR";"Sul";"Capotamento";1;0;0;0;0;0;0;0;0;0;2;2;0;1;0
"23/03/2019";"20:17:00";"76";"com vítima";"206,7";"BR-116/SC";"Norte";"Queda de Moto";0;0;0;1;0;0;0;0;0;0;0;2;0;0;0
"24/03/2019";"11:32:00";"50";"sem vítima";"2";"BR-116/SC";"Norte";"Engavetamento";2;0;1;0;0;0;0;0;0;0;3;0;0;0;0
"24/03/2019";"20:50:00";"118";"sem vítima";"119,2";"BR-116/PR";"Norte";"Colisão Traseira";2;0;0;0;0;0;0;0;0;0;2;0;0;0;0
"24/03/2019";"22:16:00";"126";"sem vítima";"117,65";"BR-116/PR";"Sul";"Colisão Traseira";3;0;0;0;0;0;0;0;0;0;3;0;0;0;0
"26/03/2019";"01:17:00";"9";"sem vítima";"157,5";"BR-116/SC";"Sul";"Tombamento";0;0;1;0;0;0;0;0;0;0;1;0;0;0;0
"26/03/2019";"09:55:00";"33";"sem vítima";"54";"BR-116/SC";"Sul";"Colisão Transversal";1;0;1;0;0;0;0;0;0;0;2;0;0;0;0
"26/03/2019";"10:18:00";"37";"com vítima";"132,1";"BR-116/PR";"Norte";"Choque - Defensa, barreira ou "submarino"";0;0;0;1;0;0;0;0;0;0;0;0;0;0;1
"26/03/2019";"14:51:00";"62";"com vítima";"152";"BR-116/PR";"Sul";"Colisão Transversal";1;0;1;0;0;0;0;0;0;0;1;1;0;1;0
"26/03/2019";"22:56:00";"97";"sem vítima";"66,05";"BR-116/SC";"Norte";"Colisão Traseira";0;0;1;0;0;2;0;0;0;0;3;0;0;0;0
"27/03/2019";"16:54:00";"93";"com vítima";"3,352";"BR-116/SC";"Norte";"Queda de Moto";0;0;0;1;0;1;0;0;0;0;1;1;0;0;0
"28/03/2019";"07:29:00";"29";"com vítima";"211,8";"BR-116/SC";"Norte";"Queda de Moto";0;0;0;1;0;0;0;0;0;0;0;1;0;0;0
"29/03/2019";"21:11:00";"117";"sem vítima";"118";"BR-116/PR";"Sul";"Colisão Lateral";1;0;1;0;0;0;0;0;0;0;2;0;0;0;0
"29/03/2019";"23:05:00";"122";"com vítima";"126,15";"BR-116/PR";"Sul";"Colisão Lateral";0;0;0;1;0;1;0;0;0;0;1;1;0;0;0
"30/03/2019";"08:47:00";"37";"sem vítima";"181,8";"BR-116/PR";"Sul";"Saida de Pista";0;0;1;0;0;0;0;0;0;0;1;0;0;0;0
"30/03/2019";"22:03:00";"114";"com vítima";"121,1";"BR-116/PR";"Norte";"Colisão Lateral";2;0;0;0;0;0;0;0;0;0;2;2;0;0;0
"31/03/2019";"01:50:00";"15";"sem vítima";"178,6";"BR-116/PR";"Norte";"Atropelamento de Animal";0;0;0;0;0;0;0;0;0;1;3;0;0;0;0
"31/03/2019";"13:05:00";"57";"com vítima";"308";"BR-116/SC";"Norte";"Choque - Talude";0;0;1;0;0;0;0;0;0;0;1;1;0;0;0
"31/03/2019";"18:36:00";"97";"com vítima";"152";"BR-116/PR";"Sul";"Colisão Transversal";2;0;0;0;0;0;0;0;0;0;3;1;0;0;0
"31/03/2019";"21:13:00";"111";"sem vítima";"124";"BR-116/PR";"Norte";"Choque - Defensa, barreira ou "submarino"";1;0;0;0;0;0;0;0;0;0;1;0;0;0;0
"01/04/2019";"09:34:00";"37";"sem vítima";"115";"BR-116/PR";"Norte";"Colisão Traseira";3;0;0;0;0;0;0;0;0;0;3;0;0;0;0
"01/04/2019";"17:45:00";"100";"sem vítima";"184";"BR-116/SC";"Norte";"Colisão Traseira";1;0;0;0;0;1;0;0;0;0;2;0;0;0;0
"01/04/2019";"18:36:00";"110";"sem vítima";"114";"BR-116/SC";"Sul";"Colisão Lateral";0;0;1;0;0;1;0;0;0;0;2;0;0;0;0
"02/04/2019";"20:49:00";"106";"sem vítima";"204";"BR-116/SC";"Norte";"Colisão Lateral";0;0;2;0;0;0;0;0;0;0;2;0;0;0;0
"03/04/2019";"10:00:00";"50";"sem vítima";"54";"BR-116/SC";"Norte";"Colisão Transversal";1;0;1;0;0;0;0;0;0;0;2;0;0;0;0
"03/04/2019";"14:58:00";"75";"com vítima";"117,5";"BR-116/SC";"Norte";"Choque - Defensa, barreira ou "submarino"";1;0;0;0;0;0;0;0;0;0;2;1;0;0;0
"04/04/2019";"06:54:00";"14";"sem vítima";"125,1";"BR-116/PR";"Norte";"Colisão Lateral";1;0;0;1;0;0;0;0;0;0;2;0;0;0;0
"04/04/2019";"11:44:00";"53";"sem vítima";"130";"BR-116/PR";"Norte";"Colisão Traseira";1;0;1;0;0;0;0;0;0;0;4;0;0;0;0
"04/04/2019";"15:02:00";"75";"com vítima";"152,25";"BR-116/PR";"Norte";"Colisão Transversal";0;0;1;1;0;0;0;0;0;0;1;1;0;0;0
"04/04/2019";"15:21:00";"77";"sem vítima";"152,1";"BR-116/PR";"Norte";"Colisão Lateral";2;0;0;0;0;0;0;0;0;0;2;0;0;0;0
"04/04/2019";"19:25:00";"109";"com vítima";"123";"BR-116/PR";"Norte";"Choque - Defensa, barreira ou "submarino"";1;0;0;0;0;0;0;0;0;0;0;3;0;0;0
"04/04/2019";"23:20:00";"130";"com vítima";"136";"BR-116/SC";"Sul";"Colisão Frontal";1;0;0;0;1;0;0;0;0;0;5;0;0;1;0
"05/04/2019";"06:59:00";"22";"com vítima";"125,3";"BR-116/PR";"Norte";"Colisão Lateral";0;0;0;1;0;1;0;0;0;0;2;1;0;0;0
"05/04/2019";"07:46:00";"24";"sem vítima";"60";"BR-116/SC";"Norte";"Colisão Transversal";2;0;0;0;0;0;0;0;0;0;4;0;0;0;0
"05/04/2019";"16:56:00";"79";"sem vítima";"116";"BR-116/PR";"Sul";"Capotamento";1;0;0;0;0;0;0;0;0;0;1;0;0;0;0
"05/04/2019";"17:17:00";"82";"sem vítima";"115";"BR-116/PR";"Norte";"Queda de Moto";0;0;0;1;0;0;0;0;0;0;1;0;0;0;0
"06/04/2019";"06:54:00";"23";"sem vítima";"199,76";"BR-116/PR";"Sul";"Capotamento";1;0;0;0;0;0;0;0;0;0;1;0;0;0;0
"06/04/2019";"07:00:00";"24";"com vítima";"199,76";"BR-116/PR";"Sul";"Capotamento";1;0;0;0;0;0;0;0;0;0;0;1;0;0;0
"06/04/2019";"13:10:00";"52";"sem vítima";"116,9";"BR-116/PR";"Sul";"Colisão Lateral";1;0;0;1;0;0;0;0;0;0;3;0;0;0;0
"06/04/2019";"16:08:00";"67";"com vítima";"117";"BR-116/PR";"Norte";"Engavetamento";3;0;0;0;0;0;0;0;0;0;2;1;0;0;0
"06/04/2019";"16:44:00";"72";"com vítima";"119";"BR-116/PR";"Norte";"Colisão Traseira";2;0;0;0;0;0;0;0;0;0;1;1;0;0;0
"06/04/2019";"17:06:00";"75";"sem vítima";"177,5";"BR-116/SC";"Sul";"Capotamento";1;0;0;0;0;0;0;0;0;0;1;0;0;0;0
"06/04/2019";"18:21:00";"82";"sem vítima";"119,1";"BR-116/PR";"Norte";"Colisão Traseira";2;0;0;0;0;0;0;0;0;0;2;0;0;0;0
"06/04/2019";"21:19:00";"98";"sem vítima";"126";"BR-116/PR";"Norte";"Colisão Traseira";2;0;0;0;0;0;0;0;0;0;2;0;0;0;0
"06/04/2019";"22:44:00";"102";"sem vítima";"176,3";"BR-116/SC";"Norte";"Capotamento";1;0;0;0;0;0;0;0;0;0;1;0;0;0;0
"07/04/2019";"02:30:00";"11";"sem vítima";"115";"BR-116/PR";"Norte";"Colisão Traseira";1;0;0;0;0;1;0;0;0;0;4;0;0;0;0
"07/04/2019";"03:56:00";"14";"sem vítima";"170";"BR-116/SC";"Sul";"Saida de Pista";1;0;0;0;0;0;0;0;0;0;1;0;0;0;0
"07/04/2019";"05:38:00";"23";"com vítima";"107,2";"BR-116/SC";"Norte";"Tombamento";0;0;1;0;0;0;0;0;0;0;0;1;0;0;0
"07/04/2019";"16:25:00";"56";"sem vítima";"193,9";"BR-116/PR";"Norte";"Saida de Pista";1;0;0;0;0;0;0;0;0;0;4;0;0;0;0
"07/04/2019";"18:50:00";"70";"sem vítima";"73";"BR-116/SC";"Sul";"Saida de Pista";0;0;0;0;0;0;0;0;0;1;1;0;0;0;0
"07/04/2019";"19:07:00";"73";"sem vítima";"119";"BR-116/PR";"Norte";"Colisão Traseira";2;0;0;0;0;0;0;0;0;0;2;0;0;0;0
"07/04/2019";"19:31:00";"77";"sem vítima";"139";"BR-116/PR";"Norte";"Colisão Traseira";1;0;0;0;0;1;0;0;0;0;2;0;0;0;0
"07/04/2019";"20:48:00";"86";"sem vítima";"32,15";"BR-116/SC";"Norte";"Colisão Traseira";1;0;0;1;0;0;0;0;0;0;2;0;0;0;0
"07/04/2019";"21:08:00";"88";"sem vítima";"157";"BR-116/PR";"Sul";"Choque - Suporte de Sinalização";1;0;0;0;0;0;0;0;0;0;4;0;0;0;0
"08/04/2019";"08:57:00";"51";"sem vítima";"8";"BR-116/SC";"Sul";"Choque - Outros";1;0;0;0;0;0;0;0;0;0;1;0;0;0;0
"08/04/2019";"14:52:00";"87";"com vítima";"141";"BR-116/PR";"Sul";"Queda de Moto";0;0;0;1;0;0;0;0;0;0;0;1;0;0;0
"09/04/2019";"18:36:00";"89";"sem vítima";"132";"BR-116/PR";"Sul";"Queda de Moto";0;0;0;1;0;0;0;0;0;0;2;0;0;0;0
"10/04/2019";"06:46:00";"17";"com vítima";"211,32";"BR-116/SC";"Sul";"Tombamento";0;0;1;0;0;0;0;0;0;1;1;2;0;0;0
"10/04/2019";"07:46:00";"25";"com vítima";"115";"BR-116/PR";"Norte";"Colisão Lateral";1;0;0;1;0;0;0;0;0;0;1;1;0;0;0
"10/04/2019";"10:28:00";"47";"com vítima";"7";"BR-116/SC";"Sul";"Colisão Lateral";0;0;0;1;0;0;0;0;0;1;1;1;0;0;0
"10/04/2019";"14:31:00";"76";"sem vítima";"117";"BR-116/PR";"Norte";"Colisão Traseira";1;0;1;0;0;0;0;0;0;0;2;0;0;0;0
"10/04/2019";"16:20:00";"91";"sem vítima";"238";"BR-116/SC";"Sul";"Colisão Traseira";2;0;0;0;0;0;0;0;0;0;2;0;0;0;0
"10/04/2019";"18:13:00";"104";"sem vítima";"119";"BR-116/PR";"Sul";"Saida de Pista";1;0;0;0;0;0;0;0;0;0;2;0;0;0;0
"10/04/2019";"18:25:00";"106";"sem vítima";"175";"BR-116/SC";"Sul";"Choque - Defensa, barreira ou "submarino"";0;0;1;0;0;0;0;0;0;0;1;0;0;0;0
"10/04/2019";"19:51:00";"110";"sem vítima";"211,7";"BR-116/SC";"Norte";"Colisão Traseira";0;0;2;0;0;0;0;0;0;0;2;0;0;0;0
"10/04/2019";"20:15:00";"114";"sem vítima";"211,7";"BR-116/SC";"Norte";"Colisão Traseira";0;0;2;0;0;0;0;0;0;0;2;0;0;0;0
"11/04/2019";"00:24:00";"7";"sem vítima";"229";"BR-116/SC";"Norte";"Saida de Pista";1;0;0;0;0;0;0;0;0;0;1;0;0;0;0
"11/04/2019";"14:36:00";"80";"com vítima";"126";"BR-116/PR";"Norte";"Choque - Veiculo parado na pista";0;0;2;0;0;0;0;0;0;0;0;2;0;0;0
"11/04/2019";"14:45:00";"81";"sem vítima";"126,2";"BR-116/PR";"Norte";"Choque - Veiculo parado na pista";2;0;1;0;0;0;0;0;0;0;3;0;0;0;0
"11/04/2019";"18:37:00";"109";"com vítima";"115";"BR-116/PR";"Norte";"Colisão Lateral";1;0;0;1;0;0;0;0;0;0;1;1;0;0;0
"12/04/2019";"11:43:00";"71";"sem vítima";"160";"BR-116/PR";"Norte";"Colisão Lateral";0;0;1;0;0;1;0;0;0;0;2;0;0;0;0
"12/04/2019";"12:36:00";"77";"sem vítima";"121";"BR-116/SC";"Norte";"Queda de Moto";0;0;0;1;0;0;0;0;0;0;1;0;0;0;0
"12/04/2019";"18:12:00";"117";"sem vítima";"125,3";"BR-116/PR";"Sul";"Colisão Traseira";1;0;0;1;0;0;0;0;0;0;3;0;0;0;0
"12/04/2019";"19:17:00";"126";"com vítima";"115,2";"BR-116/PR";"Norte";"Colisão Traseira";0;0;0;1;0;0;0;0;0;0;1;1;0;0;0
"13/04/2019";"09:30:00";"46";"sem vítima";"147,5";"BR-116/PR";"Sul";"Colisão Lateral";2;0;0;0;0;0;0;0;0;0;2;0;0;0;0
"14/04/2019";"06:33:00";"26";"com vítima";"196";"BR-116/SC";"Norte";"Colisão Traseira";1;0;1;0;0;0;0;0;0;0;1;1;0;0;0
"14/04/2019";"12:13:00";"53";"com vítima";"154,9";"BR-116/SC";"Norte";"Tombamento";0;0;1;0;0;0;0;0;0;0;0;2;0;0;0
"14/04/2019";"12:59:00";"57";"sem vítima";"148,5";"BR-116/SC";"Norte";"Outros";1;0;1;0;0;0;0;0;0;0;2;0;0;0;0
"14/04/2019";"13:48:00";"61";"com vítima";"130";"BR-116/PR";"Sul";"Colisão Frontal";1;0;1;0;0;0;0;0;0;0;2;0;0;2;0
"14/04/2019";"15:56:00";"72";"com vítima";"134";"BR-116/PR";"Sul";"Colisão Transversal";2;0;0;0;0;0;0;0;0;0;3;3;0;0;0
"14/04/2019";"18:16:00";"86";"sem vítima";"132";"BR-116/SC";"Sul";"Choque - Arvore";1;0;0;0;0;0;0;0;0;0;1;0;0;0;0
"14/04/2019";"19:45:00";"93";"sem vítima";"288,75";"BR-116/SC";"Sul";"Choque - Defensa, barreira ou "submarino"";1;0;0;0;0;0;0;0;0;0;1;0;0;0;0
"14/04/2019";"23:05:00";"104";"sem vítima";"242,6";"BR-116/SC";"Norte";"Capotamento";1;0;0;0;0;0;0;0;0;0;1;0;0;0;0
"16/04/2019";"11:23:00";"54";"sem vítima";"208,9";"BR-116/PR";"Norte";"Choque - Elemento de Drenagem";1;0;1;0;0;0;0;0;0;0;2;0;0;0;0
"16/04/2019";"15:26:00";"67";"sem vítima";"119";"BR-116/PR";"Sul";"Saida de Pista";1;0;0;0;0;0;0;0;0;0;2;0;0;0;0
"16/04/2019";"17:16:00";"74";"com vítima";"177,4";"BR-116/SC";"Sul";"Colisão Lateral";1;0;1;0;0;0;0;0;0;0;1;2;0;0;0
"17/04/2019";"07:14:00";"28";"com vítima";"162";"BR-116/SC";"Norte";"Tombamento";0;0;1;0;0;0;0;0;0;0;0;1;0;0;0
"17/04/2019";"08:44:00";"39";"sem vítima";"134,4";"BR-116/PR";"Norte";"Colisão Lateral";2;0;0;0;0;0;0;0;0;0;2;0;0;0;0
"17/04/2019";"12:51:00";"79";"sem vítima";"118";"BR-116/SC";"Sul";"Colisão Traseira";3;0;0;0;0;0;0;0;0;0;5;0;0;0;0
"17/04/2019";"18:55:00";"119";"sem vítima";"136";"BR-116/PR";"Norte";"Saida de Pista";1;0;0;0;0;0;0;0;0;0;1;0;0;0;0
"17/04/2019";"19:44:00";"120";"sem vítima";"233";"BR-116/SC";"Sul";"Colisão Traseira";2;0;0;0;0;0;0;0;0;0;2;0;0;0;0
"18/04/2019";"12:50:00";"63";"com vítima";"58";"BR-116/SC";"Sul";"Queda de Moto";0;0;0;1;0;0;0;0;0;0;1;1;0;0;0
"18/04/2019";"16:34:00";"94";"com vítima";"146,5";"BR-116/PR";"Norte";"Capotamento";1;0;0;0;0;0;0;0;0;0;2;2;0;0;0
"18/04/2019";"22:05:00";"131";"com vítima";"63";"BR-116/SC";"Sul";"Colisão Traseira";2;0;0;0;0;0;0;0;0;0;1;1;0;0;0
"19/04/2019";"04:01:00";"17";"sem vítima";"126,3";"BR-116/PR";"Sul";"Colisão Lateral";1;0;1;0;0;0;0;0;0;0;2;0;0;0;0
"19/04/2019";"09:48:00";"35";"com vítima";"0";"BR-116/SC";"Sul";"Outros";0;1;0;0;0;0;0;0;0;0;0;1;0;0;0
"19/04/2019";"11:15:00";"46";"sem vítima";"125";"BR-116/PR";"Sul";"Colisão Traseira";1;0;0;0;0;1;0;0;0;0;2;0;0;0;0
"19/04/2019";"22:51:00";"86";"sem vítima";"122,1";"BR-116/PR";"Norte";"Choque - Defensa, barreira ou "submarino"";1;0;0;0;0;0;0;0;0;0;1;0;0;0;0
"20/04/2019";"09:25:00";"35";"sem vítima";"192";"BR-116/PR";"Sul";"Colisão Lateral";0;0;1;0;0;1;0;0;0;0;2;0;0;0;0
"20/04/2019";"22:59:00";"110";"com vítima";"153,3";"BR-116/PR";"Norte";"Colisão Transversal";2;0;0;0;0;0;0;0;0;0;2;2;0;0;0
"21/04/2019";"05:17:00";"13";"sem vítima";"117,3";"BR-116/PR";"Norte";"Choque - Outros";0;0;0;1;0;0;0;0;0;0;1;0;0;0;0
"21/04/2019";"11:20:00";"36";"sem vítima";"294";"BR-116/SC";"Norte";"Colisão Traseira";1;0;1;0;0;0;0;0;0;0;5;0;0;0;0