data;horario;n_da_ocorrencia;tipo_de_ocorrencia;km;trecho;sentido;tipo_de_acidente;automovel;bicicleta;caminhao;moto;onibus;outros;tracao_animal;transporte_de_cargas_especiais;trator_maquinas;utilitarios;ilesos;levemente_feridos;moderadamente_feridos;gravemente_feridos;mortos
"21/04/2019";"15:45:00";"58";"sem vítima";"205,95";"BR-116/PR";"Sul";"Choque - Defensa, barreira ou "submarino"";1;0;0;0;0;0;0;0;0;0;1;0;0;0;0
"21/04/2019";"16:42:00";"69";"com vítima";"4,5";"BR-116/SC";"Norte";"Colisão Transversal";2;0;0;0;0;0;0;0;0;0;2;2;0;0;0
"21/04/2019";"16:44:00";"70";"com vítima";"156,3";"BR-116/PR";"Sul";"Colisão Transversal";1;0;0;0;0;1;0;0;0;0;3;1;0;0;0
"21/04/2019";"18:19:00";"81";"sem vítima";"11";"BR-116/SC";"Sul";"Colisão Traseira";2;0;0;0;0;0;0;0;0;0;2;0;0;0;0
"21/04/2019";"18:55:00";"88";"sem vítima";"135";"BR-116/PR";"Sul";"Colisão Traseira";2;0;0;0;0;0;0;0;0;0;2;0;0;0;0
"21/04/2019";"19:52:00";"97";"sem vítima";"162";"BR-116/PR";"Norte";"Colisão Traseira";2;0;0;0;0;0;0;0;0;0;2;0;0;0;0
"21/04/2019";"20:11:00";"99";"com vítima";"166";"BR-116/PR";"Norte";"Engavetamento";3;0;0;0;0;0;0;0;0;1;4;2;0;0;0
"21/04/2019";"20:40:00";"102";"sem vítima";"190,3";"BR-116/PR";"Norte";"Choque - Arvore";1;0;0;0;0;0;0;0;0;0;1;0;0;0;0
"22/04/2019";"06:07:00";"18";"sem vítima";"177";"BR-116/PR";"Sul";"Saida de Pista";1;0;0;0;0;0;0;0;0;0;1;0;0;0;0
"22/04/2019";"06:25:00";"19";"com vítima";"226,75";"BR-116/SC";"Sul";"Colisão Lateral";1;0;1;0;0;0;0;0;0;0;3;1;0;0;0
"22/04/2019";"09:16:00";"35";"com vítima";"191";"BR-116/PR";"Sul";"Queda de Moto";0;0;0;1;0;0;0;0;0;0;0;1;0;0;0
"22/04/2019";"10:50:00";"47";"sem vítima";"142";"BR-116/SC";"Norte";"Colisão Traseira";1;0;0;0;0;0;0;0;0;1;5;0;0;0;0
"22/04/2019";"12:50:00";"58";"com vítima";"147";"BR-116/PR";"Sul";"Colisão Transversal";2;0;0;0;0;0;0;0;0;0;3;2;0;0;0
"22/04/2019";"15:09:00";"71";"sem vítima";"134";"BR-116/PR";"Norte";"Colisão Traseira";1;0;0;0;0;0;0;0;0;0;1;0;0;0;0
"23/04/2019";"07:46:00";"24";"sem vítima";"81";"BR-116/SC";"Norte";"Colisão Traseira";1;0;1;0;0;0;0;0;0;0;2;0;0;0;0
"23/04/2019";"08:48:00";"29";"sem vítima";"135,1";"BR-116/SC";"Norte";"Choque - Defensa, barreira ou "submarino"";1;0;0;0;0;0;0;0;0;0;1;0;0;0;0
"23/04/2019";"09:43:00";"37";"sem vítima";"117";"BR-116/PR";"Norte";"Colisão Traseira";2;0;0;0;0;0;0;0;0;0;2;0;0;0;0
"23/04/2019";"17:02:00";"89";"sem vítima";"141,3";"BR-116/PR";"Norte";"Colisão Lateral";1;0;0;0;0;1;0;0;0;0;2;0;0;0;0
"24/04/2019";"07:03:00";"26";"sem vítima";"122";"BR-116/PR";"Norte";"Colisão Traseira";0;0;2;0;0;0;0;0;0;0;2;0;0;0;0
"24/04/2019";"07:50:00";"30";"com vítima";"117";"BR-116/PR";"Norte";"Outros";1;0;0;1;0;0;0;0;0;0;1;1;0;0;0
"24/04/2019";"16:58:00";"98";"sem vítima";"200,1";"BR-116/PR";"Sul";"Colisão Lateral";1;0;1;0;0;0;0;0;0;0;2;0;0;0;0
"24/04/2019";"20:03:00";"116";"sem vítima";"130";"BR-116/PR";"Norte";"Colisão Traseira";2;0;0;0;0;0;0;0;0;0;2;0;0;0;0
"25/04/2019";"09:46:00";"37";"com vítima";"116,2";"BR-116/PR";"Sul";"Atropelamento - Outros";1;0;0;0;0;0;0;0;0;0;1;1;0;0;0
"26/04/2019";"15:44:00";"79";"sem vítima";"37,4";"BR-116/SC";"Norte";"Colisão Traseira";0;0;3;0;0;1;0;0;0;0;4;0;0;0;0
"26/04/2019";"18:45:00";"99";"com vítima";"132";"BR-116/PR";"Sul";"Colisão Transversal";2;0;0;0;0;0;0;0;0;0;2;1;0;0;0
"26/04/2019";"22:52:00";"118";"com vítima";"189,83";"BR-116/PR";"Sul";"Colisão Frontal";0;0;1;0;0;0;0;0;0;1;1;0;0;0;1
"26/04/2019";"23:26:00";"123";"com vítima";"120";"BR-116/PR";"Sul";"Queda de Moto";0;0;0;1;0;0;0;0;0;0;0;1;0;0;0
"27/04/2019";"00:48:00";"12";"com vítima";"201,3";"BR-116/PR";"Norte";"Colisão Lateral";1;0;0;0;0;0;0;0;0;1;1;1;0;1;0
"27/04/2019";"00:56:00";"13";"sem vítima";"136";"BR-116/SC";"Sul";"Colisão Traseira";1;0;1;0;0;0;0;0;0;0;3;0;0;0;0
"27/04/2019";"09:04:00";"29";"com vítima";"23,4";"BR-116/SC";"Norte";"Colisão Transversal";1;0;1;0;0;0;0;0;0;0;1;0;0;1;0
"28/04/2019";"03:19:00";"10";"com vítima";"146";"BR-116/PR";"Norte";"Choque - Arvore";0;0;0;1;0;0;0;0;0;0;0;1;0;0;0
"28/04/2019";"05:21:00";"15";"com vítima";"151,3";"BR-116/PR";"Norte";"Colisão Frontal";2;0;1;0;0;0;0;0;0;0;3;0;0;0;2
"28/04/2019";"19:17:00";"75";"sem vítima";"135";"BR-116/PR";"Norte";"Saida de Pista";1;0;0;0;0;0;0;0;0;0;1;0;0;0;0
"28/04/2019";"20:31:00";"79";"sem vítima";"117";"BR-116/PR";"Norte";"Colisão Traseira";1;0;0;1;0;0;0;0;0;0;2;0;0;0;0
"29/04/2019";"19:15:00";"116";"sem vítima";"116";"BR-116/PR";"Sul";"Engavetamento";2;0;1;0;0;0;0;0;0;0;4;0;0;0;0
"30/04/2019";"08:23:00";"33";"com vítima";"236";"BR-116/SC";"Sul";"Colisão Lateral";1;0;1;0;0;0;0;0;0;0;1;1;0;0;0
"30/04/2019";"19:58:00";"121";"com vítima";"65";"BR-116/SC";"Sul";"Colisão Transversal";2;0;0;0;0;0;0;0;0;0;2;1;0;0;0
"01/05/2019";"04:55:00";"14";"com vítima";"126";"BR-116/PR";"Norte";"Colisão Transversal";2;0;0;0;0;0;0;0;0;0;2;2;0;0;0
"01/05/2019";"18:58:00";"64";"sem vítima";"53,3";"BR-116/SC";"Sul";"Outros";0;0;1;0;0;0;0;0;0;0;1;0;0;0;0
"01/05/2019";"19:09:00";"67";"sem vítima";"157,1";"BR-116/SC";"Norte";"Colisão Lateral";0;0;1;0;0;0;0;0;0;1;3;0;0;0;0
"02/05/2019";"05:19:00";"18";"sem vítima";"161,5";"BR-116/PR";"Sul";"Saida de Pista";1;0;0;0;0;0;0;0;0;0;1;0;0;0;0
"02/05/2019";"07:02:00";"23";"com vítima";"124,6";"BR-116/PR";"Norte";"Queda de Moto";1;0;0;1;0;0;0;0;0;0;1;2;0;0;0
"02/05/2019";"07:39:00";"26";"sem vítima";"211";"BR-116/PR";"Sul";"Colisão Transversal";2;0;0;0;0;0;0;0;0;0;2;0;0;0;0
"02/05/2019";"15:11:00";"78";"sem vítima";"142,2";"BR-116/SC";"Norte";"Colisão Traseira";2;0;0;0;0;0;0;0;0;0;3;0;0;0;0
"02/05/2019";"20:01:00";"118";"com vítima";"135";"BR-116/PR";"Norte";"Colisão Traseira";1;0;1;0;0;0;0;0;0;0;1;1;0;0;0
"02/05/2019";"20:37:00";"121";"com vítima";"126";"BR-116/PR";"Norte";"Colisão Lateral";1;0;1;0;0;0;0;0;0;0;3;1;0;0;0
"03/05/2019";"13:41:00";"74";"com vítima";"246";"BR-116/SC";"Sul";"Colisão Frontal";2;0;0;0;0;0;0;0;0;0;6;3;0;0;0
"03/05/2019";"21:17:00";"119";"sem vítima";"131";"BR-116/PR";"Sul";"Colisão Transversal";2;0;0;0;0;0;0;0;0;0;4;0;0;0;0
"03/05/2019";"23:59:00";"127";"com vítima";"275,1";"BR-116/SC";"Norte";"Colisão Lateral";1;0;1;0;0;0;0;0;0;0;1;0;0;0;1
"04/05/2019";"00:40:00";"10";"sem vítima";"197,3";"BR-116/PR";"Sul";"Choque - Defensa, barreira ou "submarino"";1;0;0;0;0;0;0;0;0;0;1;0;0;0;0
"04/05/2019";"05:48:00";"26";"sem vítima";"107,8";"BR-116/SC";"Norte";"Colisão Lateral";0;0;2;0;0;0;0;0;0;0;2;0;0;0;0
"04/05/2019";"07:38:00";"31";"sem vítima";"205";"BR-116/PR";"Sul";"Saida de Pista";1;0;0;0;0;0;0;0;0;0;1;0;0;0;0
"04/05/2019";"08:29:00";"34";"sem vítima";"171,7";"BR-116/SC";"Norte";"Saida de Pista";1;0;0;0;0;0;0;0;0;0;5;0;0;0;0
"04/05/2019";"12:03:00";"69";"sem vítima";"205";"BR-116/PR";"Sul";"Colisão Transversal";1;0;0;1;0;0;0;0;0;0;2;0;0;0;0
"04/05/2019";"16:24:00";"93";"com vítima";"154";"BR-116/PR";"Sul";"Saida de Pista";1;0;0;0;0;1;0;0;0;0;2;1;0;0;0
"04/05/2019";"16:33:00";"95";"com vítima";"126";"BR-116/PR";"Sul";"Engavetamento";3;0;0;0;0;0;0;0;0;0;2;1;0;0;0
"04/05/2019";"17:16:00";"102";"com vítima";"35,3";"BR-116/SC";"Norte";"Colisão Transversal";1;0;0;1;0;0;0;0;0;0;1;1;0;0;0
"04/05/2019";"17:53:00";"105";"sem vítima";"134,4";"BR-116/PR";"Norte";"Engavetamento";2;0;0;0;0;1;0;0;0;0;4;0;0;0;0
"05/05/2019";"01:31:00";"11";"sem vítima";"117";"BR-116/PR";"Norte";"Colisão Traseira";2;0;0;0;0;0;0;0;0;0;2;0;0;0;0
"05/05/2019";"02:03:00";"12";"com vítima";"117";"BR-116/PR";"Norte";"Colisão Transversal";1;0;0;1;0;0;0;0;0;0;1;1;0;0;0
"05/05/2019";"04:23:00";"19";"sem vítima";"150,4";"BR-116/SC";"Norte";"Saida de Pista";0;0;1;0;0;0;0;0;0;0;1;0;0;0;0
"05/05/2019";"11:18:00";"40";"sem vítima";"152";"BR-116/PR";"Norte";"Colisão Transversal";2;0;0;0;0;0;0;0;0;0;2;0;0;0;0
"05/05/2019";"12:47:00";"45";"sem vítima";"121";"BR-116/PR";"Norte";"Colisão Lateral";2;0;0;0;0;0;0;0;0;0;2;0;0;0;0
"05/05/2019";"15:31:00";"57";"sem vítima";"192";"BR-116/SC";"Sul";"Queda de Moto";0;0;0;1;0;0;0;0;0;0;2;0;0;0;0
"05/05/2019";"16:20:00";"66";"sem vítima";"46,3";"BR-116/SC";"Sul";"Colisão Traseira";1;0;1;0;0;0;0;0;0;0;2;0;0;0;0
"05/05/2019";"18:40:00";"84";"sem vítima";"152";"BR-116/PR";"Sul";"Saida de Pista";1;0;0;0;0;0;0;0;0;0;1;0;0;0;0
"06/05/2019";"14:43:00";"57";"com vítima";"205,9";"BR-116/PR";"Norte";"Colisão Transversal";0;0;1;1;0;0;0;0;0;0;1;0;0;1;1
"06/05/2019";"17:15:00";"77";"sem vítima";"209";"BR-116/PR";"Sul";"Choque - Poste";1;0;0;0;0;0;0;0;0;0;1;0;0;0;0
"07/05/2019";"00:54:00";"9";"sem vítima";"308,3";"BR-116/SC";"Sul";"Capotamento";1;0;0;0;0;0;0;0;0;0;1;0;0;0;0
"07/05/2019";"05:17:00";"19";"sem vítima";"94,7";"BR-116/SC";"Sul";"Choque - Talude";0;0;1;0;0;0;0;0;0;0;1;0;0;0;0
"07/05/2019";"15:37:00";"83";"sem vítima";"126";"BR-116/PR";"Norte";"Colisão Lateral";1;0;0;0;0;0;0;0;0;0;1;0;0;0;0
"07/05/2019";"18:34:00";"109";"sem vítima";"121";"BR-116/PR";"Sul";"Colisão Traseira";1;0;1;0;0;0;0;0;0;0;4;0;0;0;0
"07/05/2019";"19:00:00";"114";"com vítima";"125";"BR-116/PR";"Sul";"Colisão Traseira";1;0;0;1;0;0;0;0;0;0;1;1;0;0;0
"08/05/2019";"07:18:00";"23";"sem vítima";"297,7";"BR-116/SC";"Norte";"Colisão Lateral";1;0;0;0;0;1;0;0;0;0;3;0;0;0;0
"08/05/2019";"16:04:00";"79";"sem vítima";"105,6";"BR-116/SC";"Norte";"Colisão Frontal";0;0;4;0;0;0;0;0;0;1;5;0;0;0;0
"08/05/2019";"18:00:00";"101";"sem vítima";"115,5";"BR-116/PR";"Sul";"Colisão Lateral";1;0;1;0;0;0;0;0;0;0;2;0;0;0;0
"09/05/2019";"09:31:00";"35";"sem vítima";"128";"BR-116/PR";"Norte";"Choque - Elemento de Drenagem";1;0;0;0;0;0;0;0;0;0;1;0;0;0;0
"09/05/2019";"21:40:00";"118";"sem vítima";"269,2";"BR-116/SC";"Norte";"Capotamento";0;0;0;0;0;0;0;0;0;1;1;0;0;0;0
"10/05/2019";"08:42:00";"34";"sem vítima";"135,7";"BR-116/PR";"Sul";"Colisão Traseira";1;0;1;0;0;0;0;0;0;0;3;0;0;0;0
"10/05/2019";"15:51:00";"92";"sem vítima";"118";"BR-116/PR";"Sul";"Colisão Traseira";1;0;0;0;0;1;0;0;0;0;2;0;0;0;0
"10/05/2019";"17:47:00";"103";"sem vítima";"208";"BR-116/SC";"Norte";"Colisão Frontal";0;0;1;0;0;0;0;0;0;0;1;0;0;0;0
"10/05/2019";"18:34:00";"108";"com vítima";"121,8";"BR-116/PR";"Norte";"Colisão Lateral";1;0;0;1;0;0;0;0;0;0;2;1;0;0;0
"10/05/2019";"18:35:00";"112";"sem vítima";"121,8";"BR-116/PR";"Norte";"Colisão Traseira";3;0;0;0;0;0;0;0;0;0;3;0;0;0;0
"10/05/2019";"21:45:00";"121";"sem vítima";"209";"BR-116/SC";"Sul";"Saida de Pista";1;0;0;0;0;0;0;0;0;0;1;0;0;0;0
"11/05/2019";"04:18:00";"23";"sem vítima";"152,495";"BR-116/PR";"Sul";"Choque - Elemento de Drenagem";1;0;0;0;0;0;0;0;0;0;1;0;0;0;0
"11/05/2019";"06:52:00";"26";"com vítima";"116,5";"BR-116/PR";"Sul";"Colisão Lateral";0;0;1;1;0;0;0;0;0;0;1;2;0;0;0
"11/05/2019";"09:01:00";"33";"com vítima";"184,6";"BR-116/SC";"Norte";"Colisão Transversal";2;0;0;0;0;0;0;0;0;0;2;1;0;0;0
"11/05/2019";"11:31:00";"47";"sem vítima";"171";"BR-116/PR";"Sul";"Saida de Pista";1;0;0;0;0;0;0;0;0;0;2;0;0;0;0
"11/05/2019";"12:43:00";"57";"sem vítima";"214,8";"BR-116/SC";"Norte";"Saida de Pista";1;0;0;0;0;0;0;0;0;0;1;0;0;0;0
"12/05/2019";"00:25:00";"9";"com vítima";"147,28";"BR-116/PR";"Sul";"Queda de Moto";0;0;0;1;0;0;0;0;0;0;1;1;0;0;0
"12/05/2019";"00:32:00";"10";"com vítima";"130,6";"BR-116/PR";"Sul";"Colisão Traseira";2;0;0;0;0;0;0;0;0;0;3;1;0;0;0
"12/05/2019";"03:48:00";"14";"sem vítima";"147,9";"BR-116/PR";"Norte";"Choque - Talude";0;0;0;0;0;0;0;0;0;1;1;0;0;0;0
"12/05/2019";"06:30:00";"28";"sem vítima";"148,6";"BR-116/PR";"Sul";"Queda de Moto";0;0;0;1;0;1;0;0;0;0;2;0;0;0;0
"12/05/2019";"06:53:00";"29";"sem vítima";"48,2";"BR-116/SC";"Sul";"Saida de Pista";1;0;0;0;0;0;0;0;0;0;2;0;0;0;0
"12/05/2019";"15:47:00";"74";"sem vítima";"134,3";"BR-116/PR";"Norte";"Colisão Traseira";2;0;0;0;0;0;0;0;0;0;5;0;0;0;0
"12/05/2019";"18:13:00";"86";"sem vítima";"152";"BR-116/PR";"Sul";"Colisão Transversal";2;0;0;0;0;0;0;0;0;0;8;0;0;0;0
"12/05/2019";"19:23:00";"93";"sem vítima";"12,3";"BR-116/SC";"Norte";"Saida de Pista";1;0;0;0;0;0;0;0;0;0;1;0;0;0;0
"12/05/2019";"20:20:00";"104";"sem vítima";"116,5";"BR-116/PR";"Sul";"Colisão Traseira";1;0;0;0;0;0;0;0;0;1;2;0;0;0;0
"12/05/2019";"20:27:00";"106";"com vítima";"214";"BR-116/SC";"Norte";"Capotamento";1;0;0;0;0;0;0;0;0;0;0;2;0;1;0
"13/05/2019";"07:00:00";"35";"sem vítima";"116,8";"BR-116/PR";"Norte";"Colisão Traseira";0;0;1;0;1;0;0;0;0;0;4;0;0;0;0
"13/05/2019";"07:14:00";"36";"com vítima";"122";"BR-116/PR";"Norte";"Colisão Lateral";1;0;0;1;0;0;0;0;0;0;1;2;0;0;0
"14/05/2019";"07:29:00";"20";"sem vítima";"120,6";"BR-116/PR";"Norte";"Colisão Traseira";3;0;0;0;0;0;0;0;0;0;3;0;0;0;0
"14/05/2019";"07:34:00";"22";"com vítima";"121,2";"BR-116/PR";"Norte";"Colisão Traseira";1;0;0;1;0;0;0;0;0;0;2;1;0;1;0
"14/05/2019";"13:23:00";"55";"sem vítima";"23";"BR-116/SC";"Norte";"Saida de Pista";0;0;1;0;0;0;0;0;0;0;1;0;0;0;0
"14/05/2019";"14:49:00";"69";"com vítima";"132";"BR-116/PR";"Norte";"Tombamento";0;0;1;0;0;0;0;0;0;0;0;1;0;0;0
"14/05/2019";"20:28:00";"110";"com vítima";"119";"BR-116/PR";"Sul";"Choque - Veiculo parado na pista";1;0;0;1;0;0;0;0;0;0;2;1;0;0;0
"15/05/2019";"12:20:00";"64";"com vítima";"153,2";"BR-116/PR";"Sul";"Colisão Traseira";1;0;0;1;0;0;0;0;0;0;1;1;0;0;0
"15/05/2019";"13:48:00";"70";"sem vítima";"117";"BR-116/PR";"Norte";"Colisão Lateral";1;0;1;0;0;0;0;0;0;0;6;0;0;0;0
"15/05/2019";"14:12:00";"79";"com vítima";"69";"BR-116/SC";"Sul";"Tombamento";0;0;1;0;0;0;0;0;0;0;0;1;0;0;0
"15/05/2019";"14:51:00";"80";"com vítima";"4,2";"BR-116/SC";"Norte";"Atropelamento - Ciclista";0;1;0;0;0;0;0;0;0;1;2;1;0;0;0
"15/05/2019";"16:43:00";"94";"com vítima";"32,4";"BR-116/SC";"Norte";"Capotamento";1;0;0;0;0;0;0;0;0;0;1;1;0;0;0
"15/05/2019";"19:02:00";"115";"sem vítima";"135";"BR-116/SC";"Sul";"Choque - Veiculo parado na pista";1;0;0;0;0;1;0;0;0;0;2;0;0;0;0
"15/05/2019";"23:33:00";"140";"com vítima";"161,416";"BR-116/PR";"Sul";"Colisão Lateral";0;0;1;0;1;0;0;0;0;0;2;1;0;0;0
"16/05/2019";"04:39:00";"18";"sem vítima";"184,1";"BR-116/PR";"Norte";"Atropelamento de Animal";1;0;0;0;0;0;0;0;0;0;1;0;0;0;0
"16/05/2019";"05:30:00";"20";"sem vítima";"132";"BR-116/PR";"Norte";"Saida de Pista";1;0;0;0;0;0;0;0;0;0;1;0;0;0;0
"16/05/2019";"08:48:00";"28";"sem vítima";"73,2";"BR-116/SC";"Norte";"Choque - Defensa, barreira ou "submarino"";0;0;1;0;0;0;0;0;0;0;1;0;0;0;0
"16/05/2019";"09:41:00";"36";"sem vítima";"296,2";"BR-116/SC";"Norte";"Colisão Lateral";1;0;1;0;0;0;0;0;0;0;3;0;0;0;0
"16/05/2019";"10:09:00";"40";"sem vítima";"152";"BR-116/SC";"Norte";"Choque - Veiculo parado na pista";2;0;0;0;0;0;0;0;0;0;2;0;0;0;0
"16/05/2019";"16:39:00";"81";"sem vítima";"118";"BR-116/PR";"Sul";"Saida de Pista";1;0;0;0;0;0;0;0;0;0;1;0;0;0;0
"16/05/2019";"17:47:00";"91";"sem vítima";"122,9";"BR-116/PR";"Norte";"Colisão Transversal";2;0;0;0;0;0;0;0;0;0;2;0;0;0;0
"16/05/2019";"18:46:00";"103";"com vítima";"124,15";"BR-116/PR";"Norte";"Colisão Traseira";1;0;0;1;0;0;0;0;0;0;1;1;0;0;0
"17/05/2019";"01:28:00";"10";"sem vítima";"235,65";"BR-116/SC";"Sul";"Choque - Talude";1;0;0;0;0;0;0;0;0;0;1;0;0;0;0
"17/05/2019";"14:39:00";"81";"sem vítima";"142,5";"BR-116/SC";"Sul";"Tombamento";0;0;1;0;0;0;0;0;0;0;1;0;0;0;0
"17/05/2019";"18:49:00";"123";"sem vítima";"129,7";"BR-116/PR";"Norte";"Outros";1;0;0;1;0;0;0;0;0;0;2;0;0;0;0
"17/05/2019";"19:13:00";"125";"sem vítima";"128";"BR-116/SC";"Sul";"Saida de Pista";1;0;0;0;0;0;0;0;0;0;2;0;0;0;0
"18/05/2019";"12:35:00";"47";"sem vítima";"23,5";"BR-116/SC";"Sul";"Colisão Transversal";0;0;1;0;0;0;0;0;0;1;2;0;0;0;0
"18/05/2019";"14:54:00";"58";"sem vítima";"117";"BR-116/PR";"Sul";"Colisão Traseira";2;0;0;0;0;0;0;0;0;0;2;0;0;0;0
"18/05/2019";"17:06:00";"71";"com vítima";"91,2";"BR-116/SC";"Norte";"Saida de Pista";1;0;0;0;0;0;0;0;0;0;0;0;0;1;0
"19/05/2019";"01:17:00";"9";"sem vítima";"1,15";"BR-116/SC";"Norte";"Choque - Elemento de Drenagem";1;0;0;0;0;0;0;0;0;0;1;0;0;0;0
"19/05/2019";"06:27:00";"20";"sem vítima";"146";"BR-116/PR";"Norte";"Choque - Talude";1;0;0;0;0;0;0;0;0;0;1;0;0;0;0
"19/05/2019";"18:18:00";"63";"sem vítima";"233";"BR-116/SC";"Norte";"Colisão Traseira";2;0;0;0;0;0;0;0;0;0;2;0;0;0;0
"20/05/2019";"06:58:00";"20";"sem vítima";"115,4";"BR-116/PR";"Norte";"Colisão Lateral";1;0;0;1;0;0;0;0;0;0;2;0;0;0;0
"20/05/2019";"14:20:00";"78";"sem vítima";"124";"BR-116/PR";"Norte";"Colisão Traseira";2;0;0;0;0;0;0;0;0;0;2;0;0;0;0
"21/05/2019";"14:43:00";"67";"com vítima";"247,9";"BR-116/SC";"Sul";"Colisão Traseira";1;0;1;0;0;0;0;0;0;0;2;1;0;0;0
"21/05/2019";"17:03:00";"81";"sem vítima";"5,5";"BR-116/SC";"Norte";"Tombamento";0;0;1;0;0;0;0;0;0;0;1;0;0;0;0
"22/05/2019";"07:16:00";"29";"com vítima";"305,6";"BR-116/SC";"Norte";"Colisão Frontal";0;0;2;0;0;0;0;0;0;0;1;0;0;0;1
"22/05/2019";"20:41:00";"104";"sem vítima";"155";"BR-116/PR";"Norte";"Colisão Lateral";0;0;1;0;1;0;0;0;0;0;28;0;0;0;0
"23/05/2019";"19:14:00";"81";"sem vítima";"306";"BR-116/SC";"Sul";"Saida de Pista";1;0;0;0;0;0;0;0;0;0;1;0;0;0;0
"24/05/2019";"10:39:00";"43";"sem vítima";"148,7";"BR-116/PR";"Sul";"Colisão Lateral";1;0;1;0;0;0;0;0;0;0;2;0;0;0;0
"24/05/2019";"18:28:00";"89";"sem vítima";"248";"BR-116/SC";"Sul";"Colisão Transversal";1;0;0;1;0;0;0;0;0;0;2;0;0;0;0
"25/05/2019";"09:32:00";"36";"com vítima";"168,55";"BR-116/PR";"Norte";"Colisão Transversal";2;0;0;0;0;0;0;0;0;0;1;3;0;1;0
"25/05/2019";"13:32:00";"58";"com vítima";"117";"BR-116/PR";"Sul";"Queda de Moto";0;0;0;1;0;0;0;0;0;0;0;1;0;0;0
"25/05/2019";"16:02:00";"81";"com vítima";"115";"BR-116/PR";"Norte";"Choque - Talude";1;0;0;0;0;0;0;0;0;0;0;1;0;0;0
"25/05/2019";"16:25:00";"85";"sem vítima";"233";"BR-116/SC";"Sul";"Colisão Traseira";2;0;0;0;0;0;0;0;0;0;4;0;0;0;0
"25/05/2019";"17:47:00";"93";"sem vítima";"268";"BR-116/SC";"Sul";"Colisão Transversal";1;0;1;0;0;0;0;0;0;0;3;0;0;0;0
"26/05/2019";"05:59:00";"19";"sem vítima";"120";"BR-116/PR";"Sul";"Colisão Traseira";1;0;0;0;0;0;0;0;0;1;2;0;0;0;0
"26/05/2019";"06:53:00";"21";"sem vítima";"206";"BR-116/SC";"Sul";"Tombamento";0;0;1;0;0;0;0;0;0;0;1;0;0;0;0
"26/05/2019";"09:36:00";"33";"sem vítima";"124";"BR-116/SC";"Sul";"Choque - Talude";1;0;0;0;0;0;0;0;0;0;1;0;0;0;0
"27/05/2019";"07:16:00";"26";"com vítima";"4,5";"BR-116/SC";"Sul";"Queda de Moto";0;0;0;1;0;0;0;0;0;0;0;1;0;0;0
"27/05/2019";"13:32:00";"73";"com vítima";"149,8";"BR-116/PR";"Norte";"Tombamento";0;0;1;0;0;0;0;0;0;0;0;4;0;0;0
"27/05/2019";"18:04:00";"93";"com vítima";"252";"BR-116/SC";"Norte";"Colisão Frontal";2;0;0;0;0;0;0;0;0;0;2;1;0;0;0
"27/05/2019";"18:35:00";"94";"sem vítima";"275";"BR-116/SC";"Norte";"Colisão Transversal";2;0;0;0;0;0;0;0;0;0;4;0;0;0;0
"28/05/2019";"13:34:00";"54";"com vítima";"140";"BR-116/SC";"Norte";"Colisão Transversal";1;0;0;0;0;1;0;0;0;0;1;1;0;0;0
"28/05/2019";"14:11:00";"59";"com vítima";"191";"BR-116/PR";"Sul";"Saida de Pista";0;0;0;0;0;0;0;0;0;1;0;1;0;0;0
"28/05/2019";"18:41:00";"86";"com vítima";"172,3";"BR-116/PR";"Norte";"Choque - Arvore";2;0;0;0;0;0;0;0;0;0;1;0;0;0;1
"30/05/2019";"06:51:00";"30";"com vítima";"116";"BR-116/PR";"Sul";"Queda de Moto";0;0;0;1;0;0;0;0;0;0;0;1;0;0;0
"30/05/2019";"07:14:00";"31";"com vítima";"116,1";"BR-116/PR";"Norte";"Choque - Veiculo parado na pista";1;0;1;0;0;0;0;0;0;0;1;1;0;0;0
"30/05/2019";"11:30:00";"49";"sem vítima";"64,5";"BR-116/SC";"Sul";"Colisão Traseira";0;0;2;0;0;0;0;0;0;0;2;0;0;0;0
"30/05/2019";"15:20:00";"72";"com vítima";"143,15";"BR-116/SC";"Sul";"Colisão Transversal";2;0;0;0;0;0;0;0;0;0;3;1;0;0;0
"30/05/2019";"18:00:00";"89";"sem vítima";"135";"BR-116/PR";"Sul";"Colisão Transversal";0;0;1;0;0;0;0;0;0;1;2;0;0;0;0
"31/05/2019";"08:01:00";"31";"com vítima";"117";"BR-116/PR";"Norte";"Colisão Lateral";1;0;0;1;0;0;0;0;0;0;1;1;0;0;0
"31/05/2019";"11:59:00";"62";"sem vítima";"245";"BR-116/SC";"Sul";"Colisão Lateral";1;0;0;0;0;0;0;0;0;1;2;0;0;0;0
"31/05/2019";"16:23:00";"97";"sem vítima";"152";"BR-116/SC";"Sul";"Colisão Traseira";1;0;1;0;0;0;0;0;0;0;2;0;0;0;0
"31/05/2019";"18:49:00";"118";"com vítima";"252";"BR-116/SC";"Norte";"Colisão Transversal";1;0;0;1;0;0;0;0;0;0;2;1;0;0;0
"31/05/2019";"19:17:00";"124";"com vítima";"122";"BR-116/PR";"Norte";"Colisão Traseira";1;0;0;1;0;0;0;0;0;0;1;1;0;0;0
"01/06/2019";"02:32:00";"11";"sem vítima";"142,8";"BR-116/PR";"Sul";"Colisão Traseira";1;0;0;0;0;1;0;0;0;0;6;0;0;0;0
"01/06/2019";"04:25:00";"15";"sem vítima";"126,5";"BR-116/PR";"Norte";"Colisão Transversal";1;0;0;0;0;1;0;0;0;0;3;0;0;0;0
"01/06/2019";"19:56:00";"97";"sem vítima";"192,3";"BR-116/SC";"Sul";"Saida de Pista";1;0;0;0;0;0;0;0;0;0;2;0;0;0;0
"01/06/2019";"21:24:00";"104";"sem vítima";"241";"BR-116/SC";"Norte";"Atropelamento de Animal";0;0;1;0;0;0;0;0;0;0;1;0;0;0;0