data;horario;n_da_ocorrencia;tipo_de_ocorrencia;km;trecho;sentido;tipo_de_acidente;automovel;bicicleta;caminhao;moto;onibus;outros;tracao_animal;transporte_de_cargas_especiais;trator_maquinas;utilitarios;ilesos;levemente_feridos;moderadamente_feridos;gravemente_feridos;mortos
"19/10/2019";"22:29:00";"98";"sem vítima";"137";"BR-116/PR";"Sul";"Colisão Lateral";1;0;1;0;0;0;0;0;0;0;2;0;0;0;0
"19/10/2019";"23:53:00";"103";"sem vítima";"122";"BR-116/PR";"Sul";"Choque - Poste";1;0;0;0;0;0;0;0;0;0;1;0;0;0;0
"20/10/2019";"01:21:00";"9";"sem vítima";"131";"BR-116/PR";"Sul";"Colisão Traseira";0;0;1;0;0;1;0;0;0;0;2;0;0;0;0
"20/10/2019";"22:13:00";"95";"sem vítima";"55";"BR-116/SC";"Sul";"Saida de Pista";1;0;0;0;0;0;0;0;0;0;2;0;0;0;0
"21/10/2019";"03:57:00";"10";"sem vítima";"305";"BR-116/SC";"Sul";"Choque - Defensa, barreira ou "submarino"";0;0;1;0;0;0;0;0;0;0;1;0;0;0;0
"21/10/2019";"05:35:00";"12";"com vítima";"157,5";"BR-116/PR";"Sul";"Colisão Frontal";3;0;0;0;0;0;0;0;0;0;0;4;0;0;0
"21/10/2019";"05:43:00";"13";"sem vítima";"119";"BR-116/PR";"Norte";"Capotamento";1;0;0;0;0;0;0;0;0;0;1;0;0;0;0
"21/10/2019";"06:00:00";"16";"com vítima";"122,001";"BR-116/PR";"Sul";"Colisão Traseira";1;0;1;0;0;0;0;0;0;0;1;1;0;0;0
"21/10/2019";"07:47:00";"19";"com vítima";"2,201";"BR-116/SC";"Sul";"Colisão Traseira";1;1;0;0;0;0;0;0;0;0;1;1;0;0;0
"21/10/2019";"07:56:00";"20";"sem vítima";"115";"BR-116/PR";"Sul";"Choque - Defensa, barreira ou "submarino"";1;0;0;0;0;0;0;0;0;0;1;0;0;0;0
"21/10/2019";"09:53:00";"26";"sem vítima";"121";"BR-116/PR";"Norte";"Choque - Defensa, barreira ou "submarino"";0;0;1;0;0;0;0;0;0;0;1;0;0;0;0
"21/10/2019";"10:47:00";"31";"com vítima";"187,4";"BR-116/SC";"Sul";"Colisão Frontal";1;0;1;0;0;0;0;0;0;0;1;1;0;1;0
"21/10/2019";"11:19:00";"35";"sem vítima";"208,9";"BR-116/SC";"Norte";"Tombamento";0;0;1;0;0;0;0;0;0;0;1;0;0;0;0
"22/10/2019";"06:57:00";"19";"com vítima";"198";"BR-116/PR";"Norte";"Colisão Transversal";2;0;0;0;0;0;0;0;0;0;1;1;0;0;0
"22/10/2019";"21:57:00";"118";"com vítima";"154,808";"BR-116/PR";"Norte";"Colisão Frontal";1;0;0;1;0;0;0;0;0;0;0;2;0;0;1
"22/10/2019";"22:23:00";"121";"sem vítima";"125";"BR-116/PR";"Norte";"Engavetamento";2;0;1;0;0;0;0;0;0;0;3;0;0;0;0
"24/10/2019";"10:43:00";"54";"sem vítima";"54,001";"BR-116/SC";"Norte";"Choque - Defensa, barreira ou "submarino"";1;0;0;0;0;0;0;0;0;0;3;0;0;0;0
"24/10/2019";"17:37:00";"114";"com vítima";"12,3";"BR-116/SC";"Sul";"Colisão Transversal";0;0;1;1;0;0;0;0;0;0;1;0;0;1;0
"24/10/2019";"21:26:00";"135";"com vítima";"126,7";"BR-116/PR";"Norte";"Colisão Transversal";1;0;1;0;0;0;0;0;0;0;3;2;0;0;0
"24/10/2019";"22:24:00";"139";"sem vítima";"126,7";"BR-116/PR";"Sul";"Colisão Traseira";2;0;0;0;0;0;0;0;0;0;2;0;0;0;0
"25/10/2019";"07:18:00";"31";"com vítima";"124";"BR-116/PR";"Norte";"Colisão Traseira";1;0;0;1;0;0;0;0;0;0;1;1;0;0;0
"25/10/2019";"07:20:00";"32";"com vítima";"116";"BR-116/PR";"Norte";"Colisão Traseira";1;0;0;1;0;0;0;0;0;0;2;1;0;0;0
"25/10/2019";"09:44:00";"45";"sem vítima";"275,7";"BR-116/SC";"Norte";"Colisão Transversal";0;0;1;0;0;0;0;0;0;1;2;0;0;0;0
"25/10/2019";"17:25:00";"102";"com vítima";"128";"BR-116/PR";"Norte";"Colisão Traseira";2;0;0;0;0;0;0;0;0;0;1;1;0;0;0
"25/10/2019";"17:51:00";"109";"sem vítima";"121,5";"BR-116/PR";"Sul";"Colisão Traseira";1;0;0;0;0;1;0;0;0;0;2;0;0;0;0
"25/10/2019";"19:22:00";"117";"sem vítima";"130";"BR-116/PR";"Sul";"Choque - Elemento de Drenagem";1;0;0;0;0;0;0;0;0;0;1;0;0;0;0
"26/10/2019";"02:58:00";"12";"com vítima";"108,6";"BR-116/SC";"Sul";"Colisão Frontal";1;0;1;0;0;0;0;0;0;0;1;0;0;3;0
"26/10/2019";"06:44:00";"23";"sem vítima";"139";"BR-116/SC";"Sul";"Colisão Lateral";1;0;1;0;0;0;0;0;0;0;2;0;0;0;0
"26/10/2019";"16:07:00";"78";"com vítima";"37,3";"BR-116/SC";"Norte";"Colisão Traseira";0;0;1;1;0;0;0;0;0;0;1;0;0;1;0
"28/10/2019";"00:04:00";"2";"sem vítima";"131,8";"BR-116/PR";"Sul";"Choque - Elemento de Drenagem";1;0;0;0;0;0;0;0;0;0;1;0;0;0;0
"28/10/2019";"07:28:00";"29";"com vítima";"115,1";"BR-116/PR";"Norte";"Queda de Moto";0;0;0;1;0;0;0;0;0;0;0;1;0;0;0
"28/10/2019";"08:47:00";"38";"sem vítima";"245";"BR-116/SC";"Sul";"Colisão Traseira";2;0;0;0;0;0;0;0;0;0;4;0;0;0;0
"29/10/2019";"06:54:00";"15";"com vítima";"117,8";"BR-116/PR";"Norte";"Queda de Moto";0;0;0;1;0;0;0;0;0;0;0;1;0;0;0
"29/10/2019";"18:26:00";"88";"sem vítima";"20,15";"BR-116/SC";"Sul";"Capotamento";1;0;1;0;0;0;0;0;0;0;2;0;0;0;0
"30/10/2019";"08:13:00";"19";"com vítima";"115,4";"BR-116/PR";"Norte";"Colisão Traseira";0;0;0;1;1;0;0;0;0;0;1;1;0;0;0
"30/10/2019";"10:24:00";"35";"sem vítima";"182,1";"BR-116/PR";"Sul";"Colisão Transversal";1;0;0;0;0;0;0;0;0;1;2;0;0;0;0
"30/10/2019";"22:40:00";"107";"sem vítima";"163,9";"BR-116/SC";"Norte";"Choque - Defensa, barreira ou "submarino"";0;0;1;0;0;0;0;0;0;0;1;0;0;0;0
"31/10/2019";"20:22:00";"92";"sem vítima";"134,4";"BR-116/PR";"Norte";"Colisão Traseira";1;0;1;0;0;0;0;0;0;0;4;0;0;0;0
"01/11/2019";"08:07:00";"24";"com vítima";"122,8";"BR-116/PR";"Sul";"Colisão Lateral";1;0;0;1;0;0;0;0;0;0;1;1;0;0;0
"01/11/2019";"10:31:00";"38";"com vítima";"69";"BR-116/SC";"Sul";"Colisão Lateral";0;1;1;0;0;0;0;0;0;0;1;0;0;1;0
"01/11/2019";"11:14:00";"41";"sem vítima";"106,3";"BR-116/SC";"Sul";"Queda de Moto";0;0;0;1;0;0;0;0;0;0;1;0;0;0;0
"01/11/2019";"11:20:00";"42";"com vítima";"245,6";"BR-116/SC";"Sul";"Colisão Transversal";2;0;0;0;0;0;0;0;0;0;2;1;0;0;0
"02/11/2019";"19:36:00";"90";"sem vítima";"190,3";"BR-116/SC";"Sul";"Tombamento";0;0;1;0;0;0;0;0;0;0;1;0;0;0;0
"02/11/2019";"23:34:00";"104";"com vítima";"124,7";"BR-116/PR";"Sul";"Colisão Traseira";1;0;0;0;0;1;0;0;0;0;2;1;0;0;0
"03/11/2019";"03:56:00";"13";"sem vítima";"146";"BR-116/PR";"Sul";"Colisão Lateral";2;0;0;0;0;0;0;0;0;0;2;0;0;0;0
"04/11/2019";"10:41:00";"50";"com vítima";"119,1";"BR-116/PR";"Sul";"Colisão Lateral";1;0;1;0;0;0;0;0;0;0;1;1;0;0;0
"04/11/2019";"14:00:00";"72";"sem vítima";"134";"BR-116/SC";"Sul";"Colisão Transversal";2;0;0;0;0;0;0;0;0;0;2;0;0;0;0
"04/11/2019";"18:02:00";"93";"sem vítima";"135";"BR-116/PR";"Sul";"Colisão Lateral";0;0;2;0;0;0;0;0;0;0;2;0;0;0;0
"04/11/2019";"19:09:00";"99";"com vítima";"137";"BR-116/SC";"Norte";"Colisão Transversal";2;0;0;0;0;0;0;0;0;0;0;2;0;1;0
"05/11/2019";"00:04:00";"1";"com vítima";"121";"BR-116/PR";"Norte";"Choque - Outros";1;0;0;0;0;0;0;0;0;0;0;1;0;0;0
"05/11/2019";"07:20:00";"25";"sem vítima";"142";"BR-116/PR";"Sul";"Colisão Traseira";2;0;0;0;0;0;0;0;0;0;2;0;0;0;0
"05/11/2019";"09:31:00";"42";"sem vítima";"86,3";"BR-116/SC";"Norte";"Colisão Lateral";0;0;1;0;0;1;0;0;0;0;2;0;0;0;0
"05/11/2019";"14:08:00";"74";"sem vítima";"134,4";"BR-116/PR";"Sul";"Choque - Defensa, barreira ou "submarino"";1;0;0;0;0;0;0;0;0;0;1;0;0;0;0
"06/11/2019";"00:31:00";"6";"sem vítima";"138";"BR-116/PR";"Sul";"Saida de Pista";1;0;0;0;0;0;0;0;0;0;1;0;0;0;0
"06/11/2019";"03:27:00";"11";"sem vítima";"211,7";"BR-116/SC";"Sul";"Tombamento";0;0;1;0;0;0;0;0;0;0;1;0;0;0;0
"06/11/2019";"07:48:00";"35";"com vítima";"58,1";"BR-116/SC";"Sul";"Saida de Pista";1;0;0;0;0;0;0;0;0;0;3;1;0;0;0
"06/11/2019";"09:07:00";"44";"sem vítima";"122";"BR-116/PR";"Sul";"Colisão Traseira";1;0;0;0;0;1;0;0;0;0;2;0;0;0;0
"06/11/2019";"12:17:00";"68";"sem vítima";"70";"BR-116/SC";"Sul";"Colisão Lateral";2;0;0;0;0;0;0;0;0;0;2;0;0;0;0
"06/11/2019";"18:30:00";"94";"com vítima";"116,05";"BR-116/PR";"Norte";"Colisão Lateral";0;0;0;1;0;0;0;0;0;1;1;1;0;0;0
"07/11/2019";"01:42:00";"17";"sem vítima";"128";"BR-116/PR";"Sul";"Colisão Lateral";1;0;1;0;0;0;0;0;0;0;2;0;0;0;0
"08/11/2019";"07:36:00";"18";"sem vítima";"115,3";"BR-116/PR";"Sul";"Colisão Lateral";1;0;0;1;0;0;0;0;0;0;2;0;0;0;0
"08/11/2019";"09:38:00";"27";"sem vítima";"139,2";"BR-116/SC";"Sul";"Colisão Transversal";2;0;0;0;0;0;0;0;0;0;4;0;0;0;0
"08/11/2019";"16:04:00";"76";"sem vítima";"255";"BR-116/SC";"Sul";"Colisão Transversal";2;0;0;0;0;0;0;0;0;0;2;0;0;0;0
"08/11/2019";"17:36:00";"82";"sem vítima";"124";"BR-116/PR";"Sul";"Colisão Lateral";1;0;1;0;0;0;0;0;0;0;2;0;0;0;0
"08/11/2019";"19:43:00";"101";"sem vítima";"115,8";"BR-116/PR";"Sul";"Colisão Traseira";2;0;0;0;0;0;0;0;0;0;2;0;0;0;0
"09/11/2019";"09:03:00";"32";"sem vítima";"192,95";"BR-116/SC";"Sul";"Colisão Lateral";1;0;0;0;0;0;0;0;0;0;4;0;0;0;0
"10/11/2019";"04:35:00";"16";"sem vítima";"123,03";"BR-116/PR";"Sul";"Choque - Arvore";1;0;0;0;0;0;0;0;0;0;1;0;0;0;0
"10/11/2019";"14:55:00";"68";"sem vítima";"130,9";"BR-116/PR";"Norte";"Choque - Defensa, barreira ou "submarino"";0;0;0;0;0;0;0;0;0;1;1;0;0;0;0
"10/11/2019";"17:36:00";"83";"sem vítima";"126,5";"BR-116/PR";"Norte";"Engavetamento";3;0;0;0;0;0;0;0;0;0;3;0;0;0;0
"11/11/2019";"08:46:00";"34";"sem vítima";"185";"BR-116/PR";"Norte";"Capotamento";1;0;0;0;0;0;0;0;0;0;1;0;0;0;0
"11/11/2019";"12:13:00";"74";"sem vítima";"141";"BR-116/PR";"Norte";"Colisão Traseira";1;0;0;0;0;0;0;0;0;0;1;0;0;0;0
"11/11/2019";"12:32:00";"77";"sem vítima";"126";"BR-116/PR";"Norte";"Engavetamento";2;0;1;0;1;0;0;0;0;0;4;0;0;0;0
"11/11/2019";"15:24:00";"96";"com vítima";"164";"BR-116/PR";"Norte";"Choque - Arvore";1;0;0;0;0;0;0;0;0;0;1;1;0;0;0
"12/11/2019";"07:23:00";"19";"com vítima";"125,3";"BR-116/PR";"Norte";"Queda de Moto";0;0;0;1;0;1;0;0;0;0;1;0;0;1;0
"12/11/2019";"10:22:00";"60";"com vítima";"116,5";"BR-116/PR";"Norte";"Colisão Lateral";0;0;0;0;0;1;0;0;0;1;2;1;0;0;0
"12/11/2019";"12:28:00";"72";"com vítima";"83";"BR-116/SC";"Sul";"Colisão Transversal";1;0;1;0;0;0;0;0;0;0;2;1;0;0;0
"12/11/2019";"12:44:00";"74";"com vítima";"205";"BR-116/SC";"Sul";"Choque - Defensa, barreira ou "submarino"";0;0;1;0;0;0;0;0;0;0;0;1;0;0;0
"12/11/2019";"14:12:00";"78";"com vítima";"251,45";"BR-116/SC";"Sul";"Colisão Transversal";0;0;0;1;0;0;0;0;0;1;1;1;0;0;0
"12/11/2019";"15:17:00";"87";"sem vítima";"25,5";"BR-116/SC";"Sul";"Capotamento";1;0;0;0;0;0;0;0;0;0;1;0;0;0;0
"12/11/2019";"22:37:00";"107";"sem vítima";"246,2";"BR-116/SC";"Sul";"Colisão Lateral";1;0;0;1;0;0;0;0;0;0;2;0;0;0;0
"12/11/2019";"23:29:00";"110";"com vítima";"127,5";"BR-116/PR";"Sul";"Colisão Traseira";0;0;0;0;0;0;0;0;0;2;2;1;0;0;0
"13/11/2019";"06:43:00";"19";"com vítima";"121,5";"BR-116/PR";"Sul";"Colisão Traseira";0;0;0;2;1;0;0;0;0;0;100;1;0;0;0
"14/11/2019";"06:38:00";"21";"com vítima";"126,5";"BR-116/PR";"Norte";"Colisão Lateral";1;0;0;1;0;0;0;0;0;0;2;2;0;0;0
"14/11/2019";"08:36:00";"30";"sem vítima";"106,3";"BR-116/SC";"Norte";"Colisão Traseira";1;0;1;0;0;1;0;0;0;0;4;0;0;0;0
"14/11/2019";"10:28:00";"45";"sem vítima";"283,15";"BR-116/SC";"Sul";"Tombamento";0;0;1;0;0;0;0;0;0;0;1;0;0;0;0
"14/11/2019";"10:46:00";"47";"sem vítima";"201,85";"BR-116/SC";"Norte";"Saida de Pista";0;0;1;0;0;0;0;0;0;0;1;0;0;0;0
"14/11/2019";"15:45:00";"70";"sem vítima";"148,8";"BR-116/SC";"Sul";"Tombamento";0;0;1;0;0;0;0;0;0;0;1;0;0;0;0
"14/11/2019";"19:12:00";"82";"sem vítima";"123,5";"BR-116/PR";"Sul";"Colisão Lateral";0;0;0;1;0;1;0;0;0;0;2;0;0;0;0
"14/11/2019";"19:27:00";"84";"com vítima";"117,9";"BR-116/PR";"Sul";"Colisão Traseira";1;0;0;1;0;0;0;0;0;0;1;1;0;0;0
"15/11/2019";"05:50:00";"12";"sem vítima";"118,15";"BR-116/PR";"Sul";"Colisão Traseira";1;0;1;0;0;0;0;0;0;0;4;0;0;0;0
"15/11/2019";"14:34:00";"53";"sem vítima";"119,8";"BR-116/PR";"Sul";"Capotamento";1;0;0;0;0;0;0;0;0;0;3;0;0;0;0
"15/11/2019";"15:22:00";"57";"sem vítima";"134,4";"BR-116/PR";"Norte";"Choque - Defensa, barreira ou "submarino"";0;0;1;0;0;0;0;0;0;0;1;0;0;0;0
"16/11/2019";"13:42:00";"59";"com vítima";"117,5";"BR-116/PR";"Norte";"Queda de Moto";0;0;0;1;0;0;0;0;0;0;0;1;0;0;0
"16/11/2019";"17:35:00";"73";"sem vítima";"137,4";"BR-116/SC";"Sul";"Colisão Traseira";1;0;1;0;0;0;0;0;0;0;2;0;0;0;0
"16/11/2019";"17:38:00";"74";"com vítima";"135,4";"BR-116/PR";"Norte";"Colisão Traseira";1;0;0;1;0;0;0;0;0;0;2;1;0;0;0
"16/11/2019";"18:56:00";"81";"sem vítima";"237,6";"BR-116/SC";"Norte";"Tombamento";0;0;1;0;0;0;0;0;0;0;1;0;0;0;0
"17/11/2019";"17:22:00";"65";"sem vítima";"237";"BR-116/SC";"Norte";"Colisão Lateral";0;0;1;0;0;1;0;0;0;0;2;0;0;0;0
"17/11/2019";"18:07:00";"75";"sem vítima";"152";"BR-116/PR";"Norte";"Colisão Traseira";3;0;0;0;0;0;0;0;0;0;9;0;0;0;0
"17/11/2019";"21:14:00";"94";"com vítima";"292";"BR-116/SC";"Norte";"Choque - Talude";1;0;0;0;0;0;0;0;0;0;2;1;0;0;0
"18/11/2019";"05:09:00";"23";"com vítima";"125,05";"BR-116/PR";"Norte";"Capotamento";0;0;0;0;0;0;0;0;0;1;0;1;0;0;0
"18/11/2019";"05:52:00";"26";"sem vítima";"125";"BR-116/PR";"Norte";"Engavetamento";6;0;0;0;0;0;0;0;0;0;6;0;0;0;0
"18/11/2019";"11:32:00";"57";"sem vítima";"152";"BR-116/PR";"Norte";"Colisão Transversal";2;0;0;0;0;0;0;0;0;0;2;0;0;0;0
"18/11/2019";"15:55:00";"92";"sem vítima";"123";"BR-116/PR";"Norte";"Colisão Traseira";3;0;0;0;0;0;0;0;0;0;3;0;0;0;0
"18/11/2019";"18:26:00";"104";"com vítima";"122,8";"BR-116/PR";"Norte";"Colisão Traseira";1;0;0;1;0;0;0;0;0;0;1;1;0;0;0
"19/11/2019";"03:01:00";"11";"com vítima";"125,8";"BR-116/PR";"Norte";"Choque - Veiculo parado na pista";1;0;0;1;0;0;0;0;0;0;2;1;0;0;0
"19/11/2019";"13:38:00";"64";"sem vítima";"123,35";"BR-116/PR";"Norte";"Engavetamento";3;0;0;0;0;0;0;0;0;0;3;0;0;0;0
"20/11/2019";"11:14:00";"38";"sem vítima";"225,4";"BR-116/SC";"Sul";"Choque - Suporte de Sinalização";1;0;0;0;0;0;0;0;0;0;1;0;0;0;0
"20/11/2019";"15:54:00";"70";"com vítima";"240,5";"BR-116/SC";"Sul";"Choque - Talude";1;0;0;0;0;0;0;0;0;0;1;1;0;0;0
"21/11/2019";"08:01:00";"25";"com vítima";"131,8";"BR-116/PR";"Norte";"Queda de Moto";0;0;0;1;0;0;0;0;0;0;1;1;0;0;0
"21/11/2019";"13:58:00";"67";"sem vítima";"202";"BR-116/SC";"Norte";"Capotamento";1;0;0;0;0;0;0;0;0;0;1;0;0;0;0
"21/11/2019";"19:41:00";"100";"sem vítima";"140";"BR-116/PR";"Norte";"Colisão Transversal";1;0;0;0;1;0;0;0;0;0;64;0;0;0;0
"22/11/2019";"07:18:00";"20";"sem vítima";"120,6";"BR-116/PR";"Norte";"Engavetamento";1;0;0;0;0;2;0;0;0;0;3;0;0;0;0
"22/11/2019";"14:45:00";"66";"sem vítima";"120,5";"BR-116/PR";"Sul";"Colisão Lateral";1;0;0;0;0;1;0;0;0;0;2;0;0;0;0
"22/11/2019";"23:54:00";"120";"com vítima";"124";"BR-116/PR";"Norte";"Colisão Lateral";1;0;0;1;0;0;0;0;0;0;1;1;0;0;0
"23/11/2019";"16:22:00";"65";"sem vítima";"123,4";"BR-116/PR";"Sul";"Colisão Lateral";3;0;0;0;0;0;0;0;0;0;3;0;0;0;0
"23/11/2019";"17:07:00";"69";"sem vítima";"135";"BR-116/PR";"Norte";"Saida de Pista";1;0;0;0;0;0;0;0;0;0;1;0;0;0;0
"23/11/2019";"17:50:00";"70";"sem vítima";"69";"BR-116/SC";"Sul";"Saida de Pista";1;0;0;0;0;0;0;0;0;0;1;0;0;0;0
"24/11/2019";"00:27:00";"5";"com vítima";"255";"BR-116/SC";"Norte";"Choque - Defensa, barreira ou "submarino"";1;0;0;0;0;0;0;0;0;0;0;2;0;0;0
"24/11/2019";"00:55:00";"6";"sem vítima";"74";"BR-116/SC";"Sul";"Saida de Pista";0;0;1;0;0;0;0;0;0;0;2;0;0;0;0
"24/11/2019";"16:52:00";"49";"com vítima";"214,5";"BR-116/SC";"Sul";"Colisão Traseira";3;0;0;0;0;0;0;0;0;0;5;2;0;0;0
"24/11/2019";"17:58:00";"54";"sem vítima";"212,7";"BR-116/SC";"Sul";"Colisão Traseira";1;0;0;0;0;1;0;0;0;0;5;0;0;0;0
"24/11/2019";"19:26:00";"66";"sem vítima";"4";"BR-116/SC";"Sul";"Colisão Traseira";2;0;0;0;0;0;0;0;0;0;2;0;0;0;0
"25/11/2019";"03:47:00";"8";"com vítima";"234";"BR-116/SC";"Sul";"Capotamento";1;0;0;0;0;0;0;0;0;0;0;1;0;0;0
"25/11/2019";"06:43:00";"17";"com vítima";"127,8";"BR-116/PR";"Norte";"Colisão Lateral";1;0;0;0;0;1;0;0;0;0;1;1;0;0;0
"25/11/2019";"06:55:00";"18";"com vítima";"125";"BR-116/PR";"Norte";"Colisão Traseira";1;0;0;1;0;0;0;0;0;0;1;1;0;0;0
"25/11/2019";"18:03:00";"75";"com vítima";"119";"BR-116/PR";"Sul";"Colisão Traseira";1;0;0;1;0;0;0;0;0;0;2;1;0;0;0
"25/11/2019";"19:35:00";"81";"sem vítima";"204";"BR-116/PR";"Norte";"Colisão Traseira";0;0;2;0;0;0;0;0;0;0;2;0;0;0;0
"25/11/2019";"23:03:00";"95";"sem vítima";"210,9";"BR-116/PR";"Sul";"Colisão Transversal";2;0;0;0;0;0;0;0;0;0;4;0;0;0;0
"26/11/2019";"00:07:00";"1";"com vítima";"136,2";"BR-116/PR";"Sul";"Colisão Traseira";1;0;0;1;0;0;0;0;0;0;2;0;0;1;0
"26/11/2019";"06:38:00";"16";"com vítima";"124,5";"BR-116/PR";"Norte";"Colisão Lateral";1;0;0;1;0;0;0;0;0;0;1;1;0;0;0
"26/11/2019";"16:00:00";"68";"sem vítima";"126";"BR-116/PR";"Sul";"Colisão Traseira";1;0;1;0;0;0;0;0;0;0;2;0;0;0;0
"26/11/2019";"16:31:00";"71";"sem vítima";"245,6";"BR-116/SC";"Sul";"Tombamento";0;0;1;0;0;0;0;0;0;0;1;0;0;0;0
"26/11/2019";"16:38:00";"72";"sem vítima";"181,4";"BR-116/SC";"Norte";"Tombamento";0;0;1;0;0;0;0;0;0;0;1;0;0;0;0
"26/11/2019";"18:24:00";"81";"sem vítima";"14,1";"BR-116/SC";"Sul";"Engavetamento";3;0;0;0;0;1;0;0;0;0;4;0;0;0;0
"26/11/2019";"19:16:00";"87";"com vítima";"118,7";"BR-116/PR";"Sul";"Colisão Lateral";1;0;0;1;0;0;0;0;0;0;1;1;0;0;0
"26/11/2019";"20:06:00";"93";"com vítima";"143,5";"BR-116/PR";"Sul";"Colisão Frontal";1;0;1;0;0;0;0;0;0;0;1;1;0;0;0
"27/11/2019";"06:23:00";"9";"sem vítima";"130,27";"BR-116/PR";"Norte";"Choque - Defensa, barreira ou "submarino"";1;0;0;0;0;0;0;0;0;0;1;0;0;0;0
"27/11/2019";"08:50:00";"13";"sem vítima";"126";"BR-116/PR";"Norte";"Colisão Traseira";2;0;0;0;0;0;0;0;0;0;2;0;0;0;0
"28/11/2019";"06:49:00";"18";"sem vítima";"126,4";"BR-116/PR";"Norte";"Colisão Lateral";1;0;0;1;0;0;0;0;0;0;2;0;0;0;0
"28/11/2019";"09:16:00";"30";"sem vítima";"208,1";"BR-116/PR";"Norte";"Choque - Outros";0;0;1;0;0;0;0;0;0;0;1;0;0;0;0
"28/11/2019";"12:17:00";"48";"sem vítima";"285";"BR-116/SC";"Sul";"Tombamento";1;0;0;0;0;0;0;0;0;0;1;0;0;0;0
"28/11/2019";"15:30:00";"64";"sem vítima";"204,3";"BR-116/SC";"Sul";"Colisão Lateral";1;0;1;0;0;0;0;0;0;0;2;0;0;0;0
"28/11/2019";"21:21:00";"82";"com vítima";"119,5";"BR-116/PR";"Sul";"Queda de Moto";0;0;0;1;0;0;0;0;0;0;0;1;0;0;0
"29/11/2019";"20:42:00";"96";"sem vítima";"201";"BR-116/PR";"Norte";"Choque - Objeto sobre a pista";1;0;0;0;0;0;0;0;0;0;1;0;0;0;0
"29/11/2019";"23:11:00";"100";"sem vítima";"36,15";"BR-116/SC";"Sul";"Colisão Traseira";0;0;2;0;0;0;0;0;0;0;2;0;0;0;0
"30/11/2019";"09:03:00";"30";"com vítima";"179";"BR-116/SC";"Sul";"Colisão Transversal";2;0;0;0;0;0;0;0;0;0;0;1;0;1;0
"30/11/2019";"13:10:00";"49";"sem vítima";"120";"BR-116/PR";"Sul";"Choque - Veiculo parado na pista";4;0;0;0;0;0;0;0;0;0;4;0;0;0;0
"30/11/2019";"13:33:00";"52";"com vítima";"120";"BR-116/PR";"Norte";"Colisão Traseira";2;0;0;0;0;0;0;0;0;0;2;2;0;0;0
"30/11/2019";"23:57:00";"96";"com vítima";"145,5";"BR-116/PR";"Sul";"Queda de Moto";0;0;0;1;0;0;0;0;0;0;0;0;0;2;0
"01/12/2019";"11:25:00";"36";"com vítima";"101,2";"BR-116/SC";"Sul";"Queda de Moto";0;0;0;1;0;0;0;0;0;0;0;0;0;1;0
"01/12/2019";"16:53:00";"64";"sem vítima";"136";"BR-116/PR";"Sul";"Colisão Traseira";2;0;0;0;0;0;0;0;0;0;2;0;0;0;0
"01/12/2019";"17:09:00";"66";"sem vítima";"12,2";"BR-116/SC";"Norte";"Colisão Transversal";1;0;1;0;0;0;0;0;0;0;3;0;0;0;0
"01/12/2019";"17:53:00";"70";"sem vítima";"150";"BR-116/PR";"Norte";"Colisão Transversal";2;0;0;0;0;0;0;0;0;0;2;0;0;0;0
"01/12/2019";"20:13:00";"82";"com vítima";"1,78";"BR-116/SC";"Sul";"Capotamento";2;0;0;0;0;0;0;0;0;1;2;0;0;0;1
"02/12/2019";"06:53:00";"18";"sem vítima";"125,8";"BR-116/PR";"Norte";"Colisão Lateral";2;0;0;1;0;0;0;0;0;0;3;0;0;0;0
"02/12/2019";"07:35:00";"19";"com vítima";"125,8";"BR-116/PR";"Norte";"Colisão Lateral";0;0;1;1;0;1;0;0;0;0;2;1;0;0;0
"02/12/2019";"10:46:00";"42";"sem vítima";"267";"BR-116/SC";"Sul";"Colisão Traseira";1;0;0;0;0;1;0;0;0;0;2;0;0;0;0
"02/12/2019";"17:27:00";"83";"sem vítima";"119";"BR-116/PR";"Sul";"Colisão Traseira";1;0;0;0;0;1;0;0;0;0;2;0;0;0;0
"02/12/2019";"20:28:00";"96";"sem vítima";"124,1";"BR-116/SC";"Sul";"Saida de Pista";1;0;0;0;0;0;0;0;0;0;1;0;0;0;0
"04/12/2019";"05:05:00";"12";"sem vítima";"2";"BR-116/SC";"Sul";"Colisão Traseira";1;0;1;0;0;0;0;0;0;0;2;0;0;0;0
"04/12/2019";"06:32:00";"15";"sem vítima";"119,5";"BR-116/PR";"Norte";"Engavetamento";2;0;0;0;0;1;0;0;0;0;3;0;0;0;0
"04/12/2019";"07:17:00";"17";"sem vítima";"121";"BR-116/PR";"Sul";"Engavetamento";4;0;0;0;0;0;0;0;0;0;4;0;0;0;0
"04/12/2019";"18:37:00";"56";"sem vítima";"133,7";"BR-116/SC";"Sul";"Choque - Talude";0;0;0;0;0;0;0;0;0;1;1;0;0;0;0
"05/12/2019";"09:17:00";"22";"com vítima";"52,5";"BR-116/SC";"Norte";"Colisão Transversal";1;0;2;0;0;0;0;0;0;0;2;2;0;0;0
"05/12/2019";"11:49:00";"40";"sem vítima";"177,5";"BR-116/PR";"Norte";"Tombamento";0;0;1;0;0;0;0;0;0;0;1;0;0;0;0
"05/12/2019";"14:10:00";"57";"sem vítima";"107,7";"BR-116/SC";"Norte";"Choque - Elemento de Drenagem";0;0;1;0;0;0;0;0;0;0;1;0;0;0;0
"06/12/2019";"04:32:00";"16";"sem vítima";"117";"BR-116/PR";"Norte";"Colisão Lateral";1;0;1;0;0;0;0;0;0;0;2;0;0;0;0
"06/12/2019";"08:55:00";"30";"com vítima";"122";"BR-116/PR";"Sul";"Colisão Traseira";2;0;0;0;0;0;0;0;0;0;1;1;0;0;0