data;horario;n_da_ocorrencia;tipo_de_ocorrencia;km;trecho;sentido;tipo_de_acidente;automovel;bicicleta;caminhao;moto;onibus;outros;tracao_animal;transporte_de_cargas_especiais;trator_maquinas;utilitarios;ilesos;levemente_feridos;moderadamente_feridos;gravemente_feridos;mortos
"06/12/2019";"09:57:00";"40";"com vítima";"262,4";"BR-116/SC";"Sul";"Capotamento";1;0;0;0;0;0;0;0;0;0;0;1;0;0;0
"06/12/2019";"16:26:00";"94";"com vítima";"145,5";"BR-116/PR";"Sul";"Atropelamento - Outros";0;0;0;1;0;1;0;0;0;0;1;0;0;1;0
"06/12/2019";"19:34:00";"119";"com vítima";"155,5";"BR-116/PR";"Norte";"Colisão Lateral";0;0;0;1;0;0;0;0;0;1;1;0;0;1;0
"06/12/2019";"20:20:00";"123";"sem vítima";"124";"BR-116/PR";"Sul";"Colisão Lateral";1;0;0;1;0;0;0;0;0;0;2;0;0;0;0
"06/12/2019";"20:23:00";"124";"com vítima";"7";"BR-116/SC";"Norte";"Colisão Transversal";1;0;0;1;0;0;0;0;0;0;1;0;0;1;0
"07/12/2019";"03:22:00";"13";"com vítima";"230,3";"BR-116/SC";"Sul";"Colisão Frontal";1;0;0;0;1;0;0;0;0;0;18;2;0;0;2
"07/12/2019";"03:56:00";"15";"sem vítima";"282,5";"BR-116/SC";"Sul";"Tombamento";0;0;0;0;0;0;0;0;0;1;1;0;0;0;0
"07/12/2019";"05:27:00";"18";"sem vítima";"176";"BR-116/SC";"Sul";"Choque - Arvore";1;0;0;0;0;0;0;0;0;0;1;0;0;0;0
"08/12/2019";"01:10:00";"11";"sem vítima";"178";"BR-116/PR";"Sul";"Colisão Lateral";1;0;1;0;0;0;0;0;0;0;2;0;0;0;0
"08/12/2019";"06:23:00";"19";"sem vítima";"128";"BR-116/PR";"Sul";"Saida de Pista";1;0;0;0;0;0;0;0;0;0;1;0;0;0;0
"08/12/2019";"10:17:00";"38";"sem vítima";"178,9";"BR-116/PR";"Sul";"Saida de Pista";1;0;0;0;0;0;0;0;0;0;1;0;0;0;0
"09/12/2019";"01:26:00";"5";"com vítima";"107";"BR-116/SC";"Sul";"Saida de Pista";1;0;0;0;0;0;0;0;0;0;0;4;0;0;0
"09/12/2019";"11:17:00";"37";"com vítima";"201,5";"BR-116/SC";"Norte";"Queda de Moto";0;0;0;1;0;0;0;0;0;0;0;1;0;0;0
"09/12/2019";"13:33:00";"48";"sem vítima";"205";"BR-116/PR";"Sul";"Saida de Pista";0;0;1;0;0;0;0;0;0;0;1;0;0;0;0
"10/12/2019";"07:06:00";"17";"com vítima";"121,5";"BR-116/PR";"Norte";"Colisão Lateral";2;0;0;0;0;0;0;0;0;0;1;1;0;0;0
"10/12/2019";"07:42:00";"22";"com vítima";"126";"BR-116/PR";"Norte";"Colisão Traseira";1;0;0;1;0;0;0;0;0;0;1;1;0;0;0
"10/12/2019";"07:47:00";"24";"com vítima";"117";"BR-116/PR";"Sul";"Choque - Defensa, barreira ou "submarino"";1;0;0;0;0;0;0;0;0;0;0;1;0;0;0
"10/12/2019";"13:36:00";"73";"sem vítima";"168";"BR-116/PR";"Sul";"Colisão Transversal";1;0;1;0;0;0;0;0;0;0;2;0;0;0;0
"10/12/2019";"18:33:00";"96";"com vítima";"130";"BR-116/PR";"Sul";"Queda de Moto";0;0;0;1;0;0;0;0;0;0;1;1;0;0;0
"10/12/2019";"21:09:00";"107";"sem vítima";"139,6";"BR-116/SC";"Sul";"Colisão Transversal";0;0;0;1;0;0;0;0;0;1;2;0;0;0;0
"11/12/2019";"00:03:00";"2";"sem vítima";"124,3";"BR-116/PR";"Norte";"Colisão Traseira";0;0;1;0;0;0;0;0;0;1;2;0;0;0;0
"11/12/2019";"06:50:00";"24";"sem vítima";"203,8";"BR-116/PR";"Sul";"Colisão Traseira";1;0;1;0;0;0;0;0;0;0;2;0;0;0;0
"11/12/2019";"07:08:00";"26";"sem vítima";"122";"BR-116/PR";"Norte";"Colisão Traseira";1;0;0;1;0;0;0;0;0;0;2;0;0;0;0
"11/12/2019";"09:02:00";"33";"com vítima";"145";"BR-116/PR";"Norte";"Engavetamento";3;0;0;0;0;0;0;0;0;0;2;1;0;0;0
"11/12/2019";"17:20:00";"93";"com vítima";"38,5";"BR-116/SC";"Sul";"Colisão Lateral";0;0;0;1;0;0;0;0;0;1;1;1;0;0;0
"11/12/2019";"19:58:00";"113";"com vítima";"119,6";"BR-116/PR";"Sul";"Engavetamento";2;0;0;0;0;0;0;0;0;1;2;1;0;0;0
"12/12/2019";"00:29:00";"5";"sem vítima";"31,95";"BR-116/SC";"Sul";"Saida de Pista";0;0;1;0;0;0;0;0;0;0;1;0;0;0;0
"12/12/2019";"05:34:00";"15";"sem vítima";"242,7";"BR-116/SC";"Sul";"Choque - Elemento de Drenagem";1;0;0;0;0;0;0;0;0;0;1;0;0;0;0
"12/12/2019";"08:45:00";"33";"com vítima";"126";"BR-116/PR";"Norte";"Colisão Traseira";1;0;0;1;0;0;0;0;0;0;2;1;0;0;0
"12/12/2019";"18:14:00";"95";"sem vítima";"119";"BR-116/PR";"Sul";"Queda de Moto";0;0;0;1;0;0;0;0;0;0;1;0;0;0;0
"12/12/2019";"18:23:00";"97";"com vítima";"130";"BR-116/PR";"Sul";"Colisão Traseira";0;0;0;2;0;0;0;0;0;0;2;1;0;0;0
"13/12/2019";"06:47:00";"13";"com vítima";"120,15";"BR-116/PR";"Norte";"Colisão Lateral";1;0;0;1;1;0;0;0;0;0;2;1;0;0;0
"13/12/2019";"06:54:00";"14";"com vítima";"269";"BR-116/SC";"Norte";"Colisão Frontal";3;0;3;0;0;0;0;0;0;0;4;3;0;1;5
"13/12/2019";"15:30:00";"63";"com vítima";"103,4";"BR-116/SC";"Norte";"Colisão Frontal";1;0;1;0;0;0;0;0;0;1;2;0;0;0;2
"13/12/2019";"19:56:00";"96";"sem vítima";"197";"BR-116/SC";"Sul";"Choque - Defensa, barreira ou "submarino"";1;0;1;0;0;0;0;0;0;0;2;0;0;0;0
"14/12/2019";"03:41:00";"16";"sem vítima";"194";"BR-116/SC";"Norte";"Choque - Defensa, barreira ou "submarino"";0;0;1;0;0;0;0;0;0;0;1;0;0;0;0
"14/12/2019";"13:36:00";"62";"sem vítima";"157";"BR-116/SC";"Norte";"Choque - Suporte de Sinalização";1;0;0;0;0;0;0;0;0;0;2;0;0;0;0
"14/12/2019";"19:03:00";"84";"sem vítima";"152";"BR-116/PR";"Sul";"Choque - Outros";1;0;0;0;0;0;0;0;0;0;1;0;0;0;0
"15/12/2019";"09:33:00";"24";"com vítima";"73,4";"BR-116/SC";"Sul";"Colisão Traseira";2;0;0;0;0;0;0;0;0;0;2;2;0;0;0
"16/12/2019";"13:41:00";"55";"com vítima";"33,2";"BR-116/SC";"Sul";"Choque - Defensa, barreira ou "submarino"";1;0;0;0;0;0;0;0;0;0;4;1;0;0;0
"16/12/2019";"14:28:00";"62";"com vítima";"186,9";"BR-116/SC";"Sul";"Tombamento";0;0;1;0;0;0;0;0;0;0;2;2;0;0;0
"17/12/2019";"14:00:00";"58";"sem vítima";"205";"BR-116/PR";"Sul";"Choque - Defensa, barreira ou "submarino"";1;0;0;0;0;0;0;0;0;0;2;0;0;0;0
"17/12/2019";"15:08:00";"64";"sem vítima";"125,65";"BR-116/PR";"Sul";"Choque - Veiculo parado na pista";1;0;2;0;0;0;0;0;0;0;3;0;0;0;0
"17/12/2019";"15:29:00";"68";"sem vítima";"78,3";"BR-116/SC";"Sul";"Choque - Objeto sobre a pista";1;0;0;0;0;0;0;0;0;0;1;0;0;0;0
"17/12/2019";"18:28:00";"95";"com vítima";"9,6";"BR-116/SC";"Norte";"Choque - Arvore";1;0;0;0;0;0;0;0;0;0;0;1;0;0;0
"18/12/2019";"04:36:00";"8";"com vítima";"125";"BR-116/PR";"Norte";"Colisão Traseira";0;0;2;0;0;0;0;0;0;0;1;1;0;0;0
"18/12/2019";"07:45:00";"17";"com vítima";"115,4";"BR-116/PR";"Norte";"Colisão Traseira";2;0;0;1;0;0;0;0;0;0;3;1;0;0;0
"18/12/2019";"11:48:00";"43";"com vítima";"21,9";"BR-116/SC";"Sul";"Colisão Traseira";2;0;0;0;0;0;0;0;0;0;3;1;0;0;0
"18/12/2019";"20:46:00";"101";"com vítima";"251";"BR-116/SC";"Sul";"Colisão Transversal";1;0;1;0;0;0;0;0;0;0;4;3;0;0;0
"18/12/2019";"22:51:00";"110";"sem vítima";"177,3";"BR-116/PR";"Norte";"Tombamento";0;0;1;0;0;0;0;0;0;0;1;0;0;0;0
"18/12/2019";"23:46:00";"114";"sem vítima";"121,3";"BR-116/SC";"Norte";"Tombamento";0;0;1;0;0;0;0;0;0;0;1;0;0;0;0
"19/12/2019";"10:16:00";"50";"sem vítima";"9";"BR-116/SC";"Norte";"Colisão Traseira";0;0;0;0;0;0;0;0;0;2;2;0;0;0;0
"19/12/2019";"11:00:00";"61";"sem vítima";"162";"BR-116/PR";"Sul";"Choque - Arvore";0;0;1;0;0;0;0;0;0;0;1;0;0;0;0
"19/12/2019";"14:50:00";"82";"sem vítima";"255,6";"BR-116/SC";"Norte";"Colisão Traseira";1;0;1;0;0;0;0;0;0;0;2;0;0;0;0
"20/12/2019";"06:48:00";"31";"com vítima";"115,6";"BR-116/PR";"Norte";"Outros";0;0;1;0;0;0;0;0;0;0;0;0;0;1;0
"20/12/2019";"09:38:00";"61";"com vítima";"119,1";"BR-116/PR";"Sul";"Colisão Traseira";1;0;0;1;0;0;0;0;0;0;1;1;0;0;0
"21/12/2019";"00:29:00";"5";"sem vítima";"106,3";"BR-116/SC";"Norte";"Choque - Defensa, barreira ou "submarino"";1;0;0;0;0;0;0;0;0;0;2;0;0;0;0
"21/12/2019";"05:18:00";"21";"sem vítima";"244,8";"BR-116/SC";"Norte";"Engavetamento";1;0;0;0;0;2;0;0;0;0;3;0;0;0;0
"21/12/2019";"05:21:00";"22";"sem vítima";"62,9";"BR-116/SC";"Norte";"Colisão Traseira";2;0;0;0;0;0;0;0;0;0;2;0;0;0;0
"21/12/2019";"17:16:00";"91";"com vítima";"223,3";"BR-116/SC";"Norte";"Colisão Transversal";1;0;0;1;0;0;0;0;0;1;3;3;0;0;0
"21/12/2019";"18:01:00";"96";"com vítima";"129";"BR-116/PR";"Sul";"Choque - Veiculo parado na pista";1;0;0;1;0;0;0;0;0;0;1;0;0;1;0
"22/12/2019";"01:50:00";"10";"com vítima";"124,3";"BR-116/SC";"Sul";"Colisão Frontal";0;0;1;0;0;0;0;0;0;1;2;0;0;0;1
"22/12/2019";"01:51:00";"25";"sem vítima";"124,3";"BR-116/SC";"Norte";"Colisão Traseira";1;0;1;0;0;0;0;0;0;0;4;0;0;0;0
"22/12/2019";"09:12:00";"31";"com vítima";"267,65";"BR-116/SC";"Norte";"Colisão Transversal";1;0;0;0;0;0;0;0;0;1;6;4;0;0;0
"22/12/2019";"10:01:00";"36";"sem vítima";"128,9";"BR-116/SC";"Sul";"Choque - Arvore";1;0;0;0;0;0;0;0;0;0;1;0;0;0;0
"22/12/2019";"19:31:00";"93";"com vítima";"59,85";"BR-116/SC";"Sul";"Colisão Frontal";1;0;0;0;0;0;0;0;0;1;0;4;0;0;0
"22/12/2019";"21:39:00";"104";"sem vítima";"116";"BR-116/PR";"Sul";"Choque - Defensa, barreira ou "submarino"";1;0;0;0;0;0;0;0;0;0;4;0;0;0;0
"23/12/2019";"11:35:00";"59";"com vítima";"212,95";"BR-116/SC";"Norte";"Colisão Transversal";1;0;0;0;0;0;0;0;0;1;1;1;0;0;0
"23/12/2019";"14:21:00";"76";"com vítima";"4,5";"BR-116/SC";"Norte";"Colisão Transversal";1;0;0;0;0;1;0;0;0;0;1;1;0;0;0
"23/12/2019";"15:46:00";"82";"sem vítima";"233";"BR-116/SC";"Norte";"Colisão Traseira";2;0;0;0;0;0;0;0;0;0;2;0;0;0;0
"23/12/2019";"16:22:00";"86";"sem vítima";"93,1";"BR-116/SC";"Sul";"Colisão Lateral";2;0;0;0;0;0;0;0;0;0;2;0;0;0;0
"23/12/2019";"20:37:00";"103";"com vítima";"117";"BR-116/PR";"Sul";"Choque - Elemento de Drenagem";1;0;0;0;0;0;0;0;0;0;0;1;0;0;0
"24/12/2019";"13:22:00";"42";"sem vítima";"119";"BR-116/PR";"Sul";"Colisão Traseira";0;0;0;1;0;1;0;0;0;0;2;0;0;0;0
"25/12/2019";"00:41:00";"2";"sem vítima";"160";"BR-116/SC";"Norte";"Colisão Lateral";1;0;0;0;0;0;0;0;0;0;1;0;0;0;0
"25/12/2019";"05:44:00";"8";"sem vítima";"295,8";"BR-116/SC";"Norte";"Choque - Defensa, barreira ou "submarino"";1;0;0;0;0;0;0;0;0;0;4;0;0;0;0
"25/12/2019";"09:38:00";"22";"com vítima";"126";"BR-116/PR";"Norte";"Colisão Transversal";2;0;0;0;0;0;0;0;0;0;1;3;0;0;0
"25/12/2019";"10:01:00";"23";"com vítima";"153,9";"BR-116/PR";"Norte";"Colisão Transversal";2;0;0;0;0;0;0;0;0;0;3;1;0;0;0
"25/12/2019";"13:37:00";"31";"sem vítima";"156,1";"BR-116/SC";"Norte";"Choque - Talude";1;0;0;0;0;0;0;0;0;0;3;0;0;0;0
"25/12/2019";"15:38:00";"40";"sem vítima";"129,5";"BR-116/PR";"Sul";"Choque - Elemento de Drenagem";1;0;0;0;0;0;0;0;0;0;1;0;0;0;0
"26/12/2019";"10:36:00";"34";"sem vítima";"304,6";"BR-116/SC";"Norte";"Colisão Traseira";1;0;0;0;0;0;0;0;0;1;6;0;0;0;0
"26/12/2019";"14:41:00";"64";"com vítima";"125";"BR-116/PR";"Sul";"Choque - Objeto sobre a pista";0;0;1;1;0;0;0;0;0;0;1;1;0;0;0
"26/12/2019";"18:23:00";"102";"com vítima";"45";"BR-116/SC";"Sul";"Colisão Traseira";0;0;2;0;0;0;0;0;0;0;3;1;0;0;0
"27/12/2019";"07:04:00";"12";"sem vítima";"247";"BR-116/SC";"Sul";"Colisão Transversal";2;0;0;0;0;0;0;0;0;0;2;0;0;0;0
"27/12/2019";"10:16:00";"29";"com vítima";"32,15";"BR-116/SC";"Norte";"Colisão Traseira";2;0;0;0;0;0;0;0;0;0;2;0;0;1;0
"27/12/2019";"14:34:00";"52";"com vítima";"253,65";"BR-116/SC";"Norte";"Capotamento";1;0;0;0;0;0;0;0;0;0;3;2;0;0;0
"27/12/2019";"19:19:00";"83";"com vítima";"191,9";"BR-116/PR";"Sul";"Colisão Traseira";1;0;0;1;0;0;0;0;0;0;2;1;0;0;0
"27/12/2019";"22:48:00";"90";"sem vítima";"183,28";"BR-116/PR";"Sul";"Choque - Suporte de Sinalização";0;0;0;0;1;0;0;0;0;0;3;0;0;0;0
"28/12/2019";"04:51:00";"6";"sem vítima";"121,865";"BR-116/PR";"Norte";"Colisão Lateral";0;0;0;0;0;1;0;0;0;1;3;0;0;0;0
"28/12/2019";"08:28:00";"17";"sem vítima";"122,7";"BR-116/PR";"Sul";"Colisão Lateral";2;0;0;0;0;0;0;0;0;0;2;0;0;0;0
"28/12/2019";"11:08:00";"28";"sem vítima";"301,9";"BR-116/SC";"Norte";"Colisão Traseira";2;0;0;0;0;0;0;0;0;0;4;0;0;0;0
"28/12/2019";"16:51:00";"42";"com vítima";"118,9";"BR-116/PR";"Sul";"Choque - Elemento de Drenagem";1;0;0;0;0;0;0;0;0;0;0;1;0;0;0
"29/12/2019";"13:47:00";"53";"com vítima";"117,168";"BR-116/PR";"Norte";"Choque - Defensa, barreira ou "submarino"";0;0;1;0;0;0;0;0;0;1;2;0;0;0;1
"29/12/2019";"14:30:00";"55";"sem vítima";"143";"BR-116/SC";"Sul";"Colisão Transversal";1;0;0;0;1;0;0;0;0;0;2;0;0;0;0
"30/12/2019";"05:16:00";"13";"sem vítima";"251,46";"BR-116/SC";"Norte";"Choque - Outros";1;0;0;0;0;0;0;0;0;0;1;0;0;0;0
"30/12/2019";"17:26:00";"74";"com vítima";"95,95";"BR-116/SC";"Sul";"Capotamento";1;0;0;0;0;0;0;0;0;0;0;2;0;3;0
"30/12/2019";"20:48:00";"94";"com vítima";"275";"BR-116/SC";"Sul";"Colisão Traseira";2;0;0;0;0;0;0;0;0;0;2;1;0;0;0
"30/12/2019";"21:52:00";"97";"sem vítima";"23,1";"BR-116/SC";"Sul";"Colisão Transversal";1;0;1;0;0;0;0;0;0;0;4;0;0;0;0
"30/12/2019";"23:20:00";"100";"sem vítima";"49,3";"BR-116/SC";"Sul";"Colisão Traseira";1;0;1;0;0;0;0;0;0;0;2;0;0;0;0
"31/12/2019";"07:47:00";"23";"sem vítima";"48";"BR-116/SC";"Sul";"Capotamento";1;0;0;0;0;0;0;0;0;0;5;0;0;0;0
"31/12/2019";"22:29:00";"73";"sem vítima";"190";"BR-116/SC";"Norte";"Choque - Talude";0;0;0;0;0;0;0;0;0;1;1;0;0;0;0
"01/01/2020";"06:36:00";"15";"sem vítima";"147,8";"BR-116/PR";"Norte";"Saida de Pista";1;0;0;0;0;0;0;0;0;0;1;0;0;0;0
"01/01/2020";"20:07:00";"68";"sem vítima";"152";"BR-116/PR";"Norte";"Colisão Transversal";2;0;0;0;0;0;0;0;0;0;2;0;0;0;0
"02/01/2020";"07:27:00";"21";"sem vítima";"12,3";"BR-116/SC";"Norte";"Colisão Transversal";1;0;1;0;0;0;0;0;0;0;6;0;0;0;0
"03/01/2020";"08:02:00";"19";"com vítima";"106,15";"BR-116/SC";"Sul";"Saida de Pista";0;0;0;1;0;0;0;0;0;0;0;1;0;0;0
"03/01/2020";"11:17:00";"46";"sem vítima";"306,7";"BR-116/SC";"Sul";"Colisão Traseira";2;0;0;0;0;0;0;0;0;0;8;0;0;0;0
"03/01/2020";"23:53:00";"106";"sem vítima";"100,9";"BR-116/SC";"Norte";"Atropelamento de Animal";0;0;1;0;0;0;0;0;0;0;1;0;0;0;0
"04/01/2020";"05:15:00";"8";"sem vítima";"122";"BR-116/PR";"Norte";"Capotamento";1;0;0;0;0;0;0;0;0;0;1;0;0;0;0
"04/01/2020";"07:56:00";"15";"sem vítima";"122,7";"BR-116/PR";"Norte";"Choque - Veiculo parado na pista";3;0;0;0;0;0;0;0;0;0;6;0;0;0;0
"04/01/2020";"16:26:00";"62";"sem vítima";"131,2";"BR-116/PR";"Sul";"Choque - Defensa, barreira ou "submarino"";1;0;0;0;0;0;0;0;0;0;3;0;0;0;0
"05/01/2020";"16:16:00";"57";"com vítima";"168,2";"BR-116/SC";"Sul";"Capotamento";1;0;0;0;0;0;0;0;0;0;1;3;0;0;0
"06/01/2020";"14:45:00";"56";"sem vítima";"151,9";"BR-116/SC";"Norte";"Colisão Lateral";1;0;1;0;0;0;0;0;0;0;2;0;0;0;0
"06/01/2020";"15:59:00";"64";"com vítima";"138,8";"BR-116/SC";"Norte";"Colisão Transversal";1;0;0;1;0;0;0;0;0;0;2;1;0;0;0
"07/01/2020";"08:57:00";"39";"sem vítima";"126";"BR-116/PR";"Norte";"Colisão Traseira";2;0;0;0;0;0;0;0;0;0;2;0;0;0;0
"07/01/2020";"09:38:00";"44";"sem vítima";"126";"BR-116/PR";"Sul";"Colisão Traseira";1;0;1;0;0;0;0;0;0;0;3;0;0;0;0
"07/01/2020";"17:07:00";"80";"com vítima";"126";"BR-116/PR";"Norte";"Choque - Veiculo parado na pista";0;0;1;1;0;0;0;0;0;0;1;1;0;0;0
"08/01/2020";"01:02:00";"5";"sem vítima";"305";"BR-116/SC";"Sul";"Choque - Talude";0;0;1;0;0;0;0;0;0;0;2;0;0;0;0
"08/01/2020";"12:29:00";"51";"sem vítima";"204,034";"BR-116/PR";"Norte";"Colisão Traseira";1;0;1;0;0;0;0;0;0;0;2;0;0;0;0
"08/01/2020";"14:18:00";"62";"com vítima";"309";"BR-116/SC";"Norte";"Tombamento";0;0;1;0;0;0;0;0;0;0;0;1;0;0;0
"08/01/2020";"20:22:00";"77";"sem vítima";"254";"BR-116/SC";"Norte";"Atropelamento de Animal";1;0;0;0;0;0;0;0;0;0;1;0;0;0;0
"09/01/2020";"10:17:00";"33";"sem vítima";"107,9";"BR-116/SC";"Sul";"Colisão Traseira";0;0;3;0;0;0;0;0;0;0;3;0;0;0;0
"09/01/2020";"12:23:00";"53";"com vítima";"152,001";"BR-116/PR";"Sul";"Colisão Traseira";2;0;0;0;0;0;0;0;0;0;1;1;0;0;0
"09/01/2020";"13:20:00";"57";"com vítima";"131,8";"BR-116/PR";"Sul";"Queda de Moto";0;0;0;1;0;0;0;0;0;0;0;2;0;0;0
"09/01/2020";"20:41:00";"96";"sem vítima";"154";"BR-116/PR";"Norte";"Colisão Traseira";2;0;0;0;0;0;0;0;0;0;2;0;0;0;0
"10/01/2020";"02:57:00";"7";"sem vítima";"247";"BR-116/SC";"Sul";"Colisão Traseira";2;0;0;0;0;0;0;0;0;0;4;0;0;0;0
"10/01/2020";"07:18:00";"18";"sem vítima";"184,4";"BR-116/SC";"Norte";"Saida de Pista";1;0;0;0;0;0;0;0;0;0;1;0;0;0;0
"10/01/2020";"07:35:00";"19";"sem vítima";"116,5";"BR-116/PR";"Sul";"Colisão Lateral";1;0;0;1;0;0;0;0;0;0;2;0;0;0;0
"10/01/2020";"18:44:00";"111";"com vítima";"126";"BR-116/PR";"Sul";"Colisão Lateral";0;0;0;1;0;1;0;0;0;0;1;1;0;0;0
"11/01/2020";"03:38:00";"7";"sem vítima";"249,7";"BR-116/SC";"Sul";"Saida de Pista";1;0;0;0;0;0;0;0;0;0;1;0;0;0;0
"11/01/2020";"12:03:00";"48";"com vítima";"144,85";"BR-116/SC";"Sul";"Tombamento";0;0;1;0;0;0;0;0;0;0;0;3;0;0;0
"11/01/2020";"15:22:00";"67";"com vítima";"210";"BR-116/PR";"Sul";"Colisão Frontal";0;0;1;1;0;0;0;0;0;0;2;0;0;1;0
"11/01/2020";"20:52:00";"91";"com vítima";"201,2";"BR-116/PR";"Norte";"Capotamento";1;0;0;0;0;0;0;0;0;0;0;1;0;0;0
"13/01/2020";"09:49:00";"34";"com vítima";"123,7";"BR-116/PR";"Norte";"Colisão Lateral";1;0;0;0;0;1;0;0;0;0;1;1;0;0;0
"14/01/2020";"14:48:00";"83";"com vítima";"146,6";"BR-116/PR";"Norte";"Colisão Lateral";0;0;0;1;0;1;0;0;0;0;1;1;0;0;0
"14/01/2020";"18:26:00";"112";"com vítima";"152,6";"BR-116/PR";"Sul";"Colisão Traseira";0;0;1;1;0;0;0;0;0;0;1;1;0;0;0
"15/01/2020";"05:25:00";"20";"com vítima";"229,3";"BR-116/SC";"Sul";"Choque - Talude";1;0;0;0;0;0;0;0;0;0;0;1;0;0;0
"15/01/2020";"06:28:00";"21";"com vítima";"122,1";"BR-116/PR";"Norte";"Colisão Traseira";1;0;2;0;0;0;0;0;0;0;2;3;0;0;0
"15/01/2020";"10:10:00";"48";"com vítima";"148,9";"BR-116/SC";"Sul";"Saida de Pista";0;0;1;0;0;0;0;0;0;0;1;1;0;0;0
"15/01/2020";"10:35:00";"54";"sem vítima";"116";"BR-116/PR";"Norte";"Colisão Lateral";2;0;0;0;0;0;0;0;0;0;5;0;0;0;0
"15/01/2020";"11:43:00";"65";"com vítima";"116";"BR-116/PR";"Norte";"Colisão Lateral";2;0;0;1;0;0;0;0;0;0;2;1;0;0;0
"15/01/2020";"12:34:00";"72";"sem vítima";"306";"BR-116/SC";"Sul";"Saida de Pista";0;0;1;0;0;0;0;0;0;0;1;0;0;0;0
"15/01/2020";"20:19:00";"120";"sem vítima";"196,4";"BR-116/SC";"Norte";"Saida de Pista";1;0;0;0;0;0;0;0;0;0;1;0;0;0;0
"16/01/2020";"12:15:00";"73";"sem vítima";"77";"BR-116/SC";"Norte";"Choque - Talude";1;0;0;0;0;0;0;0;0;0;1;0;0;0;0
"16/01/2020";"21:08:00";"108";"sem vítima";"115";"BR-116/PR";"Norte";"Atropelamento - Ciclista";1;1;0;0;0;0;0;0;0;0;2;0;0;0;0
"16/01/2020";"21:51:00";"109";"sem vítima";"151";"BR-116/PR";"Sul";"Saida de Pista";1;0;0;0;0;0;0;0;0;0;1;0;0;0;0
"16/01/2020";"22:49:00";"111";"sem vítima";"72";"BR-116/SC";"Norte";"Capotamento";1;0;1;0;0;0;0;0;0;0;2;0;0;0;0
"17/01/2020";"06:58:00";"10";"com vítima";"115,5";"BR-116/PR";"Sul";"Colisão Traseira";2;0;1;0;0;0;0;0;0;0;2;1;0;0;0
"17/01/2020";"13:38:00";"48";"com vítima";"4,5";"BR-116/SC";"Sul";"Colisão Transversal";1;0;0;0;1;0;0;0;0;0;1;1;0;0;0
"17/01/2020";"15:13:00";"58";"com vítima";"20,18";"BR-116/SC";"Sul";"Colisão Frontal";1;0;1;0;0;0;0;0;0;0;1;3;0;2;0
"17/01/2020";"21:48:00";"90";"sem vítima";"121";"BR-116/SC";"Norte";"Choque - Talude";0;0;0;0;0;0;0;0;0;1;1;0;0;0;0
"18/01/2020";"06:35:00";"13";"sem vítima";"126";"BR-116/PR";"Sul";"Colisão Lateral";0;0;1;0;0;1;0;0;0;0;2;0;0;0;0
"18/01/2020";"07:34:00";"17";"com vítima";"120,5";"BR-116/PR";"Sul";"Queda de Moto";0;0;0;1;0;0;0;0;0;0;0;2;0;0;0
"18/01/2020";"07:38:00";"18";"sem vítima";"123,2";"BR-116/PR";"Sul";"Capotamento";1;0;0;0;0;0;0;0;0;0;1;0;0;0;0
"18/01/2020";"14:25:00";"61";"com vítima";"209,8";"BR-116/SC";"Sul";"Engavetamento";3;0;0;0;0;0;0;0;0;0;4;1;0;0;0
"18/01/2020";"15:31:00";"68";"sem vítima";"119,6";"BR-116/PR";"Sul";"Capotamento";1;0;0;0;0;0;0;0;0;0;1;0;0;0;0
"18/01/2020";"17:59:00";"83";"com vítima";"134";"BR-116/PR";"Norte";"Colisão Lateral";1;0;0;1;0;0;0;0;0;0;2;2;0;0;0
"18/01/2020";"18:37:00";"88";"com vítima";"201,95";"BR-116/PR";"Sul";"Queda de Moto";0;0;0;1;0;0;0;0;0;0;0;1;0;0;0
"19/01/2020";"12:22:00";"40";"sem vítima";"24";"BR-116/SC";"Norte";"Colisão Traseira";1;0;0;0;0;1;0;0;0;0;7;0;0;0;0
"19/01/2020";"21:25:00";"88";"com vítima";"121";"BR-116/PR";"Norte";"Atropelamento - Outros";1;0;0;0;0;0;0;0;0;0;1;1;0;0;0
"19/01/2020";"23:34:00";"96";"sem vítima";"90,3";"BR-116/SC";"Norte";"Choque - Arvore";1;0;0;0;0;0;0;0;0;0;1;0;0;0;0
"20/01/2020";"01:06:00";"10";"sem vítima";"131,7";"BR-116/PR";"Norte";"Capotamento";1;0;0;0;0;0;0;0;0;0;1;0;0;0;0
"20/01/2020";"02:07:00";"13";"com vítima";"31,3";"BR-116/SC";"Sul";"Capotamento";1;0;0;0;0;0;0;0;0;0;0;0;0;1;0
"20/01/2020";"05:55:00";"19";"sem vítima";"151";"BR-116/PR";"Norte";"Queda de Moto";0;0;0;1;0;0;0;0;0;0;1;0;0;0;0
"20/01/2020";"16:11:00";"91";"sem vítima";"178,08";"BR-116/PR";"Sul";"Choque - Arvore";1;0;0;0;0;0;0;0;0;0;2;0;0;0;0
"21/01/2020";"00:30:00";"5";"sem vítima";"210,5";"BR-116/PR";"Sul";"Atropelamento de Animal";0;0;0;1;0;0;0;0;0;0;1;0;0;0;0
"21/01/2020";"14:20:00";"84";"sem vítima";"122";"BR-116/PR";"Norte";"Colisão Traseira";1;0;1;0;0;0;0;0;0;0;2;0;0;0;0
"22/01/2020";"01:00:00";"7";"com vítima";"115";"BR-116/PR";"Norte";"Colisão Traseira";2;0;0;0;0;0;0;0;0;0;1;1;0;0;0
"22/01/2020";"07:52:00";"31";"com vítima";"136,5";"BR-116/SC";"Sul";"Colisão Transversal";0;0;1;0;0;0;0;0;0;1;2;3;0;0;0