data;horario;n_da_ocorrencia;tipo_de_ocorrencia;km;trecho;sentido;tipo_de_acidente;automovel;bicicleta;caminhao;moto;onibus;outros;tracao_animal;transporte_de_cargas_especiais;trator_maquinas;utilitarios;ilesos;levemente_feridos;moderadamente_feridos;gravemente_feridos;mortos
"22/01/2020";"16:10:00";"83";"com vítima";"126,5";"BR-116/PR";"Sul";"Engavetamento";4;0;0;0;0;0;0;0;0;0;5;1;0;0;0
"22/01/2020";"18:05:00";"94";"sem vítima";"126";"BR-116/PR";"Norte";"Colisão Traseira";1;0;0;0;0;0;0;0;0;1;3;0;0;0;0
"23/01/2020";"13:00:00";"53";"sem vítima";"4,5";"BR-116/SC";"Sul";"Colisão Transversal";1;0;1;0;0;0;0;0;0;0;2;0;0;0;0
"23/01/2020";"14:49:00";"67";"com vítima";"151,35";"BR-116/PR";"Norte";"Colisão Frontal";0;0;1;0;0;0;0;0;0;1;1;0;0;1;0
"24/01/2020";"19:46:00";"88";"sem vítima";"126,3";"BR-116/PR";"Norte";"Colisão Transversal";2;0;0;0;0;0;0;0;0;0;4;0;0;0;0
"24/01/2020";"21:03:00";"97";"sem vítima";"155";"BR-116/PR";"Norte";"Colisão Lateral";2;0;0;0;0;0;0;0;0;0;2;0;0;0;0
"25/01/2020";"16:32:00";"66";"sem vítima";"157,8";"BR-116/SC";"Norte";"Colisão Traseira";1;0;1;0;0;0;0;0;0;0;4;0;0;0;0
"26/01/2020";"19:13:00";"74";"sem vítima";"84";"BR-116/SC";"Norte";"Colisão Lateral";0;0;1;0;0;1;0;0;0;0;2;0;0;0;0
"27/01/2020";"15:39:00";"61";"sem vítima";"181";"BR-116/SC";"Norte";"Colisão Traseira";2;0;0;0;0;0;0;0;0;0;2;0;0;0;0
"27/01/2020";"16:49:00";"66";"com vítima";"146";"BR-116/PR";"Norte";"Colisão Transversal";1;0;0;0;0;0;0;0;0;1;4;1;0;0;0
"28/01/2020";"15:36:00";"83";"sem vítima";"115";"BR-116/PR";"Sul";"Choque - Defensa, barreira ou "submarino"";1;0;0;0;0;0;0;0;0;0;1;0;0;0;0
"28/01/2020";"19:16:00";"109";"com vítima";"119,2";"BR-116/PR";"Sul";"Colisão Lateral";1;0;0;1;0;0;0;0;0;0;1;1;0;0;0
"29/01/2020";"11:04:00";"46";"sem vítima";"245,6";"BR-116/SC";"Norte";"Colisão Transversal";1;0;1;0;0;0;0;0;0;0;5;0;0;0;0
"29/01/2020";"14:19:00";"64";"com vítima";"14,3";"BR-116/SC";"Sul";"Colisão Frontal";2;0;0;0;0;0;0;0;0;0;0;2;0;3;0
"29/01/2020";"20:45:00";"95";"com vítima";"59,8";"BR-116/SC";"Norte";"Colisão Transversal";1;0;1;0;0;0;0;0;0;0;1;0;0;1;0
"30/01/2020";"16:44:00";"94";"sem vítima";"79,8";"BR-116/SC";"Norte";"Saida de Pista";1;0;0;0;0;1;0;0;0;0;2;0;0;0;0
"31/01/2020";"06:43:00";"17";"com vítima";"121,9";"BR-116/PR";"Norte";"Colisão Lateral";1;0;0;1;0;0;0;0;0;0;1;1;0;0;0
"31/01/2020";"06:44:00";"18";"sem vítima";"61";"BR-116/SC";"Norte";"Saida de Pista";1;0;0;0;0;0;0;0;0;0;1;0;0;0;0
"31/01/2020";"20:37:00";"105";"com vítima";"117,8";"BR-116/PR";"Sul";"Atropelamento - Outros";0;0;0;0;0;1;0;0;0;0;1;1;0;0;0
"31/01/2020";"20:52:00";"108";"sem vítima";"209,4";"BR-116/PR";"Sul";"Engavetamento";2;0;1;0;0;0;0;0;0;0;3;0;0;0;0
"01/02/2020";"02:22:00";"10";"sem vítima";"117,55";"BR-116/PR";"Norte";"Choque - Defensa, barreira ou "submarino"";1;0;0;0;0;0;0;0;0;0;1;0;0;0;0
"01/02/2020";"06:37:00";"22";"com vítima";"167";"BR-116/PR";"Sul";"Atropelamento - Outros";0;0;0;0;0;1;0;0;0;0;1;0;0;1;0
"01/02/2020";"08:14:00";"33";"sem vítima";"59";"BR-116/SC";"Norte";"Colisão Lateral";0;0;2;0;0;0;0;0;0;0;2;0;0;0;0
"01/02/2020";"21:53:00";"118";"com vítima";"125,97";"BR-116/PR";"Sul";"Queda de Moto";0;0;0;1;0;0;0;0;0;0;0;1;0;0;0
"02/02/2020";"09:39:00";"30";"sem vítima";"303";"BR-116/SC";"Sul";"Choque - Talude";0;0;0;0;1;0;0;0;0;0;1;0;0;0;0
"02/02/2020";"16:18:00";"62";"sem vítima";"49,4";"BR-116/SC";"Norte";"Choque - Talude";0;0;1;0;0;0;0;0;0;0;1;0;0;0;0
"03/02/2020";"06:11:00";"14";"com vítima";"122,1";"BR-116/PR";"Norte";"Colisão Traseira";1;0;0;1;0;0;0;0;0;0;1;1;0;0;0
"03/02/2020";"18:56:00";"110";"com vítima";"122,08";"BR-116/PR";"Sul";"Colisão Lateral";1;0;0;1;0;0;0;0;0;0;1;1;0;0;0
"04/02/2020";"06:47:00";"14";"sem vítima";"125";"BR-116/PR";"Norte";"Colisão Traseira";1;0;0;1;0;0;0;0;0;0;2;0;0;0;0
"04/02/2020";"08:02:00";"22";"sem vítima";"167";"BR-116/PR";"Sul";"Choque - Poste";2;0;0;0;0;0;0;0;0;0;2;0;0;0;0
"05/02/2020";"07:17:00";"29";"sem vítima";"120,7";"BR-116/PR";"Norte";"Colisão Traseira";1;0;0;1;0;0;0;0;0;0;2;0;0;0;0
"05/02/2020";"11:55:00";"69";"sem vítima";"121";"BR-116/PR";"Sul";"Choque - Defensa, barreira ou "submarino"";1;0;0;0;0;0;0;0;0;0;1;0;0;0;0
"05/02/2020";"12:24:00";"71";"com vítima";"150";"BR-116/PR";"Sul";"Colisão Transversal";2;0;0;0;0;0;0;0;0;0;1;1;0;0;0
"05/02/2020";"13:23:00";"76";"com vítima";"245";"BR-116/SC";"Norte";"Colisão Transversal";2;0;0;0;0;0;0;0;0;0;3;1;0;0;0
"05/02/2020";"19:11:00";"108";"sem vítima";"51";"BR-116/SC";"Sul";"Colisão Lateral";1;0;1;0;0;0;0;0;0;0;2;0;0;0;0
"05/02/2020";"20:42:00";"120";"sem vítima";"23,6";"BR-116/SC";"Sul";"Colisão Transversal";1;0;0;0;0;0;0;0;0;1;2;0;0;0;0
"06/02/2020";"09:16:00";"38";"sem vítima";"140";"BR-116/SC";"Sul";"Colisão Transversal";2;0;0;0;0;0;0;0;0;0;2;0;0;0;0
"06/02/2020";"18:29:00";"100";"sem vítima";"45";"BR-116/SC";"Norte";"Capotamento";1;0;0;0;0;0;0;0;0;0;1;0;0;0;0
"06/02/2020";"21:51:00";"115";"com vítima";"159,6";"BR-116/SC";"Sul";"Colisão Lateral";1;0;1;0;0;0;0;0;0;0;1;0;0;0;1
"07/02/2020";"18:57:00";"109";"com vítima";"197,85";"BR-116/SC";"Sul";"Colisão Transversal";0;0;0;0;0;0;0;0;0;2;6;1;0;0;0
"07/02/2020";"23:42:00";"134";"sem vítima";"126,2";"BR-116/PR";"Sul";"Choque - Elemento de Drenagem";1;0;0;0;0;0;0;0;0;0;2;0;0;0;0
"08/02/2020";"04:55:00";"14";"com vítima";"125,8";"BR-116/PR";"Norte";"Colisão Transversal";2;0;0;0;0;0;0;0;0;0;1;1;0;0;0
"08/02/2020";"14:32:00";"61";"sem vítima";"147,5";"BR-116/PR";"Norte";"Choque - Arvore";1;0;0;0;0;0;0;0;0;0;1;0;0;0;0
"08/02/2020";"22:04:00";"106";"sem vítima";"176";"BR-116/PR";"Sul";"Colisão Lateral";0;0;1;0;0;1;0;0;0;0;2;0;0;0;0
"09/02/2020";"00:15:00";"4";"com vítima";"163";"BR-116/PR";"Norte";"Colisão Traseira";1;0;1;0;0;0;0;0;0;0;1;2;0;0;0
"09/02/2020";"02:38:00";"9";"sem vítima";"135";"BR-116/PR";"Norte";"Saida de Pista";1;0;0;0;0;0;0;0;0;0;1;0;0;0;0
"09/02/2020";"14:46:00";"68";"sem vítima";"37,3";"BR-116/SC";"Sul";"Choque - Defensa, barreira ou "submarino"";1;0;0;0;0;0;0;0;0;0;4;0;0;0;0
"09/02/2020";"19:48:00";"95";"com vítima";"126,5";"BR-116/PR";"Norte";"Engavetamento";2;0;0;0;0;1;0;0;0;0;5;3;0;0;0
"10/02/2020";"03:43:00";"7";"sem vítima";"161,3";"BR-116/PR";"Norte";"Choque - Arvore";0;0;1;0;0;0;0;0;0;0;1;0;0;0;0
"11/02/2020";"07:22:00";"17";"sem vítima";"209,1";"BR-116/PR";"Norte";"Colisão Transversal";2;0;0;0;0;0;0;0;0;0;3;0;0;0;0
"12/02/2020";"10:38:00";"57";"sem vítima";"285";"BR-116/SC";"Norte";"Queda de Moto";0;0;0;1;0;0;0;0;0;0;1;0;0;0;0
"13/02/2020";"07:49:00";"22";"sem vítima";"122,6";"BR-116/PR";"Norte";"Colisão Lateral";2;0;0;0;0;0;0;0;0;0;3;0;0;0;0
"13/02/2020";"07:55:00";"23";"sem vítima";"143,7";"BR-116/PR";"Norte";"Queda de Moto";0;0;0;1;0;0;0;0;0;0;2;0;0;0;0
"13/02/2020";"08:22:00";"28";"com vítima";"116";"BR-116/PR";"Norte";"Colisão Lateral";1;0;0;1;0;0;0;0;0;0;1;1;0;0;0
"14/02/2020";"10:08:00";"48";"sem vítima";"160";"BR-116/SC";"Sul";"Tombamento";0;0;1;0;0;0;0;0;0;0;1;0;0;0;0
"14/02/2020";"19:05:00";"109";"sem vítima";"152";"BR-116/PR";"Norte";"Colisão Transversal";2;0;0;0;0;0;0;0;0;0;2;0;0;0;0
"15/02/2020";"17:01:00";"90";"sem vítima";"173";"BR-116/PR";"Norte";"Colisão Transversal";2;0;0;0;0;0;0;0;0;0;2;0;0;0;0
"16/02/2020";"06:01:00";"15";"sem vítima";"123,3";"BR-116/PR";"Sul";"Saida de Pista";0;0;0;0;0;0;0;0;0;1;1;0;0;0;0
"16/02/2020";"10:41:00";"38";"com vítima";"220";"BR-116/SC";"Sul";"Queda de Moto";0;0;0;1;0;0;0;0;0;0;0;1;0;0;0
"16/02/2020";"20:03:00";"84";"com vítima";"203,7";"BR-116/PR";"Norte";"Colisão Traseira";1;0;0;1;0;0;0;0;0;0;1;1;0;0;0
"16/02/2020";"23:00:00";"99";"com vítima";"115";"BR-116/PR";"Norte";"Colisão Traseira";2;0;0;0;0;0;0;0;0;0;2;2;0;0;0
"17/02/2020";"12:02:00";"53";"sem vítima";"245";"BR-116/SC";"Norte";"Colisão Transversal";1;0;0;0;0;0;0;0;0;1;6;0;0;0;0
"17/02/2020";"16:33:00";"81";"sem vítima";"12";"BR-116/SC";"Sul";"Colisão Transversal";0;0;2;0;0;0;0;0;0;0;2;0;0;0;0
"17/02/2020";"22:19:00";"106";"com vítima";"134,2";"BR-116/PR";"Sul";"Outros";0;1;0;0;0;0;0;0;0;0;1;1;0;0;0
"18/02/2020";"14:40:00";"84";"com vítima";"119,95";"BR-116/PR";"Norte";"Queda de Moto";0;0;0;1;0;0;0;0;0;0;0;2;0;0;0
"19/02/2020";"09:27:00";"45";"sem vítima";"13,3";"BR-116/SC";"Sul";"Colisão Lateral";1;0;1;0;0;0;0;0;0;0;2;0;0;0;0
"19/02/2020";"14:24:00";"82";"com vítima";"149,685";"BR-116/PR";"Sul";"Capotamento";0;0;0;0;0;0;0;0;0;1;0;1;0;0;0
"19/02/2020";"21:56:00";"136";"sem vítima";"54";"BR-116/SC";"Norte";"Colisão Traseira";1;0;0;0;0;1;0;0;0;0;2;0;0;0;0
"20/02/2020";"14:19:00";"88";"sem vítima";"218";"BR-116/SC";"Sul";"Colisão Traseira";1;0;0;0;0;0;0;0;0;1;2;0;0;0;0
"20/02/2020";"14:52:00";"91";"com vítima";"218,2";"BR-116/SC";"Sul";"Colisão Transversal";2;0;0;0;0;0;0;0;0;0;1;2;0;0;0
"20/02/2020";"18:29:00";"112";"com vítima";"246,1";"BR-116/SC";"Sul";"Colisão Transversal";0;0;0;1;0;0;0;0;0;1;1;1;0;0;0
"20/02/2020";"18:42:00";"116";"sem vítima";"245,7";"BR-116/SC";"Sul";"Colisão Traseira";2;0;0;0;0;0;0;0;0;0;3;0;0;0;0
"20/02/2020";"23:42:00";"136";"com vítima";"3,9";"BR-116/SC";"Norte";"Choque - Poste";1;0;0;0;0;0;0;0;0;0;0;1;0;0;0
"21/02/2020";"11:17:00";"47";"sem vítima";"153";"BR-116/PR";"Norte";"Choque - Veiculo parado na pista";1;0;1;0;0;0;0;0;0;0;2;0;0;0;0
"21/02/2020";"14:29:00";"70";"sem vítima";"139";"BR-116/SC";"Norte";"Colisão Traseira";2;0;0;0;0;0;0;0;0;0;2;0;0;0;0
"21/02/2020";"16:39:00";"95";"com vítima";"116,8";"BR-116/PR";"Sul";"Colisão Lateral";1;0;0;1;0;0;0;0;0;0;1;0;0;1;0
"21/02/2020";"16:57:00";"96";"sem vítima";"146,5";"BR-116/PR";"Norte";"Choque - Talude";1;0;0;0;0;0;0;0;0;0;1;0;0;0;0
"21/02/2020";"21:40:00";"123";"sem vítima";"152";"BR-116/PR";"Norte";"Colisão Transversal";2;0;0;0;0;0;0;0;0;0;2;0;0;0;0
"22/02/2020";"05:16:00";"23";"com vítima";"1,7";"BR-116/SC";"Sul";"Colisão Lateral";0;0;0;1;0;1;0;0;0;0;1;1;0;0;0
"22/02/2020";"14:20:00";"53";"sem vítima";"267";"BR-116/SC";"Norte";"Choque - Outros";1;0;0;0;0;0;0;0;0;0;1;0;0;0;0
"22/02/2020";"21:33:00";"82";"sem vítima";"202";"BR-116/SC";"Sul";"Colisão Lateral";1;0;1;0;0;0;0;0;0;0;2;0;0;0;0
"23/02/2020";"00:25:00";"5";"com vítima";"121";"BR-116/PR";"Norte";"Colisão Lateral";3;0;0;0;0;0;0;0;0;0;1;4;0;0;0
"23/02/2020";"03:09:00";"14";"sem vítima";"117";"BR-116/PR";"Norte";"Choque - Poste";1;0;0;0;0;0;0;0;0;0;1;0;0;0;0
"23/02/2020";"15:57:00";"57";"sem vítima";"225";"BR-116/SC";"Norte";"Saida de Pista";1;0;0;0;0;0;0;0;0;0;1;0;0;0;0
"23/02/2020";"23:03:00";"92";"sem vítima";"124";"BR-116/PR";"Sul";"Choque - Defensa, barreira ou "submarino"";1;0;0;0;0;0;0;0;0;0;1;0;0;0;0
"24/02/2020";"13:46:00";"45";"com vítima";"131,8";"BR-116/PR";"Norte";"Colisão Lateral";0;0;1;1;0;0;0;0;0;0;1;1;0;0;0
"25/02/2020";"10:45:00";"41";"sem vítima";"116,7";"BR-116/PR";"Norte";"Choque - Elemento de Drenagem";1;0;0;0;0;0;0;0;0;0;1;0;0;0;0
"25/02/2020";"14:43:00";"57";"sem vítima";"191";"BR-116/PR";"Sul";"Colisão Traseira";1;0;0;0;0;0;0;0;0;1;2;0;0;0;0
"25/02/2020";"16:40:00";"67";"sem vítima";"5,5";"BR-116/SC";"Norte";"Colisão Transversal";1;0;0;0;0;0;0;0;0;1;2;0;0;0;0
"25/02/2020";"18:08:00";"70";"com vítima";"126";"BR-116/PR";"Norte";"Colisão Traseira";2;0;0;0;0;0;0;0;0;0;3;1;0;0;0
"25/02/2020";"21:46:00";"82";"sem vítima";"126,1";"BR-116/PR";"Sul";"Objeto lançado contra veículo";1;0;1;0;0;0;0;0;0;0;2;0;0;0;0
"27/02/2020";"06:56:00";"13";"sem vítima";"124,8";"BR-116/PR";"Norte";"Colisão Traseira";2;0;0;0;0;1;0;0;0;0;4;0;0;0;0
"27/02/2020";"08:00:00";"18";"com vítima";"125,2";"BR-116/PR";"Sul";"Choque - Defensa, barreira ou "submarino"";0;0;0;1;0;1;0;0;0;0;1;1;0;0;0
"27/02/2020";"14:42:00";"51";"com vítima";"156,7";"BR-116/SC";"Norte";"Tombamento";0;0;1;0;0;0;0;0;0;0;0;0;0;1;0
"28/02/2020";"03:43:00";"5";"sem vítima";"127,9";"BR-116/PR";"Norte";"Colisão Lateral";1;0;1;0;0;0;0;0;0;0;2;0;0;0;0
"28/02/2020";"18:13:00";"100";"sem vítima";"209";"BR-116/PR";"Norte";"Colisão Transversal";1;0;0;1;0;0;0;0;0;0;2;0;0;0;0
"28/02/2020";"18:23:00";"101";"com vítima";"118";"BR-116/PR";"Sul";"Colisão Lateral";1;0;0;1;0;0;0;0;0;0;1;1;0;0;0
"28/02/2020";"19:53:00";"111";"sem vítima";"115,5";"BR-116/PR";"Sul";"Engavetamento";2;0;0;0;0;1;0;0;0;0;3;0;0;0;0
"28/02/2020";"20:59:00";"115";"sem vítima";"126";"BR-116/PR";"Norte";"Choque - Veiculo parado na pista";1;0;1;0;0;0;0;0;0;0;2;0;0;0;0
"28/02/2020";"23:41:00";"125";"com vítima";"154,65";"BR-116/PR";"Sul";"Colisão Lateral";0;0;1;1;0;0;0;0;0;1;2;1;0;0;0
"29/02/2020";"10:50:00";"53";"com vítima";"98,8";"BR-116/SC";"Sul";"Colisão Transversal";0;0;1;1;0;0;0;0;0;0;1;0;0;1;0
"29/02/2020";"14:14:00";"70";"sem vítima";"122,7";"BR-116/PR";"Sul";"Queda de Moto";0;0;0;1;0;0;0;0;0;0;2;0;0;0;0
"29/02/2020";"15:55:00";"79";"sem vítima";"41";"BR-116/SC";"Sul";"Saida de Pista";0;0;0;0;0;0;0;0;0;1;1;0;0;0;0
"29/02/2020";"20:34:00";"100";"sem vítima";"206";"BR-116/SC";"Norte";"Colisão Transversal";0;0;1;0;0;1;0;0;0;0;2;0;0;0;0
"29/02/2020";"21:32:00";"102";"sem vítima";"264,6";"BR-116/SC";"Norte";"Choque - Defensa, barreira ou "submarino"";0;0;0;0;0;0;0;0;0;1;1;0;0;0;0
"01/03/2020";"00:56:00";"5";"sem vítima";"148,1";"BR-116/PR";"Norte";"Capotamento";1;0;0;0;0;0;0;0;0;0;1;0;0;0;0
"01/03/2020";"02:19:00";"11";"com vítima";"211";"BR-116/SC";"Norte";"Choque - Suporte de Sinalização";0;0;0;1;0;0;0;0;0;0;0;1;0;0;0
"01/03/2020";"08:12:00";"23";"com vítima";"132";"BR-116/PR";"Norte";"Queda de Moto";0;0;0;1;0;0;0;0;0;0;0;1;0;0;0
"01/03/2020";"14:24:00";"55";"com vítima";"116,5";"BR-116/PR";"Norte";"Queda de Moto";0;0;0;1;0;1;0;0;0;0;1;1;0;0;0
"01/03/2020";"15:15:00";"58";"com vítima";"128";"BR-116/PR";"Norte";"Queda de Moto";0;0;0;1;0;0;0;0;0;0;0;1;0;0;0
"02/03/2020";"03:27:00";"8";"com vítima";"187";"BR-116/SC";"Norte";"Choque - Arvore";1;0;0;0;0;0;0;0;0;0;0;1;0;0;0
"02/03/2020";"07:55:00";"20";"sem vítima";"120,5";"BR-116/PR";"Norte";"Colisão Traseira";2;0;0;0;0;0;0;0;0;0;2;0;0;0;0
"02/03/2020";"17:36:00";"85";"sem vítima";"126,3";"BR-116/PR";"Norte";"Engavetamento";2;0;0;0;0;1;0;0;0;0;3;0;0;0;0
"02/03/2020";"18:19:00";"88";"com vítima";"124,3";"BR-116/PR";"Sul";"Colisão Traseira";1;0;0;1;0;0;0;0;0;0;1;1;1;0;0
"02/03/2020";"19:03:00";"91";"com vítima";"121";"BR-116/PR";"Sul";"Colisão Lateral";0;0;0;1;0;1;0;0;0;0;2;1;0;0;0
"03/03/2020";"04:46:00";"12";"sem vítima";"117,025";"BR-116/PR";"Sul";"Capotamento";0;0;0;0;0;0;0;0;0;1;1;0;0;0;0
"03/03/2020";"07:48:00";"21";"sem vítima";"218,5";"BR-116/SC";"Sul";"Atropelamento de Animal";1;0;0;0;0;0;0;0;0;0;1;0;0;0;0
"04/03/2020";"08:07:00";"24";"com vítima";"156,6";"BR-116/SC";"Norte";"Tombamento";0;0;1;0;0;0;0;0;0;0;0;1;0;0;0
"05/03/2020";"07:11:00";"21";"com vítima";"128";"BR-116/PR";"Norte";"Queda de Moto";0;0;0;1;0;0;0;0;0;0;0;1;0;0;0
"05/03/2020";"19:20:00";"96";"sem vítima";"125,42";"BR-116/PR";"Sul";"Choque - Veiculo parado na pista";1;0;0;1;0;0;0;0;0;0;2;0;0;0;0
"06/03/2020";"13:49:00";"59";"sem vítima";"183";"BR-116/SC";"Sul";"Colisão Lateral";2;0;0;0;0;0;0;0;0;0;3;0;0;0;0
"06/03/2020";"15:18:00";"65";"com vítima";"116,4";"BR-116/PR";"Sul";"Colisão Traseira";0;0;0;1;0;0;0;0;0;1;1;1;0;0;0
"06/03/2020";"15:55:00";"71";"sem vítima";"132";"BR-116/PR";"Norte";"Saida de Pista";0;0;0;0;0;0;0;0;0;1;1;0;0;0;0
"07/03/2020";"19:20:00";"75";"sem vítima";"126";"BR-116/PR";"Sul";"Choque - Veiculo parado na pista";1;0;0;1;0;0;0;0;0;0;2;0;0;0;0
"07/03/2020";"19:26:00";"76";"com vítima";"132,5";"BR-116/SC";"Norte";"Colisão Frontal";1;0;1;0;0;0;0;0;0;0;1;1;0;0;0
"08/03/2020";"06:32:00";"13";"sem vítima";"117";"BR-116/PR";"Norte";"Choque - Poste";1;0;0;0;0;0;0;0;0;0;1;0;0;0;0
"08/03/2020";"16:51:00";"63";"sem vítima";"119,6";"BR-116/PR";"Norte";"Colisão Traseira";1;0;0;0;0;0;0;0;0;1;2;0;0;0;0
"08/03/2020";"17:21:00";"68";"com vítima";"8,4";"BR-116/SC";"Norte";"Colisão Frontal";1;0;2;0;0;0;0;0;0;0;2;0;0;1;1
"08/03/2020";"17:25:00";"71";"com vítima";"22,1";"BR-116/SC";"Sul";"Colisão Frontal";1;0;1;0;0;0;0;0;0;0;0;1;0;0;1
"08/03/2020";"23:24:00";"99";"sem vítima";"115";"BR-116/PR";"Sul";"Colisão Lateral";0;0;1;0;0;1;0;0;0;0;2;0;0;0;0
"09/03/2020";"06:30:00";"14";"com vítima";"125";"BR-116/PR";"Norte";"Colisão Lateral";1;0;0;1;0;0;0;0;0;0;1;1;0;0;0
"09/03/2020";"12:51:00";"54";"sem vítima";"130,5";"BR-116/PR";"Sul";"Colisão Traseira";1;0;0;0;0;1;0;0;0;0;2;0;0;0;0
"09/03/2020";"22:40:00";"106";"sem vítima";"126";"BR-116/PR";"Sul";"Colisão Traseira";2;0;0;0;0;0;0;0;0;0;2;0;0;0;0
"10/03/2020";"18:11:00";"72";"sem vítima";"65";"BR-116/SC";"Norte";"Colisão Traseira";0;0;0;0;0;0;0;0;0;2;2;0;0;0;0
"10/03/2020";"20:05:00";"81";"sem vítima";"96,2";"BR-116/SC";"Sul";"Colisão Lateral";1;0;1;0;0;0;0;0;0;0;2;0;0;0;0
"11/03/2020";"18:31:00";"88";"sem vítima";"118,9";"BR-116/PR";"Sul";"Colisão Traseira";1;0;0;0;0;1;0;0;0;0;2;0;0;0;0
"11/03/2020";"21:01:00";"96";"com vítima";"122";"BR-116/PR";"Sul";"Queda de Moto";0;0;0;1;0;0;0;0;0;0;0;1;0;0;0
"12/03/2020";"03:17:00";"3";"sem vítima";"146";"BR-116/PR";"Norte";"Choque - Defensa, barreira ou "submarino"";1;0;0;0;0;0;0;0;0;0;1;0;0;0;0
"12/03/2020";"16:44:00";"71";"sem vítima";"12,3";"BR-116/SC";"Sul";"Colisão Transversal";1;0;0;0;0;1;0;0;0;0;2;0;0;0;0
"12/03/2020";"18:00:00";"80";"sem vítima";"179";"BR-116/PR";"Sul";"Colisão Lateral";0;0;2;0;0;0;0;0;0;0;2;0;0;0;0
"13/03/2020";"14:04:00";"69";"sem vítima";"5,5";"BR-116/SC";"Sul";"Colisão Transversal";2;0;0;0;0;0;0;0;0;0;2;0;0;0;0
"13/03/2020";"17:27:00";"91";"sem vítima";"117,5";"BR-116/PR";"Sul";"Colisão Traseira";2;0;0;0;0;0;0;0;0;0;2;0;0;0;0
"13/03/2020";"20:05:00";"111";"com vítima";"154,05";"BR-116/PR";"Sul";"Atropelamento - Andarilho";0;0;0;0;0;1;0;0;0;0;1;1;0;0;0
"14/03/2020";"09:33:00";"31";"com vítima";"260,2";"BR-116/SC";"Norte";"Atropelamento - Usuário";0;0;1;0;0;0;0;0;0;0;0;0;1;0;1
"14/03/2020";"17:20:00";"79";"sem vítima";"183,55";"BR-116/PR";"Norte";"Outros - Sequência";0;0;1;0;0;0;0;0;0;0;1;0;0;0;0
"14/03/2020";"19:22:00";"93";"sem vítima";"245,6";"BR-116/SC";"Sul";"Colisão Transversal";0;0;0;0;0;0;0;0;0;2;2;0;0;0;0
"14/03/2020";"21:20:00";"102";"com vítima";"128";"BR-116/PR";"Norte";"Colisão Transversal";2;0;0;0;0;0;0;0;0;0;3;1;0;0;0
"14/03/2020";"23:45:00";"110";"com vítima";"127,2";"BR-116/PR";"Sul";"Colisão Lateral";1;0;1;0;0;0;0;0;0;0;1;1;0;0;0
"15/03/2020";"04:37:00";"10";"com vítima";"120";"BR-116/PR";"Sul";"Queda de Moto";0;0;0;1;0;0;0;0;0;0;0;0;0;1;0
"15/03/2020";"05:45:00";"11";"com vítima";"169,1";"BR-116/SC";"Sul";"Choque - Arvore";1;0;0;0;0;0;0;0;0;0;0;2;0;0;0
"15/03/2020";"08:21:00";"20";"sem vítima";"12,3";"BR-116/SC";"Norte";"Tombamento";0;0;1;0;0;0;0;0;0;0;1;0;0;0;0
"15/03/2020";"10:39:00";"34";"sem vítima";"127,4";"BR-116/PR";"Sul";"Colisão Lateral";1;0;1;0;0;0;0;0;0;0;3;0;0;0;0
"15/03/2020";"10:49:00";"36";"sem vítima";"166";"BR-116/PR";"Norte";"Colisão Transversal";1;0;0;0;0;0;0;0;0;1;2;0;0;0;0
"15/03/2020";"20:22:00";"87";"sem vítima";"226,6";"BR-116/SC";"Norte";"Atropelamento de Animal";1;0;0;0;0;0;0;0;0;0;2;0;0;0;0
"15/03/2020";"22:29:00";"96";"sem vítima";"250,8";"BR-116/SC";"Norte";"Colisão Traseira";2;0;0;0;0;0;0;0;0;0;5;0;0;0;0
"15/03/2020";"23:10:00";"98";"sem vítima";"148";"BR-116/PR";"Norte";"Colisão Traseira";0;0;2;0;0;0;0;0;0;0;2;0;0;0;0
"15/03/2020";"23:20:00";"99";"com vítima";"120,5";"BR-116/PR";"Sul";"Choque - Defensa, barreira ou "submarino"";1;0;0;0;0;0;0;0;0;0;0;1;0;0;0
"16/03/2020";"06:37:00";"14";"com vítima";"132,2";"BR-116/SC";"Norte";"Capotamento";1;0;0;0;0;0;0;0;0;0;0;3;0;2;0
"16/03/2020";"07:18:00";"16";"sem vítima";"117";"BR-116/PR";"Norte";"Colisão Traseira";2;0;0;0;1;0;0;0;0;0;73;0;0;0;0
"16/03/2020";"08:42:00";"26";"com vítima";"124,2";"BR-116/PR";"Sul";"Choque - Defensa, barreira ou "submarino"";1;0;0;0;0;0;0;0;0;0;0;1;0;0;0
"17/03/2020";"07:56:00";"14";"com vítima";"126";"BR-116/PR";"Norte";"Queda de Moto";0;0;0;1;0;1;0;0;0;0;1;2;0;0;0
"18/03/2020";"13:38:00";"37";"sem vítima";"199";"BR-116/PR";"Sul";"Choque - Defensa, barreira ou "submarino"";1;0;0;0;0;0;0;0;0;0;1;0;0;0;0
"18/03/2020";"15:19:00";"41";"sem vítima";"121,5";"BR-116/PR";"Sul";"Queda de Moto";0;0;0;1;0;0;0;0;0;0;1;0;0;0;0
"18/03/2020";"15:49:00";"44";"sem vítima";"119";"BR-116/PR";"Sul";"Colisão Traseira";0;0;1;1;0;0;0;0;0;0;2;0;0;0;0
"19/03/2020";"05:06:00";"11";"sem vítima";"3,005";"BR-116/SC";"Sul";"Choque - Defensa, barreira ou "submarino"";1;0;0;0;0;0;0;0;0;0;1;0;0;0;0
"19/03/2020";"06:51:00";"15";"sem vítima";"124,2";"BR-116/PR";"Norte";"Colisão Lateral";1;0;0;1;0;0;0;0;0;0;2;0;0;0;0