data;horario;n_da_ocorrencia;tipo_de_ocorrencia;km;trecho;sentido;tipo_de_acidente;automovel;bicicleta;caminhao;moto;onibus;outros;tracao_animal;transporte_de_cargas_especiais;trator_maquinas;utilitarios;ilesos;levemente_feridos;moderadamente_feridos;gravemente_feridos;mortos
"09/09/2020";"23:59:00";"98";"3 - Aciden";"119,1";"BR-116/PR";"Norte";"Capotamento";1;0;0;0;0;0;0;0;0;0;1;0;0;0;0
"10/09/2020";"09:45:00";"30";"3 - Aciden";"219,3";"BR-116/SC";"Norte";"Colisão Transversal";1;0;1;0;0;0;0;0;0;0;2;0;0;0;0
"10/09/2020";"18:35:00";"74";"2 - Aciden";"135,5";"BR-116/PR";"Norte";"Colisão Lateral";2;0;0;0;0;0;0;0;0;0;2;1;0;0;0
"10/09/2020";"21:34:00";"82";"3 - Aciden";"152,5";"BR-116/PR";"Norte";"Colisão Transversal";1;0;0;0;0;0;0;0;0;1;2;0;0;0;0
"11/09/2020";"05:52:00";"9";"2 - Aciden";"128,1";"BR-116/PR";"Norte";"Colisão Traseira";0;0;0;1;0;1;0;0;0;0;1;0;0;1;0
"11/09/2020";"16:17:00";"89";"3 - Aciden";"159,4";"BR-116/SC";"Norte";"Tombamento";0;0;1;0;0;0;0;0;0;0;1;0;0;0;0
"11/09/2020";"19:47:00";"117";"2 - Aciden";"120,1";"BR-116/PR";"Sul";"Engavetamento";1;0;0;2;0;0;0;0;0;0;1;2;0;0;0
"11/09/2020";"21:16:00";"121";"2 - Aciden";"131,99";"BR-116/PR";"Sul";"Choque - Defensa, barreira ou "submarino"";1;0;0;0;0;0;0;0;0;0;0;1;0;0;0
"12/09/2020";"01:16:00";"6";"2 - Aciden";"135,9";"BR-116/PR";"Sul";"Colisão Frontal";2;0;0;0;0;0;0;0;0;0;0;1;0;1;0
"12/09/2020";"05:38:00";"19";"2 - Aciden";"13,4";"BR-116/SC";"Norte";"Queda de Moto";0;0;0;1;0;0;0;0;0;0;1;1;0;0;0
"12/09/2020";"06:18:00";"21";"3 - Aciden";"140,3";"BR-116/SC";"Norte";"Choque - Defensa, barreira ou "submarino"";1;0;0;0;0;0;0;0;0;0;1;0;0;0;0
"12/09/2020";"19:07:00";"79";"3 - Aciden";"81,001";"BR-116/SC";"Sul";"Colisão Traseira";1;0;1;0;0;0;0;0;0;0;2;0;0;0;0
"12/09/2020";"19:09:00";"80";"2 - Aciden";"173";"BR-116/PR";"Norte";"Colisão Transversal";0;1;0;1;0;0;0;0;0;0;0;1;0;1;0
"13/09/2020";"02:27:00";"7";"3 - Aciden";"129,45";"BR-116/PR";"Sul";"Choque - Defensa, barreira ou "submarino"";1;0;0;0;0;0;0;0;0;0;1;0;0;0;0
"13/09/2020";"09:54:00";"28";"3 - Aciden";"141,5";"BR-116/PR";"Norte";"Colisão Traseira";1;1;0;0;0;0;0;0;0;0;2;0;0;0;0
"13/09/2020";"11:10:00";"36";"3 - Aciden";"52";"BR-116/SC";"Sul";"Colisão Transversal";2;0;0;0;0;0;0;0;0;0;2;0;0;0;0
"13/09/2020";"15:41:00";"51";"3 - Aciden";"12,3";"BR-116/SC";"Norte";"Colisão Transversal";2;0;0;0;0;0;0;0;0;0;4;0;0;0;0
"13/09/2020";"22:23:00";"90";"3 - Aciden";"117";"BR-116/PR";"Norte";"Choque - Defensa, barreira ou "submarino"";0;0;0;0;0;0;0;0;0;1;1;0;0;0;0
"14/09/2020";"00:24:00";"3";"2 - Aciden";"144,5";"BR-116/PR";"Sul";"Queda de Moto";0;0;0;0;0;1;0;0;0;0;0;1;0;0;0
"15/09/2020";"06:44:00";"11";"3 - Aciden";"123";"BR-116/PR";"Norte";"Colisão Traseira";1;0;0;0;0;1;0;0;0;0;2;0;0;0;0
"15/09/2020";"06:45:00";"13";"3 - Aciden";"123";"BR-116/PR";"Norte";"Choque - Veiculo parado na pista";2;0;0;0;0;1;0;0;0;0;3;0;0;0;0
"15/09/2020";"18:20:00";"74";"2 - Aciden";"211,2";"BR-116/SC";"Sul";"Colisão Frontal";1;0;1;0;0;0;0;0;0;0;1;1;0;0;0
"15/09/2020";"18:49:00";"76";"2 - Aciden";"73,73";"BR-116/SC";"Sul";"Colisão Traseira";0;0;1;1;0;1;0;0;0;0;2;0;0;1;0
"15/09/2020";"18:58:00";"77";"2 - Aciden";"210,8";"BR-116/PR";"Sul";"Colisão Transversal";2;0;0;0;0;0;0;0;0;0;2;1;0;0;0
"16/09/2020";"05:52:00";"16";"3 - Aciden";"152";"BR-116/PR";"Norte";"Colisão Transversal";1;0;0;1;0;0;0;0;0;0;2;0;0;0;0
"16/09/2020";"08:15:00";"25";"3 - Aciden";"116,7";"BR-116/PR";"Norte";"Colisão Traseira";1;0;0;1;0;0;0;0;0;0;2;0;0;0;0
"16/09/2020";"08:57:00";"31";"3 - Aciden";"115";"BR-116/PR";"Norte";"Colisão Traseira";0;0;2;0;0;1;0;0;0;0;3;0;0;0;0
"16/09/2020";"12:43:00";"55";"3 - Aciden";"306,4";"BR-116/SC";"Norte";"Choque - Defensa, barreira ou "submarino"";0;0;1;0;0;0;0;0;0;0;1;0;0;0;0
"16/09/2020";"14:10:00";"61";"3 - Aciden";"79,8";"BR-116/SC";"Sul";"Choque - Arvore";1;0;0;0;0;0;0;0;0;0;2;0;0;0;0
"16/09/2020";"14:51:00";"68";"3 - Aciden";"143";"BR-116/PR";"Sul";"Saida de Pista";1;0;0;0;0;1;0;0;0;0;3;0;0;0;0
"16/09/2020";"18:44:00";"93";"2 - Aciden";"132,2";"BR-116/PR";"Sul";"Colisão Lateral";0;1;0;1;0;0;0;0;0;0;1;1;0;0;0
"18/09/2020";"11:13:00";"41";"3 - Aciden";"140";"BR-116/PR";"Norte";"Colisão Lateral";0;0;1;0;0;1;0;0;0;0;2;0;0;0;0
"18/09/2020";"13:15:00";"52";"3 - Aciden";"160";"BR-116/PR";"Sul";"Choque - Veiculo parado na pista";1;0;1;0;0;0;0;0;0;0;2;0;0;0;0
"18/09/2020";"19:21:00";"92";"2 - Aciden";"184,6";"BR-116/SC";"Sul";"Colisão Transversal";1;0;1;0;0;0;0;0;0;0;1;1;0;0;0
"19/09/2020";"07:08:00";"9";"2 - Aciden";"124,5";"BR-116/PR";"Sul";"Capotamento";1;0;0;0;0;0;0;0;0;0;0;1;0;0;0
"19/09/2020";"10:18:00";"18";"2 - Aciden";"0,5";"BR-116/SC";"Sul";"Colisão Lateral";1;0;0;1;0;0;0;0;0;0;1;2;0;0;0
"19/09/2020";"13:14:00";"28";"3 - Aciden";"125,1";"BR-116/PR";"Sul";"Colisão Lateral";1;0;1;0;0;0;0;0;0;0;3;0;0;0;0
"19/09/2020";"18:21:00";"54";"3 - Aciden";"126";"BR-116/PR";"Sul";"Colisão Traseira";2;0;0;0;0;0;0;0;0;0;2;0;0;0;0
"19/09/2020";"18:26:00";"55";"2 - Aciden";"236";"BR-116/SC";"Sul";"Queda de Moto";0;0;0;1;0;0;0;0;0;0;0;1;0;0;0
"19/09/2020";"21:07:00";"62";"2 - Aciden";"59,65";"BR-116/SC";"Sul";"Choque - Talude";1;0;0;0;0;0;0;0;0;0;0;1;0;0;0
"20/09/2020";"16:29:00";"50";"2 - Aciden";"245,6";"BR-116/SC";"Norte";"Colisão Transversal";1;0;0;1;0;0;0;0;0;0;3;1;0;0;0
"21/09/2020";"03:37:00";"9";"3 - Aciden";"149,5";"BR-116/SC";"Sul";"Tombamento";0;0;1;0;0;0;0;0;0;0;1;0;0;0;0
"21/09/2020";"09:09:00";"34";"3 - Aciden";"139,1";"BR-116/SC";"Sul";"Colisão Transversal";1;0;0;0;0;0;0;0;0;1;2;0;0;0;0
"21/09/2020";"16:21:00";"77";"3 - Aciden";"204";"BR-116/SC";"Norte";"Colisão Lateral";1;0;0;0;0;1;0;0;0;0;2;0;0;0;0
"21/09/2020";"23:33:00";"107";"2 - Aciden";"125";"BR-116/PR";"Norte";"Engavetamento";3;0;1;0;0;0;0;0;0;0;3;1;0;0;0
"22/09/2020";"11:50:00";"40";"3 - Aciden";"184,6";"BR-116/SC";"Sul";"Choque - Outros";1;0;0;0;0;0;0;0;0;0;1;0;0;0;0
"22/09/2020";"16:26:00";"61";"3 - Aciden";"2";"BR-116/SC";"Norte";"Colisão Traseira";0;0;0;0;0;0;0;0;0;2;5;0;0;0;0
"23/09/2020";"15:12:00";"62";"3 - Aciden";"184,4";"BR-116/SC";"Sul";"Choque - Outros";1;0;0;0;0;0;0;0;0;0;1;0;0;0;0
"24/09/2020";"04:24:00";"9";"3 - Aciden";"120,75";"BR-116/PR";"Norte";"Colisão Traseira";2;0;0;0;0;0;0;0;0;0;2;0;0;0;0
"24/09/2020";"13:31:00";"66";"3 - Aciden";"56";"BR-116/SC";"Sul";"Colisão Lateral";1;0;0;0;0;0;0;0;0;1;2;0;0;0;0
"25/09/2020";"06:52:00";"14";"2 - Aciden";"124";"BR-116/PR";"Norte";"Colisão Traseira";1;0;0;1;0;0;0;0;0;0;1;1;0;0;0
"25/09/2020";"21:44:00";"111";"3 - Aciden";"122,6";"BR-116/PR";"Norte";"Colisão Traseira";1;0;0;0;0;1;0;0;0;0;2;0;0;0;0
"26/09/2020";"10:31:00";"34";"3 - Aciden";"150";"BR-116/PR";"Norte";"Colisão Lateral";1;0;0;1;0;0;0;0;0;0;2;0;0;0;0
"26/09/2020";"17:10:00";"73";"3 - Aciden";"71,7";"BR-116/SC";"Sul";"Colisão Lateral";0;0;1;0;0;1;0;0;0;0;2;0;0;0;0
"28/09/2020";"07:58:00";"25";"3 - Aciden";"85";"BR-116/SC";"Norte";"Saida de Pista";1;0;0;0;0;0;0;0;0;0;2;0;0;0;0
"28/09/2020";"20:47:00";"77";"1 - Aciden";"138,5";"BR-116/SC";"Sul";"Colisão Frontal";1;0;0;1;0;0;0;0;0;0;1;0;0;0;1
"28/09/2020";"23:56:00";"84";"3 - Aciden";"159,4";"BR-116/PR";"Norte";"Capotamento";0;0;1;0;0;0;0;0;0;0;1;0;0;0;0
"29/09/2020";"07:45:00";"18";"3 - Aciden";"125";"BR-116/PR";"Norte";"Colisão Traseira";2;0;0;0;0;0;0;0;0;0;2;0;0;0;0
"29/09/2020";"11:16:00";"47";"3 - Aciden";"153,4";"BR-116/PR";"Sul";"Colisão Traseira";1;0;1;0;0;0;0;0;0;0;2;0;0;0;0
"30/09/2020";"17:39:00";"94";"2 - Aciden";"136";"BR-116/SC";"Sul";"Colisão Lateral";1;0;1;0;0;0;0;0;0;0;1;1;0;0;0
"30/09/2020";"18:44:00";"104";"3 - Aciden";"116,09";"BR-116/PR";"Norte";"Colisão Lateral";1;0;0;1;0;0;0;0;0;0;2;0;0;0;0
"01/10/2020";"04:32:00";"5";"2 - Aciden";"1,9";"BR-116/SC";"Sul";"Colisão Frontal";1;0;1;0;0;0;0;0;0;0;1;0;0;1;0
"01/10/2020";"07:34:00";"12";"3 - Aciden";"1,9";"BR-116/SC";"Norte";"Choque - Veiculo parado no acostamento";0;0;1;0;1;0;0;0;0;0;2;0;0;0;0
"01/10/2020";"08:21:00";"16";"2 - Aciden";"118,2";"BR-116/PR";"Norte";"Queda de Moto";0;0;0;1;0;0;0;0;0;0;0;1;0;0;0
"01/10/2020";"16:21:00";"75";"3 - Aciden";"117,1";"BR-116/PR";"Norte";"Colisão Lateral";2;0;1;0;0;0;0;0;0;0;3;0;0;0;0
"01/10/2020";"17:18:00";"84";"3 - Aciden";"152,4";"BR-116/PR";"Sul";"Colisão Transversal";1;0;1;0;0;0;0;0;0;0;2;0;0;0;0
"01/10/2020";"23:44:00";"103";"3 - Aciden";"205,1";"BR-116/PR";"Norte";"Colisão Lateral";0;0;1;0;0;1;0;0;0;0;2;0;0;0;0
"02/10/2020";"06:28:00";"18";"3 - Aciden";"238,9";"BR-116/SC";"Sul";"Tombamento";0;0;2;0;0;0;0;0;0;0;5;0;0;0;0
"02/10/2020";"17:23:00";"102";"3 - Aciden";"249,9";"BR-116/SC";"Norte";"Colisão Lateral";0;0;1;0;0;0;0;0;0;1;2;0;0;0;0
"02/10/2020";"17:25:00";"103";"3 - Aciden";"148";"BR-116/PR";"Sul";"Choque - Elemento de Drenagem";1;0;0;0;0;0;0;0;0;0;1;0;0;0;0
"02/10/2020";"18:21:00";"106";"3 - Aciden";"246";"BR-116/SC";"Sul";"Colisão Lateral";1;0;0;0;1;0;0;0;0;0;2;0;0;0;0
"03/10/2020";"06:17:00";"6";"2 - Aciden";"235,8";"BR-116/SC";"Sul";"Colisão Frontal";2;0;0;0;0;0;0;0;0;0;1;1;0;2;0
"03/10/2020";"10:04:00";"22";"3 - Aciden";"184";"BR-116/PR";"Sul";"Tombamento";0;0;1;0;0;0;0;0;0;0;1;0;0;0;0
"03/10/2020";"15:33:00";"49";"3 - Aciden";"7";"BR-116/SC";"Sul";"Objeto lançado contra veículo";0;0;2;0;0;0;0;0;0;0;2;0;0;0;0
"03/10/2020";"18:05:00";"65";"3 - Aciden";"304";"BR-116/SC";"Norte";"Choque - Talude";0;0;1;0;0;0;0;0;0;0;1;0;0;0;0
"03/10/2020";"21:05:00";"74";"3 - Aciden";"208,1";"BR-116/PR";"Sul";"Colisão Traseira";1;0;1;0;0;0;0;0;0;0;2;0;0;0;0
"03/10/2020";"22:40:00";"80";"3 - Aciden";"131";"BR-116/PR";"Sul";"Colisão Traseira";1;0;1;0;0;0;0;0;0;0;4;0;0;0;0
"04/10/2020";"17:07:00";"38";"2 - Aciden";"126,6";"BR-116/PR";"Norte";"Engavetamento";5;0;0;0;0;0;0;0;0;0;5;1;0;0;0
"04/10/2020";"20:47:00";"48";"3 - Aciden";"5,5";"BR-116/SC";"Sul";"Colisão Transversal";1;0;0;0;0;1;0;0;0;0;6;0;0;0;0
"05/10/2020";"18:21:00";"78";"2 - Aciden";"122";"BR-116/PR";"Sul";"Queda de Moto";0;0;0;2;0;0;0;0;0;0;1;1;0;0;0
"06/10/2020";"09:37:00";"29";"3 - Aciden";"147";"BR-116/PR";"Norte";"Engavetamento";4;0;1;0;0;0;0;0;0;0;7;0;0;0;0
"07/10/2020";"08:17:00";"19";"3 - Aciden";"120,8";"BR-116/PR";"Norte";"Colisão Traseira";2;0;0;0;0;1;0;0;0;0;3;0;0;0;0
"07/10/2020";"08:46:00";"20";"3 - Aciden";"116";"BR-116/PR";"Norte";"Colisão Traseira";0;0;0;1;0;0;0;0;0;1;2;0;0;0;0
"07/10/2020";"18:36:00";"87";"2 - Aciden";"123,6";"BR-116/PR";"Sul";"Colisão Traseira";1;0;0;1;0;0;0;0;0;0;1;1;0;0;0
"07/10/2020";"19:43:00";"93";"3 - Aciden";"217,4";"BR-116/SC";"Sul";"Colisão Transversal";2;0;0;0;0;0;0;0;0;0;2;0;0;0;0
"07/10/2020";"19:57:00";"94";"3 - Aciden";"22,7";"BR-116/SC";"Norte";"Choque - Talude";0;0;0;0;0;0;0;0;0;1;1;0;0;0;0
"07/10/2020";"20:11:00";"95";"3 - Aciden";"115,2";"BR-116/PR";"Sul";"Engavetamento";3;0;0;0;0;0;0;0;0;0;3;0;0;0;0
"07/10/2020";"22:23:00";"100";"3 - Aciden";"126";"BR-116/PR";"Norte";"Colisão Lateral";1;0;1;0;0;0;0;0;0;0;2;0;0;0;0
"07/10/2020";"22:54:00";"102";"3 - Aciden";"125,8";"BR-116/PR";"Sul";"Engavetamento";3;0;0;0;0;0;0;0;0;0;3;0;0;0;0
"08/10/2020";"07:57:00";"15";"2 - Aciden";"220,9";"BR-116/SC";"Sul";"Colisão Lateral";2;0;0;0;0;0;0;0;0;0;0;2;0;0;0
"08/10/2020";"08:34:00";"23";"1 - Aciden";"31,34";"BR-116/SC";"Norte";"Colisão Transversal";1;0;1;0;0;0;0;0;0;0;1;0;0;0;1
"08/10/2020";"10:12:00";"38";"3 - Aciden";"130";"BR-116/PR";"Norte";"Choque - Defensa, barreira ou "submarino"";1;0;0;0;0;0;0;0;0;0;3;0;0;0;0
"08/10/2020";"10:59:00";"42";"3 - Aciden";"187";"BR-116/SC";"Norte";"Colisão Lateral";0;0;1;0;0;1;0;0;0;0;2;0;0;0;0
"08/10/2020";"12:01:00";"51";"2 - Aciden";"159";"BR-116/SC";"Norte";"Tombamento";0;0;1;0;0;0;0;0;0;0;1;1;0;0;0
"08/10/2020";"15:18:00";"61";"3 - Aciden";"117,5";"BR-116/PR";"Norte";"Choque - Elemento de Drenagem";0;0;0;0;0;0;0;0;0;1;1;0;0;0;0
"08/10/2020";"22:11:00";"95";"3 - Aciden";"58";"BR-116/SC";"Sul";"Colisão Transversal";1;0;1;0;0;0;0;0;0;0;2;0;0;0;0
"09/10/2020";"07:45:00";"9";"2 - Aciden";"34,8";"BR-116/SC";"Sul";"Tombamento";0;0;1;0;0;0;0;0;0;0;0;1;0;0;0
"09/10/2020";"19:18:00";"63";"1 - Aciden";"174,3";"BR-116/SC";"Sul";"Tombamento";0;0;1;0;0;0;0;0;0;0;0;0;0;0;1
"09/10/2020";"21:07:00";"74";"3 - Aciden";"118,5";"BR-116/PR";"Sul";"Colisão Traseira";2;0;0;0;0;0;0;0;0;0;2;0;0;0;0
"09/10/2020";"23:52:00";"82";"3 - Aciden";"286,9";"BR-116/SC";"Norte";"Choque - Talude";1;0;0;0;0;0;0;0;0;0;2;0;0;0;0
"10/10/2020";"00:15:00";"1";"3 - Aciden";"167,95";"BR-116/SC";"Sul";"Atropelamento de Animal";1;0;0;0;0;0;0;0;0;0;1;0;0;0;0
"10/10/2020";"06:39:00";"18";"3 - Aciden";"121,8";"BR-116/SC";"Norte";"Choque - Talude";1;0;0;0;0;0;0;0;0;0;1;0;0;0;0
"10/10/2020";"06:51:00";"19";"2 - Aciden";"50,35";"BR-116/SC";"Sul";"Colisão Frontal";1;0;1;0;0;0;0;0;0;0;1;0;0;1;0
"10/10/2020";"12:11:00";"51";"2 - Aciden";"225,4";"BR-116/SC";"Sul";"Queda de Moto";0;0;0;1;0;0;0;0;0;0;0;1;0;0;0
"10/10/2020";"12:56:00";"53";"3 - Aciden";"122";"BR-116/PR";"Sul";"Colisão Traseira";0;0;0;1;0;1;0;0;0;0;2;0;0;0;0
"10/10/2020";"14:31:00";"60";"2 - Aciden";"250,2";"BR-116/SC";"Norte";"Atropelamento - Ciclista";0;1;0;0;0;0;0;0;0;1;1;0;0;1;0
"10/10/2020";"20:07:00";"91";"3 - Aciden";"88,4";"BR-116/SC";"Norte";"Choque - Arvore";1;0;0;0;0;0;0;0;0;0;2;0;0;0;0
"11/10/2020";"03:42:00";"14";"1 - Aciden";"205,44";"BR-116/PR";"Norte";"Colisão Frontal";1;0;1;0;0;0;0;0;0;0;1;0;0;0;1
"11/10/2020";"09:23:00";"26";"2 - Aciden";"304,5";"BR-116/SC";"Sul";"Tombamento";0;0;1;0;0;0;0;0;0;0;0;1;0;0;0
"11/10/2020";"22:34:00";"83";"2 - Aciden";"131,2";"BR-116/SC";"Sul";"Colisão Lateral";1;0;1;0;0;0;0;0;0;0;1;0;0;2;0
"12/10/2020";"07:00:00";"9";"3 - Aciden";"117";"BR-116/PR";"Sul";"Choque - Outros";1;0;0;0;0;0;0;0;0;0;5;0;0;0;0
"12/10/2020";"13:48:00";"37";"2 - Aciden";"17";"BR-116/SC";"Sul";"Colisão Transversal";1;0;0;1;0;0;0;0;0;0;5;0;0;1;0
"12/10/2020";"17:30:00";"61";"2 - Aciden";"125,7";"BR-116/PR";"Sul";"Colisão Lateral";0;0;0;1;0;1;0;0;0;0;1;1;0;0;0
"12/10/2020";"17:32:00";"63";"2 - Aciden";"117,3";"BR-116/PR";"Norte";"Capotamento";1;0;0;0;0;0;0;0;0;0;0;1;0;0;0
"13/10/2020";"05:35:00";"13";"3 - Aciden";"130";"BR-116/PR";"Sul";"Colisão Lateral";1;0;1;0;0;0;0;0;0;0;2;0;0;0;0
"13/10/2020";"17:01:00";"93";"3 - Aciden";"120";"BR-116/PR";"Sul";"Queda de Moto";0;0;0;1;0;0;0;0;0;0;1;0;0;0;0
"14/10/2020";"07:41:00";"18";"2 - Aciden";"116,7";"BR-116/PR";"Sul";"Colisão Lateral";2;0;0;1;0;0;0;0;0;0;2;1;0;1;0
"14/10/2020";"07:49:00";"19";"2 - Aciden";"122";"BR-116/PR";"Norte";"Queda de Moto";0;0;0;1;0;0;0;0;0;0;0;1;0;0;0
"14/10/2020";"12:07:00";"46";"2 - Aciden";"209";"BR-116/PR";"Norte";"Colisão Traseira";1;0;0;1;0;0;0;0;0;0;1;1;0;0;0
"15/10/2020";"06:54:00";"18";"3 - Aciden";"125,1";"BR-116/PR";"Norte";"Colisão Lateral";1;0;0;1;0;0;0;0;0;0;2;0;0;0;0
"15/10/2020";"07:23:00";"22";"3 - Aciden";"124";"BR-116/PR";"Norte";"Colisão Traseira";2;0;0;0;0;0;0;0;0;0;2;0;0;0;0
"15/10/2020";"08:06:00";"27";"3 - Aciden";"107";"BR-116/SC";"Norte";"Choque - Talude";0;0;1;0;0;0;0;0;0;0;1;0;0;0;0
"15/10/2020";"09:34:00";"42";"2 - Aciden";"117,6";"BR-116/SC";"Norte";"Tombamento";0;0;1;0;0;0;0;0;0;0;0;1;0;0;0
"15/10/2020";"16:37:00";"83";"2 - Aciden";"133";"BR-116/SC";"Norte";"Queda de Moto";0;0;0;1;0;0;0;0;0;0;0;1;0;0;0
"16/10/2020";"00:21:00";"1";"3 - Aciden";"147";"BR-116/PR";"Sul";"Choque - Talude";1;0;0;0;0;0;0;0;0;0;1;0;0;0;0
"16/10/2020";"06:11:00";"8";"3 - Aciden";"122,7";"BR-116/PR";"Norte";"Colisão Traseira";0;0;1;0;1;0;0;0;0;0;2;0;0;0;0
"16/10/2020";"10:52:00";"47";"3 - Aciden";"116";"BR-116/PR";"Norte";"Colisão Lateral";1;0;1;0;0;0;0;0;0;0;2;0;0;0;0
"16/10/2020";"12:29:00";"56";"2 - Aciden";"125";"BR-116/PR";"Norte";"Colisão Traseira";1;0;0;1;0;0;0;0;0;0;1;2;0;0;0
"16/10/2020";"15:19:00";"72";"3 - Aciden";"130";"BR-116/PR";"Norte";"Colisão Lateral";1;0;0;0;0;1;0;0;0;0;2;0;0;0;0
"16/10/2020";"15:27:00";"73";"3 - Aciden";"206";"BR-116/SC";"Norte";"Colisão Traseira";1;0;0;0;0;1;0;0;0;0;3;0;0;0;0
"17/10/2020";"01:06:00";"2";"3 - Aciden";"174";"BR-116/SC";"Sul";"Capotamento";1;0;0;0;0;0;0;0;0;0;2;0;0;0;0
"17/10/2020";"09:56:00";"34";"3 - Aciden";"118";"BR-116/PR";"Sul";"Colisão Traseira";0;0;2;0;0;0;0;0;0;0;2;0;0;0;0
"17/10/2020";"10:57:00";"39";"3 - Aciden";"118";"BR-116/PR";"Sul";"Colisão Traseira";2;0;1;0;0;0;0;0;0;0;3;0;0;0;0
"18/10/2020";"01:14:00";"1";"3 - Aciden";"126,19";"BR-116/PR";"Sul";"Colisão Traseira";1;0;0;0;0;0;0;0;0;1;2;0;0;0;0
"18/10/2020";"06:11:00";"12";"2 - Aciden";"148";"BR-116/PR";"Norte";"Choque - Arvore";1;0;0;0;0;0;0;0;0;0;0;1;0;0;0
"18/10/2020";"14:56:00";"47";"2 - Aciden";"131,47";"BR-116/PR";"Sul";"Colisão Lateral";1;0;0;1;0;0;0;0;0;0;1;1;0;0;0
"18/10/2020";"18:43:00";"67";"3 - Aciden";"197,3";"BR-116/SC";"Sul";"Choque - Defensa, barreira ou "submarino"";1;0;0;0;0;0;0;0;0;0;1;0;0;0;0
"18/10/2020";"21:50:00";"72";"3 - Aciden";"140";"BR-116/SC";"Norte";"Atropelamento de Animal";0;0;1;0;0;0;0;0;0;0;1;0;0;0;0
"19/10/2020";"03:56:00";"10";"3 - Aciden";"143,69";"BR-116/PR";"Norte";"Choque - Elemento de Drenagem";1;0;0;0;0;0;0;0;0;0;1;0;0;0;0
"19/10/2020";"18:16:00";"69";"3 - Aciden";"118,58";"BR-116/PR";"Sul";"Engavetamento";3;0;0;0;0;2;0;0;0;0;5;0;0;0;0
"19/10/2020";"19:29:00";"72";"3 - Aciden";"122,6";"BR-116/PR";"Sul";"Colisão Lateral";2;0;1;0;0;0;0;0;0;0;3;0;0;0;0
"20/10/2020";"17:08:00";"81";"3 - Aciden";"19,9";"BR-116/SC";"Norte";"Engavetamento";1;0;2;0;0;1;0;0;0;0;4;0;0;0;0
"20/10/2020";"17:56:00";"85";"3 - Aciden";"87";"BR-116/SC";"Norte";"Colisão Lateral";1;0;0;0;0;0;0;0;0;1;2;0;0;0;0
"21/10/2020";"13:39:00";"63";"3 - Aciden";"78";"BR-116/SC";"Sul";"Colisão Traseira";0;0;2;0;0;0;0;0;0;0;2;0;0;0;0
"21/10/2020";"15:41:00";"73";"2 - Aciden";"144";"BR-116/PR";"Sul";"Colisão Lateral";1;0;1;0;0;0;0;0;0;0;1;1;0;0;0
"21/10/2020";"17:54:00";"86";"3 - Aciden";"166";"BR-116/PR";"Norte";"Colisão Transversal";2;0;1;0;0;0;0;0;0;0;3;0;0;0;0
"22/10/2020";"05:26:00";"18";"2 - Aciden";"209,5";"BR-116/SC";"Sul";"Choque - Arvore";1;0;0;0;0;0;0;0;0;0;2;1;0;0;0
"22/10/2020";"17:05:00";"102";"3 - Aciden";"148,3";"BR-116/PR";"Norte";"Colisão Traseira";2;0;0;0;0;0;0;0;0;0;2;0;0;0;0
"22/10/2020";"19:04:00";"117";"3 - Aciden";"141";"BR-116/SC";"Norte";"Colisão Transversal";1;0;0;0;1;0;0;0;0;0;2;0;0;0;0
"22/10/2020";"19:08:00";"118";"3 - Aciden";"152";"BR-116/PR";"Norte";"Colisão Transversal";2;0;0;0;0;0;0;0;0;0;2;0;0;0;0
"23/10/2020";"04:28:00";"8";"2 - Aciden";"202,05";"BR-116/PR";"Norte";"Colisão Frontal";0;0;2;0;0;0;0;0;0;0;1;0;0;1;0
"23/10/2020";"04:58:00";"9";"3 - Aciden";"125,975";"BR-116/PR";"Norte";"Choque - Elemento de Drenagem";1;0;0;0;0;0;0;0;0;0;4;0;0;0;0
"23/10/2020";"07:47:00";"25";"3 - Aciden";"132";"BR-116/PR";"Norte";"Saida de Pista";1;0;0;0;0;0;0;0;0;0;1;0;0;0;0
"23/10/2020";"12:12:00";"64";"3 - Aciden";"134,4";"BR-116/PR";"Sul";"Colisão Traseira";2;0;0;0;0;0;0;0;0;0;2;0;0;0;0
"23/10/2020";"15:59:00";"85";"3 - Aciden";"125,9";"BR-116/PR";"Norte";"Colisão Lateral";0;0;1;0;0;0;0;0;0;1;4;0;0;0;0
"23/10/2020";"19:41:00";"101";"2 - Aciden";"118,8";"BR-116/PR";"Sul";"Engavetamento";0;0;1;2;0;0;0;0;0;0;2;1;0;0;0
"24/10/2020";"07:22:00";"15";"2 - Aciden";"124,1";"BR-116/PR";"Norte";"Queda de Moto";0;0;0;1;0;0;0;0;0;0;0;0;0;1;0
"25/10/2020";"02:21:00";"3";"2 - Aciden";"176";"BR-116/SC";"Norte";"Choque - Arvore";1;0;0;0;0;0;0;0;0;0;0;1;0;0;0
"25/10/2020";"08:42:00";"18";"2 - Aciden";"130,7";"BR-116/PR";"Sul";"Choque - Defensa, barreira ou "submarino"";0;1;0;0;0;0;0;0;0;0;0;1;0;0;0
"25/10/2020";"09:24:00";"21";"2 - Aciden";"4,5";"BR-116/SC";"Sul";"Atropelamento - Ciclista";0;1;0;0;0;1;0;0;0;0;1;0;0;1;0
"25/10/2020";"14:58:00";"57";"2 - Aciden";"263,8";"BR-116/SC";"Sul";"Colisão Transversal";1;0;1;0;0;0;0;0;0;0;4;2;0;1;0
"25/10/2020";"16:17:00";"64";"2 - Aciden";"118,4";"BR-116/PR";"Sul";"Capotamento";1;0;0;0;0;0;0;0;0;0;1;1;0;1;0
"25/10/2020";"16:24:00";"65";"2 - Aciden";"130,8";"BR-116/PR";"Sul";"Choque - Defensa, barreira ou "submarino"";1;0;0;0;0;0;0;0;0;0;1;1;0;0;0
"25/10/2020";"19:13:00";"77";"3 - Aciden";"126,8";"BR-116/PR";"Norte";"Engavetamento";4;0;0;0;0;0;0;0;0;0;4;0;0;0;0
"25/10/2020";"20:03:00";"80";"3 - Aciden";"162,2";"BR-116/PR";"Sul";"Saida de Pista";1;0;0;0;0;0;0;0;0;0;1;0;0;0;0
"25/10/2020";"20:43:00";"85";"3 - Aciden";"199";"BR-116/PR";"Sul";"Saida de Pista";1;0;0;0;0;0;0;0;0;0;1;0;0;0;0
"26/10/2020";"18:29:00";"79";"2 - Aciden";"118,6";"BR-116/PR";"Sul";"Colisão Traseira";1;0;0;1;0;0;0;0;0;0;2;1;0;0;0
"27/10/2020";"06:11:00";"12";"3 - Aciden";"170";"BR-116/SC";"Norte";"Choque - Talude";1;0;0;0;0;0;0;0;0;0;1;0;0;0;0