data;horario;n_da_ocorrencia;tipo_de_ocorrencia;km;trecho;sentido;tipo_de_acidente;automovel;bicicleta;caminhao;moto;onibus;outros;tracao_animal;transporte_de_cargas_especiais;trator_maquinas;utilitarios;ilesos;levemente_feridos;moderadamente_feridos;gravemente_feridos;mortos
"28/10/2020";"00:58:00";"2";"2 - Aciden";"105,6";"BR-116/SC";"Norte";"Choque - Talude";1;0;0;0;0;0;0;0;0;0;0;1;0;0;0
"28/10/2020";"02:16:00";"6";"3 - Aciden";"118,8";"BR-116/PR";"Sul";"Capotamento";1;0;1;0;0;0;0;0;0;0;2;0;0;0;0
"28/10/2020";"07:06:00";"20";"3 - Aciden";"154";"BR-116/PR";"Sul";"Colisão Lateral";1;0;1;0;0;0;0;0;0;0;3;0;0;0;0
"28/10/2020";"07:42:00";"28";"3 - Aciden";"306,5";"BR-116/SC";"Sul";"Colisão Traseira";0;0;2;0;0;0;0;0;0;1;6;0;0;0;0
"28/10/2020";"07:55:00";"31";"3 - Aciden";"115";"BR-116/PR";"Norte";"Colisão Traseira";1;0;0;1;0;0;0;0;0;0;3;0;0;0;0
"29/10/2020";"15:18:00";"67";"3 - Aciden";"23,9";"BR-116/SC";"Sul";"Colisão Lateral";1;0;2;0;0;0;0;0;0;0;3;0;0;0;0
"29/10/2020";"17:44:00";"84";"3 - Aciden";"138";"BR-116/PR";"Sul";"Colisão Traseira";1;0;0;0;0;0;0;0;0;1;2;0;0;0;0
"29/10/2020";"18:19:00";"87";"2 - Aciden";"246";"BR-116/SC";"Sul";"Colisão Transversal";1;0;0;1;0;0;0;0;0;0;2;1;0;0;0
"29/10/2020";"20:18:00";"98";"2 - Aciden";"51,7";"BR-116/SC";"Norte";"Capotamento";0;0;0;0;0;0;0;0;0;1;0;1;0;0;0
"29/10/2020";"22:18:00";"104";"2 - Aciden";"107,95";"BR-116/SC";"Norte";"Outros";0;0;1;0;0;0;0;0;0;1;2;1;0;0;0
"31/10/2020";"04:26:00";"9";"3 - Aciden";"184,6";"BR-116/SC";"Norte";"Colisão Traseira";1;0;0;0;0;1;0;0;0;0;6;0;0;0;0
"31/10/2020";"05:13:00";"11";"2 - Aciden";"190,1";"BR-116/SC";"Norte";"Capotamento";1;0;0;0;0;0;0;0;0;0;0;0;0;1;0
"31/10/2020";"08:08:00";"19";"3 - Aciden";"139,3";"BR-116/SC";"Sul";"Colisão Traseira";2;0;0;0;0;0;0;0;0;0;3;0;0;0;0
"31/10/2020";"12:03:00";"50";"3 - Aciden";"5";"BR-116/SC";"Sul";"Colisão Traseira";1;0;0;0;0;1;0;0;0;0;2;0;0;0;0
"31/10/2020";"15:00:00";"68";"3 - Aciden";"115,3";"BR-116/PR";"Norte";"Choque - Defensa, barreira ou "submarino"";0;0;1;0;0;0;0;0;0;0;1;0;0;0;0
"31/10/2020";"15:24:00";"71";"3 - Aciden";"209,17";"BR-116/PR";"Sul";"Colisão Traseira";0;0;2;0;0;0;0;0;0;0;2;0;0;0;0
"01/11/2020";"21:48:00";"61";"2 - Aciden";"125,8";"BR-116/PR";"Sul";"Engavetamento";3;0;0;0;0;0;0;0;0;0;3;1;0;0;0
"01/11/2020";"21:53:00";"62";"2 - Aciden";"117,5";"BR-116/PR";"Norte";"Choque - Elemento de Drenagem";1;0;0;0;0;0;0;0;0;0;1;3;0;0;0
"02/11/2020";"16:54:00";"49";"3 - Aciden";"141,8";"BR-116/PR";"Norte";"Capotamento";1;0;0;0;0;0;0;0;0;0;1;0;0;0;0
"02/11/2020";"20:10:00";"72";"2 - Aciden";"210,025";"BR-116/PR";"Sul";"Colisão Transversal";1;0;0;1;0;0;0;0;0;0;3;1;0;0;0
"03/11/2020";"06:55:00";"17";" 2- Aciden";"122,7";"BR-116/PR";"Norte";"Colisão Lateral";1;0;1;0;0;0;0;0;0;0;1;0;1;0;0
"03/11/2020";"10:42:00";"32";"3 - Aciden";"163,2";"BR-116/PR";"Sul";"Choque - Arvore";0;0;0;0;0;0;0;0;0;1;1;0;0;0;0
"03/11/2020";"12:44:00";"39";"2 - Aciden";"171,7";"BR-116/PR";"Norte";"Choque - Arvore";0;0;1;0;0;0;0;0;0;0;0;1;0;0;0
"03/11/2020";"14:28:00";"46";"3 - Aciden";"180,87";"BR-116/SC";"Sul";"Choque - Defensa, barreira ou "submarino"";0;0;1;0;0;0;0;0;0;0;1;0;0;0;0
"03/11/2020";"18:32:00";"67";"3 - Aciden";"200,7";"BR-116/SC";"Sul";"Choque - Suporte de Sinalização";1;0;0;0;0;0;0;0;0;0;1;0;0;0;0
"03/11/2020";"18:49:00";"69";"3 - Aciden";"200,7";"BR-116/SC";"Sul";"Saida de Pista";0;0;0;0;0;0;0;0;0;1;1;0;0;0;0
"04/11/2020";"12:14:00";"45";"2 - Aciden";"106,5";"BR-116/SC";"Norte";"Choque - Defensa, barreira ou "submarino"";0;0;0;0;0;0;0;0;0;1;0;1;0;0;0
"04/11/2020";"17:53:00";"74";"3 - Aciden";"118,8";"BR-116/PR";"Sul";"Colisão Traseira";0;0;2;0;0;0;0;0;0;0;2;0;0;0;0
"04/11/2020";"20:51:00";"86";"2 - Aciden";"152,6";"BR-116/PR";"Sul";"Colisão Transversal";1;0;0;1;0;0;0;0;0;0;2;0;0;1;0
"05/11/2020";"10:45:00";"48";"1 - Aciden";"125,2";"BR-116/PR";"Sul";"Objeto lançado contra veículo";0;0;1;2;0;0;0;0;0;0;2;0;0;0;1
"05/11/2020";"18:11:00";"87";"3 - Aciden";"124,05";"BR-116/PR";"Sul";"Colisão Lateral";1;0;0;1;0;0;0;0;0;0;2;0;0;0;0
"05/11/2020";"18:14:00";"88";"2 - Aciden";"139,9";"BR-116/SC";"Sul";"Colisão Transversal";1;0;0;0;0;0;0;0;0;1;1;1;0;1;0
"05/11/2020";"18:57:00";"92";"3 - Aciden";"141,6";"BR-116/PR";"Norte";"Colisão Traseira";1;0;0;1;0;0;0;0;0;0;2;0;0;0;0
"06/11/2020";"06:14:00";"18";"2 - Aciden";"126,5";"BR-116/PR";"Norte";"Colisão Lateral";1;0;0;1;0;0;0;0;0;0;1;1;0;0;0
"06/11/2020";"14:59:00";"73";"3 - Aciden";"46";"BR-116/SC";"Norte";"Colisão Traseira";1;0;0;0;1;0;0;0;0;0;2;0;0;0;0
"06/11/2020";"17:38:00";"88";"3 - Aciden";"121,5";"BR-116/PR";"Sul";"Engavetamento";3;0;0;0;0;0;0;0;0;0;3;0;0;0;0
"07/11/2020";"18:45:00";"77";"3 - Aciden";"241";"BR-116/SC";"Norte";"Colisão Frontal";0;0;1;0;0;0;0;0;0;1;2;0;0;0;0
"07/11/2020";"20:17:00";"83";"3 - Aciden";"120,8";"BR-116/PR";"Sul";"Engavetamento";3;0;0;0;0;0;0;0;0;0;3;0;0;0;0
"07/11/2020";"21:44:00";"90";"2 - Aciden";"199,3";"BR-116/SC";"Sul";"Atropelamento - Andarilho";0;0;0;0;0;1;0;0;0;0;1;1;0;0;0
"07/11/2020";"22:03:00";"96";"2 - Aciden";"41,65";"BR-116/SC";"Norte";"Colisão Transversal";2;0;0;0;0;0;0;0;0;0;1;1;0;0;0
"07/11/2020";"22:03:00";"95";"2 - Aciden";"41,6";"BR-116/SC";"Norte";"Colisão Lateral";1;0;1;0;0;0;0;0;0;0;1;1;0;0;0
"08/11/2020";"05:20:00";"21";"3 - Aciden";"157,55";"BR-116/PR";"Sul";"Capotamento";1;0;0;0;0;0;0;0;0;0;1;0;0;0;0
"08/11/2020";"16:09:00";"65";"3 - Aciden";"153,2";"BR-116/PR";"Sul";"Choque - Defensa, barreira ou "submarino"";1;0;0;0;0;0;0;0;0;0;1;0;0;0;0
"08/11/2020";"22:08:00";"94";"2 - Aciden";"30";"BR-116/SC";"Sul";"Colisão Transversal";2;0;0;0;0;0;0;0;0;0;2;3;0;0;0
"09/11/2020";"07:46:00";"18";"2 - Aciden";"126,2";"BR-116/PR";"Norte";"Choque - Veiculo parado na pista";0;0;1;1;0;0;0;0;0;0;1;1;0;0;0
"09/11/2020";"13:36:00";"58";"3 - Aciden";"105";"BR-116/SC";"Sul";"Saida de Pista";1;0;0;0;0;0;0;0;0;0;1;0;0;0;0
"09/11/2020";"13:55:00";"60";" 2- Aciden";"140,6";"BR-116/SC";"Sul";"Tombamento";1;0;1;0;0;0;0;0;0;0;3;0;1;0;0
"09/11/2020";"14:07:00";"62";" 2- Aciden";"69,1";"BR-116/SC";"Sul";"Colisão Lateral";2;0;0;0;0;0;0;0;0;0;4;0;1;0;0
"09/11/2020";"14:11:00";"63";"3 - Aciden";"115";"BR-116/PR";"Norte";"Outros";0;0;0;0;0;0;0;0;0;1;1;0;0;0;0
"09/11/2020";"17:41:00";"75";"2 - Aciden";"154,6";"BR-116/PR";"Sul";"Colisão Frontal";1;0;0;0;0;0;0;0;0;1;0;2;0;2;0
"09/11/2020";"18:30:00";"77";"3 - Aciden";"121";"BR-116/PR";"Sul";"Engavetamento";2;0;0;0;0;0;0;0;0;1;3;0;0;0;0
"09/11/2020";"19:00:00";"82";"3 - Aciden";"95";"BR-116/SC";"Sul";"Choque - Talude";1;0;0;0;0;0;0;0;0;0;3;0;0;0;0
"09/11/2020";"21:48:00";"94";"2 - Aciden";"124";"BR-116/PR";"Norte";"Choque - Veiculo parado no acostamento";1;0;0;1;0;0;0;0;0;0;1;1;0;0;0
"10/11/2020";"13:41:00";"52";"3 - Aciden";"174,7";"BR-116/PR";"Sul";"Colisão Lateral";1;0;1;0;0;1;0;0;0;0;3;0;0;0;0
"10/11/2020";"14:31:00";"54";"2 - Aciden";"126,2";"BR-116/PR";"Norte";"Colisão Transversal";1;0;0;1;0;0;0;0;0;0;1;1;0;0;0
"10/11/2020";"20:26:00";"83";"3 - Aciden";"118,3";"BR-116/PR";"Sul";"Choque - Talude";1;0;0;0;0;0;0;0;0;0;1;0;0;0;0
"12/11/2020";"07:10:00";"15";"2 - Aciden";"210,9";"BR-116/PR";"Norte";"Colisão Transversal";1;0;0;1;0;0;0;0;0;0;1;1;0;0;0
"12/11/2020";"17:21:00";"81";"3 - Aciden";"238,8";"BR-116/SC";"Norte";"Queda de Moto";0;0;0;1;0;0;0;0;0;0;1;0;0;0;0
"12/11/2020";"18:59:00";"88";"3 - Aciden";"131,6";"BR-116/PR";"Norte";"Tombamento";0;0;1;0;0;0;0;0;0;0;1;0;0;0;0
"12/11/2020";"19:57:00";"89";"3 - Aciden";"5,7";"BR-116/SC";"Sul";"Colisão Transversal";1;0;0;1;0;0;0;0;0;0;2;0;0;0;0
"12/11/2020";"22:35:00";"97";"1 - Aciden";"0,15";"BR-116/SC";"Norte";"Queda de Moto";0;0;0;1;0;1;0;0;0;0;1;1;0;0;1
"13/11/2020";"02:39:00";"16";"3 - Aciden";"143,35";"BR-116/PR";"Sul";"Choque - Elemento de Drenagem";0;0;0;0;0;0;0;0;0;1;1;0;0;0;0
"13/11/2020";"13:49:00";"81";"2 - Aciden";"204,4";"BR-116/SC";"Norte";"Tombamento";0;0;1;0;0;0;0;0;0;0;0;2;0;0;0
"13/11/2020";"21:49:00";"118";"2 - Aciden";"245,6";"BR-116/SC";"Sul";"Colisão Transversal";2;0;0;0;0;0;0;0;0;0;1;1;0;0;0
"14/11/2020";"00:41:00";"4";"3 - Aciden";"155,2";"BR-116/SC";"Sul";"Tombamento";0;0;1;0;0;0;0;0;0;0;1;0;0;0;0
"14/11/2020";"00:50:00";"6";"2 - Aciden";"160,9";"BR-116/PR";"Sul";"Choque - Talude";1;0;0;0;0;0;0;0;0;0;0;1;0;0;0
"14/11/2020";"04:14:00";"19";"3 - Aciden";"4,39";"BR-116/SC";"Sul";"Choque - Poste";1;0;0;0;0;0;0;0;0;0;1;0;0;0;0
"15/11/2020";"04:58:00";"10";"2 - Aciden";"142";"BR-116/PR";"Sul";"Choque - Defensa, barreira ou "submarino"";1;0;0;0;0;0;0;0;0;0;0;1;0;0;0
"15/11/2020";"10:22:00";"26";"3 - Aciden";"135";"BR-116/SC";"Norte";"Tombamento";0;0;1;0;0;0;0;0;0;0;1;0;0;0;0
"15/11/2020";"18:42:00";"73";"3 - Aciden";"117";"BR-116/PR";"Sul";"Choque - Elemento de Drenagem";1;0;0;0;0;0;0;0;0;0;1;0;0;0;0
"15/11/2020";"18:49:00";"75";"3 - Aciden";"126,2";"BR-116/PR";"Norte";"Colisão Traseira";1;0;0;0;0;1;0;0;0;0;2;0;0;0;0
"15/11/2020";"20:39:00";"84";"2 - Aciden";"170";"BR-116/SC";"Sul";"Colisão Frontal";1;0;2;1;0;0;0;0;0;0;2;1;1;1;0
"16/11/2020";"00:36:00";"2";"1 - Aciden";"156,6";"BR-116/PR";"Norte";"Colisão Frontal";1;0;0;1;0;0;0;0;0;0;3;0;0;0;1
"16/11/2020";"13:54:00";"68";"2 - Aciden";"117";"BR-116/PR";"Norte";"Colisão Traseira";0;0;1;1;0;0;0;0;0;0;1;1;0;0;0
"17/11/2020";"06:45:00";"10";"3 - Aciden";"116,2";"BR-116/PR";"Norte";"Engavetamento";3;0;0;0;0;0;0;0;0;0;3;0;0;0;0
"17/11/2020";"15:55:00";"58";"2 - Aciden";"115,75";"BR-116/PR";"Sul";"Saida de Pista";0;0;0;1;0;0;0;0;0;0;0;2;0;0;0
"18/11/2020";"01:31:00";"4";"3 - Aciden";"119";"BR-116/PR";"Norte";"Capotamento";1;0;0;0;0;1;0;0;0;0;2;0;0;0;0
"18/11/2020";"13:12:00";"51";" 2- Aciden";"53,95";"BR-116/SC";"Norte";"Tombamento";0;0;1;0;0;0;0;0;0;0;0;0;1;0;0
"18/11/2020";"13:13:00";"52";"3 - Aciden";"41,52";"BR-116/SC";"Norte";"Choque - Defensa, barreira ou "submarino"";0;0;1;0;0;0;0;0;0;0;1;0;0;0;0
"18/11/2020";"14:05:00";"61";"3 - Aciden";"53,6";"BR-116/SC";"Sul";"Colisão Traseira";1;0;0;0;0;0;0;0;0;1;4;0;0;0;0
"18/11/2020";"20:07:00";"84";"2 - Aciden";"62,6";"BR-116/SC";"Sul";"Colisão Frontal";0;0;0;0;0;0;0;0;0;2;2;2;0;0;0
"18/11/2020";"20:40:00";"87";"3 - Aciden";"151,2";"BR-116/PR";"Sul";"Colisão Frontal";1;0;1;0;0;0;0;0;0;0;2;0;0;0;0
"18/11/2020";"21:06:00";"88";"3 - Aciden";"115,2";"BR-116/PR";"Norte";"Choque - Elemento de Drenagem";1;0;0;0;0;0;0;0;0;0;1;0;0;0;0
"18/11/2020";"22:45:00";"95";"3 - Aciden";"118,2";"BR-116/PR";"Norte";"Colisão Traseira";0;0;0;1;0;1;0;0;0;0;2;0;0;0;0
"19/11/2020";"09:26:00";"25";"3 - Aciden";"41,7";"BR-116/SC";"Sul";"Colisão Traseira";0;0;2;0;0;0;0;0;0;0;2;0;0;0;0
"19/11/2020";"13:18:00";"53";"3 - Aciden";"134,4";"BR-116/PR";"Norte";"Colisão Traseira";0;0;0;0;0;1;0;0;0;1;2;0;0;0;0
"19/11/2020";"13:46:00";"55";"2 - Aciden";"131,78";"BR-116/PR";"Norte";"Choque - Poste";1;0;0;0;0;0;0;0;0;0;0;3;0;0;0
"19/11/2020";"14:22:00";"59";"3 - Aciden";"39,3";"BR-116/SC";"Sul";"Choque - Arvore";0;0;0;0;0;0;0;0;0;1;1;0;0;0;0
"19/11/2020";"22:13:00";"105";"2 - Aciden";"25,3";"BR-116/SC";"Norte";"Choque - Defensa, barreira ou "submarino"";0;0;1;0;0;0;0;0;0;0;0;0;0;1;0
"20/11/2020";"11:36:00";"53";"3 - Aciden";"134,6";"BR-116/PR";"Norte";"Colisão Lateral";0;0;1;0;0;0;0;0;0;1;4;0;0;0;0
"20/11/2020";"15:41:00";"70";"3 - Aciden";"12";"BR-116/SC";"Sul";"Colisão Transversal";1;0;1;0;0;0;0;0;0;0;2;0;0;0;0
"20/11/2020";"20:54:00";"95";"3 - Aciden";"154,4";"BR-116/SC";"Sul";"Tombamento";0;0;1;0;0;0;0;0;0;0;1;0;0;0;0
"20/11/2020";"22:26:00";"101";"2 - Aciden";"118,09";"BR-116/PR";"Norte";"Colisão Traseira";1;0;0;0;0;1;0;0;0;0;1;1;0;0;0
"21/11/2020";"01:03:00";"3";"3 - Aciden";"48,99";"BR-116/SC";"Norte";"Colisão Frontal";1;0;1;0;0;0;0;0;0;0;2;0;0;0;0
"21/11/2020";"03:10:00";"8";"3 - Aciden";"273,5";"BR-116/SC";"Norte";"Saida de Pista";1;0;0;0;0;0;0;0;0;0;1;0;0;0;0
"21/11/2020";"03:24:00";"9";"3 - Aciden";"268,4";"BR-116/SC";"Sul";"Choque - Arvore";1;0;0;0;0;0;0;0;0;0;1;0;0;0;0
"21/11/2020";"18:09:00";"65";"1 - Aciden";"210,85";"BR-116/PR";"Norte";"Colisão Transversal";1;0;1;1;0;0;0;0;0;0;2;0;0;0;1
"21/11/2020";"20:07:00";"74";"2 - Aciden";"142,13";"BR-116/PR";"Sul";"Atropelamento - Andarilho";1;0;0;0;0;0;0;0;0;0;1;1;0;0;0
"22/11/2020";"00:31:00";"4";"3 - Aciden";"119,1";"BR-116/PR";"Norte";"Colisão Traseira";1;0;1;0;0;0;0;0;0;0;2;0;0;0;0
"22/11/2020";"03:30:00";"12";"2 - Aciden";"122,78";"BR-116/PR";"Sul";"Queda de Moto";0;0;0;1;0;0;0;0;0;0;0;0;0;1;0
"22/11/2020";"04:07:00";"14";"2 - Aciden";"136,8";"BR-116/SC";"Sul";"Capotamento";1;0;0;0;0;0;0;0;0;0;1;2;0;0;0
"22/11/2020";"17:01:00";"79";"3 - Aciden";"167";"BR-116/PR";"Norte";"Colisão Lateral";1;0;1;0;0;0;0;0;0;0;2;0;0;0;0
"22/11/2020";"20:07:00";"97";"2 - Aciden";"1,9";"BR-116/SC";"Sul";"Atropelamento de Animal";1;0;0;0;0;0;0;0;0;0;1;1;0;0;0
"22/11/2020";"22:42:00";"107";"3 - Aciden";"166,85";"BR-116/PR";"Sul";"Colisão Frontal";1;0;1;0;0;0;0;0;0;0;2;0;0;0;0
"24/11/2020";"11:17:00";"64";"3 - Aciden";"140";"BR-116/SC";"Sul";"Colisão Transversal";1;0;1;0;0;0;0;0;0;0;2;0;0;0;0
"24/11/2020";"17:46:00";"103";"3 - Aciden";"236,05";"BR-116/SC";"Sul";"Choque - Elemento de Drenagem";1;0;0;0;0;0;0;0;0;0;2;0;0;0;0
"24/11/2020";"19:02:00";"110";"3 - Aciden";"140,6";"BR-116/SC";"Sul";"Tombamento";0;0;2;0;0;0;0;0;0;0;2;0;0;0;0
"25/11/2020";"07:32:00";"17";"3 - Aciden";"125,5";"BR-116/PR";"Norte";"Colisão Traseira";1;0;0;1;0;0;0;0;0;0;2;0;0;0;0
"25/11/2020";"17:11:00";"79";"3 - Aciden";"117";"BR-116/PR";"Norte";"Choque - Defensa, barreira ou "submarino"";1;0;0;0;0;0;0;0;0;1;2;0;0;0;0
"26/11/2020";"10:05:00";"39";"3 - Aciden";"121,3";"BR-116/PR";"Sul";"Colisão Lateral";1;0;1;0;0;0;0;0;0;0;2;0;0;0;0
"26/11/2020";"15:56:00";"80";"3 - Aciden";"245,65";"BR-116/SC";"Sul";"Colisão Lateral";0;0;1;0;0;0;0;0;0;1;2;0;0;0;0
"27/11/2020";"11:56:00";"41";"2 - Aciden";"189,4";"BR-116/PR";"Norte";"Colisão Lateral";1;0;0;0;0;0;0;0;0;1;4;0;0;1;0
"27/11/2020";"22:38:00";"84";"3 - Aciden";"162,3";"BR-116/PR";"Norte";"Choque - Arvore";1;0;0;0;0;0;0;0;0;0;1;0;0;0;0
"27/11/2020";"22:47:00";"86";"3 - Aciden";"233,8";"BR-116/SC";"Sul";"Saida de Pista";0;0;1;0;0;0;0;0;0;0;1;0;0;0;0
"28/11/2020";"10:34:00";"47";"3 - Aciden";"101";"BR-116/SC";"Sul";"Saida de Pista";0;0;1;0;0;0;0;0;0;0;1;0;0;0;0
"28/11/2020";"15:49:00";"71";"3 - Aciden";"120";"BR-116/PR";"Norte";"Engavetamento";3;0;1;0;0;0;0;0;0;0;4;0;0;0;0
"28/11/2020";"20:13:00";"102";"2 - Aciden";"126";"BR-116/PR";"Norte";"Engavetamento";4;0;0;0;0;0;0;0;0;0;4;1;0;0;0
"29/11/2020";"00:10:00";"1";"3 - Aciden";"183,4";"BR-116/PR";"Norte";"Choque - Suporte de Sinalização";0;0;0;0;0;0;0;0;0;1;1;0;0;0;0
"29/11/2020";"02:05:00";"8";"3 - Aciden";"121,48";"BR-116/PR";"Sul";"Tombamento";1;0;1;0;0;0;0;0;0;0;2;0;0;0;0
"29/11/2020";"07:15:00";"23";"3 - Aciden";"149";"BR-116/SC";"Sul";"Saida de Pista";0;0;0;0;0;0;0;0;0;1;2;0;0;0;0
"29/11/2020";"22:30:00";"87";"3 - Aciden";"122,3";"BR-116/SC";"Sul";"Colisão Lateral";1;0;1;0;0;0;0;0;0;0;3;0;0;0;0
"30/11/2020";"20:01:00";"82";"3 - Aciden";"169";"BR-116/SC";"Norte";"Atropelamento de Animal";0;0;0;0;0;0;0;0;0;1;1;0;0;0;0
"01/12/2020";"11:39:00";"45";"1 - Aciden";"251,35";"BR-116/SC";"Sul";"Colisão Transversal";1;0;0;1;0;0;0;0;0;0;1;3;0;0;1
"01/12/2020";"17:32:00";"71";"2 - Aciden";"122";"BR-116/PR";"Norte";"Queda de Moto";0;0;0;1;0;0;0;0;0;0;0;1;0;0;0
"01/12/2020";"19:58:00";"80";"3 - Aciden";"121";"BR-116/PR";"Sul";"Engavetamento";2;0;0;0;0;2;0;0;0;0;4;0;0;0;0
"02/12/2020";"10:41:00";"43";"2 - Aciden";"210";"BR-116/PR";"Norte";"Colisão Transversal";2;0;0;1;0;0;0;0;0;0;2;1;0;0;0
"02/12/2020";"19:03:00";"98";"3 - Aciden";"121,8";"BR-116/PR";"Sul";"Engavetamento";3;0;0;0;0;0;0;0;0;0;3;0;0;0;0
"03/12/2020";"07:46:00";"22";"2 - Aciden";"126,001";"BR-116/PR";"Norte";"Colisão Transversal";1;0;0;1;0;0;0;0;0;0;1;1;0;0;0
"03/12/2020";"09:40:00";"37";"3 - Aciden";"171,1";"BR-116/SC";"Norte";"Saida de Pista";1;0;0;0;0;0;0;0;0;0;1;0;0;0;0
"03/12/2020";"16:01:00";"76";"3 - Aciden";"134,4";"BR-116/PR";"Norte";"Colisão Traseira";1;0;1;0;0;0;0;0;0;0;3;0;0;0;0
"03/12/2020";"18:48:00";"93";"3 - Aciden";"121,8";"BR-116/PR";"Sul";"Colisão Traseira";2;0;0;0;0;0;0;0;0;0;2;0;0;0;0
"03/12/2020";"20:50:00";"96";"3 - Aciden";"209";"BR-116/PR";"Norte";"Colisão Traseira";1;0;0;0;0;1;0;0;0;0;2;0;0;0;0
"04/12/2020";"09:24:00";"24";"3 - Aciden";"245,4";"BR-116/SC";"Norte";"Colisão Lateral";1;0;0;0;0;0;0;0;0;1;3;0;0;0;0
"04/12/2020";"12:06:00";"43";"3 - Aciden";"128";"BR-116/PR";"Sul";"Colisão Lateral";1;0;1;0;0;0;0;0;0;0;2;0;0;0;0
"04/12/2020";"15:52:00";"69";"2 - Aciden";"138,5";"BR-116/PR";"Norte";"Capotamento";1;0;0;0;0;0;0;0;0;0;0;2;0;2;0
"05/12/2020";"01:35:00";"7";"1 - Aciden";"99,7";"BR-116/SC";"Norte";"Colisão Frontal";1;0;0;0;1;0;0;0;0;0;11;0;1;0;1
"05/12/2020";"04:34:00";"14";"3 - Aciden";"118,85";"BR-116/PR";"Norte";"Choque - Elemento de Drenagem";1;0;0;0;0;0;0;0;0;0;1;0;0;0;0
"05/12/2020";"05:58:00";"15";"3 - Aciden";"238,95";"BR-116/SC";"Sul";"Tombamento";0;0;1;0;0;0;0;0;0;0;1;0;0;0;0
"05/12/2020";"12:33:00";"42";"3 - Aciden";"135";"BR-116/PR";"Norte";"Capotamento";1;0;0;0;0;0;0;0;0;0;1;0;0;0;0
"05/12/2020";"15:59:00";"53";"3 - Aciden";"115,2";"BR-116/PR";"Norte";"Colisão Lateral";1;0;0;0;0;1;0;0;0;0;2;0;0;0;0
"05/12/2020";"16:00:00";"54";"2 - Aciden";"161,7";"BR-116/PR";"Norte";"Capotamento";1;0;0;0;0;0;0;0;0;0;0;1;0;0;0
"05/12/2020";"16:18:00";"57";" 2- Aciden";"126";"BR-116/PR";"Norte";"Colisão Lateral";0;0;0;2;0;0;0;0;0;0;1;0;1;0;0
"05/12/2020";"16:43:00";"58";"2 - Aciden";"156,8";"BR-116/PR";"Norte";"Colisão Transversal";2;0;0;0;0;0;0;0;0;0;1;0;0;1;0
"05/12/2020";"19:51:00";"71";"1 - Aciden";"147,45";"BR-116/PR";"Norte";"Atropelamento - Andarilho";0;0;1;0;0;0;0;0;0;0;1;0;0;0;1
"05/12/2020";"20:26:00";"76";"3 - Aciden";"126";"BR-116/PR";"Norte";"Choque - Elemento de Drenagem";0;0;1;0;0;0;0;0;0;0;1;0;0;0;0
"06/12/2020";"04:47:00";"15";"3 - Aciden";"119";"BR-116/PR";"Sul";"Choque - Elemento de Drenagem";1;0;0;0;0;0;0;0;0;0;1;0;0;0;0
"06/12/2020";"10:11:00";"26";"3 - Aciden";"124,2";"BR-116/PR";"Sul";"Choque - Defensa, barreira ou "submarino"";1;0;0;0;0;0;0;0;0;0;1;0;0;0;0
"07/12/2020";"06:36:00";"12";"2 - Aciden";"121";"BR-116/PR";"Norte";"Colisão Lateral";1;0;0;1;0;0;0;0;0;0;1;1;0;0;0
"07/12/2020";"14:42:00";"75";"2 - Aciden";"1,2";"BR-116/SC";"Sul";"Colisão Transversal";0;0;0;1;0;0;0;0;0;1;2;1;0;0;0
"07/12/2020";"15:24:00";"80";"2 - Aciden";"211,7";"BR-116/PR";"Norte";"Colisão Traseira";1;0;1;0;0;0;0;0;0;0;0;1;1;0;0
"07/12/2020";"23:18:00";"119";"2 - Aciden";"166,5";"BR-116/PR";"Norte";"Colisão Frontal";2;0;0;0;0;0;0;0;0;0;0;3;0;0;0
"08/12/2020";"07:19:00";"20";"2 - Aciden";"8";"BR-116/SC";"Sul";"Queda de Moto";0;0;0;1;0;0;0;0;0;0;0;1;0;0;0
"08/12/2020";"09:02:00";"38";"2 - Aciden";"308,7";"BR-116/SC";"Norte";"Tombamento";0;0;1;0;0;0;0;0;0;0;0;1;0;0;0
"08/12/2020";"14:43:00";"79";"3 - Aciden";"245,001";"BR-116/SC";"Norte";"Colisão Traseira";1;0;0;0;0;0;0;0;0;1;2;0;0;0;0
"08/12/2020";"17:36:00";"94";"3 - Aciden";"115,5";"BR-116/PR";"Norte";"Colisão Traseira";1;0;0;0;0;0;0;0;0;1;2;0;0;0;0
"09/12/2020";"00:03:00";"1";"2 - Aciden";"107,7";"BR-116/SC";"Norte";"Queda de Moto";0;0;0;1;0;0;0;0;0;0;0;1;0;0;0
"09/12/2020";"06:52:00";"14";"3 - Aciden";"156,001";"BR-116/SC";"Norte";"Colisão Traseira";0;0;2;0;0;0;0;0;0;0;2;0;0;0;0
"09/12/2020";"09:43:00";"34";"3 - Aciden";"122";"BR-116/PR";"Norte";"Colisão Traseira";0;0;2;0;0;0;0;0;0;0;2;0;0;0;0
"09/12/2020";"20:55:00";"100";"3 - Aciden";"197";"BR-116/SC";"Sul";"Saida de Pista";1;0;0;0;0;0;0;0;0;0;1;0;0;0;0
"10/12/2020";"14:21:00";"53";"3 - Aciden";"130,8";"BR-116/PR";"Norte";"Colisão Traseira";1;0;0;0;0;0;0;0;0;0;1;0;0;0;0
"10/12/2020";"18:28:00";"89";"2 - Aciden";"117";"BR-116/PR";"Norte";"Colisão Lateral";1;0;0;1;0;0;0;0;0;0;0;1;1;0;0
"10/12/2020";"23:27:00";"114";"2 - Aciden";"1";"BR-116/SC";"Sul";"Queda de Moto";0;0;0;1;0;0;0;0;0;0;0;1;0;0;0
"11/12/2020";"07:23:00";"22";"2 - Aciden";"124";"BR-116/PR";"Norte";"Colisão Traseira";1;0;0;1;0;0;0;0;0;0;1;1;0;0;0
"11/12/2020";"14:53:00";"75";"3 - Aciden";"8,5";"BR-116/SC";"Sul";"Colisão Traseira";0;0;1;0;0;0;0;0;0;1;2;0;0;0;0
"11/12/2020";"16:18:00";"91";" 2- Aciden";"33";"BR-116/SC";"Norte";"Tombamento";1;0;0;0;0;0;0;0;0;0;0;0;2;0;0
"11/12/2020";"18:10:00";"102";"3 - Aciden";"5,5";"BR-116/SC";"Sul";"Engavetamento";2;0;0;0;0;1;0;0;0;0;3;0;0;0;0
"11/12/2020";"18:51:00";"106";"2 - Aciden";"117,6";"BR-116/PR";"Sul";"Colisão Lateral";0;0;0;2;0;0;0;0;0;0;0;2;0;0;0