data;horario;n_da_ocorrencia;tipo_de_ocorrencia;km;trecho;sentido;tipo_de_acidente;automovel;bicicleta;caminhao;moto;onibus;outros;tracao_animal;transporte_de_cargas_especiais;trator_maquinas;utilitarios;ilesos;levemente_feridos;moderadamente_feridos;gravemente_feridos;mortos
"11/03/2021";"17:14:00";"102";"3 - Aciden";"122,5";"BR-116/PR";"Sul";"Colisão Traseira";1;0;0;0;0;1;0;0;0;0;2;0;0;0;0
"12/03/2021";"17:36:00";"99";"3 - Aciden";"131,001";"BR-116/PR";"Sul";"Colisão Traseira";1;0;1;0;0;0;0;0;0;0;2;0;0;0;0
"12/03/2021";"19:46:00";"116";"2 - Aciden";"190,001";"BR-116/SC";"Sul";"Choque - Defensa, barreira ou "submarino"";0;0;0;1;0;0;0;0;0;0;0;1;0;0;0
"12/03/2021";"20:27:00";"120";"2 - Aciden";"125,001";"BR-116/PR";"Sul";"Colisão Traseira";1;0;0;1;0;0;0;0;0;0;1;2;0;0;0
"13/03/2021";"06:36:00";"18";"3 - Aciden";"171";"BR-116/SC";"Norte";"Choque - Talude";1;0;0;0;0;0;0;0;0;0;1;0;0;0;0
"13/03/2021";"19:30:00";"97";"3 - Aciden";"132";"BR-116/PR";"Sul";"Colisão Frontal";1;0;1;0;0;0;0;0;0;0;2;0;0;0;0
"14/03/2021";"01:15:00";"4";"2 - Aciden";"125,8";"BR-116/PR";"Sul";"Colisão Lateral";1;0;0;1;0;0;0;0;0;0;1;1;0;0;0
"14/03/2021";"17:21:00";"47";"3 - Aciden";"245,6";"BR-116/SC";"Sul";"Colisão Traseira";2;0;0;0;0;0;0;0;0;0;2;0;0;0;0
"14/03/2021";"21:30:00";"59";"3 - Aciden";"120,2";"BR-116/PR";"Sul";"Choque - Elemento de Drenagem";1;0;0;0;0;0;0;0;0;0;1;0;0;0;0
"15/03/2021";"01:34:00";"3";"3 - Aciden";"126,531";"BR-116/PR";"Norte";"Saida de Pista";1;0;0;0;0;0;0;0;0;0;1;0;0;0;0
"15/03/2021";"16:16:00";"78";"2 - Aciden";"124";"BR-116/PR";"Norte";"Choque - Defensa, barreira ou "submarino"";0;0;0;0;0;0;0;0;0;1;0;1;0;0;0
"15/03/2021";"16:48:00";"84";"3 - Aciden";"131";"BR-116/PR";"Norte";"Saida de Pista";1;0;0;0;0;0;0;0;0;0;1;0;0;0;0
"16/03/2021";"05:35:00";"16";"3 - Aciden";"124,001";"BR-116/SC";"Sul";"Saida de Pista";0;0;1;0;0;0;0;0;0;0;1;0;0;0;0
"16/03/2021";"11:41:00";"65";"2 - Aciden";"158,4";"BR-116/PR";"Sul";"Colisão Transversal";1;0;1;0;0;0;0;0;0;0;0;2;0;1;0
"16/03/2021";"14:02:00";"76";"2 - Aciden";"177,3";"BR-116/SC";"Sul";"Colisão Lateral";0;0;0;1;0;1;0;0;0;0;1;1;0;0;0
"16/03/2021";"18:34:00";"113";"3 - Aciden";"134,5";"BR-116/PR";"Sul";"Tombamento";0;0;1;0;0;0;0;0;0;0;1;0;0;0;0
"17/03/2021";"12:43:00";"42";"1 - Aciden";"192,121";"BR-116/SC";"Sul";"Colisão Frontal";1;0;1;0;0;0;0;0;0;1;1;1;0;0;1
"17/03/2021";"14:51:00";"50";"3 - Aciden";"201,8";"BR-116/PR";"Sul";"Colisão Traseira";2;0;0;0;0;0;0;0;0;0;2;0;0;0;0
"18/03/2021";"18:45:00";"105";"3 - Aciden";"220,43";"BR-116/SC";"Sul";"Colisão Traseira";1;0;0;0;1;0;0;0;0;0;2;0;0;0;0
"18/03/2021";"21:54:00";"123";"3 - Aciden";"125,001";"BR-116/PR";"Sul";"Colisão Transversal";1;0;1;0;0;0;0;0;0;0;3;0;0;0;0
"19/03/2021";"12:28:00";"58";"2 - Aciden";"195,08";"BR-116/PR";"Sul";"Queda de Moto";0;0;0;1;0;0;0;0;0;0;0;1;0;0;0
"19/03/2021";"20:37:00";"108";"3 - Aciden";"123,5";"BR-116/PR";"Sul";"Saida de Pista";1;0;0;0;0;0;0;0;0;0;2;0;0;0;0
"20/03/2021";"19:56:00";"81";"3 - Aciden";"115,8";"BR-116/SC";"Sul";"Colisão Traseira";1;0;1;0;0;0;0;0;0;0;2;0;0;0;0
"20/03/2021";"22:43:00";"96";"2 - Aciden";"186,001";"BR-116/PR";"Norte";"Colisão Traseira";1;0;0;0;0;1;0;0;0;0;1;1;0;0;0
"21/03/2021";"02:50:00";"7";"3 - Aciden";"21,8";"BR-116/SC";"Norte";"Saida de Pista";1;0;0;0;0;0;0;0;0;0;1;0;0;0;0
"21/03/2021";"15:17:00";"49";"1 - Aciden";"125,463";"BR-116/PR";"Sul";"Atropelamento - Andarilho";0;0;0;1;0;0;0;0;0;0;0;0;0;0;2
"22/03/2021";"00:25:00";"4";"1 - Aciden";"169,2";"BR-116/PR";"Norte";"Colisão Frontal";1;0;2;0;0;0;0;0;0;0;3;0;0;0;1
"22/03/2021";"18:30:00";"79";"3 - Aciden";"40,6";"BR-116/SC";"Sul";"Saida de Pista";1;0;0;0;0;0;0;0;0;0;1;0;0;0;0
"22/03/2021";"20:08:00";"86";"2 - Aciden";"117,1";"BR-116/SC";"Sul";"Tombamento";0;0;1;0;0;0;0;0;0;0;0;1;0;0;0
"23/03/2021";"15:23:00";"87";"3 - Aciden";"12,1";"BR-116/SC";"Sul";"Colisão Transversal";0;0;2;0;0;0;0;0;0;0;2;0;0;0;0
"23/03/2021";"17:50:00";"103";"2 - Aciden";"12,1";"BR-116/SC";"Sul";"Colisão Traseira";1;0;0;0;0;1;0;0;0;0;1;1;0;0;0
"23/03/2021";"18:40:00";"108";"3 - Aciden";"134,2";"BR-116/PR";"Norte";"Saida de Pista";1;0;0;0;0;0;0;0;0;0;1;0;0;0;0
"24/03/2021";"06:36:00";"11";"3 - Aciden";"116,3";"BR-116/PR";"Norte";"Colisão Lateral";2;0;0;0;0;0;0;0;0;0;2;0;0;0;0
"24/03/2021";"18:29:00";"87";"2 - Aciden";"104,5";"BR-116/SC";"Sul";"Saida de Pista";0;0;1;0;0;0;0;0;0;0;0;1;0;0;0
"25/03/2021";"17:24:00";"81";"3 - Aciden";"152,1";"BR-116/PR";"Norte";"Tombamento";0;0;1;0;0;0;0;0;0;0;1;0;0;0;0
"25/03/2021";"19:53:00";"95";"3 - Aciden";"152,2";"BR-116/PR";"Sul";"Colisão Lateral";1;0;0;0;1;0;0;0;0;0;4;0;0;0;0
"27/03/2021";"11:36:00";"45";"2 - Aciden";"127,3";"BR-116/PR";"Sul";"Colisão Lateral";1;0;0;1;0;0;0;0;0;0;1;2;0;0;0
"27/03/2021";"12:23:00";"52";"2 - Aciden";"7,05";"BR-116/SC";"Norte";"Colisão Traseira";0;0;1;1;0;0;0;0;0;0;1;1;0;0;0
"27/03/2021";"17:02:00";"82";"2 - Aciden";"118,001";"BR-116/PR";"Sul";"Colisão Lateral";1;0;0;1;0;1;0;0;0;0;2;1;0;0;0
"27/03/2021";"18:24:00";"96";"3 - Aciden";"154,9";"BR-116/SC";"Norte";"Tombamento";0;0;1;0;0;0;0;0;0;0;1;0;0;0;0
"27/03/2021";"21:42:00";"100";"3 - Aciden";"159,001";"BR-116/SC";"Norte";"Saida de Pista";1;0;0;0;0;0;0;0;0;0;1;0;0;0;0
"28/03/2021";"15:45:00";"53";"3 - Aciden";"91,1";"BR-116/SC";"Norte";"Saida de Pista";1;0;0;0;0;0;0;0;0;0;2;0;0;0;0
"28/03/2021";"18:56:00";"72";"3 - Aciden";"126,1";"BR-116/PR";"Norte";"Engavetamento";1;0;0;0;0;0;0;0;0;0;1;0;0;0;0
"28/03/2021";"19:12:00";"74";"3 - Aciden";"141";"BR-116/PR";"Norte";"Saida de Pista";0;0;1;0;0;0;0;0;0;0;1;0;0;0;0
"28/03/2021";"19:28:00";"77";"1 - Aciden";"149,732";"BR-116/PR";"Sul";"Colisão Frontal";0;0;1;0;0;0;0;0;0;1;1;0;0;0;1
"28/03/2021";"19:37:00";"79";"2 - Aciden";"207,1";"BR-116/PR";"Norte";"Queda de Moto";0;0;0;1;0;0;0;0;0;0;0;1;0;0;0
"29/03/2021";"15:40:00";"63";"3 - Aciden";"245,1";"BR-116/SC";"Sul";"Colisão Traseira";1;0;0;0;0;0;0;0;0;1;3;0;0;0;0
"29/03/2021";"16:11:00";"67";"3 - Aciden";"181";"BR-116/PR";"Sul";"Saida de Pista";1;0;0;0;0;0;0;0;0;0;1;0;0;0;0
"29/03/2021";"16:18:00";"69";"3 - Aciden";"122";"BR-116/PR";"Norte";"Engavetamento";1;0;2;0;0;0;0;0;0;0;5;0;0;0;0
"29/03/2021";"16:48:00";"75";"3 - Aciden";"209,1";"BR-116/PR";"Sul";"Colisão Traseira";2;0;0;0;0;0;0;0;0;0;5;0;0;0;0
"30/03/2021";"05:12:00";"15";"3 - Aciden";"126,001";"BR-116/PR";"Norte";"Colisão Lateral";1;0;1;0;0;0;0;0;0;0;2;0;0;0;0
"30/03/2021";"07:55:00";"21";"3 - Aciden";"116,001";"BR-116/PR";"Norte";"Colisão Traseira";1;0;0;1;0;0;0;0;0;0;2;0;0;0;0
"30/03/2021";"09:38:00";"50";"3 - Aciden";"199,8";"BR-116/PR";"Sul";"Saida de Pista";0;0;1;0;0;0;0;0;0;0;1;0;0;0;0
"30/03/2021";"16:00:00";"82";"3 - Aciden";"66,3";"BR-116/SC";"Sul";"Saida de Pista";0;0;0;0;0;0;0;0;0;1;1;0;0;0;0
"30/03/2021";"18:25:00";"96";"3 - Aciden";"121";"BR-116/PR";"Sul";"Engavetamento";2;0;0;0;0;2;0;0;0;0;4;0;0;0;0
"30/03/2021";"20:02:00";"101";"2 - Aciden";"132";"BR-116/PR";"Norte";"Choque - Objeto sobre a pista";0;0;1;1;0;0;0;0;0;0;1;1;0;0;0
"31/03/2021";"00:19:00";"3";"3 - Aciden";"140,001";"BR-116/SC";"Norte";"Saida de Pista";1;0;0;0;0;0;0;0;0;0;2;0;0;0;0
"31/03/2021";"16:25:00";"81";"3 - Aciden";"58";"BR-116/SC";"Sul";"Colisão Transversal";1;0;0;1;0;1;0;0;0;0;3;0;0;0;0
"01/04/2021";"00:00:00";"34";"2 - Aciden";"229,614";"BR-116/SC";"Sul";"Saida de Pista";0;0;0;0;0;0;0;0;0;1;0;2;0;0;0
"01/04/2021";"00:40:00";"6";"3 - Aciden";"118,001";"BR-116/SC";"Sul";"Choque - Defensa, barreira ou "submarino"";1;0;0;0;0;0;0;0;0;0;3;0;0;0;0
"01/04/2021";"02:01:00";"13";"3 - Aciden";"135,2";"BR-116/SC";"Sul";"Choque - Defensa, barreira ou "submarino"";0;0;1;0;0;0;0;0;0;0;1;0;0;0;0
"01/04/2021";"09:24:00";"35";"3 - Aciden";"42,2";"BR-116/SC";"Sul";"Colisão Lateral";1;0;1;0;0;0;0;0;0;0;2;0;0;0;0
"01/04/2021";"13:23:00";"53";"2 - Aciden";"119,5";"BR-116/PR";"Sul";"Colisão Lateral";0;1;1;0;0;0;0;0;0;0;1;1;0;0;0
"01/04/2021";"16:22:00";"73";"3 - Aciden";"144,1";"BR-116/PR";"Norte";"Colisão Traseira";1;0;1;0;0;0;0;0;0;1;3;0;0;0;0
"01/04/2021";"17:14:00";"75";"2 - Aciden";"121,1";"BR-116/PR";"Sul";"Colisão Traseira";0;0;0;1;0;0;0;0;0;1;1;1;0;0;0
"01/04/2021";"18:36:00";"82";"3 - Aciden";"124,6";"BR-116/PR";"Sul";"Colisão Lateral";2;0;0;1;0;0;0;0;0;0;3;0;0;0;0
"01/04/2021";"19:06:00";"87";"2 - Aciden";"126,93";"BR-116/PR";"Sul";"Queda de Moto";0;0;0;1;0;0;0;0;0;0;0;1;0;0;0
"02/04/2021";"08:35:00";"18";"3 - Aciden";"86,001";"BR-116/SC";"Sul";"Colisão Lateral";2;0;0;0;0;0;0;0;0;0;2;0;0;0;0
"02/04/2021";"13:44:00";"44";"3 - Aciden";"211,001";"BR-116/SC";"Norte";"Saida de Pista";1;0;0;0;0;0;0;0;0;0;1;0;0;0;0
"02/04/2021";"22:02:00";"79";"2 - Aciden";"67,001";"BR-116/SC";"Norte";"Saida de Pista";1;0;0;0;0;0;0;0;0;0;0;1;0;0;0
"03/04/2021";"16:52:00";"50";"2 - Aciden";"9,001";"BR-116/SC";"Norte";"Colisão Transversal";0;0;0;1;0;1;0;0;1;0;2;1;0;0;0
"03/04/2021";"17:18:00";"52";"2 - Aciden";"120,5";"BR-116/PR";"Sul";"Capotamento";1;0;0;0;0;0;0;0;0;0;0;2;0;0;0
"03/04/2021";"17:32:00";"53";"3 - Aciden";"119,16";"BR-116/PR";"Sul";"Colisão Traseira";3;0;0;0;0;0;0;0;0;0;4;0;0;0;0
"04/04/2021";"15:39:00";"48";"3 - Aciden";"13,5";"BR-116/SC";"Sul";"Colisão Traseira";0;0;2;0;0;0;0;0;0;0;2;0;0;0;0
"04/04/2021";"19:20:00";"66";"2 - Aciden";"210,8";"BR-116/PR";"Norte";"Colisão Transversal";1;0;0;1;0;0;0;0;0;0;3;1;0;0;0
"05/04/2021";"07:37:00";"13";"3 - Aciden";"121,001";"BR-116/PR";"Norte";"Choque - Veiculo parado na pista";2;0;0;0;0;0;0;0;0;0;2;0;0;0;0
"05/04/2021";"08:12:00";"16";"2 - Aciden";"116,001";"BR-116/PR";"Norte";"Colisão Lateral";0;0;1;1;0;0;0;0;0;0;1;1;0;0;0
"05/04/2021";"08:25:00";"17";"2 - Aciden";"122,2";"BR-116/PR";"Norte";"Colisão Traseira";1;0;0;1;0;0;0;0;0;0;1;1;0;0;0
"05/04/2021";"10:57:00";"33";"2 - Aciden";"220";"BR-116/SC";"Sul";"Colisão Transversal";2;0;0;0;0;0;0;0;0;0;1;1;0;0;0
"05/04/2021";"19:21:00";"81";"3 - Aciden";"178,9";"BR-116/SC";"Sul";"Colisão Transversal";1;0;1;0;0;0;0;0;0;0;2;0;0;0;0
"06/04/2021";"22:29:00";"105";"3 - Aciden";"184,6";"BR-116/SC";"Norte";"Tombamento";0;0;1;0;0;0;0;0;0;0;1;0;0;0;0
"07/04/2021";"06:50:00";"20";"2 - Aciden";"124";"BR-116/PR";"Norte";"Colisão Traseira";0;0;0;2;0;0;0;0;0;0;1;1;0;0;0
"07/04/2021";"14:45:00";"71";"3 - Aciden";"66,1";"BR-116/SC";"Norte";"Engavetamento";0;0;3;0;0;0;0;0;0;0;3;0;0;0;0
"07/04/2021";"18:10:00";"84";"2 - Aciden";"119,1";"BR-116/PR";"Sul";"Engavetamento";3;0;0;0;0;0;0;0;0;0;2;1;0;0;0
"07/04/2021";"18:33:00";"85";"2 - Aciden";"123,1";"BR-116/PR";"Norte";"Colisão Lateral";0;0;0;1;0;0;0;0;0;1;1;1;0;0;0
"07/04/2021";"20:07:00";"89";"3 - Aciden";"117,01";"BR-116/PR";"Sul";"Colisão Lateral";1;0;1;0;0;0;0;0;0;0;2;0;0;0;0
"07/04/2021";"20:28:00";"91";"3 - Aciden";"117,01";"BR-116/PR";"Sul";"Colisão Lateral";1;0;1;0;0;0;0;0;0;0;2;0;0;0;0
"07/04/2021";"21:31:00";"98";"3 - Aciden";"122";"BR-116/PR";"Sul";"Capotamento";1;0;0;0;0;0;0;0;0;0;1;0;0;0;0
"08/04/2021";"12:44:00";"86";"3 - Aciden";"121,9";"BR-116/PR";"Sul";"Choque - Veiculo parado na pista";3;0;0;0;0;0;0;0;0;0;3;0;0;0;0
"08/04/2021";"14:49:00";"100";"3 - Aciden";"6,4";"BR-116/SC";"Sul";"Colisão Lateral";0;0;1;0;0;0;0;0;0;1;2;0;0;0;0
"08/04/2021";"17:13:00";"122";"2 - Aciden";"118,5";"BR-116/PR";"Sul";"Colisão Lateral";1;0;0;1;0;0;0;0;0;0;1;1;0;0;0
"08/04/2021";"18:36:00";"130";"2 - Aciden";"121,1";"BR-116/PR";"Sul";"Colisão Lateral";1;0;0;1;0;0;0;0;0;0;0;2;0;0;0
"08/04/2021";"19:13:00";"135";"2 - Aciden";"283,2";"BR-116/SC";"Sul";"Choque - Defensa, barreira ou "submarino"";0;0;0;1;0;0;0;0;0;0;0;1;0;0;0
"09/04/2021";"09:23:00";"44";"3 - Aciden";"134,4";"BR-116/PR";"Sul";"Colisão Traseira";2;0;0;0;0;0;0;0;0;0;2;0;0;0;0
"09/04/2021";"15:24:00";"100";"2 - Aciden";"121,657";"BR-116/PR";"Sul";"Atropelamento - Outros";0;0;0;0;0;1;0;0;0;0;0;2;0;0;0
"09/04/2021";"19:07:00";"132";"2 - Aciden";"216";"BR-116/SC";"Norte";"Colisão Lateral";1;0;0;0;0;0;0;0;0;1;1;1;0;0;0
"10/04/2021";"04:34:00";"9";"2 - Aciden";"241,9";"BR-116/SC";"Norte";"Capotamento";1;0;0;0;0;0;0;0;0;0;0;3;0;0;0
"10/04/2021";"12:01:00";"60";"3 - Aciden";"200,8";"BR-116/SC";"Sul";"Colisão Traseira";2;0;0;0;0;0;0;0;0;0;2;0;0;0;0
"10/04/2021";"12:03:00";"61";"3 - Aciden";"119,331";"BR-116/PR";"Norte";"Engavetamento";4;0;0;0;0;0;0;0;0;0;4;0;0;0;0
"10/04/2021";"22:55:00";"119";"3 - Aciden";"225";"BR-116/SC";"Norte";"Saida de Pista";1;0;0;0;0;0;0;0;0;0;2;0;0;0;0
"11/04/2021";"00:23:00";"2";"3 - Aciden";"113,001";"BR-116/SC";"Norte";"Saida de Pista";1;0;0;0;0;0;0;0;0;0;2;0;0;0;0
"11/04/2021";"22:07:00";"111";"2 - Aciden";"123,7";"BR-116/PR";"Sul";"Saida de Pista";1;0;0;0;0;0;0;0;0;0;0;2;0;0;0
"12/04/2021";"16:35:00";"102";"2 - Aciden";"48,95";"BR-116/SC";"Sul";"Engavetamento";3;0;1;0;0;0;0;0;0;0;4;0;0;2;0
"12/04/2021";"17:50:00";"112";"3 - Aciden";"107,6";"BR-116/SC";"Norte";"Tombamento";0;0;1;0;0;0;0;0;0;0;1;0;0;0;0
"12/04/2021";"18:49:00";"116";"3 - Aciden";"234,001";"BR-116/SC";"Sul";"Colisão Traseira";2;0;0;0;0;0;0;0;0;0;2;0;0;0;0
"12/04/2021";"19:52:00";"123";"2 - Aciden";"125,993";"BR-116/PR";"Norte";"Colisão Traseira";0;0;0;0;0;2;0;0;0;0;3;1;0;0;0
"13/04/2021";"08:14:00";"19";"3 - Aciden";"152,25";"BR-116/PR";"Sul";"Colisão Transversal";1;0;1;0;0;0;0;0;0;0;2;0;0;0;0
"13/04/2021";"11:12:00";"54";"3 - Aciden";"115,5";"BR-116/PR";"Norte";"Colisão Lateral";1;0;1;0;0;0;0;0;0;0;2;0;0;0;0
"13/04/2021";"18:14:00";"90";"2 - Aciden";"118";"BR-116/PR";"Sul";"Colisão Traseira";1;0;0;1;0;0;0;0;0;0;1;1;0;0;0
"14/04/2021";"12:47:00";"67";"3 - Aciden";"64,6";"BR-116/SC";"Sul";"Colisão Traseira";1;0;0;0;0;1;0;0;0;0;2;0;0;0;0
"14/04/2021";"13:17:00";"73";"2 - Aciden";"139,001";"BR-116/SC";"Sul";"Colisão Frontal";2;0;0;0;0;0;0;0;0;0;2;1;0;0;0
"14/04/2021";"17:28:00";"110";"2 - Aciden";"150,2";"BR-116/PR";"Norte";"Colisão Transversal";1;0;0;0;0;0;0;0;0;1;1;1;0;1;0
"15/04/2021";"06:35:00";"15";"2 - Aciden";"127,1";"BR-116/PR";"Norte";"Choque - Veiculo parado na pista";3;0;0;0;0;0;0;0;0;0;2;1;0;0;0
"15/04/2021";"06:43:00";"16";"3 - Aciden";"122,08";"BR-116/PR";"Norte";"Colisão Lateral";1;0;0;0;1;0;0;0;0;0;2;0;0;0;0
"15/04/2021";"12:28:00";"72";"3 - Aciden";"12,3";"BR-116/SC";"Sul";"Colisão Transversal";2;0;0;0;0;0;0;0;0;0;2;0;0;0;0
"15/04/2021";"15:05:00";"93";"2 - Aciden";"69,5";"BR-116/SC";"Sul";"Capotamento";1;0;0;0;0;0;0;0;0;0;0;0;0;1;0
"15/04/2021";"16:34:00";"101";"3 - Aciden";"23";"BR-116/SC";"Sul";"Colisão Transversal";1;0;1;0;0;0;0;0;0;0;2;0;0;0;0
"15/04/2021";"17:48:00";"107";"2 - Aciden";"115";"BR-116/PR";"Norte";"Colisão Traseira";1;0;1;0;0;1;0;0;0;0;2;2;0;0;0
"15/04/2021";"18:23:00";"109";"3 - Aciden";"117,1";"BR-116/PR";"Norte";"Colisão Traseira";1;0;0;0;0;1;0;0;0;0;2;0;0;0;0
"16/04/2021";"04:50:00";"17";"3 - Aciden";"240,5";"BR-116/SC";"Norte";"Saida de Pista";0;0;1;0;0;0;0;0;0;0;1;0;0;0;0
"16/04/2021";"09:13:00";"46";"3 - Aciden";"115,8";"BR-116/PR";"Norte";"Colisão Lateral";0;0;0;1;0;1;0;0;0;0;2;0;0;0;0
"16/04/2021";"10:41:00";"58";"2 - Aciden";"106,001";"BR-116/SC";"Sul";"Queda de Moto";0;0;0;1;0;0;0;0;0;0;0;1;0;0;0
"16/04/2021";"10:55:00";"60";"3 - Aciden";"30,001";"BR-116/SC";"Sul";"Colisão Traseira";0;0;2;0;0;0;0;0;0;0;2;0;0;0;0
"16/04/2021";"17:44:00";"99";"3 - Aciden";"160";"BR-116/PR";"Norte";"Saida de Pista";1;0;0;0;0;1;0;0;0;0;2;0;0;0;0
"16/04/2021";"18:54:00";"104";"3 - Aciden";"12,429";"BR-116/SC";"Sul";"Colisão Transversal";2;0;0;0;0;0;0;0;0;0;2;0;0;0;0
"17/04/2021";"00:53:00";"4";"3 - Aciden";"264,345";"BR-116/SC";"Norte";"Capotamento";1;0;0;0;0;0;0;0;0;0;1;0;0;0;0
"17/04/2021";"04:37:00";"7";"3 - Aciden";"121,95";"BR-116/PR";"Norte";"Colisão Traseira";0;0;2;0;0;0;0;0;0;0;2;0;0;0;0
"17/04/2021";"07:56:00";"22";"3 - Aciden";"107,7";"BR-116/SC";"Norte";"Tombamento";0;0;2;0;0;0;0;0;0;0;2;0;0;0;0
"17/04/2021";"11:37:00";"35";"3 - Aciden";"127,001";"BR-116/PR";"Sul";"Colisão Traseira";0;0;1;0;0;0;0;0;0;1;2;0;0;0;0
"17/04/2021";"11:55:00";"39";"3 - Aciden";"181,001";"BR-116/SC";"Norte";"Tombamento";0;0;1;0;0;0;0;0;0;0;1;0;0;0;0
"17/04/2021";"13:30:00";"44";"2 - Aciden";"251,556";"BR-116/SC";"Sul";"Saida de Pista";0;0;0;0;0;0;0;0;0;1;0;1;0;0;0
"17/04/2021";"13:47:00";"47";"3 - Aciden";"67,4";"BR-116/SC";"Norte";"Tombamento";0;0;1;0;0;0;0;0;0;0;1;0;0;0;0
"17/04/2021";"17:35:00";"65";"3 - Aciden";"220,657";"BR-116/SC";"Norte";"Colisão Transversal";2;0;0;0;0;0;0;0;0;0;2;0;0;0;0
"17/04/2021";"18:08:00";"67";"2 - Aciden";"145,55";"BR-116/PR";"Sul";"Colisão Transversal";1;0;1;0;0;0;0;0;0;0;1;0;0;1;0
"17/04/2021";"23:50:00";"83";"3 - Aciden";"127,001";"BR-116/PR";"Norte";"Saida de Pista";1;0;0;0;0;0;0;0;0;0;1;0;0;0;0
"18/04/2021";"05:07:00";"10";"3 - Aciden";"115,2";"BR-116/PR";"Norte";"Saida de Pista";1;0;0;0;0;0;0;0;0;0;2;0;0;0;0
"18/04/2021";"11:17:00";"38";"3 - Aciden";"184,6";"BR-116/SC";"Norte";"Tombamento";0;0;1;0;0;0;0;0;0;0;1;0;0;0;0
"18/04/2021";"11:23:00";"39";"2 - Aciden";"34,378";"BR-116/SC";"Sul";"Colisão Transversal";2;0;1;0;0;0;0;0;0;0;2;0;0;2;0
"18/04/2021";"12:11:00";"43";"3 - Aciden";"2,001";"BR-116/SC";"Sul";"Colisão Transversal";2;0;0;0;0;0;0;0;0;0;4;0;0;0;0
"18/04/2021";"19:42:00";"78";"2 - Aciden";"126,2";"BR-116/PR";"Norte";"Colisão Traseira";1;0;1;0;0;0;0;0;0;0;1;0;0;1;0
"18/04/2021";"20:32:00";"83";"2 - Aciden";"118,15";"BR-116/PR";"Norte";"Colisão Traseira";2;0;0;0;0;0;0;0;0;0;1;0;0;1;0
"19/04/2021";"06:28:00";"5";"3 - Aciden";"245,001";"BR-116/SC";"Sul";"Colisão Transversal";1;0;0;0;1;0;0;0;0;0;2;0;0;0;0
"19/04/2021";"09:32:00";"22";"2 - Aciden";"131,8";"BR-116/PR";"Norte";"Queda de Moto";0;0;0;1;0;0;0;0;0;0;0;1;0;0;0
"19/04/2021";"11:08:00";"43";"3 - Aciden";"258,8";"BR-116/SC";"Norte";"Choque - Defensa, barreira ou "submarino"";1;0;0;0;0;0;0;0;0;0;2;0;0;0;0
"19/04/2021";"15:39:00";"66";"2 - Aciden";"1,1";"BR-116/SC";"Sul";"Colisão Transversal";0;0;1;1;0;0;0;0;0;0;1;1;0;0;0
"19/04/2021";"18:55:00";"85";"2 - Aciden";"10,4";"BR-116/SC";"Sul";"Queda de Moto";0;0;0;1;0;0;0;0;0;0;0;1;0;0;0
"19/04/2021";"19:28:00";"86";"3 - Aciden";"71,5";"BR-116/SC";"Norte";"Colisão Lateral";1;0;0;0;0;0;0;0;0;1;2;0;0;0;0
"20/04/2021";"07:09:00";"25";"2 - Aciden";"204,1";"BR-116/PR";"Sul";"Choque - Veiculo parado na pista";1;0;1;0;0;0;0;0;0;0;0;2;0;0;0
"20/04/2021";"08:27:00";"39";"3 - Aciden";"131,15";"BR-116/SC";"Sul";"Choque - Suporte de Sinalização";1;0;0;0;0;0;0;0;0;0;1;0;0;0;0
"20/04/2021";"11:03:00";"64";"3 - Aciden";"308,7";"BR-116/SC";"Norte";"Tombamento";0;0;1;0;0;0;0;0;0;0;1;0;0;0;0
"20/04/2021";"18:47:00";"101";"2 - Aciden";"115,2";"BR-116/PR";"Sul";"Colisão Traseira";1;0;0;1;0;0;0;0;0;0;1;1;0;0;0
"20/04/2021";"18:56:00";"104";"3 - Aciden";"120,5";"BR-116/PR";"Sul";"Engavetamento";5;0;1;0;0;0;0;0;0;0;6;0;0;0;0
"20/04/2021";"19:51:00";"107";"2 - Aciden";"196,001";"BR-116/SC";"Sul";"Colisão Lateral";0;0;0;1;0;1;0;0;0;0;2;1;0;0;0
"20/04/2021";"20:35:00";"110";"3 - Aciden";"122,001";"BR-116/PR";"Sul";"Colisão Traseira";1;0;0;1;0;0;0;0;0;0;2;0;0;0;0
"20/04/2021";"22:17:00";"119";"2 - Aciden";"125,01";"BR-116/PR";"Sul";"Capotamento";1;0;0;0;0;0;0;0;0;0;0;1;0;0;0
"21/04/2021";"01:19:00";"4";"3 - Aciden";"10,4";"BR-116/SC";"Sul";"Colisão Lateral";1;0;0;0;0;0;0;0;0;0;1;0;0;0;0
"21/04/2021";"07:13:00";"16";"3 - Aciden";"154,9";"BR-116/SC";"Sul";"Tombamento";0;0;1;0;0;0;0;0;0;0;1;0;0;0;0
"21/04/2021";"08:44:00";"27";"3 - Aciden";"304,001";"BR-116/SC";"Sul";"Choque - Talude";0;0;1;0;0;0;0;0;0;0;1;0;0;0;0
"21/04/2021";"10:14:00";"38";"3 - Aciden";"206,2";"BR-116/PR";"Sul";"Choque - Defensa, barreira ou "submarino"";1;0;0;0;0;0;0;0;0;0;1;0;0;0;0
"21/04/2021";"16:09:00";"71";"3 - Aciden";"133,1";"BR-116/SC";"Sul";"Tombamento";0;0;1;0;0;0;0;0;0;0;1;0;0;0;0
"21/04/2021";"17:16:00";"76";"3 - Aciden";"118,01";"BR-116/PR";"Sul";"Queda de Moto";0;0;0;1;0;0;0;0;0;0;1;0;0;0;0
"22/04/2021";"07:30:00";"26";"2 - Aciden";"152,4";"BR-116/PR";"Norte";"Colisão Transversal";0;0;2;0;0;0;0;0;0;0;0;2;0;0;0
"22/04/2021";"07:42:00";"29";"2 - Aciden";"166,7";"BR-116/PR";"Norte";"Saida de Pista";1;0;0;0;0;0;0;0;0;0;0;1;0;0;0
"22/04/2021";"09:20:00";"41";"2 - Aciden";"115,2";"BR-116/PR";"Norte";"Colisão Transversal";1;0;0;1;0;0;0;0;0;0;1;1;0;0;0
"22/04/2021";"15:16:00";"98";"3 - Aciden";"152,001";"BR-116/PR";"Sul";"Colisão Lateral";1;0;1;0;0;0;0;0;0;0;2;0;0;0;0
"22/04/2021";"20:56:00";"130";"2 - Aciden";"139,1";"BR-116/PR";"Sul";"Colisão Lateral";2;0;0;0;0;0;0;0;0;0;1;3;0;0;0
"22/04/2021";"21:51:00";"133";"2 - Aciden";"138,001";"BR-116/PR";"Norte";"Queda de Moto";0;0;0;1;0;0;0;0;0;0;0;1;0;0;0