data;horario;n_da_ocorrencia;tipo_de_ocorrencia;km;trecho;sentido;tipo_de_acidente;automovel;bicicleta;caminhao;moto;onibus;outros;tracao_animal;transporte_de_cargas_especiais;trator_maquinas;utilitarios;ilesos;levemente_feridos;moderadamente_feridos;gravemente_feridos;mortos
"08/08/2021";"21:13:00";"88";"1 - Aciden";"139,903";"BR-116/SC";"Sul";"Colisão Traseira";1;0;1;0;0;0;0;0;0;0;2;0;0;1;1
"09/08/2021";"07:36:00";"18";"3 - Aciden";"142,001";"BR-116/PR";"Norte";"Saida de Pista";2;0;1;0;0;1;0;0;0;0;4;0;0;0;0
"09/08/2021";"07:41:00";"19";"3 - Aciden";"214,1";"BR-116/SC";"Norte";"Choque - Suporte de Sinalização";1;0;0;0;0;0;0;0;0;0;1;0;0;0;0
"09/08/2021";"11:16:00";"70";"3 - Aciden";"19,5";"BR-116/SC";"Sul";"Saida de Pista";0;0;2;0;0;0;0;0;0;0;3;0;0;0;0
"09/08/2021";"16:12:00";"106";"3 - Aciden";"196,2";"BR-116/PR";"Sul";"Saida de Pista";1;0;0;0;0;0;0;0;0;0;2;0;0;0;0
"09/08/2021";"18:55:00";"122";"2 - Aciden";"121,001";"BR-116/PR";"Sul";"Colisão Lateral";1;0;0;1;0;0;0;0;0;0;2;1;0;0;0
"09/08/2021";"19:02:00";"123";"2 - Aciden";"126,001";"BR-116/PR";"Sul";"Colisão Transversal";1;0;0;1;0;0;0;0;0;0;1;1;0;0;0
"09/08/2021";"19:23:00";"125";"3 - Aciden";"135,001";"BR-116/PR";"Sul";"Choque - Defensa, barreira ou "submarino"";1;0;0;0;0;0;0;0;0;0;4;0;0;0;0
"09/08/2021";"19:25:00";"126";"2 - Aciden";"5,5";"BR-116/SC";"Norte";"Colisão Transversal";1;0;0;1;0;0;0;0;0;0;1;0;0;1;0
"10/08/2021";"09:31:00";"65";"3 - Aciden";"126,001";"BR-116/PR";"Norte";"Colisão Traseira";1;0;0;0;0;1;0;0;0;0;2;0;0;0;0
"10/08/2021";"13:42:00";"90";"3 - Aciden";"235,5";"BR-116/SC";"Sul";"Saida de Pista";1;0;0;0;0;0;0;0;0;0;1;0;0;0;0
"10/08/2021";"20:41:00";"137";"3 - Aciden";"42,8";"BR-116/SC";"Norte";"Colisão Traseira";0;0;1;0;0;1;0;0;0;0;2;0;0;0;0
"10/08/2021";"22:11:00";"140";"2 - Aciden";"22,75";"BR-116/SC";"Sul";"Colisão Lateral";0;0;3;0;0;0;0;0;0;0;2;1;0;0;0
"11/08/2021";"00:16:00";"1";"1 - Aciden";"167,08";"BR-116/PR";"Norte";"Colisão Frontal";1;0;1;0;0;0;0;0;0;0;1;0;0;2;1
"12/08/2021";"10:20:00";"71";"2 - Aciden";"115,001";"BR-116/PR";"Sul";"Colisão Lateral";1;0;0;1;0;0;0;0;0;0;1;1;0;0;0
"12/08/2021";"21:03:00";"120";"3 - Aciden";"205,95";"BR-116/PR";"Sul";"Saida de Pista";1;0;0;0;0;0;0;0;0;0;1;0;0;0;0
"13/08/2021";"01:50:00";"12";"2 - Aciden";"310,001";"BR-116/SC";"Norte";"Capotamento";1;0;0;0;0;0;0;0;0;0;0;1;0;0;0
"13/08/2021";"02:08:00";"13";"3 - Aciden";"118,9";"BR-116/PR";"Norte";"Choque - Elemento de Drenagem";1;0;0;0;0;0;0;0;0;0;1;0;0;0;0
"13/08/2021";"17:34:00";"101";"3 - Aciden";"117,1";"BR-116/PR";"Norte";"Colisão Lateral";1;0;1;0;0;0;0;0;0;0;2;0;0;0;0
"14/08/2021";"15:44:00";"64";"3 - Aciden";"156,733";"BR-116/PR";"Norte";"Colisão Transversal";1;0;1;0;0;0;0;0;0;0;2;0;0;0;0
"14/08/2021";"23:11:00";"110";"3 - Aciden";"175,05";"BR-116/SC";"Norte";"Saida de Pista";1;0;0;0;0;0;0;0;0;0;1;0;0;0;0
"15/08/2021";"05:06:00";"15";"2 - Aciden";"154,6";"BR-116/PR";"Sul";"Atropelamento - Andarilho";1;0;0;0;0;0;0;0;0;0;1;1;0;0;0
"15/08/2021";"14:19:00";"58";"3 - Aciden";"193,001";"BR-116/SC";"Sul";"Saida de Pista";0;0;1;0;0;0;0;0;0;0;1;0;0;0;0
"15/08/2021";"21:13:00";"104";"3 - Aciden";"193,1";"BR-116/PR";"Sul";"Colisão Lateral";0;0;2;0;0;0;0;0;0;0;2;0;0;0;0
"16/08/2021";"11:21:00";"43";"2 - Aciden";"128,001";"BR-116/PR";"Sul";"Queda de Moto";0;0;0;1;0;0;0;0;0;0;0;1;0;0;0
"16/08/2021";"12:44:00";"54";"3 - Aciden";"13,9";"BR-116/SC";"Norte";"Saida de Pista";1;0;0;0;0;1;0;0;0;0;3;0;0;0;0
"16/08/2021";"16:25:00";"79";"3 - Aciden";"116,1";"BR-116/PR";"Sul";"Colisão Lateral";1;0;0;0;0;1;0;0;0;0;3;0;0;0;0
"16/08/2021";"17:10:00";"83";"2 - Aciden";"102,001";"BR-116/SC";"Sul";"Colisão Lateral";1;0;1;0;0;0;0;0;0;0;0;2;0;0;0
"16/08/2021";"20:08:00";"100";"3 - Aciden";"116,001";"BR-116/PR";"Norte";"Queda de Moto";0;0;0;1;0;0;0;0;0;0;1;0;0;0;0
"16/08/2021";"21:56:00";"105";"3 - Aciden";"199,001";"BR-116/SC";"Sul";"Choque - Talude";1;0;0;0;0;0;0;0;0;0;2;0;0;0;0
"17/08/2021";"09:04:00";"44";"3 - Aciden";"57,9";"BR-116/SC";"Sul";"Colisão Transversal";2;0;0;0;0;0;0;0;0;0;3;0;0;0;0
"17/08/2021";"12:44:00";"77";"3 - Aciden";"126,4";"BR-116/PR";"Norte";"Colisão Transversal";2;0;0;0;0;0;0;0;0;0;2;0;0;0;0
"17/08/2021";"18:32:00";"131";"2 - Aciden";"115,2";"BR-116/PR";"Norte";"Colisão Lateral";1;0;0;1;0;0;0;0;0;0;2;1;0;0;0
"17/08/2021";"21:00:00";"139";"2 - Aciden";"53,1";"BR-116/SC";"Norte";"Colisão Frontal";2;0;1;0;0;0;0;0;0;0;3;0;0;1;0
"18/08/2021";"04:48:00";"15";"3 - Aciden";"169,6";"BR-116/SC";"Norte";"Saida de Pista";1;0;0;0;0;0;0;0;0;0;1;0;0;0;0
"18/08/2021";"10:41:00";"61";"2 - Aciden";"119,72";"BR-116/PR";"Sul";"Colisão Traseira";1;0;0;1;0;0;0;0;0;0;1;1;0;0;0
"18/08/2021";"18:48:00";"119";"2 - Aciden";"145,5";"BR-116/PR";"Sul";"Colisão Frontal";0;0;2;0;0;0;0;0;0;0;1;1;0;1;0
"19/08/2021";"04:43:00";"21";"2 - Aciden";"123,2";"BR-116/SC";"Sul";"Choque - Defensa, barreira ou "submarino"";1;0;1;0;0;0;0;0;0;0;2;2;0;0;0
"19/08/2021";"11:36:00";"93";"3 - Aciden";"211,5";"BR-116/PR";"Norte";"Objeto lançado contra veículo";0;0;3;0;0;0;0;0;0;0;3;0;0;0;0
"19/08/2021";"13:49:00";"110";"3 - Aciden";"134,1";"BR-116/PR";"Sul";"Colisão Lateral";1;0;1;0;0;0;0;0;0;0;2;0;0;0;0
"19/08/2021";"15:30:00";"127";"3 - Aciden";"127,001";"BR-116/PR";"Sul";"Queda de Moto";0;0;0;1;0;0;0;0;0;0;1;0;0;0;0
"21/08/2021";"04:26:00";"10";"3 - Aciden";"120,001";"BR-116/PR";"Norte";"Colisão Lateral";2;0;0;0;0;0;0;0;0;0;2;0;0;0;0
"21/08/2021";"12:36:00";"63";"3 - Aciden";"233,16";"BR-116/SC";"Sul";"Colisão Traseira";1;0;1;0;0;0;0;0;0;0;2;0;0;0;0
"21/08/2021";"18:04:00";"91";"3 - Aciden";"117,354";"BR-116/PR";"Sul";"Capotamento";1;0;0;0;0;1;0;0;0;0;2;0;0;0;0
"21/08/2021";"18:22:00";"95";"2 - Aciden";"119,319";"BR-116/PR";"Norte";"Colisão Traseira";1;0;1;0;0;1;0;0;0;0;1;2;0;0;0
"21/08/2021";"19:56:00";"103";"3 - Aciden";"119,816";"BR-116/PR";"Norte";"Colisão Traseira";1;0;0;0;0;0;0;0;0;1;2;0;0;0;0
"22/08/2021";"01:32:00";"5";"2 - Aciden";"128,7";"BR-116/PR";"Norte";"Colisão Traseira";1;0;1;0;0;0;0;0;0;0;1;1;0;0;0
"22/08/2021";"13:41:00";"55";"3 - Aciden";"119,3";"BR-116/PR";"Norte";"Colisão Traseira";1;0;0;0;0;0;0;0;0;1;2;0;0;0;0
"22/08/2021";"15:15:00";"66";"2 - Aciden";"70,172";"BR-116/SC";"Norte";"Colisão Traseira";2;0;0;0;0;0;0;0;0;0;3;1;0;0;0
"22/08/2021";"20:51:00";"106";"2 - Aciden";"126,001";"BR-116/PR";"Sul";"Colisão Traseira";2;0;0;0;0;0;0;0;0;0;2;1;0;0;0
"22/08/2021";"22:36:00";"113";"3 - Aciden";"121,4";"BR-116/PR";"Sul";"Choque - Defensa, barreira ou "submarino"";1;0;0;0;0;0;0;0;0;0;2;0;0;0;0
"23/08/2021";"07:52:00";"17";"2 - Aciden";"115,5";"BR-116/PR";"Norte";"Colisão Lateral";1;0;0;1;0;0;0;0;0;0;1;2;0;0;0
"23/08/2021";"17:47:00";"103";"2 - Aciden";"210,001";"BR-116/PR";"Norte";"Saida de Pista";1;0;0;0;0;0;0;0;0;0;0;1;0;0;0
"23/08/2021";"20:41:00";"116";"3 - Aciden";"279,2";"BR-116/SC";"Sul";"Colisão Transversal";2;0;0;0;0;0;0;0;0;0;2;0;0;0;0
"24/08/2021";"18:19:00";"90";"2 - Aciden";"52,202";"BR-116/SC";"Sul";"Colisão Transversal";2;0;0;0;0;0;0;0;0;0;1;1;0;0;0
"24/08/2021";"18:34:00";"91";"3 - Aciden";"123,866";"BR-116/PR";"Sul";"Saida de Pista";1;0;0;0;0;0;0;0;0;0;1;0;0;0;0
"25/08/2021";"23:57:00";"163";"1 - Aciden";"170,65";"BR-116/PR";"Norte";"Colisão Lateral";0;0;2;0;0;0;0;0;0;0;1;0;0;0;1
"26/08/2021";"04:21:00";"16";"2 - Aciden";"115,6";"BR-116/PR";"Norte";"Colisão Traseira";1;0;1;1;0;0;0;0;0;0;2;0;0;1;0
"26/08/2021";"07:43:00";"29";"2 - Aciden";"117,001";"BR-116/PR";"Norte";"Colisão Lateral";0;0;0;1;0;1;0;0;0;0;1;1;0;0;0
"26/08/2021";"08:35:00";"38";"2 - Aciden";"156,3";"BR-116/SC";"Norte";"Colisão Lateral";0;0;2;0;0;0;0;0;0;0;1;1;0;0;0
"26/08/2021";"13:30:00";"66";"3 - Aciden";"4,5";"BR-116/SC";"Sul";"Colisão Lateral";2;0;0;0;0;0;0;0;0;0;4;0;0;0;0
"26/08/2021";"18:05:00";"98";"2 - Aciden";"64,001";"BR-116/SC";"Sul";"Colisão Traseira";0;0;0;1;0;1;0;0;0;0;1;1;0;0;0
"26/08/2021";"18:29:00";"101";"3 - Aciden";"124,5";"BR-116/PR";"Norte";"Colisão Traseira";2;0;0;0;0;0;0;0;0;0;4;0;0;0;0
"27/08/2021";"00:14:00";"3";"3 - Aciden";"172,5";"BR-116/PR";"Sul";"Capotamento";1;0;0;0;0;0;0;0;0;0;1;0;0;0;0
"27/08/2021";"05:43:00";"15";"2 - Aciden";"245,1";"BR-116/SC";"Sul";"Colisão Transversal";1;0;1;0;0;0;0;0;0;0;1;1;0;0;0
"27/08/2021";"16:59:00";"100";"3 - Aciden";"118,2";"BR-116/PR";"Norte";"Colisão Lateral";1;0;0;0;0;1;0;0;0;0;2;0;0;0;0
"27/08/2021";"17:12:00";"104";"3 - Aciden";"257,624";"BR-116/SC";"Norte";"Colisão Lateral";1;0;1;0;0;0;0;0;0;0;2;0;0;0;0
"27/08/2021";"18:40:00";"110";"3 - Aciden";"167,5";"BR-116/SC";"Norte";"Colisão Transversal";2;0;0;0;0;0;0;0;0;0;2;0;0;0;0
"28/08/2021";"06:40:00";"14";"2 - Aciden";"116,2";"BR-116/PR";"Sul";"Saida de Pista";1;0;0;0;0;0;0;0;0;0;0;1;0;0;0
"28/08/2021";"12:31:00";"41";"2 - Aciden";"115,001";"BR-116/PR";"Sul";"Colisão Lateral";1;0;1;0;0;0;0;0;0;0;1;1;0;0;0
"28/08/2021";"13:26:00";"45";"2 - Aciden";"125,404";"BR-116/SC";"Norte";"Colisão Traseira";2;0;0;0;0;0;0;0;0;0;2;1;0;0;0
"29/08/2021";"00:10:00";"1";"2 - Aciden";"152,5";"BR-116/PR";"Sul";"Colisão Transversal";1;0;0;1;0;0;0;0;0;0;2;0;0;1;0
"29/08/2021";"13:17:00";"49";"3 - Aciden";"161,052";"BR-116/PR";"Sul";"Colisão Traseira";1;0;0;0;0;1;0;0;0;0;2;0;0;0;0
"29/08/2021";"16:06:00";"59";"3 - Aciden";"131,62";"BR-116/PR";"Norte";"Choque - Defensa, barreira ou "submarino"";1;0;0;0;0;0;0;0;0;0;1;0;0;0;0
"30/08/2021";"12:20:00";"75";"3 - Aciden";"159,097";"BR-116/SC";"Norte";"Tombamento";0;0;1;0;0;0;0;0;0;0;1;0;0;0;0
"30/08/2021";"12:34:00";"76";"2 - Aciden";"308,7";"BR-116/SC";"Sul";"Tombamento";0;0;1;0;0;0;0;0;0;0;0;1;0;0;0
"30/08/2021";"19:37:00";"109";"2 - Aciden";"132,574";"BR-116/PR";"Sul";"Atropelamento - Andarilho";0;0;0;0;0;1;0;0;0;0;1;1;0;0;0
"30/08/2021";"21:25:00";"111";"3 - Aciden";"151,1";"BR-116/PR";"Sul";"Colisão Traseira";1;0;0;0;0;1;0;0;0;0;2;0;0;0;0
"30/08/2021";"21:25:00";"117";"2 - Aciden";"151,1";"BR-116/PR";"Norte";"Colisão Lateral";1;0;0;0;0;0;0;0;0;1;1;1;0;0;0
"31/08/2021";"20:44:00";"113";"1 - Aciden";"151,1";"BR-116/PR";"Sul";"Choque - Defensa, barreira ou "submarino"";0;0;1;1;0;0;0;0;0;0;1;1;0;0;1
"01/09/2021";"03:44:00";"8";"3 - Aciden";"122,901";"BR-116/PR";"Norte";"Capotamento";1;0;0;0;0;0;0;0;0;0;1;0;0;0;0
"01/09/2021";"04:21:00";"10";"3 - Aciden";"126,001";"BR-116/PR";"Norte";"Colisão Transversal";2;0;0;0;0;0;0;0;0;0;2;0;0;0;0
"01/09/2021";"12:27:00";"68";"2 - Aciden";"141,1";"BR-116/PR";"Sul";"Colisão Transversal";0;0;0;2;0;0;0;0;0;0;0;2;0;0;0
"01/09/2021";"19:36:00";"102";"3 - Aciden";"105,05";"BR-116/SC";"Sul";"Tombamento";0;0;1;0;0;0;0;0;0;0;1;0;0;0;0
"02/09/2021";"07:16:00";"18";"2 - Aciden";"123,08";"BR-116/PR";"Norte";"Colisão Lateral";1;0;0;1;0;0;0;0;0;0;1;1;0;0;0
"02/09/2021";"09:06:00";"52";"3 - Aciden";"50,1";"BR-116/SC";"Sul";"Colisão Traseira";0;0;2;0;0;0;0;0;0;0;2;0;0;0;0
"02/09/2021";"11:38:00";"89";"3 - Aciden";"119,462";"BR-116/PR";"Norte";"Colisão Traseira";2;0;0;0;0;2;0;0;0;0;4;0;0;0;0
"02/09/2021";"11:52:00";"91";"3 - Aciden";"217,1";"BR-116/SC";"Sul";"Saida de Pista";1;0;0;0;0;0;0;0;0;0;1;0;0;0;0
"02/09/2021";"17:26:00";"121";"3 - Aciden";"142,6";"BR-116/PR";"Sul";"Colisão Transversal";2;0;0;0;0;0;0;0;0;0;2;0;0;0;0
"02/09/2021";"23:23:00";"144";"3 - Aciden";"126,001";"BR-116/PR";"Norte";"Colisão Traseira";1;0;1;0;0;0;0;0;0;0;2;0;0;0;0
"03/09/2021";"01:07:00";"3";"2 - Aciden";"230,1";"BR-116/SC";"Sul";"Colisão Lateral";2;0;0;0;0;0;0;0;0;0;1;1;0;0;0
"03/09/2021";"07:43:00";"27";"3 - Aciden";"211,6";"BR-116/SC";"Norte";"Tombamento";0;0;1;0;0;0;0;0;0;0;1;0;0;0;0
"03/09/2021";"16:11:00";"94";"2 - Aciden";"117,001";"BR-116/PR";"Sul";"Atropelamento - Ambulante";1;0;0;1;0;0;0;0;0;0;2;1;0;0;0
"03/09/2021";"18:02:00";"113";"3 - Aciden";"115,001";"BR-116/PR";"Sul";"Colisão Lateral";1;0;0;0;0;0;0;0;0;1;3;0;0;0;0
"03/09/2021";"20:33:00";"125";"2 - Aciden";"156,7";"BR-116/PR";"Norte";"Colisão Transversal";1;0;0;1;0;0;0;0;0;0;2;1;0;0;0
"03/09/2021";"21:54:00";"131";"2 - Aciden";"72,001";"BR-116/SC";"Norte";"Capotamento";1;0;0;0;0;0;0;0;0;0;0;1;0;0;0
"04/09/2021";"04:39:00";"17";"3 - Aciden";"122,001";"BR-116/PR";"Norte";"Colisão Lateral";1;0;0;1;0;0;0;0;0;0;2;0;0;0;0
"04/09/2021";"07:35:00";"26";"3 - Aciden";"126,4";"BR-116/PR";"Sul";"Colisão Lateral";1;0;0;1;0;0;0;0;0;0;2;0;0;0;0
"04/09/2021";"10:06:00";"42";"1 - Aciden";"124,88";"BR-116/SC";"Sul";"Colisão Frontal";2;0;0;0;0;0;0;0;0;2;5;4;0;0;2
"04/09/2021";"17:33:00";"85";"2 - Aciden";"125,967";"BR-116/PR";"Norte";"Colisão Traseira";1;0;0;1;0;0;0;0;0;0;1;1;0;0;0
"04/09/2021";"18:42:00";"93";"3 - Aciden";"180,125";"BR-116/SC";"Sul";"Colisão Transversal";1;0;0;0;0;1;0;0;0;0;2;0;0;0;0
"04/09/2021";"18:47:00";"94";"3 - Aciden";"152,2";"BR-116/PR";"Norte";"Colisão Transversal";2;0;0;0;0;0;0;0;0;0;2;0;0;0;0
"04/09/2021";"19:14:00";"101";"3 - Aciden";"217,1";"BR-116/SC";"Sul";"Colisão Transversal";2;0;0;0;0;0;0;0;0;0;2;0;0;0;0
"05/09/2021";"00:25:00";"1";"2 - Aciden";"140,8";"BR-116/SC";"Sul";"Colisão Frontal";0;0;0;1;0;1;0;0;0;0;1;1;0;0;0
"05/09/2021";"01:27:00";"6";"2 - Aciden";"72,9";"BR-116/SC";"Norte";"Colisão Lateral";1;0;2;0;0;0;0;0;0;0;2;1;0;0;0
"05/09/2021";"20:39:00";"81";"3 - Aciden";"152,001";"BR-116/PR";"Sul";"Colisão Lateral";2;0;0;0;0;0;0;0;0;0;2;0;0;0;0
"06/09/2021";"02:34:00";"5";"3 - Aciden";"308,9";"BR-116/SC";"Sul";"Tombamento";0;0;1;0;0;0;0;0;0;0;1;0;0;0;0
"06/09/2021";"02:38:00";"6";"3 - Aciden";"211,8";"BR-116/SC";"Norte";"Saida de Pista";1;0;0;0;0;0;0;0;0;0;1;0;0;0;0
"06/09/2021";"18:30:00";"85";"3 - Aciden";"88,001";"BR-116/SC";"Norte";"Colisão Lateral";1;0;0;0;1;0;0;0;0;0;12;0;0;0;0
"06/09/2021";"18:50:00";"89";"3 - Aciden";"267,793";"BR-116/SC";"Norte";"Colisão Transversal";2;0;0;0;0;0;0;0;0;0;3;0;0;0;0
"07/09/2021";"06:34:00";"19";"2 - Aciden";"176,001";"BR-116/SC";"Norte";"Saida de Pista";1;0;0;0;0;0;0;0;0;0;1;1;0;0;0
"07/09/2021";"06:46:00";"21";"3 - Aciden";"264,4";"BR-116/SC";"Sul";"Saida de Pista";1;0;0;0;0;0;0;0;0;0;1;0;0;0;0
"07/09/2021";"10:35:00";"40";"3 - Aciden";"244,5";"BR-116/SC";"Sul";"Saida de Pista";1;0;0;0;0;0;0;0;0;0;3;0;0;0;0
"07/09/2021";"12:30:00";"50";"3 - Aciden";"160,2";"BR-116/SC";"Norte";"Saida de Pista";1;0;0;0;0;0;0;0;0;0;2;0;0;0;0
"07/09/2021";"19:06:00";"77";"2 - Aciden";"119,001";"BR-116/PR";"Norte";"Colisão Traseira";1;0;0;1;0;0;0;0;0;0;2;0;0;1;0
"08/09/2021";"00:23:00";"5";"3 - Aciden";"170,1";"BR-116/SC";"Norte";"Choque - Defensa, barreira ou "submarino"";1;0;0;0;0;0;0;0;0;0;1;0;0;0;0
"08/09/2021";"05:50:00";"21";"3 - Aciden";"205,1";"BR-116/PR";"Norte";"Colisão Lateral";1;0;1;0;0;0;0;0;0;0;5;0;0;0;0
"08/09/2021";"15:08:00";"66";"3 - Aciden";"12,3";"BR-116/SC";"Norte";"Colisão Transversal";2;0;0;0;0;0;0;0;0;0;2;0;0;0;0
"08/09/2021";"15:33:00";"69";"3 - Aciden";"119,001";"BR-116/PR";"Sul";"Colisão Traseira";1;0;1;0;0;0;0;0;0;0;2;0;0;0;0
"08/09/2021";"20:20:00";"85";"2 - Aciden";"32,8";"BR-116/SC";"Sul";"Saida de Pista";1;0;0;0;0;0;0;0;0;0;1;1;0;0;0
"09/09/2021";"12:07:00";"35";"3 - Aciden";"174,5";"BR-116/SC";"Sul";"Saida de Pista";0;0;1;0;0;0;0;0;0;0;1;0;0;0;0
"10/09/2021";"08:58:00";"48";"3 - Aciden";"121,001";"BR-116/PR";"Sul";"Colisão Frontal";1;0;1;0;0;0;0;0;0;0;2;0;0;0;0
"10/09/2021";"13:01:00";"87";"3 - Aciden";"257,2";"BR-116/SC";"Sul";"Colisão Traseira";0;0;2;0;0;0;0;0;0;0;2;0;0;0;0
"11/09/2021";"04:57:00";"14";"3 - Aciden";"116,85";"BR-116/PR";"Norte";"Colisão Traseira";2;0;0;0;0;0;0;0;0;0;2;0;0;0;0
"11/09/2021";"06:44:00";"16";"3 - Aciden";"105,1";"BR-116/SC";"Norte";"Saida de Pista";0;0;1;0;0;0;0;0;0;0;1;0;0;0;0
"11/09/2021";"08:30:00";"26";"3 - Aciden";"81,6";"BR-116/SC";"Sul";"Colisão Traseira";1;0;1;0;0;0;0;0;0;0;3;0;0;0;0
"11/09/2021";"13:53:00";"46";"3 - Aciden";"197,15";"BR-116/SC";"Sul";"Colisão Lateral";2;0;0;0;0;0;0;0;0;0;9;0;0;0;0
"11/09/2021";"19:15:00";"73";"2 - Aciden";"118,001";"BR-116/PR";"Sul";"Queda de Moto";0;0;0;1;0;0;0;0;0;0;0;1;0;0;0
"11/09/2021";"19:33:00";"74";"2 - Aciden";"157,001";"BR-116/PR";"Sul";"Colisão Frontal";2;0;0;0;0;0;0;0;0;0;4;1;0;1;0
"11/09/2021";"20:55:00";"82";"2 - Aciden";"152,5";"BR-116/PR";"Sul";"Colisão Transversal";1;0;0;1;0;0;0;0;0;0;1;0;0;1;0
"11/09/2021";"21:45:00";"87";"3 - Aciden";"147,3";"BR-116/PR";"Sul";"Choque - Defensa, barreira ou "submarino"";0;0;0;0;0;0;0;0;0;1;1;0;0;0;0
"12/09/2021";"00:33:00";"6";"3 - Aciden";"115,8";"BR-116/PR";"Sul";"Choque - Talude";1;0;0;0;0;0;0;0;0;0;1;0;0;0;0
"12/09/2021";"01:49:00";"11";"3 - Aciden";"284,6";"BR-116/SC";"Sul";"Choque - Talude";1;0;0;0;0;0;0;0;0;0;1;0;0;0;0
"12/09/2021";"15:54:00";"58";"2 - Aciden";"271,6";"BR-116/SC";"Sul";"Colisão Traseira";2;0;0;0;0;0;0;0;0;0;6;2;0;0;0
"12/09/2021";"20:41:00";"88";"3 - Aciden";"126,1";"BR-116/PR";"Norte";"Engavetamento";2;0;0;0;0;1;0;0;0;0;3;0;0;0;0
"13/09/2021";"02:50:00";"12";"3 - Aciden";"142,8";"BR-116/PR";"Sul";"Choque - Elemento de Drenagem";1;0;0;0;0;0;0;0;0;0;1;0;0;0;0
"13/09/2021";"14:51:00";"102";"2 - Aciden";"126,269";"BR-116/PR";"Norte";"Queda de Moto";0;0;1;1;0;1;0;0;0;0;3;0;0;1;0
"13/09/2021";"15:08:00";"106";"2 - Aciden";"193,001";"BR-116/SC";"Sul";"Saida de Pista";1;0;0;0;0;0;0;0;0;0;1;1;0;0;0
"13/09/2021";"16:01:00";"113";"2 - Aciden";"308,9";"BR-116/SC";"Sul";"Capotamento";0;0;1;0;0;0;0;0;0;0;2;1;0;0;0
"14/09/2021";"18:37:00";"81";"3 - Aciden";"168,2";"BR-116/PR";"Sul";"Colisão Transversal";1;0;1;0;0;0;0;0;0;0;2;0;0;0;0
"15/09/2021";"20:46:00";"114";"2 - Aciden";"233,347";"BR-116/SC";"Sul";"Atropelamento - Ciclista";1;1;0;0;0;0;0;0;0;0;1;0;0;1;0
"15/09/2021";"23:28:00";"118";"3 - Aciden";"115,3";"BR-116/PR";"Norte";"Choque - Defensa, barreira ou "submarino"";1;0;0;0;0;0;0;0;0;0;1;0;0;0;0
"16/09/2021";"01:10:00";"4";"3 - Aciden";"292,5";"BR-116/SC";"Norte";"Saida de Pista";0;0;1;0;0;0;0;0;0;0;1;0;0;0;0
"16/09/2021";"19:39:00";"118";"3 - Aciden";"73,7";"BR-116/SC";"Norte";"Colisão Lateral";0;0;1;0;0;1;0;0;0;0;2;0;0;0;0
"16/09/2021";"20:28:00";"121";"2 - Aciden";"210,001";"BR-116/SC";"Norte";"Queda de Moto";0;0;0;1;0;0;0;0;0;0;0;1;0;0;0
"17/09/2021";"08:10:00";"24";"2 - Aciden";"141,3";"BR-116/SC";"Sul";"Colisão Transversal";1;0;1;0;0;0;0;0;0;0;1;3;0;0;0
"17/09/2021";"08:17:00";"27";"2 - Aciden";"119,05";"BR-116/PR";"Norte";"Colisão Lateral";0;0;1;1;0;0;0;0;0;0;1;1;0;0;0
"17/09/2021";"12:03:00";"54";"2 - Aciden";"138,935";"BR-116/PR";"Norte";"Queda de Moto";0;0;0;1;0;0;0;0;0;0;0;1;0;0;0
"17/09/2021";"16:47:00";"78";"2 - Aciden";"305,598";"BR-116/SC";"Sul";"Colisão Transversal";0;0;2;0;0;0;0;0;0;0;1;0;0;1;0
"17/09/2021";"17:21:00";"84";"3 - Aciden";"200,001";"BR-116/SC";"Sul";"Colisão Frontal";1;0;1;0;0;0;0;0;0;0;2;0;0;0;0
"17/09/2021";"17:23:00";"85";"2 - Aciden";"124,001";"BR-116/PR";"Sul";"Engavetamento";4;0;0;0;0;0;0;0;0;0;5;1;0;0;0
"17/09/2021";"17:36:00";"87";"3 - Aciden";"126,1";"BR-116/PR";"Norte";"Colisão Traseira";1;0;0;0;0;0;0;0;0;1;4;0;0;0;0
"18/09/2021";"04:34:00";"12";"2 - Aciden";"116,8";"BR-116/PR";"Sul";"Colisão Traseira";0;0;1;0;0;0;0;0;0;1;1;1;0;0;0
"18/09/2021";"08:47:00";"44";"2 - Aciden";"267,7";"BR-116/SC";"Norte";"Colisão Transversal";1;0;1;0;0;0;0;0;0;0;2;1;0;0;0
"18/09/2021";"09:43:00";"49";"3 - Aciden";"245,5";"BR-116/SC";"Sul";"Colisão Lateral";1;0;1;0;0;0;0;0;0;0;2;0;0;0;0
"18/09/2021";"15:04:00";"74";"2 - Aciden";"107,9";"BR-116/SC";"Norte";"Colisão Traseira";1;0;2;0;0;0;0;0;0;0;2;0;0;3;0
"18/09/2021";"20:19:00";"108";"2 - Aciden";"105,001";"BR-116/SC";"Norte";"Tombamento";0;0;1;0;0;0;0;0;0;0;0;0;0;2;0
"19/09/2021";"00:09:00";"1";"2 - Aciden";"118,1";"BR-116/PR";"Sul";"Colisão Lateral";1;0;0;0;0;0;0;0;0;0;0;1;0;0;0
"19/09/2021";"00:17:00";"2";"3 - Aciden";"126,001";"BR-116/PR";"Sul";"Colisão Lateral";2;0;0;0;0;0;0;0;0;0;2;0;0;0;0
"19/09/2021";"03:25:00";"16";"3 - Aciden";"233,7";"BR-116/SC";"Sul";"Colisão Frontal";1;0;1;0;0;0;0;0;0;0;3;0;0;0;0
"19/09/2021";"14:28:00";"61";"2 - Aciden";"209,001";"BR-116/SC";"Sul";"Colisão Traseira";1;0;1;0;0;0;0;0;0;0;1;1;0;0;0
"19/09/2021";"18:00:00";"87";"3 - Aciden";"150,001";"BR-116/PR";"Norte";"Engavetamento";3;0;0;0;0;0;0;0;0;0;7;0;0;0;0
"19/09/2021";"19:37:00";"95";"3 - Aciden";"211,001";"BR-116/PR";"Sul";"Colisão Transversal";2;0;0;0;0;0;0;0;0;0;2;0;0;0;0
"19/09/2021";"20:00:00";"98";"3 - Aciden";"142,001";"BR-116/PR";"Sul";"Colisão Traseira";2;0;0;0;0;0;0;0;0;0;2;0;0;0;0
"20/09/2021";"07:19:00";"25";"3 - Aciden";"169,001";"BR-116/PR";"Norte";"Saida de Pista";2;0;0;0;0;0;0;0;0;0;2;0;0;0;0
"20/09/2021";"07:43:00";"30";"2 - Aciden";"117,2";"BR-116/PR";"Norte";"Colisão Traseira";1;0;0;1;0;0;0;0;0;0;1;1;0;0;0