data;horario;n_da_ocorrencia;tipo_de_ocorrencia;km;trecho;sentido;tipo_de_acidente;automovel;bicicleta;caminhao;moto;onibus;outros;tracao_animal;transporte_de_cargas_especiais;trator_maquinas;utilitarios;ilesos;levemente_feridos;moderadamente_feridos;gravemente_feridos;mortos
"20/09/2021";"19:36:00";"144";"3 - Aciden";"141,001";"BR-116/PR";"Norte";"Colisão Transversal";0;0;0;1;0;1;0;0;0;0;2;0;0;0;0
"21/09/2021";"19:44:00";"116";"1 - Aciden";"21,6";"BR-116/SC";"Sul";"Atropelamento - Andarilho";0;0;0;0;0;0;0;0;0;1;1;0;0;0;1
"22/09/2021";"14:28:00";"102";"3 - Aciden";"209,7";"BR-116/SC";"Sul";"Colisão Traseira";0;0;2;0;0;0;0;0;0;0;2;0;0;0;0
"22/09/2021";"15:23:00";"108";"3 - Aciden";"226,1";"BR-116/SC";"Sul";"Colisão Traseira";2;0;0;0;0;0;0;0;0;0;4;0;0;0;0
"22/09/2021";"16:27:00";"118";"3 - Aciden";"134,001";"BR-116/PR";"Sul";"Colisão Traseira";1;0;0;1;0;0;0;0;0;0;2;0;0;0;0
"23/09/2021";"11:50:00";"91";"3 - Aciden";"288,4";"BR-116/SC";"Norte";"Choque - Defensa, barreira ou "submarino"";1;0;1;0;0;0;0;0;0;0;3;0;0;0;0
"24/09/2021";"17:03:00";"84";"3 - Aciden";"204,001";"BR-116/PR";"Norte";"Colisão Traseira";1;0;1;0;0;0;0;0;0;0;3;0;0;0;0
"25/09/2021";"00:54:00";"3";"3 - Aciden";"140,2";"BR-116/SC";"Norte";"Atropelamento de Animal";0;0;1;0;0;0;0;0;0;0;1;0;0;0;0
"25/09/2021";"04:04:00";"13";"1 - Aciden";"125,95";"BR-116/PR";"Sul";"Atropelamento - Ciclista";0;1;1;0;0;0;0;0;0;0;1;0;0;1;1
"25/09/2021";"14:48:00";"81";"3 - Aciden";"131,1";"BR-116/SC";"Norte";"Saida de Pista";1;0;0;0;0;0;0;0;0;0;1;0;0;0;0
"25/09/2021";"23:20:00";"117";"2 - Aciden";"153,1";"BR-116/PR";"Sul";"Colisão Frontal";1;0;0;1;0;0;0;0;0;0;1;1;0;0;0
"26/09/2021";"01:57:00";"5";"2 - Aciden";"126,001";"BR-116/PR";"Norte";"Colisão Traseira";1;0;0;0;0;1;0;0;0;0;1;2;0;0;0
"26/09/2021";"14:57:00";"66";"3 - Aciden";"125,95";"BR-116/PR";"Norte";"Engavetamento";3;0;0;0;0;0;0;0;0;0;9;0;0;0;0
"26/09/2021";"15:55:00";"70";"3 - Aciden";"126,2";"BR-116/PR";"Norte";"Colisão Traseira";2;0;0;0;0;0;0;0;0;0;5;0;0;0;0
"26/09/2021";"17:48:00";"88";"1 - Aciden";"117,021";"BR-116/PR";"Sul";"Choque - Talude";1;0;0;0;0;0;0;0;0;0;0;0;0;0;1
"26/09/2021";"19:28:00";"96";"3 - Aciden";"117,1";"BR-116/PR";"Sul";"Colisão Lateral";0;0;0;1;0;0;0;0;0;1;5;0;0;0;0
"27/09/2021";"00:08:00";"2";"2 - Aciden";"107,001";"BR-116/SC";"Norte";"Capotamento";1;0;0;0;0;0;0;0;0;0;0;3;0;0;0
"27/09/2021";"13:54:00";"107";"3 - Aciden";"125,978";"BR-116/PR";"Norte";"Colisão Traseira";1;0;0;0;0;1;0;0;0;0;2;0;0;0;0
"27/09/2021";"15:40:00";"122";"3 - Aciden";"233,315";"BR-116/SC";"Sul";"Colisão Lateral";1;0;1;0;0;0;0;0;0;0;3;0;0;0;0
"28/09/2021";"08:59:00";"72";"3 - Aciden";"245,9";"BR-116/SC";"Sul";"Colisão Traseira";1;0;1;0;0;0;0;0;0;0;2;0;0;0;0
"28/09/2021";"19:33:00";"138";"3 - Aciden";"192,001";"BR-116/SC";"Sul";"Tombamento";0;0;1;0;0;0;0;0;0;0;1;0;0;0;0
"30/09/2021";"15:35:00";"106";"3 - Aciden";"5,634";"BR-116/SC";"Norte";"Colisão Transversal";0;0;2;0;0;0;0;0;0;0;2;0;0;0;0
"30/09/2021";"15:51:00";"108";"1 - Aciden";"6,236";"BR-116/SC";"Norte";"Engavetamento";1;0;2;0;0;0;0;0;0;0;2;0;0;0;2
"30/09/2021";"16:12:00";"109";"3 - Aciden";"5,658";"BR-116/SC";"Sul";"Colisão Lateral";1;0;0;0;0;0;0;0;0;1;2;0;0;0;0
"30/09/2021";"17:43:00";"116";"3 - Aciden";"115,708";"BR-116/PR";"Norte";"Colisão Traseira";1;0;0;1;0;0;0;0;0;0;2;0;0;0;0
"01/10/2021";"00:30:00";"3";"3 - Aciden";"147,9";"BR-116/PR";"Sul";"Saida de Pista";1;0;0;0;0;0;0;0;0;0;1;0;0;0;0
"01/10/2021";"11:51:00";"69";"2 - Aciden";"152,5";"BR-116/PR";"Sul";"Colisão Transversal";0;0;1;0;1;0;0;0;0;0;12;2;0;0;0
"01/10/2021";"14:24:00";"81";"3 - Aciden";"266,5";"BR-116/SC";"Sul";"Engavetamento";0;0;3;0;0;0;0;0;0;1;4;0;0;0;0
"01/10/2021";"15:16:00";"90";"3 - Aciden";"35,5";"BR-116/SC";"Norte";"Colisão Transversal";1;0;1;0;0;0;0;0;0;0;2;0;0;0;0
"01/10/2021";"19:26:00";"117";"2 - Aciden";"120,794";"BR-116/PR";"Sul";"Colisão Lateral";1;0;0;1;0;0;0;0;0;0;1;1;0;0;0
"02/10/2021";"16:11:00";"55";"2 - Aciden";"145,6";"BR-116/PR";"Sul";"Colisão Transversal";2;0;0;0;0;0;0;0;0;0;0;4;0;0;0
"02/10/2021";"22:17:00";"76";"2 - Aciden";"209,409";"BR-116/SC";"Sul";"Capotamento";1;0;0;0;0;0;0;0;0;0;0;1;0;0;0
"02/10/2021";"22:23:00";"78";"2 - Aciden";"141,2";"BR-116/PR";"Sul";"Atropelamento - Ambulante";0;0;0;1;0;0;0;0;0;0;1;0;0;1;0
"03/10/2021";"00:01:00";"1";"3 - Aciden";"154,5";"BR-116/PR";"Sul";"Colisão Lateral";2;0;0;0;0;0;0;0;0;0;2;0;0;0;0
"03/10/2021";"02:47:00";"11";"3 - Aciden";"119,3";"BR-116/PR";"Sul";"Saida de Pista";1;0;0;0;0;0;0;0;0;0;1;0;0;0;0
"03/10/2021";"06:32:00";"16";"3 - Aciden";"121,001";"BR-116/PR";"Sul";"Colisão Traseira";1;0;0;0;0;1;0;0;0;0;3;0;0;0;0
"04/10/2021";"00:53:00";"1";"3 - Aciden";"157,1";"BR-116/PR";"Sul";"Capotamento";1;0;0;0;0;0;0;0;0;0;1;0;0;0;0
"04/10/2021";"05:02:00";"11";"2 - Aciden";"139,001";"BR-116/SC";"Sul";"Colisão Traseira";1;0;1;0;0;0;0;0;0;0;1;1;0;0;0
"04/10/2021";"07:08:00";"20";"3 - Aciden";"107,2";"BR-116/SC";"Norte";"Choque - Talude";1;0;0;0;0;0;0;0;0;0;1;0;0;0;0
"04/10/2021";"11:58:00";"71";"3 - Aciden";"80,001";"BR-116/SC";"Sul";"Colisão Lateral";1;0;0;0;0;1;0;0;0;0;2;0;0;0;0
"06/10/2021";"05:06:00";"11";"3 - Aciden";"194,452";"BR-116/SC";"Norte";"Saida de Pista";0;0;1;0;0;0;0;0;0;0;1;0;0;0;0
"06/10/2021";"10:51:00";"82";"3 - Aciden";"192,001";"BR-116/SC";"Sul";"Saida de Pista";0;0;0;0;0;0;0;0;0;1;1;0;0;0;0
"07/10/2021";"02:14:00";"11";"2 - Aciden";"264,3";"BR-116/SC";"Norte";"Capotamento";1;0;0;0;0;0;0;0;0;0;0;1;0;0;0
"07/10/2021";"07:14:00";"27";"3 - Aciden";"169,001";"BR-116/SC";"Sul";"Saida de Pista";0;0;1;0;0;0;0;0;0;0;1;0;0;0;0
"08/10/2021";"14:32:00";"96";"3 - Aciden";"116,5";"BR-116/PR";"Norte";"Capotamento";1;0;0;0;0;0;0;0;0;0;1;0;0;0;0
"08/10/2021";"18:50:00";"112";"2 - Aciden";"5,66";"BR-116/SC";"Sul";"Colisão Transversal";2;0;0;0;0;0;0;0;0;0;4;1;0;0;0
"08/10/2021";"19:52:00";"117";"3 - Aciden";"119,7";"BR-116/PR";"Sul";"Colisão Lateral";2;0;0;1;0;0;0;0;0;0;3;0;0;0;0
"08/10/2021";"20:19:00";"119";"2 - Aciden";"166,84";"BR-116/PR";"Norte";"Colisão Lateral";1;0;1;0;0;0;0;0;0;0;1;1;0;0;0
"08/10/2021";"22:58:00";"130";"3 - Aciden";"125,5";"BR-116/PR";"Sul";"Colisão Traseira";3;0;0;0;0;0;0;0;0;0;3;0;0;0;0
"09/10/2021";"01:22:00";"9";"3 - Aciden";"105,2";"BR-116/SC";"Sul";"Choque - Defensa, barreira ou "submarino"";1;0;0;0;0;0;0;0;0;0;3;0;0;0;0
"09/10/2021";"08:24:00";"28";"3 - Aciden";"283,1";"BR-116/SC";"Norte";"Choque - Defensa, barreira ou "submarino"";1;0;0;0;0;1;0;0;0;0;2;0;0;0;0
"09/10/2021";"13:26:00";"58";"2 - Aciden";"117,013";"BR-116/PR";"Sul";"Colisão Lateral";1;0;0;0;0;1;0;0;0;0;1;1;0;0;0
"09/10/2021";"13:36:00";"60";"2 - Aciden";"124,877";"BR-116/PR";"Sul";"Colisão Traseira";1;0;0;1;0;0;0;0;0;0;2;1;0;0;0
"09/10/2021";"19:46:00";"85";"3 - Aciden";"19,001";"BR-116/SC";"Sul";"Saida de Pista";0;0;0;0;0;0;0;0;0;1;1;0;0;0;0
"09/10/2021";"20:25:00";"87";"3 - Aciden";"160,001";"BR-116/PR";"Sul";"Choque - Arvore";0;0;1;0;0;0;0;0;0;0;1;0;0;0;0
"09/10/2021";"23:34:00";"95";"3 - Aciden";"125,001";"BR-116/PR";"Sul";"Colisão Lateral";1;0;1;0;0;0;0;0;0;0;2;0;0;0;0
"10/10/2021";"07:14:00";"21";"2 - Aciden";"121,9";"BR-116/SC";"Norte";"Saida de Pista";1;0;0;0;0;0;0;0;0;0;0;0;0;1;0
"10/10/2021";"17:57:00";"70";"3 - Aciden";"23,6";"BR-116/SC";"Sul";"Colisão Transversal";1;0;0;0;0;0;0;0;0;1;2;0;0;0;0
"11/10/2021";"16:09:00";"71";"3 - Aciden";"23,6";"BR-116/SC";"Sul";"Colisão Transversal";0;0;0;0;1;0;0;0;0;1;25;0;0;0;0
"11/10/2021";"18:16:00";"85";"2 - Aciden";"104,001";"BR-116/SC";"Sul";"Capotamento";2;0;0;0;0;0;0;0;0;0;1;1;0;0;0
"11/10/2021";"18:40:00";"87";"2 - Aciden";"121,621";"BR-116/PR";"Sul";"Colisão Lateral";1;0;0;1;0;0;0;0;0;0;3;1;0;0;0
"11/10/2021";"19:48:00";"93";"3 - Aciden";"124,107";"BR-116/PR";"Sul";"Colisão Traseira";2;0;0;0;0;0;0;0;0;0;2;0;0;0;0
"12/10/2021";"08:26:00";"20";"2 - Aciden";"116,001";"BR-116/PR";"Norte";"Colisão Traseira";0;0;0;1;0;1;0;0;0;0;1;1;0;0;0
"12/10/2021";"16:20:00";"63";"3 - Aciden";"122,8";"BR-116/PR";"Norte";"Colisão Traseira";1;0;0;0;0;1;0;0;0;0;2;0;0;0;0
"13/10/2021";"00:41:00";"3";"3 - Aciden";"117,5";"BR-116/PR";"Sul";"Capotamento";2;0;0;0;0;0;0;0;0;0;2;0;0;0;0
"13/10/2021";"07:03:00";"25";"3 - Aciden";"233,2";"BR-116/SC";"Norte";"Colisão Lateral";1;0;1;0;0;0;0;0;0;0;3;0;0;0;0
"13/10/2021";"07:48:00";"38";"2 - Aciden";"120,9";"BR-116/PR";"Sul";"Colisão Lateral";1;0;1;0;0;0;0;0;0;0;1;1;0;0;0
"13/10/2021";"10:05:00";"64";"3 - Aciden";"115,375";"BR-116/PR";"Norte";"Colisão Traseira";1;0;0;0;0;0;0;0;0;1;4;0;0;0;0
"13/10/2021";"11:05:00";"77";"2 - Aciden";"226,045";"BR-116/SC";"Norte";"Choque - Suporte de Sinalização";1;0;1;0;0;0;0;0;0;0;1;1;0;0;0
"13/10/2021";"13:47:00";"96";"3 - Aciden";"119,2";"BR-116/PR";"Norte";"Colisão Traseira";2;0;0;0;0;0;0;0;0;0;3;0;0;0;0
"13/10/2021";"22:22:00";"158";"1 - Aciden";"210,01";"BR-116/SC";"Norte";"Atropelamento - Ciclista";0;1;0;0;0;0;0;0;0;0;0;0;0;0;1
"13/10/2021";"22:30:00";"159";"3 - Aciden";"282,001";"BR-116/SC";"Norte";"Colisão Traseira";2;0;1;0;0;0;0;0;0;0;3;0;0;0;0
"14/10/2021";"00:48:00";"4";"3 - Aciden";"117,1";"BR-116/PR";"Sul";"Colisão Lateral";0;0;2;0;0;0;0;0;0;0;2;0;0;0;0
"14/10/2021";"05:27:00";"27";"2 - Aciden";"126,571";"BR-116/PR";"Norte";"Colisão Lateral";1;0;0;1;0;0;0;0;0;0;1;1;0;0;0
"14/10/2021";"22:03:00";"169";"2 - Aciden";"165,5";"BR-116/PR";"Norte";"Queda de Moto";0;0;0;1;0;0;0;0;0;0;0;1;0;0;0
"14/10/2021";"22:38:00";"174";"3 - Aciden";"125,2";"BR-116/PR";"Norte";"Choque - Outros";1;0;0;0;0;0;0;0;0;0;1;0;0;0;0
"15/10/2021";"08:59:00";"28";"1 - Aciden";"8,42";"BR-116/SC";"Sul";"Colisão Frontal";2;0;1;0;0;1;0;0;0;1;4;0;0;1;1
"15/10/2021";"11:33:00";"42";"3 - Aciden";"194,9";"BR-116/SC";"Sul";"Colisão Traseira";1;0;1;0;0;0;0;0;0;0;2;0;0;0;0
"15/10/2021";"11:33:00";"43";"3 - Aciden";"130,4";"BR-116/PR";"Norte";"Saida de Pista";1;0;0;0;0;0;0;0;0;0;1;0;0;0;0
"15/10/2021";"13:32:00";"51";"3 - Aciden";"62,5";"BR-116/SC";"Sul";"Saida de Pista";0;0;1;0;0;0;0;0;0;0;1;0;0;0;0
"15/10/2021";"16:44:00";"71";"3 - Aciden";"119,001";"BR-116/PR";"Sul";"Colisão Traseira";2;0;0;0;0;0;0;0;0;0;3;0;0;0;0
"15/10/2021";"17:51:00";"78";"3 - Aciden";"119,465";"BR-116/PR";"Sul";"Colisão Traseira";1;0;0;1;0;0;0;0;0;0;3;0;0;0;0
"15/10/2021";"19:09:00";"80";"3 - Aciden";"1,344";"BR-116/SC";"Sul";"Colisão Traseira";2;0;0;0;0;0;0;0;0;0;2;0;0;0;0
"15/10/2021";"20:24:00";"84";"3 - Aciden";"245,001";"BR-116/SC";"Sul";"Colisão Transversal";0;0;0;0;0;0;0;0;0;2;2;0;0;0;0
"15/10/2021";"21:05:00";"87";"3 - Aciden";"257,25";"BR-116/SC";"Sul";"Colisão Lateral";2;0;0;0;0;0;0;0;0;0;4;0;0;0;0
"16/10/2021";"06:03:00";"15";"3 - Aciden";"149,6";"BR-116/SC";"Norte";"Saida de Pista";1;0;0;0;0;0;0;0;0;0;2;0;0;0;0
"16/10/2021";"10:28:00";"52";"3 - Aciden";"134,4";"BR-116/PR";"Norte";"Colisão Traseira";2;0;0;0;0;0;0;0;0;0;2;0;0;0;0
"16/10/2021";"13:42:00";"70";"1 - Aciden";"5,477";"BR-116/SC";"Norte";"Colisão Frontal";0;0;2;0;0;0;0;0;0;0;1;0;0;0;1
"16/10/2021";"20:18:00";"107";"2 - Aciden";"245,6";"BR-116/SC";"Sul";"Colisão Transversal";0;0;0;1;0;1;0;0;0;0;1;1;0;0;0
"17/10/2021";"01:51:00";"7";"3 - Aciden";"148,1";"BR-116/PR";"Sul";"Saida de Pista";1;0;0;0;0;0;0;0;0;0;1;0;0;0;0
"17/10/2021";"04:40:00";"14";"3 - Aciden";"225,1";"BR-116/SC";"Norte";"Choque - Talude";1;0;0;0;0;0;0;0;0;0;1;0;0;0;0
"17/10/2021";"13:31:00";"58";"2 - Aciden";"210,001";"BR-116/PR";"Sul";"Atropelamento - Ciclista";0;1;0;0;0;0;0;0;0;0;0;1;0;0;0
"17/10/2021";"17:20:00";"69";"3 - Aciden";"132,001";"BR-116/PR";"Norte";"Choque - Poste";1;0;0;0;0;0;0;0;0;0;4;0;0;0;0
"17/10/2021";"19:05:00";"75";"3 - Aciden";"142,128";"BR-116/SC";"Norte";"Colisão Frontal";1;0;1;0;0;0;0;0;0;0;2;0;0;0;0
"17/10/2021";"19:43:00";"78";"3 - Aciden";"125,036";"BR-116/PR";"Sul";"Capotamento";1;0;0;0;0;0;0;0;0;0;1;0;0;0;0
"17/10/2021";"19:49:00";"79";"1 - Aciden";"159,1";"BR-116/PR";"Sul";"Colisão Frontal";1;0;1;0;0;0;0;0;0;0;1;0;0;2;1
"17/10/2021";"22:56:00";"85";"2 - Aciden";"152,6";"BR-116/PR";"Norte";"Colisão Transversal";2;0;0;0;0;0;0;0;0;0;3;1;0;0;0
"18/10/2021";"06:00:00";"13";"3 - Aciden";"155,2";"BR-116/SC";"Sul";"Saida de Pista";1;0;0;0;0;0;0;0;0;0;1;0;0;0;0
"18/10/2021";"08:01:00";"19";"3 - Aciden";"145,7";"BR-116/PR";"Norte";"Colisão Traseira";2;0;0;0;0;0;0;0;0;0;2;0;0;0;0
"18/10/2021";"13:19:00";"59";"3 - Aciden";"117,1";"BR-116/PR";"Sul";"Colisão Transversal";1;0;1;0;0;0;0;0;0;0;2;0;0;0;0
"18/10/2021";"17:46:00";"87";"3 - Aciden";"116,6";"BR-116/PR";"Norte";"Engavetamento";3;0;0;0;0;0;0;0;0;0;3;0;0;0;0
"19/10/2021";"01:33:00";"5";"3 - Aciden";"125,3";"BR-116/PR";"Sul";"Saida de Pista";1;0;0;0;0;0;0;0;0;0;1;0;0;0;0
"19/10/2021";"08:00:00";"22";"2 - Aciden";"5,671";"BR-116/SC";"Sul";"Colisão Transversal";1;0;0;1;0;0;0;0;0;0;1;1;0;0;0
"19/10/2021";"11:10:00";"47";"2 - Aciden";"164,9";"BR-116/SC";"Sul";"Tombamento";0;0;1;0;0;0;0;0;0;0;0;1;0;0;0
"19/10/2021";"16:26:00";"80";"3 - Aciden";"116,001";"BR-116/PR";"Sul";"Colisão Traseira";1;0;0;0;0;1;0;0;0;0;3;0;0;0;0
"19/10/2021";"17:08:00";"83";"3 - Aciden";"230,001";"BR-116/SC";"Sul";"Colisão Transversal";1;0;1;0;0;0;0;0;0;0;2;0;0;0;0
"20/10/2021";"03:30:00";"10";"2 - Aciden";"115,001";"BR-116/SC";"Norte";"Tombamento";0;0;1;0;0;0;0;0;0;0;0;1;0;0;0
"20/10/2021";"13:52:00";"96";"2 - Aciden";"207,05";"BR-116/SC";"Sul";"Colisão Transversal";1;0;1;0;0;0;0;0;0;0;2;1;0;0;0
"20/10/2021";"17:07:00";"119";"3 - Aciden";"239,001";"BR-116/SC";"Norte";"Saida de Pista";0;0;1;0;0;0;0;0;0;0;1;0;0;0;0
"20/10/2021";"19:21:00";"133";"2 - Aciden";"120,6";"BR-116/PR";"Sul";"Colisão Traseira";1;0;0;1;0;0;0;0;0;0;1;1;0;0;0
"21/10/2021";"08:59:00";"61";"2 - Aciden";"115,8";"BR-116/PR";"Norte";"Colisão Lateral";1;0;0;1;0;0;0;0;0;0;3;1;0;0;0
"21/10/2021";"11:49:00";"102";"3 - Aciden";"53,1";"BR-116/SC";"Sul";"Saida de Pista";0;0;1;0;0;0;0;0;0;0;1;0;0;0;0
"21/10/2021";"12:06:00";"107";"2 - Aciden";"98,98";"BR-116/SC";"Sul";"Colisão Transversal";1;0;1;0;0;0;0;0;0;0;1;0;0;1;0
"22/10/2021";"06:32:00";"13";"2 - Aciden";"123,8";"BR-116/PR";"Norte";"Colisão Lateral";2;0;0;1;0;0;0;0;0;0;2;1;0;0;0
"22/10/2021";"09:46:00";"73";"1 - Aciden";"155,01";"BR-116/PR";"Sul";"Atropelamento - Ciclista";0;1;0;1;0;0;0;0;0;0;0;0;0;1;1
"22/10/2021";"10:14:00";"76";"2 - Aciden";"116,001";"BR-116/PR";"Sul";"Colisão Traseira";1;0;1;0;0;0;0;0;0;0;1;1;0;0;0
"23/10/2021";"02:09:00";"6";"2 - Aciden";"126,313";"BR-116/PR";"Sul";"Queda de Moto";0;0;0;1;0;0;0;0;0;0;0;1;0;0;0
"23/10/2021";"06:24:00";"19";"3 - Aciden";"124,001";"BR-116/PR";"Sul";"Colisão Traseira";1;0;0;0;0;2;0;0;0;0;3;0;0;0;0
"23/10/2021";"08:06:00";"28";"2 - Aciden";"140,001";"BR-116/SC";"Norte";"Colisão Frontal";2;0;0;0;0;0;0;0;0;0;1;2;0;0;0
"23/10/2021";"08:42:00";"41";"3 - Aciden";"130,1";"BR-116/PR";"Sul";"Colisão Traseira";2;0;0;0;0;0;0;0;0;0;2;0;0;0;0
"23/10/2021";"15:35:00";"86";"3 - Aciden";"244,127";"BR-116/SC";"Norte";"Capotamento";1;0;0;0;0;0;0;0;0;0;1;0;0;0;0
"23/10/2021";"17:15:00";"104";"3 - Aciden";"152,001";"BR-116/PR";"Sul";"Colisão Traseira";1;0;0;0;1;0;0;0;0;0;3;0;0;0;0
"23/10/2021";"17:43:00";"106";"3 - Aciden";"117,001";"BR-116/PR";"Sul";"Engavetamento";2;0;0;0;0;3;0;0;0;0;5;0;0;0;0
"23/10/2021";"19:02:00";"112";"2 - Aciden";"166,1";"BR-116/PR";"Norte";"Atropelamento - Outros";0;0;0;0;0;1;0;0;0;0;1;0;0;1;0
"23/10/2021";"19:17:00";"113";"1 - Aciden";"208,062";"BR-116/SC";"Norte";"Colisão Lateral";2;0;2;0;0;0;0;0;0;0;4;1;0;2;1
"23/10/2021";"21:27:00";"124";"2 - Aciden";"117,609";"BR-116/PR";"Norte";"Queda de Moto";0;0;0;1;0;1;0;0;0;0;2;0;0;1;0
"23/10/2021";"21:32:00";"125";"3 - Aciden";"115,99";"BR-116/PR";"Sul";"Saida de Pista";1;0;0;0;0;0;0;0;0;0;4;0;0;0;0
"24/10/2021";"00:29:00";"2";"2 - Aciden";"157,365";"BR-116/PR";"Sul";"Colisão Frontal";1;0;1;0;0;0;0;0;0;0;2;0;0;1;0
"24/10/2021";"03:08:00";"12";"2 - Aciden";"0,592";"BR-116/SC";"Sul";"Capotamento";1;0;0;0;0;0;0;0;0;0;1;1;0;0;0
"24/10/2021";"03:19:00";"15";"3 - Aciden";"75,35";"BR-116/SC";"Sul";"Saida de Pista";0;0;1;0;0;0;0;0;0;0;1;0;0;0;0
"24/10/2021";"03:54:00";"17";"3 - Aciden";"225,001";"BR-116/SC";"Norte";"Choque - Suporte de Sinalização";1;0;0;0;0;0;0;0;0;0;3;0;0;0;0
"24/10/2021";"08:25:00";"34";"3 - Aciden";"6,9";"BR-116/SC";"Sul";"Saida de Pista";1;0;0;0;0;0;0;0;0;0;1;0;0;0;0
"24/10/2021";"13:01:00";"61";"3 - Aciden";"117,065";"BR-116/PR";"Sul";"Colisão Traseira";2;0;0;0;0;0;0;0;0;0;2;0;0;0;0
"24/10/2021";"17:01:00";"80";"3 - Aciden";"246,03";"BR-116/SC";"Sul";"Colisão Transversal";1;0;0;0;0;1;0;0;0;0;3;0;0;0;0
"24/10/2021";"17:13:00";"83";"2 - Aciden";"147,001";"BR-116/PR";"Norte";"Colisão Lateral";2;0;0;0;0;0;0;0;0;0;4;2;0;0;0
"24/10/2021";"17:35:00";"85";"3 - Aciden";"245,5";"BR-116/SC";"Sul";"Colisão Transversal";1;0;1;0;0;0;0;0;0;0;4;0;0;0;0
"25/10/2021";"08:16:00";"58";"3 - Aciden";"120,02";"BR-116/PR";"Norte";"Colisão Traseira";2;0;0;0;0;0;0;0;0;0;2;0;0;0;0
"25/10/2021";"10:11:00";"78";"3 - Aciden";"154,5";"BR-116/PR";"Sul";"Colisão Lateral";1;0;1;0;0;0;0;0;0;0;2;0;0;0;0
"26/10/2021";"04:59:00";"11";"3 - Aciden";"181,12";"BR-116/SC";"Norte";"Tombamento";0;0;1;0;0;0;0;0;0;0;1;0;0;0;0
"26/10/2021";"08:43:00";"35";"2 - Aciden";"252,6";"BR-116/SC";"Sul";"Capotamento";1;0;0;0;0;0;0;0;0;0;0;1;0;0;0
"26/10/2021";"21:15:00";"97";"3 - Aciden";"190,001";"BR-116/SC";"Sul";"Choque - Outros";0;0;2;0;0;0;0;0;0;0;2;0;0;0;0
"27/10/2021";"08:04:00";"21";"2 - Aciden";"210,8";"BR-116/PR";"Sul";"Colisão Transversal";1;0;0;1;0;0;0;0;0;0;3;1;0;0;0
"27/10/2021";"20:29:00";"116";"3 - Aciden";"4,559";"BR-116/SC";"Sul";"Colisão Transversal";1;0;0;1;0;0;0;0;0;0;2;0;0;0;0
"27/10/2021";"22:40:00";"122";"3 - Aciden";"125,4";"BR-116/PR";"Norte";"Colisão Traseira";2;0;0;0;0;0;0;0;0;0;2;0;0;0;0
"28/10/2021";"08:54:00";"55";"3 - Aciden";"12,334";"BR-116/SC";"Norte";"Tombamento";0;0;1;0;0;0;0;0;0;0;1;0;0;0;0
"29/10/2021";"06:37:00";"14";"3 - Aciden";"126,001";"BR-116/PR";"Sul";"Colisão Traseira";2;0;0;0;0;0;0;0;0;0;2;0;0;0;0
"29/10/2021";"09:09:00";"53";"2 - Aciden";"175,48";"BR-116/SC";"Sul";"Colisão Traseira";3;0;0;0;0;0;0;0;0;0;3;1;0;0;0
"29/10/2021";"10:20:00";"62";"3 - Aciden";"130,1";"BR-116/PR";"Norte";"Colisão Traseira";1;0;1;0;0;0;0;0;0;0;2;0;0;0;0
"29/10/2021";"15:52:00";"93";"3 - Aciden";"119,1";"BR-116/PR";"Sul";"Colisão Traseira";1;0;1;0;0;0;0;0;0;0;4;0;0;0;0
"29/10/2021";"18:37:00";"116";"3 - Aciden";"118,6";"BR-116/PR";"Sul";"Colisão Traseira";2;0;0;0;0;0;0;0;0;0;2;0;0;0;0
"29/10/2021";"23:29:00";"134";"3 - Aciden";"116,4";"BR-116/PR";"Sul";"Colisão Traseira";2;0;0;0;0;0;0;0;0;0;2;0;0;0;0
"30/10/2021";"03:41:00";"16";"3 - Aciden";"197,3";"BR-116/PR";"Sul";"Saida de Pista";1;0;0;0;0;0;0;0;0;0;2;0;0;0;0
"30/10/2021";"05:19:00";"18";"3 - Aciden";"246,2";"BR-116/SC";"Norte";"Capotamento";0;0;0;0;0;1;0;0;0;0;1;0;0;0;0
"30/10/2021";"05:44:00";"21";"2 - Aciden";"246,5";"BR-116/SC";"Norte";"Colisão Frontal";1;0;1;0;0;0;0;0;0;0;1;0;0;1;0
"30/10/2021";"09:03:00";"45";"3 - Aciden";"119,1";"BR-116/PR";"Sul";"Colisão Lateral";1;0;1;0;0;0;0;0;0;0;2;0;0;0;0
"30/10/2021";"10:33:00";"54";"3 - Aciden";"28,9";"BR-116/SC";"Sul";"Saida de Pista";1;0;0;0;0;0;0;0;0;0;1;0;0;0;0
"30/10/2021";"11:30:00";"64";"2 - Aciden";"105,768";"BR-116/SC";"Sul";"Saida de Pista";0;0;1;0;0;0;0;0;0;0;0;1;0;1;0
"30/10/2021";"22:24:00";"127";"2 - Aciden";"226,6";"BR-116/SC";"Norte";"Saida de Pista";1;0;0;0;0;0;0;0;0;0;0;1;0;0;0
"31/10/2021";"03:06:00";"9";"3 - Aciden";"240,2";"BR-116/SC";"Norte";"Saida de Pista";1;0;0;0;0;0;0;0;0;0;4;0;0;0;0
"31/10/2021";"07:46:00";"21";"2 - Aciden";"286,3";"BR-116/SC";"Norte";"Saida de Pista";0;0;0;1;0;0;0;0;0;0;0;0;0;1;0
"31/10/2021";"11:49:00";"51";"3 - Aciden";"181,1";"BR-116/SC";"Sul";"Choque - Suporte de Sinalização";0;0;0;0;0;1;0;0;0;0;1;0;0;0;0
"31/10/2021";"16:17:00";"68";"3 - Aciden";"121,16";"BR-116/SC";"Norte";"Tombamento";0;0;1;0;0;0;0;0;0;0;1;0;0;0;0
"31/10/2021";"20:38:00";"86";"3 - Aciden";"53,733";"BR-116/SC";"Norte";"Saida de Pista";1;0;0;0;0;0;0;0;0;0;1;0;0;0;0
"01/11/2021";"00:54:00";"3";"3 - Aciden";"137,421";"BR-116/SC";"Sul";"Saida de Pista";1;0;0;0;0;0;0;0;0;0;1;0;0;0;0
"01/11/2021";"08:11:00";"26";"2 - Aciden";"143,4";"BR-116/PR";"Sul";"Colisão Traseira";0;0;0;1;0;1;0;0;0;0;1;2;0;0;0
"01/11/2021";"08:30:00";"31";"3 - Aciden";"197,5";"BR-116/PR";"Sul";"Choque - Defensa, barreira ou "submarino"";1;0;0;0;0;0;0;0;0;0;1;0;0;0;0