data;horario;n_da_ocorrencia;tipo_de_ocorrencia;km;trecho;sentido;tipo_de_acidente;automovel;bicicleta;caminhao;moto;onibus;outros;tracao_animal;transporte_de_cargas_especiais;trator_maquinas;utilitarios;ilesos;levemente_feridos;moderadamente_feridos;gravemente_feridos;mortos
"01/11/2021";"11:29:00";"61";"2 - Aciden";"217,9";"BR-116/SC";"Sul";"Tombamento";0;0;1;0;0;0;0;0;0;0;0;1;0;0;0
"01/11/2021";"14:34:00";"71";"2 - Aciden";"131,1";"BR-116/PR";"Sul";"Colisão Lateral";0;0;0;1;0;0;0;0;0;1;1;1;0;0;0
"01/11/2021";"14:54:00";"72";"2 - Aciden";"251,556";"BR-116/SC";"Sul";"Colisão Traseira";1;0;0;0;0;0;0;0;0;1;4;0;0;1;0
"01/11/2021";"19:05:00";"90";"3 - Aciden";"130,001";"BR-116/PR";"Norte";"Atropelamento de Animal";1;0;0;0;0;1;0;0;0;0;3;0;0;0;0
"01/11/2021";"22:31:00";"101";"3 - Aciden";"245,2";"BR-116/SC";"Sul";"Atropelamento de Animal";1;0;0;0;0;0;0;0;0;0;1;0;0;0;0
"02/11/2021";"23:48:00";"106";"3 - Aciden";"129,001";"BR-116/PR";"Sul";"Choque - Poste";1;0;0;0;0;0;0;0;0;0;1;0;0;0;0
"03/11/2021";"08:11:00";"21";"2 - Aciden";"119,7";"BR-116/PR";"Norte";"Colisão Traseira";1;0;0;1;0;0;0;0;0;0;1;2;0;0;0
"03/11/2021";"17:14:00";"77";"2 - Aciden";"5,652";"BR-116/SC";"Norte";"Colisão Lateral";1;0;0;1;0;0;0;0;0;0;2;1;0;0;0
"03/11/2021";"17:30:00";"80";"2 - Aciden";"71,099";"BR-116/SC";"Sul";"Colisão Transversal";0;0;1;0;0;0;0;0;0;1;1;1;0;0;0
"03/11/2021";"18:40:00";"84";"3 - Aciden";"124,143";"BR-116/PR";"Sul";"Colisão Traseira";2;0;0;0;0;0;0;0;0;0;2;0;0;0;0
"03/11/2021";"19:16:00";"88";"2 - Aciden";"6,7";"BR-116/SC";"Norte";"Capotamento";1;0;0;0;0;0;0;0;0;0;0;1;0;1;0
"03/11/2021";"19:51:00";"90";"2 - Aciden";"246,118";"BR-116/SC";"Sul";"Colisão Transversal";2;0;0;0;0;0;0;0;0;0;0;3;0;0;0
"04/11/2021";"13:44:00";"67";"3 - Aciden";"159,081";"BR-116/PR";"Sul";"Choque - Defensa, barreira ou "submarino"";0;0;0;0;0;0;0;0;0;1;1;0;0;0;0
"05/11/2021";"08:27:00";"49";"2 - Aciden";"246,11";"BR-116/SC";"Sul";"Queda de Moto";0;0;0;1;0;1;0;0;0;0;1;1;0;0;0
"05/11/2021";"16:24:00";"107";"3 - Aciden";"139,5";"BR-116/SC";"Sul";"Colisão Transversal";0;0;2;0;0;0;0;0;0;0;2;0;0;0;0
"05/11/2021";"19:34:00";"124";"3 - Aciden";"4,005";"BR-116/SC";"Norte";"Colisão Traseira";2;0;0;0;0;0;0;0;0;0;2;0;0;0;0
"05/11/2021";"20:37:00";"129";"3 - Aciden";"125,9";"BR-116/PR";"Sul";"Engavetamento";2;0;0;0;0;1;0;0;0;0;3;0;0;0;0
"05/11/2021";"22:51:00";"141";"3 - Aciden";"146,2";"BR-116/SC";"Sul";"Colisão Lateral";2;0;0;0;0;0;0;0;0;0;5;0;0;0;0
"06/11/2021";"12:33:00";"66";"2 - Aciden";"203,001";"BR-116/SC";"Sul";"Colisão Lateral";1;0;1;0;0;0;0;0;0;0;1;1;0;0;0
"06/11/2021";"14:22:00";"73";"2 - Aciden";"124,001";"BR-116/PR";"Sul";"Colisão Lateral";0;0;0;1;0;1;0;0;0;0;2;1;0;0;0
"07/11/2021";"06:00:00";"19";"3 - Aciden";"68,5";"BR-116/SC";"Sul";"Colisão Transversal";1;0;1;0;0;0;0;0;0;0;2;0;0;0;0
"07/11/2021";"18:14:00";"79";"2 - Aciden";"105,1";"BR-116/SC";"Norte";"Tombamento";0;0;1;0;0;0;0;0;0;0;0;0;0;1;0
"07/11/2021";"21:22:00";"92";"2 - Aciden";"107,5";"BR-116/SC";"Norte";"Queda de Moto";0;0;0;1;0;0;0;0;0;0;0;2;0;0;0
"08/11/2021";"09:11:00";"40";"2 - Aciden";"154,929";"BR-116/SC";"Sul";"Tombamento";0;0;1;0;0;0;0;0;0;0;0;1;0;0;0
"08/11/2021";"18:20:00";"80";"3 - Aciden";"247,846";"BR-116/SC";"Sul";"Colisão Transversal";1;0;1;0;0;0;0;0;0;0;2;0;0;0;0
"09/11/2021";"06:52:00";"22";"2 - Aciden";"144,836";"BR-116/SC";"Sul";"Tombamento";0;0;2;0;0;0;0;0;0;0;1;1;0;0;0
"10/11/2021";"07:36:00";"30";"3 - Aciden";"119";"BR-116/PR";"Norte";"Colisão Traseira";0;0;0;1;0;1;0;0;0;0;2;0;0;0;0
"10/11/2021";"11:29:00";"88";"3 - Aciden";"207,001";"BR-116/SC";"Sul";"Colisão Transversal";2;0;0;0;0;0;0;0;0;0;2;0;0;0;0
"10/11/2021";"14:03:00";"100";"2 - Aciden";"246,955";"BR-116/SC";"Sul";"Colisão Transversal";1;0;1;0;0;0;0;0;0;0;1;1;0;0;0
"10/11/2021";"14:23:00";"101";"3 - Aciden";"305,5";"BR-116/SC";"Sul";"Colisão Lateral";1;0;1;0;0;0;0;0;0;0;2;0;0;0;0
"10/11/2021";"20:18:00";"129";"3 - Aciden";"124,1";"BR-116/PR";"Sul";"Choque - Defensa, barreira ou "submarino"";0;0;1;0;0;0;0;0;0;0;1;0;0;0;0
"11/11/2021";"12:38:00";"72";"2 - Aciden";"7,005";"BR-116/SC";"Sul";"Colisão Transversal";1;0;1;0;0;0;0;0;0;0;2;1;0;0;0
"11/11/2021";"20:23:00";"108";"2 - Aciden";"128,5";"BR-116/SC";"Sul";"Colisão Lateral";0;0;1;0;0;1;0;0;0;0;1;1;0;0;0
"11/11/2021";"20:59:00";"110";"3 - Aciden";"141,8";"BR-116/PR";"Norte";"Colisão Transversal";1;0;0;0;0;1;0;0;0;0;2;0;0;0;0
"12/11/2021";"00:19:00";"2";"2 - Aciden";"291,3";"BR-116/SC";"Sul";"Colisão Lateral";0;0;2;0;0;0;0;0;0;0;1;1;0;0;0
"12/11/2021";"19:27:00";"91";"3 - Aciden";"111,4";"BR-116/SC";"Sul";"Colisão Lateral";0;0;1;0;0;1;0;0;0;0;3;0;0;0;0
"12/11/2021";"20:10:00";"96";"3 - Aciden";"121,5";"BR-116/PR";"Sul";"Colisão Traseira";2;0;0;0;0;0;0;0;0;0;3;0;0;0;0
"12/11/2021";"21:04:00";"104";"3 - Aciden";"119,1";"BR-116/PR";"Sul";"Engavetamento";2;0;0;0;0;0;0;0;0;1;3;0;0;0;0
"12/11/2021";"23:16:00";"111";"3 - Aciden";"225,343";"BR-116/SC";"Norte";"Saida de Pista";1;0;0;0;0;0;0;0;0;0;2;0;0;0;0
"13/11/2021";"00:08:00";"2";"2 - Aciden";"142,588";"BR-116/SC";"Sul";"Engavetamento";3;0;0;0;0;0;0;0;0;0;3;1;0;0;0
"13/11/2021";"11:54:00";"43";"3 - Aciden";"106,2";"BR-116/SC";"Sul";"Colisão Traseira";0;0;2;0;0;0;0;0;0;0;2;0;0;0;0
"13/11/2021";"20:28:00";"89";"3 - Aciden";"125,4";"BR-116/PR";"Norte";"Colisão Traseira";1;0;1;0;0;0;0;0;0;0;2;0;0;0;0
"13/11/2021";"22:26:00";"97";"2 - Aciden";"177,1";"BR-116/SC";"Sul";"Colisão Lateral";1;0;1;0;0;0;0;0;0;0;2;1;0;0;0
"13/11/2021";"23:09:00";"101";"2 - Aciden";"132,1";"BR-116/SC";"Norte";"Choque - Talude";1;0;0;0;0;0;0;0;0;0;0;3;0;0;0
"14/11/2021";"09:37:00";"38";"3 - Aciden";"87,85";"BR-116/SC";"Sul";"Colisão Lateral";0;0;2;0;0;0;0;0;0;0;3;0;0;0;0
"14/11/2021";"23:33:00";"96";"3 - Aciden";"124,1";"BR-116/PR";"Sul";"Saida de Pista";1;0;0;0;0;0;0;0;0;0;1;0;0;0;0
"15/11/2021";"00:12:00";"1";"3 - Aciden";"27,1";"BR-116/SC";"Norte";"Saida de Pista";1;0;0;0;0;0;0;0;0;0;5;0;0;0;0
"15/11/2021";"06:26:00";"14";"2 - Aciden";"146,001";"BR-116/PR";"Sul";"Colisão Lateral";1;0;1;0;0;0;0;0;0;0;1;1;0;0;0
"15/11/2021";"08:27:00";"25";"2 - Aciden";"169,741";"BR-116/PR";"Norte";"Tombamento";0;0;1;0;0;0;0;0;0;0;1;1;0;0;0
"15/11/2021";"13:29:00";"50";"3 - Aciden";"12,962";"BR-116/SC";"Norte";"Colisão Transversal";2;0;0;0;0;0;0;0;0;0;2;0;0;0;0
"15/11/2021";"17:46:00";"71";"3 - Aciden";"152,219";"BR-116/PR";"Norte";"Engavetamento";2;0;0;0;0;0;0;0;0;1;10;0;0;0;0
"15/11/2021";"18:43:00";"77";"3 - Aciden";"118,044";"BR-116/PR";"Sul";"Saida de Pista";2;0;0;0;0;0;0;0;0;0;6;0;0;0;0
"16/11/2021";"08:01:00";"24";"3 - Aciden";"271,5";"BR-116/SC";"Norte";"Colisão Traseira";1;0;0;0;0;0;0;0;0;1;2;0;0;0;0
"16/11/2021";"16:16:00";"105";"3 - Aciden";"172,95";"BR-116/SC";"Norte";"Tombamento";0;0;1;0;0;0;0;0;0;0;1;0;0;0;0
"16/11/2021";"17:33:00";"110";"3 - Aciden";"125,8";"BR-116/PR";"Sul";"Colisão Traseira";0;0;0;1;0;1;0;0;0;0;2;0;0;0;0
"16/11/2021";"17:50:00";"111";"3 - Aciden";"126,001";"BR-116/PR";"Norte";"Colisão Traseira";2;0;0;0;0;0;0;0;0;0;2;0;0;0;0
"16/11/2021";"23:45:00";"132";"1 - Aciden";"130,048";"BR-116/SC";"Sul";"Colisão Traseira";0;0;1;0;0;0;0;0;0;1;1;0;0;0;1
"17/11/2021";"04:48:00";"14";"3 - Aciden";"35,95";"BR-116/SC";"Sul";"Atropelamento de Animal";0;0;1;0;0;0;0;0;0;0;3;0;0;0;0
"17/11/2021";"12:37:00";"86";"1 - Aciden";"156,745";"BR-116/PR";"Sul";"Colisão Transversal";1;0;0;0;0;0;0;0;0;1;1;0;0;1;1
"17/11/2021";"18:57:00";"123";"2 - Aciden";"125,476";"BR-116/PR";"Sul";"Colisão Lateral";0;0;0;2;0;0;0;0;0;0;2;1;0;0;0
"18/11/2021";"06:35:00";"18";"3 - Aciden";"113,7";"BR-116/SC";"Sul";"Colisão Traseira";0;0;1;0;0;0;0;0;0;1;3;0;0;0;0
"18/11/2021";"08:06:00";"40";"2 - Aciden";"247,5";"BR-116/SC";"Sul";"Colisão Transversal";2;0;0;0;0;0;0;0;0;0;0;2;0;0;0
"19/11/2021";"19:17:00";"112";"3 - Aciden";"300,3";"BR-116/SC";"Norte";"Colisão Lateral";1;0;0;0;0;0;0;0;0;1;4;0;0;0;0
"19/11/2021";"19:26:00";"113";"2 - Aciden";"166,789";"BR-116/PR";"Norte";"Colisão Transversal";2;0;0;0;0;0;0;0;0;0;1;1;0;0;0
"19/11/2021";"19:58:00";"116";"3 - Aciden";"122,426";"BR-116/PR";"Sul";"Colisão Lateral";1;0;0;1;0;0;0;0;0;0;2;0;0;0;0
"20/11/2021";"11:42:00";"44";"3 - Aciden";"124,001";"BR-116/PR";"Norte";"Colisão Lateral";0;0;0;1;0;1;0;0;0;0;2;0;0;0;0
"20/11/2021";"16:11:00";"75";"3 - Aciden";"134,4";"BR-116/PR";"Sul";"Colisão Traseira";1;0;1;0;0;0;0;0;0;0;5;0;0;0;0
"21/11/2021";"07:02:00";"13";"3 - Aciden";"289,1";"BR-116/SC";"Norte";"Capotamento";1;0;0;0;0;0;0;0;0;0;1;0;0;0;0
"21/11/2021";"07:16:00";"14";"2 - Aciden";"126,2";"BR-116/SC";"Norte";"Queda de Moto";0;0;0;1;0;0;0;0;0;0;0;1;0;0;0
"21/11/2021";"11:43:00";"47";"3 - Aciden";"115,001";"BR-116/PR";"Norte";"Engavetamento";4;0;0;0;0;0;0;0;0;0;12;0;0;0;0
"21/11/2021";"16:40:00";"76";"2 - Aciden";"195,354";"BR-116/PR";"Sul";"Colisão Frontal";2;0;0;0;0;0;0;0;0;0;2;0;0;1;0
"22/11/2021";"04:59:00";"13";"3 - Aciden";"170,05";"BR-116/SC";"Sul";"Saida de Pista";1;0;0;0;0;0;0;0;0;0;1;0;0;0;0
"22/11/2021";"12:52:00";"85";"3 - Aciden";"12,25";"BR-116/SC";"Sul";"Colisão Transversal";2;0;1;0;0;0;0;0;0;0;3;0;0;0;0
"22/11/2021";"19:46:00";"136";"2 - Aciden";"210,245";"BR-116/PR";"Sul";"Colisão Traseira";0;0;0;1;0;1;0;0;0;0;1;1;0;0;0
"23/11/2021";"05:57:00";"18";"3 - Aciden";"93,7";"BR-116/SC";"Norte";"Tombamento";0;0;1;0;0;0;0;0;0;0;1;0;0;0;0
"23/11/2021";"07:29:00";"29";"2 - Aciden";"119,4";"BR-116/PR";"Sul";"Queda de Moto";0;0;0;1;0;0;0;0;0;0;0;1;0;0;0
"23/11/2021";"12:25:00";"79";"3 - Aciden";"234,495";"BR-116/SC";"Sul";"Tombamento";0;0;1;0;0;0;0;0;0;0;1;0;0;0;0
"23/11/2021";"13:47:00";"88";"3 - Aciden";"48,1";"BR-116/SC";"Sul";"Choque - Defensa, barreira ou "submarino"";0;0;1;0;0;0;0;0;0;0;2;0;0;0;0
"23/11/2021";"15:15:00";"96";"2 - Aciden";"136,266";"BR-116/PR";"Sul";"Atropelamento - Ciclista";0;1;0;0;0;0;0;0;0;0;0;1;0;0;0
"23/11/2021";"20:27:00";"133";"2 - Aciden";"221,215";"BR-116/SC";"Sul";"Colisão Lateral";1;0;1;0;0;0;0;0;0;0;1;1;0;0;0
"24/11/2021";"02:13:00";"13";"2 - Aciden";"124,083";"BR-116/PR";"Norte";"Queda de Moto";0;0;0;1;0;0;0;0;0;0;0;0;0;1;0
"24/11/2021";"06:29:00";"29";"3 - Aciden";"187,842";"BR-116/SC";"Sul";"Colisão Traseira";1;0;1;0;0;0;0;0;0;0;2;0;0;0;0
"24/11/2021";"14:49:00";"94";"2 - Aciden";"70,252";"BR-116/SC";"Sul";"Colisão Lateral";0;0;1;1;0;0;0;0;0;0;1;1;0;0;0
"24/11/2021";"17:20:00";"103";"3 - Aciden";"9,42";"BR-116/SC";"Sul";"Colisão Traseira";1;0;1;0;0;0;0;0;0;0;2;0;0;0;0
"24/11/2021";"23:57:00";"124";"3 - Aciden";"263,8";"BR-116/SC";"Norte";"Saida de Pista";0;0;1;0;0;0;0;0;0;0;1;0;0;0;0
"25/11/2021";"04:09:00";"13";"2 - Aciden";"119,81";"BR-116/PR";"Norte";"Queda de Moto";0;0;0;1;0;0;0;0;0;0;0;1;0;0;0
"25/11/2021";"07:59:00";"44";"2 - Aciden";"18,001";"BR-116/SC";"Sul";"Saida de Pista";1;0;0;0;0;0;0;0;0;0;0;1;0;0;0
"25/11/2021";"08:06:00";"47";"2 - Aciden";"116,126";"BR-116/PR";"Sul";"Queda de Moto";0;0;0;1;0;0;0;0;0;0;0;0;0;1;0
"25/11/2021";"20:29:00";"118";"3 - Aciden";"128,986";"BR-116/PR";"Norte";"Colisão Frontal";2;0;0;0;0;0;0;0;0;0;2;0;0;0;0
"26/11/2021";"08:27:00";"31";"3 - Aciden";"120,762";"BR-116/PR";"Norte";"Colisão Traseira";2;0;0;0;0;1;0;0;0;0;3;0;0;0;0
"26/11/2021";"15:36:00";"73";"3 - Aciden";"155,001";"BR-116/PR";"Norte";"Colisão Transversal";2;0;0;0;0;0;0;0;0;0;2;0;0;0;0
"26/11/2021";"17:41:00";"84";"2 - Aciden";"123,418";"BR-116/PR";"Sul";"Colisão Traseira";1;0;0;1;0;0;0;0;0;0;4;1;0;0;0
"27/11/2021";"02:51:00";"13";"3 - Aciden";"3,833";"BR-116/SC";"Norte";"Colisão Traseira";1;0;0;0;0;0;0;0;0;0;1;0;0;0;0
"27/11/2021";"20:19:00";"89";"2 - Aciden";"165,094";"BR-116/SC";"Sul";"Saida de Pista";1;0;0;0;0;0;0;0;0;0;1;1;0;0;0
"27/11/2021";"22:25:00";"94";"2 - Aciden";"129,1";"BR-116/PR";"Sul";"Queda de Moto";0;0;0;1;0;0;0;0;0;0;0;0;0;1;0
"27/11/2021";"23:05:00";"97";"3 - Aciden";"146,1";"BR-116/PR";"Norte";"Choque - Talude";1;0;0;0;0;0;0;0;0;0;1;0;0;0;0
"28/11/2021";"11:00:00";"20";"2 - Aciden";"4,5";"BR-116/SC";"Sul";"Colisão Transversal";1;0;0;1;0;0;0;0;0;0;1;1;0;0;0
"28/11/2021";"13:20:00";"28";"3 - Aciden";"167,287";"BR-116/SC";"Norte";"Colisão Transversal";1;0;0;0;0;1;0;0;0;0;2;0;0;0;0
"28/11/2021";"13:48:00";"30";"2 - Aciden";"57,695";"BR-116/SC";"Norte";"Colisão Transversal";0;0;1;0;1;0;0;0;0;0;32;1;0;0;0
"28/11/2021";"17:12:00";"44";"2 - Aciden";"121,091";"BR-116/PR";"Norte";"Colisão Traseira";1;0;0;0;0;1;0;0;0;0;1;1;0;0;0
"29/11/2021";"14:59:00";"91";"3 - Aciden";"205,9";"BR-116/SC";"Sul";"Colisão Traseira";0;0;2;0;0;0;0;0;0;0;2;0;0;0;0
"29/11/2021";"17:29:00";"105";"3 - Aciden";"122,7";"BR-116/PR";"Sul";"Choque - Defensa, barreira ou "submarino"";0;0;1;0;0;0;0;0;0;0;1;0;0;0;0
"30/11/2021";"07:45:00";"46";"2 - Aciden";"126,001";"BR-116/PR";"Norte";"Colisão Traseira";1;0;0;1;0;0;0;0;0;0;1;1;0;0;0
"30/11/2021";"16:10:00";"109";"2 - Aciden";"137,787";"BR-116/SC";"Sul";"Engavetamento";3;0;0;0;0;0;0;0;0;0;2;1;0;0;0
"01/12/2021";"08:27:00";"37";"2 - Aciden";"3,5";"BR-116/SC";"Sul";"Choque - Defensa, barreira ou "submarino"";1;0;0;0;0;0;0;0;0;0;0;2;0;0;0
"01/12/2021";"08:29:00";"38";"3 - Aciden";"115,2";"BR-116/PR";"Norte";"Queda de Moto";0;0;0;1;0;0;0;0;0;0;1;0;0;0;0
"01/12/2021";"16:18:00";"103";"3 - Aciden";"184,34";"BR-116/PR";"Norte";"Tombamento";0;0;1;0;0;0;0;0;0;0;1;0;0;0;0
"01/12/2021";"20:00:00";"128";"3 - Aciden";"125,957";"BR-116/PR";"Sul";"Engavetamento";5;0;0;0;0;0;0;0;0;0;5;0;0;0;0
"02/12/2021";"22:48:00";"113";"3 - Aciden";"205,001";"BR-116/PR";"Norte";"Saida de Pista";0;0;0;0;0;0;0;0;0;1;2;0;0;0;0
"03/12/2021";"01:17:00";"3";"3 - Aciden";"147,65";"BR-116/PR";"Norte";"Choque - Defensa, barreira ou "submarino"";0;0;0;0;0;0;0;0;0;1;1;0;0;0;0
"03/12/2021";"01:34:00";"4";"2 - Aciden";"120,62";"BR-116/PR";"Norte";"Colisão Traseira";2;0;0;0;0;0;0;0;0;0;1;3;0;0;0
"03/12/2021";"06:49:00";"17";"3 - Aciden";"144,85";"BR-116/SC";"Sul";"Choque - Defensa, barreira ou "submarino"";1;0;0;0;0;0;0;0;0;0;2;0;0;0;0
"03/12/2021";"07:24:00";"21";"3 - Aciden";"119,563";"BR-116/PR";"Norte";"Tombamento";0;0;1;0;0;0;0;0;0;0;2;0;0;0;0
"03/12/2021";"10:05:00";"46";"3 - Aciden";"180,1";"BR-116/SC";"Sul";"Colisão Lateral";2;0;0;0;0;0;0;0;0;0;2;0;0;0;0
"03/12/2021";"11:46:00";"66";"3 - Aciden";"171,4";"BR-116/PR";"Sul";"Capotamento";1;0;0;0;0;0;0;0;0;0;1;0;0;0;0
"03/12/2021";"19:39:00";"104";"3 - Aciden";"141,646";"BR-116/PR";"Norte";"Colisão Traseira";0;0;2;0;0;0;0;0;0;0;2;0;0;0;0
"03/12/2021";"21:23:00";"111";"2 - Aciden";"135,597";"BR-116/PR";"Norte";"Colisão Transversal";0;0;1;0;0;0;0;0;0;1;1;2;0;0;0
"04/12/2021";"00:36:00";"2";"2 - Aciden";"69,25";"BR-116/SC";"Sul";"Colisão Lateral";1;0;1;0;0;0;0;0;0;0;1;1;0;0;0
"04/12/2021";"10:03:00";"54";"3 - Aciden";"152,5";"BR-116/PR";"Sul";"Colisão Transversal";2;0;0;0;0;0;0;0;0;0;7;0;0;0;0
"04/12/2021";"12:22:00";"66";"2 - Aciden";"117,067";"BR-116/PR";"Sul";"Engavetamento";3;0;0;0;0;0;0;0;0;0;3;1;0;0;0
"04/12/2021";"14:39:00";"81";"3 - Aciden";"118,844";"BR-116/PR";"Sul";"Choque - Elemento de Drenagem";1;0;0;0;0;0;0;0;0;0;1;0;0;0;0
"04/12/2021";"14:51:00";"82";"3 - Aciden";"119,965";"BR-116/PR";"Sul";"Engavetamento";3;0;0;0;0;0;0;0;0;0;3;0;0;0;0
"04/12/2021";"17:17:00";"101";"1 - Aciden";"173,357";"BR-116/PR";"Norte";"Colisão Transversal";0;0;1;1;0;0;0;0;0;0;1;0;0;0;1
"05/12/2021";"04:12:00";"13";"2 - Aciden";"122,725";"BR-116/PR";"Norte";"Colisão Traseira";2;0;0;0;0;0;0;0;0;0;2;1;0;0;0
"05/12/2021";"06:30:00";"22";"3 - Aciden";"126,15";"BR-116/PR";"Sul";"Engavetamento";3;0;0;0;0;0;0;0;0;0;3;0;0;0;0
"05/12/2021";"18:08:00";"89";"3 - Aciden";"125,782";"BR-116/PR";"Sul";"Colisão Transversal";2;0;0;0;0;0;0;0;0;0;2;0;0;0;0
"05/12/2021";"18:08:00";"96";"2 - Aciden";"125,756";"BR-116/PR";"Norte";"Colisão Lateral";1;0;0;1;0;0;0;0;0;0;2;1;0;0;0
"05/12/2021";"19:37:00";"102";"2 - Aciden";"150,801";"BR-116/PR";"Sul";"Atropelamento - Andarilho";0;0;0;0;0;0;0;0;0;0;0;0;0;1;0
"05/12/2021";"19:54:00";"104";"3 - Aciden";"165,091";"BR-116/SC";"Sul";"Choque - Elemento de Drenagem";1;0;0;0;0;0;0;0;0;0;1;0;0;0;0
"05/12/2021";"20:06:00";"107";"3 - Aciden";"141,064";"BR-116/PR";"Norte";"Colisão Traseira";1;0;0;0;0;1;0;0;0;0;2;0;0;0;0
"05/12/2021";"20:43:00";"110";"2 - Aciden";"4,32";"BR-116/SC";"Norte";"Colisão Transversal";1;0;1;0;0;0;0;0;0;0;2;2;0;0;0
"05/12/2021";"21:40:00";"115";"2 - Aciden";"142,001";"BR-116/PR";"Sul";"Queda de Moto";0;0;0;1;0;0;0;0;0;0;0;2;0;0;0
"05/12/2021";"22:38:00";"116";"3 - Aciden";"139,15";"BR-116/PR";"Norte";"Saida de Pista";1;0;0;0;0;0;0;0;0;0;1;0;0;0;0
"06/12/2021";"12:43:00";"59";"2 - Aciden";"238,9";"BR-116/SC";"Norte";"Tombamento";0;0;1;0;0;0;0;0;0;0;0;2;0;0;0
"06/12/2021";"14:47:00";"70";"3 - Aciden";"199,638";"BR-116/PR";"Norte";"Choque - Talude";0;0;1;0;0;0;0;0;0;0;1;0;0;0;0
"06/12/2021";"16:04:00";"77";"3 - Aciden";"277,001";"BR-116/SC";"Sul";"Choque - Defensa, barreira ou "submarino"";0;0;0;1;0;0;0;0;0;0;2;0;0;0;0
"07/12/2021";"16:28:00";"94";"3 - Aciden";"144,15";"BR-116/PR";"Norte";"Colisão Frontal";1;0;1;0;0;0;0;0;0;0;2;0;0;0;0
"07/12/2021";"16:52:00";"98";"3 - Aciden";"304,001";"BR-116/SC";"Sul";"Colisão Traseira";0;0;1;0;1;0;0;0;0;0;2;0;0;0;0
"07/12/2021";"17:23:00";"103";"3 - Aciden";"110,001";"BR-116/SC";"Sul";"Queda de Moto";0;0;0;1;0;0;0;0;0;0;1;0;0;0;0
"07/12/2021";"20:27:00";"113";"2 - Aciden";"117,8";"BR-116/SC";"Sul";"Tombamento";0;0;1;0;0;1;0;0;0;0;1;0;0;1;0
"08/12/2021";"10:28:00";"74";"3 - Aciden";"134,2";"BR-116/PR";"Sul";"Saida de Pista";1;0;0;0;0;0;0;0;0;0;1;0;0;0;0
"08/12/2021";"10:56:00";"77";"3 - Aciden";"144,001";"BR-116/PR";"Sul";"Colisão Lateral";0;0;1;0;0;0;0;0;0;1;2;0;0;0;0
"08/12/2021";"11:20:00";"88";"3 - Aciden";"148,9";"BR-116/PR";"Sul";"Colisão Traseira";1;0;0;0;0;0;0;0;0;1;5;0;0;0;0
"08/12/2021";"13:21:00";"100";"3 - Aciden";"231,113";"BR-116/SC";"Sul";"Capotamento";0;0;0;0;0;0;0;0;0;1;1;0;0;0;0
"08/12/2021";"16:50:00";"123";"3 - Aciden";"224,157";"BR-116/SC";"Norte";"Colisão Traseira";1;0;1;0;0;0;0;0;0;0;4;0;0;0;0
"09/12/2021";"00:55:00";"7";"2 - Aciden";"140,319";"BR-116/SC";"Norte";"Choque - Poste";1;0;0;0;0;0;0;0;0;0;0;3;0;0;0
"09/12/2021";"17:14:00";"125";"3 - Aciden";"209,41";"BR-116/PR";"Sul";"Colisão Lateral";1;0;1;0;0;0;0;0;0;0;2;0;0;0;0
"09/12/2021";"17:30:00";"126";"3 - Aciden";"152,429";"BR-116/PR";"Norte";"Colisão Lateral";1;0;0;0;0;1;0;0;0;0;2;0;0;0;0
"10/12/2021";"08:38:00";"56";"2 - Aciden";"116,6";"BR-116/PR";"Norte";"Colisão Lateral";1;0;0;1;0;0;0;0;0;0;1;1;0;0;0
"10/12/2021";"09:45:00";"64";"3 - Aciden";"209,1";"BR-116/PR";"Sul";"Colisão Traseira";2;0;0;0;0;0;0;0;0;0;2;0;0;0;0
"10/12/2021";"19:49:00";"139";"2 - Aciden";"209,972";"BR-116/PR";"Norte";"Colisão Transversal";1;0;0;1;0;0;0;0;0;0;1;2;0;0;0
"11/12/2021";"15:52:00";"88";"3 - Aciden";"49,409";"BR-116/SC";"Sul";"Colisão Traseira";0;0;1;0;0;1;0;0;0;0;2;0;0;0;0
"11/12/2021";"16:43:00";"94";"3 - Aciden";"184,587";"BR-116/SC";"Sul";"Colisão Traseira";1;0;1;0;0;0;0;0;0;0;2;0;0;0;0
"12/12/2021";"07:39:00";"26";"3 - Aciden";"193,22";"BR-116/SC";"Sul";"Capotamento";1;0;0;0;0;0;0;0;0;0;2;0;0;0;0
"12/12/2021";"10:55:00";"44";"3 - Aciden";"180,8";"BR-116/SC";"Norte";"Tombamento";0;0;1;0;0;0;0;0;0;0;3;0;0;0;0
"12/12/2021";"12:15:00";"53";"2 - Aciden";"294,5";"BR-116/SC";"Sul";"Choque - Defensa, barreira ou "submarino"";0;0;1;0;0;0;0;0;0;0;0;1;0;0;0
"12/12/2021";"17:27:00";"80";"2 - Aciden";"150,587";"BR-116/PR";"Norte";"Colisão Traseira";1;0;0;1;0;0;0;0;0;0;1;0;0;1;0
"12/12/2021";"17:58:00";"86";"3 - Aciden";"10,753";"BR-116/SC";"Sul";"Colisão Traseira";1;0;0;0;0;0;0;0;0;1;2;0;0;0;0
"12/12/2021";"23:51:00";"122";"3 - Aciden";"220,1";"BR-116/SC";"Norte";"Colisão Transversal";0;0;1;0;0;0;0;0;0;1;2;0;0;0;0
"13/12/2021";"19:18:00";"93";"2 - Aciden";"184,788";"BR-116/SC";"Sul";"Tombamento";0;0;1;0;0;0;0;0;0;0;1;1;0;0;0
"14/12/2021";"16:00:00";"63";"3 - Aciden";"126,193";"BR-116/PR";"Sul";"Colisão Traseira";1;0;0;0;0;0;0;0;0;1;3;0;0;0;0
"14/12/2021";"19:51:00";"89";"3 - Aciden";"116,283";"BR-116/PR";"Sul";"Engavetamento";4;0;0;0;0;0;0;0;0;1;6;0;0;0;0
"14/12/2021";"20:55:00";"92";"3 - Aciden";"217,431";"BR-116/SC";"Norte";"Colisão Transversal";0;0;1;0;0;1;0;0;0;0;2;0;0;0;0
"15/12/2021";"08:24:00";"52";"3 - Aciden";"138,8";"BR-116/SC";"Sul";"Colisão Traseira";1;0;0;0;0;1;0;0;0;1;4;0;0;0;0
"15/12/2021";"16:12:00";"114";"3 - Aciden";"161,63";"BR-116/PR";"Norte";"Saida de Pista";0;0;0;0;0;0;0;0;0;1;1;0;0;0;0
"15/12/2021";"17:02:00";"121";"2 - Aciden";"127,3";"BR-116/SC";"Sul";"Colisão Lateral";1;0;1;0;0;0;0;0;0;0;1;1;0;0;0