data;horario;n_da_ocorrencia;tipo_de_ocorrencia;km;trecho;sentido;tipo_de_acidente;automovel;bicicleta;caminhao;moto;onibus;outros;tracao_animal;transporte_de_cargas_especiais;trator_maquinas;utilitarios;ilesos;levemente_feridos;moderadamente_feridos;gravemente_feridos;mortos
"16/12/2021";"07:19:00";"38";"2 - Aciden";"121,9";"BR-116/PR";"Norte";"Colisão Traseira";1;0;0;1;0;0;0;0;0;0;1;1;0;0;0
"16/12/2021";"09:21:00";"82";"3 - Aciden";"5,5";"BR-116/SC";"Sul";"Colisão Traseira";1;0;0;1;0;0;0;0;0;0;2;0;0;0;0
"16/12/2021";"18:57:00";"162";"2 - Aciden";"156,681";"BR-116/SC";"Norte";"Tombamento";0;0;1;0;0;0;0;0;0;0;0;1;0;0;0
"17/12/2021";"01:52:00";"12";"2 - Aciden";"180,586";"BR-116/SC";"Sul";"Colisão Traseira";0;0;2;0;0;0;0;0;0;0;1;1;0;0;0
"17/12/2021";"02:58:00";"16";"2 - Aciden";"133,806";"BR-116/PR";"Sul";"Capotamento";1;0;0;0;0;0;0;0;0;0;0;0;0;1;0
"17/12/2021";"03:48:00";"21";"2 - Aciden";"225,217";"BR-116/SC";"Norte";"Choque - Talude";1;0;0;0;0;0;0;0;0;0;0;0;0;1;0
"17/12/2021";"08:40:00";"44";"3 - Aciden";"133,001";"BR-116/PR";"Norte";"Colisão Traseira";1;0;0;0;0;1;0;0;0;0;2;0;0;0;0
"17/12/2021";"12:25:00";"92";"1 - Aciden";"34,337";"BR-116/SC";"Norte";"Engavetamento";1;0;2;0;0;0;0;0;0;0;3;0;0;0;1
"18/12/2021";"01:18:00";"4";"2 - Aciden";"158,75";"BR-116/PR";"Norte";"Atropelamento - Sem Informação";0;0;0;0;1;0;0;0;0;0;1;0;0;1;0
"18/12/2021";"04:32:00";"13";"3 - Aciden";"144,8";"BR-116/SC";"Sul";"Choque - Defensa, barreira ou "submarino"";1;0;0;0;0;0;0;0;0;0;1;0;0;0;0
"18/12/2021";"05:22:00";"17";"3 - Aciden";"121,89";"BR-116/PR";"Sul";"Choque - Objeto sobre a pista";1;0;1;0;0;0;0;0;0;0;2;0;0;0;0
"18/12/2021";"05:54:00";"18";"3 - Aciden";"183,001";"BR-116/SC";"Norte";"Capotamento";1;0;0;0;0;0;0;0;0;0;1;0;0;0;0
"18/12/2021";"07:37:00";"25";"3 - Aciden";"115,9";"BR-116/PR";"Sul";"Choque - Elemento de Drenagem";1;0;0;0;0;0;0;0;0;0;1;0;0;0;0
"18/12/2021";"10:25:00";"55";"2 - Aciden";"12,3";"BR-116/SC";"Sul";"Colisão Transversal";1;0;1;0;0;0;0;0;0;0;2;0;0;1;0
"18/12/2021";"22:06:00";"107";"1 - Aciden";"124,575";"BR-116/PR";"Sul";"Atropelamento - Sem Informação";0;0;0;0;1;0;0;0;0;0;1;0;0;0;1
"18/12/2021";"23:06:00";"112";"3 - Aciden";"123,358";"BR-116/PR";"Norte";"Colisão Traseira";2;0;0;0;0;0;0;0;0;0;2;0;0;0;0
"19/12/2021";"00:16:00";"2";"3 - Aciden";"212,4";"BR-116/SC";"Norte";"Choque - Talude";1;0;0;0;0;0;0;0;0;0;1;0;0;0;0
"19/12/2021";"09:14:00";"28";"2 - Aciden";"222,01";"BR-116/SC";"Norte";"Capotamento";1;0;0;0;0;0;0;0;0;0;0;1;0;0;0
"19/12/2021";"18:30:00";"67";"2 - Aciden";"122,202";"BR-116/PR";"Sul";"Colisão Lateral";1;0;0;1;0;0;0;0;0;0;1;1;0;0;0
"19/12/2021";"18:53:00";"71";"2 - Aciden";"193,87";"BR-116/SC";"Norte";"Colisão Transversal";2;0;0;0;0;0;0;0;0;0;2;1;0;0;0
"19/12/2021";"21:40:00";"80";"3 - Aciden";"211,4";"BR-116/SC";"Sul";"Capotamento";0;0;0;0;0;0;0;0;0;1;2;0;0;0;0
"20/12/2021";"08:45:00";"38";"2 - Aciden";"115,2";"BR-116/PR";"Norte";"Colisão Traseira";1;0;0;1;0;0;0;0;0;0;2;1;0;0;0
"20/12/2021";"14:46:00";"96";"3 - Aciden";"251,3";"BR-116/SC";"Sul";"Colisão Traseira";2;0;0;0;0;0;0;0;0;0;2;0;0;0;0
"20/12/2021";"15:46:00";"108";"3 - Aciden";"122,7";"BR-116/SC";"Norte";"Tombamento";0;0;1;0;0;0;0;0;0;0;1;0;0;0;0
"20/12/2021";"16:11:00";"111";"3 - Aciden";"107,7";"BR-116/SC";"Sul";"Choque - Defensa, barreira ou "submarino"";0;0;1;0;0;0;0;0;0;0;1;0;0;0;0
"20/12/2021";"16:32:00";"114";"3 - Aciden";"142,284";"BR-116/SC";"Sul";"Capotamento";1;0;0;0;0;0;0;0;0;0;1;0;0;0;0
"21/12/2021";"08:45:00";"39";"3 - Aciden";"247,85";"BR-116/SC";"Sul";"Colisão Traseira";2;0;0;0;0;0;0;0;0;0;4;0;0;0;0
"21/12/2021";"10:26:00";"61";"3 - Aciden";"52,2";"BR-116/SC";"Sul";"Colisão Traseira";0;0;1;0;0;0;0;0;0;1;2;0;0;0;0
"21/12/2021";"10:40:00";"64";"3 - Aciden";"225,011";"BR-116/SC";"Norte";"Colisão Traseira";1;0;1;0;0;0;0;0;0;0;5;0;0;0;0
"21/12/2021";"21:03:00";"131";"3 - Aciden";"124,54";"BR-116/PR";"Sul";"Choque - Defensa, barreira ou "submarino"";1;0;0;0;0;0;0;0;0;0;1;0;0;0;0
"21/12/2021";"21:18:00";"133";"3 - Aciden";"129,001";"BR-116/PR";"Sul";"Queda de Moto";0;0;0;1;0;0;0;0;0;0;2;0;0;0;0
"21/12/2021";"22:05:00";"137";"1 - Aciden";"156,048";"BR-116/PR";"Norte";"Colisão Lateral";0;0;1;1;0;0;0;0;0;1;2;0;0;0;1
"22/12/2021";"09:24:00";"36";"3 - Aciden";"170,988";"BR-116/SC";"Norte";"Colisão Frontal";1;0;1;0;0;1;0;0;0;0;3;0;0;0;0
"22/12/2021";"11:41:00";"53";"2 - Aciden";"199,138";"BR-116/PR";"Sul";"Tombamento";0;0;1;0;0;0;0;0;0;0;2;1;0;0;0
"22/12/2021";"13:28:00";"64";"3 - Aciden";"245,6";"BR-116/SC";"Sul";"Colisão Transversal";2;0;0;0;0;0;0;0;0;0;2;0;0;0;0
"22/12/2021";"17:44:00";"91";"3 - Aciden";"37,15";"BR-116/SC";"Sul";"Choque - Arvore";0;0;1;0;0;0;0;0;0;0;1;0;0;0;0
"22/12/2021";"20:43:00";"120";"3 - Aciden";"126,001";"BR-116/PR";"Sul";"Engavetamento";3;0;0;0;0;0;0;0;0;0;3;0;0;0;0
"22/12/2021";"22:14:00";"127";"2 - Aciden";"168,148";"BR-116/PR";"Sul";"Colisão Lateral";0;0;2;0;0;0;0;0;0;0;2;1;0;0;0
"23/12/2021";"05:25:00";"12";"3 - Aciden";"279,1";"BR-116/SC";"Norte";"Colisão Traseira";1;0;0;0;0;0;0;0;0;0;1;0;0;0;0
"23/12/2021";"07:52:00";"46";"3 - Aciden";"247,001";"BR-116/SC";"Sul";"Colisão Transversal";2;0;0;0;0;0;0;0;0;0;6;0;0;0;0
"23/12/2021";"11:19:00";"67";"1 - Aciden";"305,2";"BR-116/SC";"Sul";"Tombamento";0;0;1;0;0;0;0;0;0;0;0;0;0;0;1
"23/12/2021";"15:39:00";"92";"2 - Aciden";"125,97";"BR-116/PR";"Sul";"Colisão Lateral";2;0;0;0;0;0;0;0;0;0;5;1;0;0;0
"23/12/2021";"15:51:00";"95";"3 - Aciden";"124,5";"BR-116/PR";"Sul";"Colisão Traseira";1;0;0;0;0;1;0;0;0;0;2;0;0;0;0
"23/12/2021";"17:48:00";"106";"3 - Aciden";"117,7";"BR-116/PR";"Sul";"Engavetamento";2;0;1;0;0;0;0;0;0;0;4;0;0;0;0
"24/12/2021";"02:19:00";"3";"3 - Aciden";"11,16";"BR-116/SC";"Norte";"Choque - Talude";1;0;0;0;0;0;0;0;0;0;1;0;0;0;0
"24/12/2021";"08:09:00";"26";"3 - Aciden";"5,121";"BR-116/SC";"Norte";"Colisão Transversal";1;0;0;0;0;1;0;0;0;0;2;0;0;0;0
"24/12/2021";"08:45:00";"33";"3 - Aciden";"310,1";"BR-116/SC";"Sul";"Colisão Traseira";2;0;0;0;0;0;0;0;0;0;8;0;0;0;0
"24/12/2021";"10:17:00";"45";"3 - Aciden";"120,2";"BR-116/SC";"Norte";"Colisão Transversal";2;0;0;0;0;0;0;0;0;0;5;0;0;0;0
"24/12/2021";"11:22:00";"48";"3 - Aciden";"205,3";"BR-116/SC";"Sul";"Colisão Lateral";2;0;0;0;0;0;0;0;0;0;6;0;0;0;0
"24/12/2021";"14:50:00";"68";"2 - Aciden";"67,469";"BR-116/SC";"Sul";"Colisão Frontal";2;0;1;0;0;0;0;0;0;0;3;1;0;0;0
"24/12/2021";"15:32:00";"69";"3 - Aciden";"116,2";"BR-116/PR";"Sul";"Colisão Traseira";1;0;0;1;0;0;0;0;0;0;3;0;0;0;0
"25/12/2021";"13:56:00";"30";"3 - Aciden";"52,8";"BR-116/SC";"Sul";"Saida de Pista";1;0;0;0;0;0;0;0;0;0;1;0;0;0;0
"26/12/2021";"09:11:00";"28";"2 - Aciden";"143,141";"BR-116/PR";"Sul";"Colisão Frontal";2;0;0;0;0;0;0;0;0;0;0;1;0;1;0
"26/12/2021";"16:59:00";"65";"3 - Aciden";"288,001";"BR-116/SC";"Norte";"Queda de Moto";0;0;0;1;0;0;0;0;0;0;1;0;0;0;0
"26/12/2021";"21:34:00";"93";"3 - Aciden";"217,386";"BR-116/SC";"Norte";"Colisão Transversal";2;0;0;0;0;0;0;0;0;0;4;0;0;0;0
"30/12/2021";"03:39:00";"15";"3 - Aciden";"211,929";"BR-116/SC";"Sul";"Tombamento";0;0;1;0;0;0;0;0;0;0;1;0;0;0;0
"31/12/2021";"06:50:00";"15";"3 - Aciden";"241,926";"BR-116/SC";"Sul";"Capotamento";1;0;0;0;0;0;0;0;0;0;1;0;0;0;0
"31/12/2021";"10:02:00";"23";"3 - Aciden";"72,812";"BR-116/SC";"Norte";"Saida de Pista";1;0;0;0;0;0;0;0;0;0;4;0;0;0;0
"31/12/2021";"14:09:00";"35";"2 - Aciden";"119,4";"BR-116/PR";"Sul";"Choque - Defensa, barreira ou "submarino"";0;0;0;1;0;0;0;0;0;0;0;1;0;0;0
"31/12/2021";"22:02:00";"69";"3 - Aciden";"85,001";"BR-116/SC";"Norte";"Saida de Pista";1;0;0;0;0;0;0;0;0;0;1;0;0;0;0
"02/01/2022";"12:30:00";"56";"2 - Aciden";"54,632";"BR-116/SC";"Sul";"Tombamento";0;0;1;0;0;0;0;0;0;0;1;2;0;0;0
"03/01/2022";"20:34:00";"86";"2 - Aciden";"71,467";"BR-116/SC";"Sul";"Atropelamento - Sem Informação";1;0;0;0;0;0;0;0;0;0;2;0;0;1;0
"04/01/2022";"01:31:00";"4";"3 - Aciden";"72,684";"BR-116/SC";"Sul";"Atropelamento de Animal";0;0;1;0;0;0;0;0;0;0;1;0;0;0;0
"05/01/2022";"15:03:00";"76";"3 - Aciden";"69,164";"BR-116/SC";"Norte";"Colisão Traseira";1;0;0;0;0;0;0;0;0;1;2;0;0;0;0
"05/01/2022";"18:48:00";"93";"3 - Aciden";"115,742";"BR-116/PR";"Norte";"Engavetamento";1;0;0;0;0;2;0;0;0;0;3;0;0;0;0
"05/01/2022";"19:51:00";"95";"2 - Aciden";"21,494";"BR-116/SC";"Norte";"Colisão Frontal";1;0;0;0;0;0;0;0;0;1;0;3;0;1;0
"06/01/2022";"01:03:00";"2";"3 - Aciden";"310,2";"BR-116/SC";"Sul";"Choque - Defensa, barreira ou "submarino"";0;0;0;0;0;0;0;0;0;1;2;0;0;0;0
"06/01/2022";"16:37:00";"82";"3 - Aciden";"71,902";"BR-116/SC";"Norte";"Colisão Traseira";1;0;0;0;0;0;0;0;0;1;2;0;0;0;0
"06/01/2022";"20:12:00";"104";"3 - Aciden";"87,535";"BR-116/SC";"Norte";"Capotamento";1;0;0;0;0;0;0;0;0;0;1;0;0;0;0
"06/01/2022";"22:34:00";"114";"3 - Aciden";"126,208";"BR-116/PR";"Norte";"Colisão Transversal";1;0;0;1;0;0;0;0;0;0;2;0;0;0;0
"06/01/2022";"23:41:00";"118";"3 - Aciden";"117,992";"BR-116/PR";"Norte";"Capotamento";2;0;0;0;0;0;0;0;0;0;2;0;0;0;0
"07/01/2022";"09:13:00";"31";"3 - Aciden";"94,9";"BR-116/SC";"Norte";"Colisão Lateral";0;0;1;0;0;1;0;0;0;0;2;0;0;0;0
"07/01/2022";"16:01:00";"72";"3 - Aciden";"166,891";"BR-116/PR";"Norte";"Colisão Transversal";2;0;0;0;0;0;0;0;0;0;2;0;0;0;0
"08/01/2022";"08:58:00";"27";"2 - Aciden";"160,285";"BR-116/SC";"Sul";"Choque - Talude";1;0;0;0;0;0;0;0;0;0;0;1;0;0;0
"08/01/2022";"11:46:00";"48";"3 - Aciden";"130,1";"BR-116/SC";"Sul";"Capotamento";1;0;0;0;0;0;0;0;0;0;3;0;0;0;0
"08/01/2022";"14:14:00";"61";"3 - Aciden";"126,226";"BR-116/PR";"Norte";"Colisão Transversal";2;0;0;0;0;0;0;0;0;0;2;0;0;0;0
"08/01/2022";"16:38:00";"71";"1 - Aciden";"105,9";"BR-116/SC";"Norte";"Tombamento";0;0;1;0;0;0;0;0;0;0;0;0;0;0;2
"08/01/2022";"17:08:00";"77";"3 - Aciden";"155,5";"BR-116/PR";"Sul";"Colisão Lateral";0;0;2;0;0;0;0;0;0;0;2;0;0;0;0
"08/01/2022";"18:02:00";"83";"3 - Aciden";"132,1";"BR-116/PR";"Sul";"Colisão Traseira";1;0;0;0;0;1;0;0;0;1;3;0;0;0;0
"08/01/2022";"22:56:00";"94";"2 - Aciden";"131,743";"BR-116/SC";"Norte";"Choque - Talude";1;0;0;0;0;0;0;0;0;0;0;1;0;0;0
"08/01/2022";"23:08:00";"95";"3 - Aciden";"117,65";"BR-116/PR";"Sul";"Choque - Elemento de Drenagem";1;0;0;0;0;0;0;0;0;0;1;0;0;0;0
"09/01/2022";"11:21:00";"33";"3 - Aciden";"287,1";"BR-116/SC";"Sul";"Colisão Traseira";2;0;0;0;0;0;0;0;0;0;10;0;0;0;0
"09/01/2022";"17:17:00";"50";"3 - Aciden";"122,612";"BR-116/PR";"Sul";"Colisão Lateral";1;0;0;0;0;1;0;0;0;0;3;0;0;0;0
"10/01/2022";"15:29:00";"72";"3 - Aciden";"245,759";"BR-116/SC";"Sul";"Colisão Lateral";1;0;0;0;0;1;0;0;0;0;2;0;0;0;0
"10/01/2022";"16:09:00";"78";"3 - Aciden";"179,361";"BR-116/PR";"Norte";"Colisão Lateral";0;0;1;0;0;1;0;0;0;0;2;0;0;0;0
"11/01/2022";"20:48:00";"113";"3 - Aciden";"24,4";"BR-116/SC";"Norte";"Choque - Suporte de Sinalização";1;0;0;0;0;0;0;0;0;0;1;0;0;0;0
"12/01/2022";"00:18:00";"2";"2 - Aciden";"126,223";"BR-116/PR";"Sul";"Colisão Transversal";2;0;0;0;0;0;0;0;0;0;2;1;0;0;0
"12/01/2022";"11:10:00";"72";"3 - Aciden";"141,981";"BR-116/PR";"Sul";"Colisão Lateral";1;0;1;0;0;0;0;0;0;0;2;0;0;0;0
"13/01/2022";"18:39:00";"93";"2 - Aciden";"129,38";"BR-116/PR";"Sul";"Queda de Moto";0;0;0;1;0;0;0;0;0;0;0;1;0;0;0
"13/01/2022";"19:07:00";"96";"2 - Aciden";"120,1";"BR-116/PR";"Sul";"Queda de Moto";0;0;0;1;0;0;0;0;0;0;0;1;0;0;0
"13/01/2022";"19:22:00";"97";"2 - Aciden";"149,956";"BR-116/PR";"Sul";"Colisão Transversal";1;0;0;1;0;0;0;0;0;0;1;1;0;0;0
"13/01/2022";"22:45:00";"116";"3 - Aciden";"224,5";"BR-116/SC";"Sul";"Choque - Elemento de Drenagem";1;0;0;0;0;0;0;0;0;0;1;0;0;0;0
"14/01/2022";"21:04:00";"111";"3 - Aciden";"195,489";"BR-116/PR";"Norte";"Choque - Defensa, barreira ou "submarino"";1;0;0;0;0;0;0;0;0;0;2;0;0;0;0
"14/01/2022";"22:18:00";"116";"2 - Aciden";"241,93";"BR-116/SC";"Norte";"Colisão Traseira";0;0;0;2;0;0;0;0;0;0;1;2;0;0;0
"15/01/2022";"00:09:00";"1";"3 - Aciden";"159,404";"BR-116/PR";"Norte";"Colisão Lateral";1;0;1;0;0;0;0;0;0;0;2;0;0;0;0
"15/01/2022";"03:41:00";"6";"2 - Aciden";"164,583";"BR-116/PR";"Sul";"Capotamento";1;0;0;0;0;0;0;0;0;0;0;1;0;0;0
"15/01/2022";"08:53:00";"24";"2 - Aciden";"145,9";"BR-116/PR";"Sul";"Colisão Transversal";0;0;0;2;0;0;0;0;0;0;0;3;0;0;0
"15/01/2022";"10:30:00";"42";"3 - Aciden";"166,129";"BR-116/PR";"Norte";"Colisão Transversal";2;0;0;0;0;0;0;0;0;0;2;0;0;0;0
"15/01/2022";"16:34:00";"60";"3 - Aciden";"119,147";"BR-116/PR";"Sul";"Colisão Traseira";1;0;0;1;0;0;0;0;0;0;2;0;0;0;0
"15/01/2022";"21:32:00";"74";"3 - Aciden";"120,357";"BR-116/PR";"Sul";"Saida de Pista";1;0;0;0;0;0;0;0;0;0;2;0;0;0;0
"15/01/2022";"23:30:00";"83";"2 - Aciden";"23,634";"BR-116/SC";"Norte";"Choque - Poste";1;0;0;0;0;0;0;0;0;0;1;1;0;0;0
"16/01/2022";"04:28:00";"7";"2 - Aciden";"143,9";"BR-116/SC";"Sul";"Saida de Pista";1;0;0;0;0;0;0;0;0;0;0;1;0;0;0
"16/01/2022";"14:56:00";"54";"2 - Aciden";"117,75";"BR-116/PR";"Norte";"Atropelamento - Ciclista";1;1;0;0;0;0;0;0;0;0;1;1;0;0;0
"16/01/2022";"17:17:00";"73";"3 - Aciden";"126,32";"BR-116/PR";"Norte";"Engavetamento";3;0;0;0;0;0;0;0;0;0;3;0;0;0;0
"16/01/2022";"17:47:00";"80";"3 - Aciden";"126,25";"BR-116/PR";"Norte";"Colisão Traseira";2;0;0;0;0;0;0;0;0;0;2;0;0;0;0
"16/01/2022";"20:32:00";"93";"3 - Aciden";"166,85";"BR-116/PR";"Norte";"Colisão Lateral";2;0;0;0;0;0;0;0;0;0;3;0;0;0;0
"16/01/2022";"23:51:00";"104";"3 - Aciden";"269,1";"BR-116/SC";"Sul";"Choque - Veiculo parado no acostamento";1;0;0;0;0;0;0;0;0;0;1;0;0;0;0
"17/01/2022";"03:57:00";"15";"3 - Aciden";"134,928";"BR-116/PR";"Sul";"Tombamento";0;0;1;0;0;0;0;0;0;0;1;0;0;0;0
"17/01/2022";"17:05:00";"141";"2 - Aciden";"173,115";"BR-116/SC";"Sul";"Choque - Talude";0;0;0;0;0;0;0;0;0;2;4;2;0;0;0
"17/01/2022";"17:39:00";"148";"3 - Aciden";"99,1";"BR-116/SC";"Norte";"Colisão Lateral";1;0;1;0;0;0;0;0;0;0;3;0;0;0;0
"17/01/2022";"19:07:00";"154";"3 - Aciden";"304,5";"BR-116/SC";"Sul";"Saida de Pista";0;0;1;0;0;0;0;0;0;0;3;0;0;0;0
"17/01/2022";"21:00:00";"164";"2 - Aciden";"144,812";"BR-116/PR";"Norte";"Queda de Moto";0;0;0;1;0;0;0;0;0;0;0;1;0;0;0
"18/01/2022";"10:02:00";"57";"3 - Aciden";"134,9";"BR-116/PR";"Norte";"Colisão Lateral";0;0;1;0;0;1;0;0;0;0;2;0;0;0;0
"18/01/2022";"12:20:00";"71";"3 - Aciden";"54,01";"BR-116/SC";"Sul";"Colisão Transversal";1;0;1;0;0;0;0;0;0;0;2;0;0;0;0
"19/01/2022";"06:35:00";"16";"2 - Aciden";"173,5";"BR-116/SC";"Sul";"Colisão Traseira";1;0;1;0;0;0;0;0;0;0;3;1;0;0;0
"19/01/2022";"08:09:00";"49";"2 - Aciden";"126,1";"BR-116/PR";"Norte";"Atropelamento de Animal";0;0;0;1;0;0;0;0;0;0;0;2;0;0;0
"19/01/2022";"08:17:00";"52";"2 - Aciden";"244,138";"BR-116/SC";"Sul";"Colisão Frontal";2;0;0;0;0;0;0;0;0;0;2;3;0;0;0
"19/01/2022";"09:23:00";"59";"2 - Aciden";"117,2";"BR-116/PR";"Norte";"Colisão Traseira";1;0;1;1;0;0;0;0;0;0;2;1;0;0;0
"19/01/2022";"11:23:00";"75";"3 - Aciden";"121,1";"BR-116/PR";"Sul";"Colisão Lateral";1;0;0;2;0;0;0;0;0;0;3;0;0;0;0
"19/01/2022";"12:10:00";"81";"3 - Aciden";"192,428";"BR-116/SC";"Sul";"Choque - Elemento de Drenagem";0;0;0;0;0;0;0;0;0;1;1;0;0;0;0
"19/01/2022";"15:05:00";"108";"2 - Aciden";"115,3";"BR-116/PR";"Norte";"Queda de Moto";0;0;0;1;0;0;0;0;0;0;0;1;0;0;0
"19/01/2022";"15:46:00";"113";"2 - Aciden";"105,1";"BR-116/SC";"Norte";"Colisão Traseira";0;0;2;0;0;0;0;0;0;0;1;1;0;0;0
"19/01/2022";"16:29:00";"123";"3 - Aciden";"249,468";"BR-116/SC";"Norte";"Choque - Defensa, barreira ou "submarino"";0;0;0;0;0;0;0;0;0;1;2;0;0;0;0
"20/01/2022";"07:07:00";"19";"3 - Aciden";"4,584";"BR-116/SC";"Sul";"Tombamento";0;0;1;0;1;0;0;0;0;0;2;0;0;0;0
"20/01/2022";"10:40:00";"70";"3 - Aciden";"147,1";"BR-116/SC";"Sul";"Tombamento";0;0;1;0;0;0;0;0;0;0;1;0;0;0;0
"20/01/2022";"21:24:00";"142";"3 - Aciden";"142,4";"BR-116/SC";"Sul";"Atropelamento de Animal";0;0;1;0;0;0;0;0;0;0;1;0;0;0;0
"21/01/2022";"05:13:00";"20";"1 - Aciden";"127,8";"BR-116/PR";"Norte";"Atropelamento - Sem Informação";0;0;0;0;0;1;0;0;0;0;1;0;0;0;1
"21/01/2022";"14:22:00";"117";"2 - Aciden";"134,4";"BR-116/PR";"Sul";"Choque - Defensa, barreira ou "submarino"";0;0;0;0;0;1;0;0;0;1;1;1;0;0;0
"21/01/2022";"16:52:00";"135";"2 - Aciden";"267,761";"BR-116/SC";"Sul";"Queda de Moto";0;0;0;1;0;0;0;0;0;0;0;1;0;0;0
"21/01/2022";"17:28:00";"137";"3 - Aciden";"152,938";"BR-116/SC";"Sul";"Choque - Defensa, barreira ou "submarino"";1;0;0;0;0;0;0;0;0;0;1;0;0;0;0
"21/01/2022";"18:17:00";"140";"3 - Aciden";"121,858";"BR-116/PR";"Sul";"Colisão Traseira";1;0;0;0;0;0;0;0;0;1;2;0;0;0;0
"22/01/2022";"13:43:00";"91";"3 - Aciden";"5,573";"BR-116/SC";"Norte";"Colisão Transversal";1;0;1;0;0;0;0;0;0;0;2;0;0;0;0
"23/01/2022";"01:46:00";"10";"3 - Aciden";"12,528";"BR-116/SC";"Norte";"Tombamento";0;0;1;0;0;1;0;0;0;0;2;0;0;0;0
"23/01/2022";"03:48:00";"13";"2 - Aciden";"125,807";"BR-116/PR";"Sul";"Colisão Traseira";0;0;0;1;0;0;0;0;0;1;1;2;0;0;0
"23/01/2022";"05:31:00";"19";"3 - Aciden";"233,701";"BR-116/SC";"Sul";"Capotamento";1;0;0;0;0;0;0;0;0;0;1;0;0;0;0
"25/01/2022";"08:24:00";"46";"3 - Aciden";"134,1";"BR-116/PR";"Sul";"Colisão Transversal";0;0;0;0;0;0;0;0;0;2;2;0;0;0;0
"25/01/2022";"09:53:00";"63";"2 - Aciden";"120,5";"BR-116/PR";"Sul";"Choque - Defensa, barreira ou "submarino"";1;0;0;0;0;0;0;0;0;0;0;3;0;0;0
"25/01/2022";"11:38:00";"79";"3 - Aciden";"230,3";"BR-116/SC";"Norte";"Colisão Lateral";2;0;0;0;0;0;0;0;0;0;2;0;0;0;0
"25/01/2022";"14:41:00";"100";"3 - Aciden";"117,3";"BR-116/PR";"Sul";"Colisão Lateral";1;0;1;0;0;0;0;0;0;0;2;0;0;0;0
"25/01/2022";"22:55:00";"142";"2 - Aciden";"126,199";"BR-116/PR";"Sul";"Engavetamento";3;0;0;0;0;0;0;0;0;0;2;2;0;1;0
"26/01/2022";"16:48:00";"105";"3 - Aciden";"138,29";"BR-116/PR";"Norte";"Colisão Traseira";1;0;1;0;0;0;0;0;0;0;2;0;0;0;0
"27/01/2022";"13:29:00";"87";"2 - Aciden";"122,8";"BR-116/PR";"Norte";"Colisão Traseira";2;0;0;0;0;0;0;0;0;0;1;1;0;0;0
"27/01/2022";"14:20:00";"89";"3 - Aciden";"203,9";"BR-116/PR";"Norte";"Colisão Traseira";2;0;0;0;0;0;0;0;0;0;2;0;0;0;0
"27/01/2022";"17:00:00";"101";"2 - Aciden";"121,982";"BR-116/PR";"Sul";"Colisão Frontal";1;0;0;2;0;0;0;0;0;0;0;2;0;1;0
"27/01/2022";"23:10:00";"137";"2 - Aciden";"296,75";"BR-116/SC";"Norte";"Tombamento";0;0;1;0;0;0;0;0;0;0;0;1;0;0;0
"27/01/2022";"23:19:00";"138";"3 - Aciden";"175,66";"BR-116/SC";"Norte";"Choque - Defensa, barreira ou "submarino"";0;0;1;0;0;0;0;0;0;0;1;0;0;0;0
"28/01/2022";"05:26:00";"9";"3 - Aciden";"247,8";"BR-116/SC";"Sul";"Colisão Traseira";1;0;0;0;0;0;0;0;0;1;2;0;0;0;0
"28/01/2022";"11:09:00";"40";"3 - Aciden";"83,221";"BR-116/SC";"Sul";"Choque - Defensa, barreira ou "submarino"";0;0;1;0;0;0;0;0;0;0;1;0;0;0;0
"29/01/2022";"09:25:00";"26";"2 - Aciden";"304,7";"BR-116/SC";"Norte";"Choque - Arvore";1;0;0;0;0;0;0;0;0;0;1;1;0;0;0
"29/01/2022";"11:01:00";"32";"3 - Aciden";"209,1";"BR-116/PR";"Sul";"Choque - Defensa, barreira ou "submarino"";1;0;0;0;0;0;0;0;0;0;1;0;0;0;0
"30/01/2022";"13:07:00";"37";"2 - Aciden";"147,294";"BR-116/PR";"Sul";"Saida de Pista";1;0;0;0;0;0;0;0;0;0;0;1;0;0;0
"30/01/2022";"18:11:00";"65";"3 - Aciden";"126,15";"BR-116/PR";"Sul";"Colisão Lateral";1;0;0;1;0;0;0;0;0;0;2;0;0;0;0
"30/01/2022";"20:09:00";"74";"1 - Aciden";"129,152";"BR-116/PR";"Sul";"Atropelamento - Morador";0;0;0;0;0;1;0;0;0;0;2;0;0;0;1
"31/01/2022";"00:40:00";"5";"2 - Aciden";"124,074";"BR-116/PR";"Norte";"Queda de Moto";0;0;0;1;0;0;0;0;0;0;0;0;0;1;0
"31/01/2022";"16:11:00";"98";"3 - Aciden";"102,594";"BR-116/SC";"Norte";"Tombamento";0;0;1;0;0;0;0;0;0;0;1;0;0;0;0
"31/01/2022";"16:23:00";"100";"2 - Aciden";"128,805";"BR-116/PR";"Norte";"Saida de Pista";1;0;0;0;0;0;0;0;0;0;0;1;0;0;0
"31/01/2022";"16:27:00";"101";"3 - Aciden";"236,8";"BR-116/SC";"Sul";"Saida de Pista";1;0;0;0;0;0;0;0;0;0;1;0;0;0;0
"31/01/2022";"17:05:00";"107";"3 - Aciden";"117,174";"BR-116/SC";"Norte";"Tombamento";0;0;1;0;0;0;0;0;0;0;1;0;0;0;0
"01/02/2022";"08:01:00";"54";"3 - Aciden";"15,1";"BR-116/SC";"Sul";"Choque - Arvore";1;0;0;0;0;0;0;0;0;0;1;0;0;0;0
"01/02/2022";"12:32:00";"92";"3 - Aciden";"119,807";"BR-116/PR";"Norte";"Colisão Traseira";2;0;0;0;0;0;0;0;0;0;2;0;0;0;0
"02/02/2022";"05:09:00";"17";"3 - Aciden";"194,6";"BR-116/SC";"Sul";"Saida de Pista";1;0;0;0;0;0;0;0;0;0;1;0;0;0;0
"03/02/2022";"15:54:00";"123";"2 - Aciden";"119,583";"BR-116/PR";"Sul";"Colisão Lateral";1;0;1;0;0;0;0;0;0;0;1;1;0;0;0
"03/02/2022";"17:28:00";"134";"3 - Aciden";"115,1";"BR-116/PR";"Norte";"Colisão Lateral";2;0;0;0;0;0;0;0;0;0;2;0;0;0;0
"04/02/2022";"04:32:00";"13";"3 - Aciden";"168,112";"BR-116/SC";"Norte";"Choque - Elemento de Drenagem";1;0;0;0;0;0;0;0;0;0;3;0;0;0;0