data;horario;n_da_ocorrencia;tipo_de_ocorrencia;km;trecho;sentido;tipo_de_acidente;automovel;bicicleta;caminhao;moto;onibus;outros;tracao_animal;transporte_de_cargas_especiais;trator_maquinas;utilitarios;ilesos;levemente_feridos;moderadamente_feridos;gravemente_feridos;mortos
"09/08/2023";"02:56:00";"16";"3 - Aciden";"141,7";"BR-116/PR";"Norte";"Choque - Defensa, barreira ou "submarino"";1;0;0;0;0;0;0;0;0;0;1;0;0;0;0
"09/08/2023";"06:02:00";"21";"3 - Aciden";"127,1";"BR-116/PR";"Norte";"Colisão Traseira";2;0;0;0;0;0;0;0;0;0;2;0;0;0;0
"09/08/2023";"06:45:00";"23";"3 - Aciden";"127,1";"BR-116/PR";"Norte";"Choque - Talude";1;0;0;0;0;1;0;0;0;0;2;0;0;0;0
"09/08/2023";"08:01:00";"38";"3 - Aciden";"3,5";"BR-116/SC";"Norte";"Colisão Traseira";1;0;0;1;0;0;0;0;0;0;3;0;0;0;0
"09/08/2023";"08:31:00";"50";"2 - Aciden";"118,6";"BR-116/PR";"Norte";"Colisão Traseira";1;0;1;0;0;0;0;0;0;0;1;1;0;0;0
"09/08/2023";"12:07:00";"66";"3 - Aciden";"245,3";"BR-116/SC";"Sul";"Colisão Transversal";2;0;0;0;0;0;0;0;0;0;4;0;0;0;0
"09/08/2023";"16:15:00";"77";"3 - Aciden";"95,01";"BR-116/SC";"Sul";"Colisão Traseira";1;0;1;0;0;1;0;0;0;0;3;0;0;0;0
"09/08/2023";"17:33:00";"81";"3 - Aciden";"183,1";"BR-116/PR";"Sul";"Capotamento";1;0;0;0;0;0;0;0;0;0;1;0;0;0;0
"09/08/2023";"20:53:00";"99";"3 - Aciden";"185,1";"BR-116/PR";"Sul";"Saida de Pista";0;0;1;0;0;0;0;0;0;0;2;0;0;0;0
"09/08/2023";"22:30:00";"101";"3 - Aciden";"138,15";"BR-116/SC";"Norte";"Colisão Lateral";1;0;1;0;0;0;0;0;0;0;2;0;0;0;0
"10/08/2023";"00:16:00";"1";"3 - Aciden";"128,1";"BR-116/PR";"Sul";"Colisão Traseira";2;0;1;0;0;0;0;0;0;0;3;0;0;0;0
"10/08/2023";"05:13:00";"16";"2 - Aciden";"120,1";"BR-116/PR";"Norte";"Colisão Traseira";1;0;0;1;0;0;0;0;0;0;1;0;1;0;0
"10/08/2023";"06:01:00";"17";"2 - Aciden";"180,1";"BR-116/PR";"Sul";"Colisão Lateral";0;0;2;0;0;0;0;0;0;0;2;0;1;0;0
"10/08/2023";"08:16:00";"46";"2 - Aciden";"52,8";"BR-116/SC";"Norte";"Colisão Lateral";1;0;0;1;0;0;0;0;0;0;1;1;0;0;0
"10/08/2023";"12:29:00";"63";"3 - Aciden";"174,1";"BR-116/SC";"Norte";"Saida de Pista";0;0;1;0;0;0;0;0;0;0;1;0;0;0;0
"10/08/2023";"13:05:00";"68";"3 - Aciden";"0,1";"BR-116/SC";"Sul";"Choque - Defensa, barreira ou "submarino"";1;0;0;0;0;0;0;0;0;0;1;0;0;0;0
"10/08/2023";"18:36:00";"94";"3 - Aciden";"220,1";"BR-116/SC";"Sul";"Colisão Lateral";2;0;0;0;0;0;0;0;0;0;2;0;0;0;0
"10/08/2023";"19:11:00";"98";"3 - Aciden";"142,1";"BR-116/PR";"Norte";"Saida de Pista";1;0;0;0;0;0;0;0;0;0;1;0;0;0;0
"10/08/2023";"20:09:00";"106";"3 - Aciden";"127,1";"BR-116/PR";"Sul";"Colisão Lateral";1;0;1;0;0;0;0;0;0;0;2;0;0;0;0
"11/08/2023";"03:19:00";"13";"3 - Aciden";"131,048";"BR-116/PR";"Sul";"Choque - Outros";1;0;0;0;0;0;0;0;0;0;1;0;0;0;0
"11/08/2023";"08:47:00";"53";"2 - Aciden";"115,1";"BR-116/PR";"Sul";"Engavetamento";1;0;0;1;0;1;0;0;0;0;1;2;0;0;0
"11/08/2023";"10:39:00";"62";"3 - Aciden";"91,1";"BR-116/SC";"Sul";"Saida de Pista";1;0;0;0;0;0;0;0;0;0;4;0;0;0;0
"11/08/2023";"18:48:00";"100";"3 - Aciden";"144,1";"BR-116/SC";"Norte";"Choque - Arvore";0;0;1;0;0;0;0;0;0;0;2;0;0;0;0
"11/08/2023";"19:25:00";"101";"2 - Aciden";"86,1";"BR-116/SC";"Norte";"Colisão Transversal";1;0;0;1;0;0;0;0;0;0;1;1;0;0;0
"11/08/2023";"19:28:00";"102";"2 - Aciden";"309,7";"BR-116/SC";"Sul";"Tombamento";0;0;1;0;0;0;0;0;0;0;1;1;0;0;0
"12/08/2023";"10:55:00";"34";"2 - Aciden";"126,2";"BR-116/PR";"Norte";"Colisão Traseira";1;0;0;0;0;1;0;0;0;0;2;1;0;0;0
"12/08/2023";"18:26:00";"60";"1 - Aciden";"26,95";"BR-116/SC";"Norte";"Queda de Moto";0;0;0;1;0;0;0;0;0;0;0;0;0;0;1
"12/08/2023";"18:41:00";"61";"3 - Aciden";"4,1";"BR-116/SC";"Sul";"Colisão Traseira";2;0;0;0;0;0;0;0;0;0;2;0;0;0;0
"12/08/2023";"19:38:00";"64";"2 - Aciden";"271,9";"BR-116/SC";"Sul";"Colisão Frontal";1;0;1;0;0;0;0;0;0;0;1;0;1;2;0
"13/08/2023";"13:56:00";"46";"1 - Aciden";"55,8";"BR-116/SC";"Norte";"Colisão Frontal";2;0;0;0;0;0;0;0;0;0;0;4;0;0;1
"13/08/2023";"18:01:00";"67";"3 - Aciden";"121,2";"BR-116/PR";"Sul";"Engavetamento";2;0;0;0;0;1;0;0;0;0;3;0;0;0;0
"13/08/2023";"19:02:00";"76";"3 - Aciden";"121,2";"BR-116/PR";"Sul";"Engavetamento";4;0;0;0;0;0;0;0;0;0;4;0;0;0;0
"13/08/2023";"22:00:00";"88";"3 - Aciden";"126,3";"BR-116/PR";"Norte";"Saida de Pista";1;0;0;0;0;0;0;0;0;0;1;0;0;0;0
"14/08/2023";"02:51:00";"14";"3 - Aciden";"244,03";"BR-116/SC";"Norte";"Saida de Pista";1;0;0;0;0;0;0;0;0;0;1;0;0;0;0
"14/08/2023";"13:21:00";"66";"3 - Aciden";"150,1";"BR-116/PR";"Sul";"Saida de Pista";0;0;1;0;0;0;0;0;0;0;1;0;0;0;0
"14/08/2023";"14:59:00";"78";"3 - Aciden";"154,8";"BR-116/PR";"Norte";"Colisão Lateral";1;0;1;0;0;0;0;0;0;0;2;0;0;0;0
"14/08/2023";"15:48:00";"84";"2 - Aciden";"151,1";"BR-116/PR";"Sul";"Saida de Pista";1;0;0;0;0;0;0;0;0;0;0;1;0;0;0
"14/08/2023";"18:43:00";"100";"2 - Aciden";"246,9";"BR-116/SC";"Norte";"Colisão Traseira";1;0;0;1;0;0;0;0;0;0;2;1;0;0;0
"15/08/2023";"11:01:00";"65";"3 - Aciden";"122,9";"BR-116/SC";"Sul";"Colisão Traseira";1;0;0;0;0;1;0;0;0;0;2;0;0;0;0
"15/08/2023";"17:52:00";"120";"3 - Aciden";"138,1";"BR-116/SC";"Norte";"Colisão Traseira";2;0;0;0;0;0;0;0;0;0;2;0;0;0;0
"15/08/2023";"23:10:00";"135";"2 - Aciden";"130,1";"BR-116/PR";"Sul";"Atropelamento - Morador";1;0;0;0;0;0;0;0;0;0;1;1;0;0;0
"16/08/2023";"14:51:00";"106";"3 - Aciden";"33,1";"BR-116/SC";"Norte";"Colisão Transversal";2;0;0;0;0;0;0;0;0;0;2;0;0;0;0
"16/08/2023";"15:51:00";"110";"3 - Aciden";"189,96";"BR-116/SC";"Sul";"Colisão Lateral";0;0;1;0;0;0;0;0;0;1;2;0;0;0;0
"17/08/2023";"08:38:00";"65";"3 - Aciden";"125,6";"BR-116/PR";"Norte";"Engavetamento";1;0;0;0;0;2;0;0;0;0;3;0;0;0;0
"17/08/2023";"08:58:00";"69";"2 - Aciden";"128,1";"BR-116/PR";"Norte";"Queda de Moto";0;0;0;1;0;0;0;0;0;0;0;1;0;0;0
"17/08/2023";"14:47:00";"113";"3 - Aciden";"198,5";"BR-116/PR";"Norte";"Colisão Traseira";1;0;1;0;0;0;0;0;0;0;2;0;0;0;0
"18/08/2023";"07:27:00";"27";"2 - Aciden";"115,1";"BR-116/PR";"Norte";"Colisão Traseira";1;0;0;1;0;0;0;0;0;0;2;0;0;1;0
"18/08/2023";"09:56:00";"71";"3 - Aciden";"118,1";"BR-116/PR";"Norte";"Colisão Traseira";2;0;0;0;0;0;0;0;0;0;2;0;0;0;0
"18/08/2023";"16:20:00";"102";"1 - Aciden";"267,7";"BR-116/SC";"Sul";"Colisão Transversal";1;0;0;0;1;0;0;0;0;0;1;0;0;0;4
"18/08/2023";"17:12:00";"106";"3 - Aciden";"81,6";"BR-116/SC";"Sul";"Colisão Traseira";1;0;1;0;0;0;0;0;0;0;2;0;0;0;0
"18/08/2023";"17:54:00";"111";"3 - Aciden";"71,1";"BR-116/SC";"Sul";"Colisão Lateral";0;0;2;0;0;0;0;0;0;0;2;0;0;0;0
"19/08/2023";"03:47:00";"18";"3 - Aciden";"117,1";"BR-116/PR";"Sul";"Saida de Pista";1;0;0;0;0;0;0;0;0;0;1;0;0;0;0
"19/08/2023";"16:50:00";"108";"3 - Aciden";"162,055";"BR-116/PR";"Sul";"Saida de Pista";1;0;0;0;0;0;0;0;0;0;1;0;0;0;0
"19/08/2023";"22:07:00";"129";"2 - Aciden";"68,1";"BR-116/SC";"Sul";"Queda de Moto";0;0;0;1;0;0;0;0;0;0;0;2;0;0;0
"20/08/2023";"01:09:00";"15";"1 - Aciden";"128,15";"BR-116/PR";"Sul";"Colisão Frontal";2;0;0;0;0;0;0;0;0;0;0;1;1;2;1
"20/08/2023";"02:59:00";"19";"2 - Aciden";"116,5";"BR-116/PR";"Sul";"Saida de Pista";1;0;0;0;0;0;0;0;0;0;1;1;0;0;0
"20/08/2023";"15:33:00";"77";"2 - Aciden";"132,098";"BR-116/PR";"Norte";"Choque - Poste";1;0;0;0;0;0;0;0;0;0;1;1;0;0;0
"20/08/2023";"19:01:00";"90";"3 - Aciden";"146,098";"BR-116/PR";"Norte";"Colisão Lateral";2;0;0;0;0;0;0;0;0;0;2;0;0;0;0
"20/08/2023";"19:35:00";"92";"2 - Aciden";"153,15";"BR-116/PR";"Sul";"Saida de Pista";1;0;0;0;0;0;0;0;0;0;1;2;0;0;0
"20/08/2023";"20:24:00";"98";"3 - Aciden";"136,4";"BR-116/SC";"Norte";"Atropelamento de Animal";0;0;1;0;0;0;0;0;0;0;2;0;0;0;0
"21/08/2023";"17:11:00";"111";"3 - Aciden";"206,2";"BR-116/SC";"Sul";"Colisão Traseira";1;0;0;0;0;0;0;0;0;1;2;0;0;0;0
"21/08/2023";"17:35:00";"115";"3 - Aciden";"3,1";"BR-116/SC";"Norte";"Saida de Pista";0;0;1;0;0;1;0;0;0;0;2;0;0;0;0
"22/08/2023";"07:04:00";"21";"3 - Aciden";"1,846";"BR-116/SC";"Sul";"Engavetamento";3;0;0;0;0;0;0;0;0;0;3;0;0;0;0
"22/08/2023";"09:30:00";"63";"3 - Aciden";"70,996";"BR-116/SC";"Sul";"Colisão Lateral";1;0;1;0;0;0;0;0;0;0;6;0;0;0;0
"22/08/2023";"18:17:00";"123";"2 - Aciden";"121,1";"BR-116/PR";"Sul";"Colisão Lateral";1;0;0;1;0;0;0;0;0;0;1;1;0;0;0
"22/08/2023";"21:30:00";"135";"2 - Aciden";"257,557";"BR-116/SC";"Norte";"Colisão Traseira";0;0;2;0;0;0;0;0;0;0;1;0;1;0;0
"23/08/2023";"16:29:00";"109";"3 - Aciden";"129,1";"BR-116/PR";"Sul";"Capotamento";1;0;0;0;0;0;0;0;0;0;1;0;0;0;0
"23/08/2023";"17:04:00";"113";"1 - Aciden";"143,32";"BR-116/PR";"Norte";"Colisão Frontal";2;0;1;0;0;0;0;0;0;0;1;0;1;0;1
"23/08/2023";"18:21:00";"123";"2 - Aciden";"128,2";"BR-116/PR";"Norte";"Atropelamento - Ciclista";1;1;0;0;0;0;0;0;0;0;1;1;0;1;0
"24/08/2023";"07:49:00";"49";"3 - Aciden";"7,1";"BR-116/SC";"Sul";"Colisão Traseira";2;0;1;0;0;0;0;0;0;0;3;0;0;0;0
"24/08/2023";"08:06:00";"51";"2 - Aciden";"119,1";"BR-116/PR";"Norte";"Colisão Lateral";0;0;0;1;0;1;0;0;0;0;0;2;0;0;0
"25/08/2023";"02:19:00";"19";"3 - Aciden";"107,4";"BR-116/SC";"Norte";"Tombamento";0;0;1;0;0;0;0;0;0;0;1;0;0;0;0
"25/08/2023";"03:04:00";"21";"2 - Aciden";"71,7";"BR-116/SC";"Norte";"Colisão Frontal";0;0;1;0;0;0;0;0;0;1;1;0;1;0;0
"25/08/2023";"05:29:00";"25";"3 - Aciden";"117,5";"BR-116/PR";"Sul";"Engavetamento";2;0;0;0;0;1;0;0;0;0;3;0;0;0;0
"25/08/2023";"07:31:00";"32";"2 - Aciden";"116,1";"BR-116/PR";"Norte";"Outros";0;0;0;1;0;1;0;0;0;0;1;0;1;0;0
"25/08/2023";"12:42:00";"81";"2 - Aciden";"115,1";"BR-116/PR";"Norte";"Colisão Traseira";0;0;0;1;0;1;0;0;0;0;1;1;0;0;0
"25/08/2023";"14:00:00";"87";"3 - Aciden";"86,5";"BR-116/SC";"Sul";"Colisão Traseira";0;0;2;0;0;0;0;0;0;0;2;0;0;0;0
"25/08/2023";"14:36:00";"92";"3 - Aciden";"6,877";"BR-116/SC";"Norte";"Capotamento";1;0;1;0;0;0;0;0;0;0;2;0;0;0;0
"25/08/2023";"16:15:00";"103";"2 - Aciden";"115,2";"BR-116/PR";"Norte";"Saida de Pista";2;0;0;0;0;0;0;0;0;0;1;1;0;0;0
"25/08/2023";"21:06:00";"123";"3 - Aciden";"152,5";"BR-116/PR";"Sul";"Choque - Suporte de Sinalização";1;0;0;0;0;0;0;0;0;0;1;0;0;0;0
"26/08/2023";"06:16:00";"23";"1 - Aciden";"253,4";"BR-116/SC";"Norte";"Atropelamento - Usuário";1;0;1;0;0;0;0;0;0;0;1;1;0;0;1
"26/08/2023";"13:37:00";"80";"3 - Aciden";"119,1";"BR-116/PR";"Sul";"Colisão Lateral";2;0;0;0;0;0;0;0;0;0;2;0;0;0;0
"26/08/2023";"16:09:00";"94";"3 - Aciden";"210,8";"BR-116/SC";"Sul";"Tombamento";0;0;1;0;0;0;0;0;0;0;1;0;0;0;0
"27/08/2023";"17:13:00";"73";"2 - Aciden";"285,1";"BR-116/SC";"Sul";"Queda de Moto";0;0;0;2;0;0;0;0;0;0;1;2;0;0;0
"27/08/2023";"22:05:00";"102";"3 - Aciden";"121,1";"BR-116/PR";"Sul";"Saida de Pista";1;0;0;0;0;0;0;0;0;0;1;0;0;0;0
"28/08/2023";"01:04:00";"16";"3 - Aciden";"176,02";"BR-116/SC";"Sul";"Choque - Talude";1;0;0;0;0;0;0;0;0;0;3;0;0;0;0
"28/08/2023";"08:03:00";"47";"3 - Aciden";"4,5";"BR-116/SC";"Sul";"Tombamento";0;0;1;0;0;0;0;0;0;0;1;0;0;0;0
"28/08/2023";"14:52:00";"96";"2 - Aciden";"126,1";"BR-116/PR";"Norte";"Colisão Lateral";0;0;1;1;0;0;0;0;0;0;1;1;0;0;0
"28/08/2023";"17:23:00";"106";"2 - Aciden";"34,3";"BR-116/SC";"Norte";"Engavetamento";0;0;3;0;0;0;0;0;0;0;2;1;0;1;0
"29/08/2023";"11:47:00";"84";"3 - Aciden";"132,115";"BR-116/PR";"Sul";"Colisão Traseira";2;0;0;0;0;0;0;0;0;0;3;0;0;0;0
"29/08/2023";"19:53:00";"116";"2 - Aciden";"121,1";"BR-116/PR";"Sul";"Colisão Lateral";1;0;0;1;0;0;0;0;0;0;2;1;0;0;0
"30/08/2023";"06:36:00";"18";"3 - Aciden";"305,3";"BR-116/SC";"Norte";"Colisão Lateral";0;0;2;0;0;0;0;0;0;0;2;0;0;0;0
"30/08/2023";"20:49:00";"117";"2 - Aciden";"126,1";"BR-116/PR";"Norte";"Atropelamento - Andarilho";1;0;0;0;0;0;0;0;0;0;1;1;0;0;0
"31/08/2023";"10:45:00";"76";"3 - Aciden";"115,1";"BR-116/PR";"Norte";"Colisão Traseira";1;0;1;0;0;0;0;0;0;1;3;0;0;0;0
"31/08/2023";"23:16:00";"149";"3 - Aciden";"8,5";"BR-116/SC";"Sul";"Saida de Pista";0;0;0;0;0;0;0;0;0;1;1;0;0;0;0
"01/09/2023";"03:58:00";"12";"2 - Aciden";"128,1";"BR-116/PR";"Norte";"Colisão Traseira";1;0;1;0;0;0;0;0;0;0;1;1;0;0;0
"01/09/2023";"05:47:00";"15";"2 - Aciden";"126,03";"BR-116/PR";"Norte";"Choque - Suporte de Sinalização";0;0;0;0;0;0;0;0;0;1;0;1;0;0;0
"01/09/2023";"06:56:00";"24";"3 - Aciden";"169,9";"BR-116/SC";"Sul";"Colisão Traseira";2;0;0;0;0;0;0;0;0;0;3;0;0;0;0
"01/09/2023";"07:34:00";"29";"3 - Aciden";"75,1";"BR-116/SC";"Sul";"Colisão Traseira";1;0;1;0;0;0;0;0;0;0;2;0;0;0;0
"01/09/2023";"07:55:00";"36";"3 - Aciden";"144,1";"BR-116/PR";"Norte";"Saida de Pista";1;0;0;0;0;0;0;0;0;0;1;0;0;0;0
"01/09/2023";"10:56:00";"70";"2 - Aciden";"135,1";"BR-116/PR";"Sul";"Colisão Frontal";1;0;1;0;0;0;0;0;0;0;2;1;0;0;0
"01/09/2023";"19:35:00";"120";"3 - Aciden";"43,836";"BR-116/SC";"Sul";"Colisão Lateral";0;0;1;1;0;0;0;0;0;0;2;0;0;0;0
"02/09/2023";"08:42:00";"35";"3 - Aciden";"245,1";"BR-116/SC";"Sul";"Colisão Lateral";1;0;0;0;0;1;0;0;0;0;2;0;0;0;0
"03/09/2023";"08:09:00";"23";"2 - Aciden";"126,1";"BR-116/PR";"Norte";"Colisão Traseira";1;0;0;1;0;0;0;0;0;0;1;1;0;0;0
"03/09/2023";"14:15:00";"45";"3 - Aciden";"212,6";"BR-116/SC";"Norte";"Saida de Pista";0;0;1;0;0;0;0;0;0;0;2;0;0;0;0
"04/09/2023";"05:59:00";"23";"3 - Aciden";"224,5";"BR-116/SC";"Norte";"Saida de Pista";1;0;0;0;0;0;0;0;0;0;1;0;0;0;0
"04/09/2023";"06:29:00";"26";"3 - Aciden";"139,1";"BR-116/SC";"Sul";"Colisão Lateral";2;0;0;0;0;0;0;0;0;0;2;0;0;0;0
"04/09/2023";"14:15:00";"101";"3 - Aciden";"308,1";"BR-116/SC";"Sul";"Capotamento";1;0;0;0;0;0;0;0;0;0;1;0;0;0;0
"04/09/2023";"18:32:00";"135";"2 - Aciden";"152,6";"BR-116/PR";"Sul";"Colisão Transversal";1;0;0;0;1;0;0;0;0;0;3;1;0;0;0
"04/09/2023";"19:20:00";"141";"2 - Aciden";"64,3";"BR-116/SC";"Sul";"Colisão Transversal";1;0;0;0;0;0;0;0;0;1;3;1;0;0;0
"04/09/2023";"19:36:00";"143";"3 - Aciden";"9,5";"BR-116/SC";"Sul";"Saida de Pista";1;0;0;0;0;0;0;0;0;0;1;0;0;0;0
"05/09/2023";"06:20:00";"21";"1 - Aciden";"51,9";"BR-116/SC";"Norte";"Colisão Frontal";0;0;2;0;0;0;0;0;0;0;0;0;0;0;2
"05/09/2023";"10:01:00";"66";"2 - Aciden";"51,1";"BR-116/SC";"Sul";"Colisão Traseira";1;0;0;1;0;0;0;0;0;0;1;1;0;0;0
"05/09/2023";"12:20:00";"80";"2 - Aciden";"120,5";"BR-116/PR";"Norte";"Queda de Moto";0;0;0;2;0;0;0;0;0;0;0;2;0;0;0
"05/09/2023";"18:58:00";"113";"3 - Aciden";"51,5";"BR-116/SC";"Norte";"Saida de Pista";0;0;0;0;0;1;0;0;0;1;2;0;0;0;0
"05/09/2023";"19:24:00";"114";"2 - Aciden";"170,6";"BR-116/SC";"Norte";"Tombamento";0;0;1;0;0;0;0;0;0;0;0;1;0;0;0
"06/09/2023";"04:36:00";"11";"2 - Aciden";"126,05";"BR-116/PR";"Norte";"Colisão Traseira";1;0;0;1;0;0;0;0;0;0;1;1;0;0;0
"06/09/2023";"06:50:00";"20";"3 - Aciden";"152,367";"BR-116/PR";"Norte";"Colisão Transversal";1;0;0;1;0;0;0;0;0;0;2;0;0;0;0
"06/09/2023";"21:52:00";"124";"2 - Aciden";"11,1";"BR-116/SC";"Norte";"Colisão Frontal";3;0;0;0;0;0;0;0;0;0;3;2;0;0;0
"07/09/2023";"02:14:00";"11";"3 - Aciden";"209,1";"BR-116/SC";"Norte";"Capotamento";1;0;0;0;0;0;0;0;0;0;1;0;0;0;0
"07/09/2023";"10:58:00";"45";"3 - Aciden";"125,708";"BR-116/PR";"Sul";"Colisão Lateral";1;0;0;1;0;0;0;0;0;0;2;0;0;0;0
"07/09/2023";"14:12:00";"55";"3 - Aciden";"247,8";"BR-116/SC";"Norte";"Colisão Lateral";2;0;0;0;0;0;0;0;0;0;4;0;0;0;0
"07/09/2023";"17:57:00";"80";"3 - Aciden";"174,5";"BR-116/SC";"Norte";"Colisão Traseira";1;0;0;1;0;0;0;0;0;0;3;0;0;0;0
"08/09/2023";"00:34:00";"8";"3 - Aciden";"111,3";"BR-116/SC";"Norte";"Saida de Pista";0;0;1;0;0;0;0;0;0;0;1;0;0;0;0
"08/09/2023";"15:02:00";"48";"3 - Aciden";"12,426";"BR-116/SC";"Sul";"Colisão Transversal";2;0;0;0;0;0;0;0;0;0;2;0;0;0;0
"09/09/2023";"04:39:00";"13";"3 - Aciden";"61,2";"BR-116/SC";"Sul";"Saida de Pista";1;0;0;0;0;0;0;0;0;0;1;0;0;0;0
"09/09/2023";"07:28:00";"21";"3 - Aciden";"6,5";"BR-116/SC";"Norte";"Queda de Moto";0;0;0;1;0;0;0;0;0;0;1;0;0;0;0
"09/09/2023";"11:51:00";"37";"3 - Aciden";"123,1";"BR-116/PR";"Sul";"Choque - Defensa, barreira ou "submarino"";0;0;1;0;0;0;0;0;0;0;1;0;0;0;0
"09/09/2023";"16:09:00";"48";"3 - Aciden";"145,446";"BR-116/PR";"Sul";"Choque - Elemento de Drenagem";1;0;0;0;0;0;0;0;0;0;1;0;0;0;0
"09/09/2023";"17:25:00";"56";"3 - Aciden";"134,381";"BR-116/PR";"Sul";"Colisão Lateral";1;0;1;0;0;0;0;0;0;0;4;0;0;0;0
"09/09/2023";"18:33:00";"60";"3 - Aciden";"5,667";"BR-116/SC";"Norte";"Queda de Moto";0;0;0;1;0;0;0;0;0;0;1;0;0;0;0
"09/09/2023";"22:59:00";"75";"2 - Aciden";"135,2";"BR-116/SC";"Norte";"Choque - Defensa, barreira ou "submarino"";1;0;0;0;0;0;0;0;0;0;1;1;0;0;0
"10/09/2023";"00:26:00";"8";"2 - Aciden";"247,08";"BR-116/SC";"Norte";"Saida de Pista";1;0;0;0;0;0;0;0;0;0;2;0;0;1;0
"10/09/2023";"07:28:00";"23";"3 - Aciden";"201,1";"BR-116/SC";"Norte";"Tombamento";0;0;1;0;0;0;0;0;0;0;1;0;0;0;0
"10/09/2023";"21:56:00";"98";"2 - Aciden";"128,6";"BR-116/PR";"Norte";"Capotamento";0;0;0;0;0;0;0;0;0;1;0;3;0;0;0
"11/09/2023";"19:41:00";"113";"3 - Aciden";"97,3";"BR-116/SC";"Sul";"Saida de Pista";1;0;0;0;0;0;0;0;0;0;1;0;0;0;0
"12/09/2023";"07:03:00";"24";"2 - Aciden";"37,35";"BR-116/SC";"Norte";"Colisão Lateral";1;0;1;0;0;0;0;0;0;0;2;1;0;0;0
"12/09/2023";"07:10:00";"26";"2 - Aciden";"121,1";"BR-116/PR";"Norte";"Colisão Lateral";0;0;0;1;0;1;0;0;0;0;1;1;0;0;0
"12/09/2023";"17:21:00";"100";"3 - Aciden";"121,2";"BR-116/PR";"Sul";"Queda de Moto";0;0;0;1;0;0;0;0;0;0;1;0;0;0;0
"13/09/2023";"07:28:00";"44";"3 - Aciden";"233,9";"BR-116/SC";"Sul";"Colisão Lateral";1;0;1;0;0;0;0;0;0;0;2;0;0;0;0
"13/09/2023";"09:31:00";"65";"2 - Aciden";"116,4";"BR-116/PR";"Norte";"Colisão Lateral";1;0;0;1;0;0;0;0;0;0;1;0;1;0;0
"13/09/2023";"10:51:00";"73";"2 - Aciden";"124,1";"BR-116/PR";"Norte";"Colisão Traseira";1;0;1;0;0;0;0;0;0;0;2;1;0;0;0
"13/09/2023";"10:59:00";"74";"2 - Aciden";"6,1";"BR-116/SC";"Sul";"Engavetamento";2;0;0;0;0;0;0;0;0;1;1;2;0;0;0
"13/09/2023";"18:04:00";"110";"3 - Aciden";"156,7";"BR-116/SC";"Sul";"Saida de Pista";1;0;0;0;0;0;0;0;0;0;2;0;0;0;0
"13/09/2023";"18:31:00";"113";"3 - Aciden";"152,1";"BR-116/SC";"Sul";"Colisão Traseira";0;0;2;0;0;0;0;0;0;0;2;0;0;0;0
"13/09/2023";"18:51:00";"116";"3 - Aciden";"128,1";"BR-116/PR";"Norte";"Saida de Pista";0;0;0;0;0;0;0;0;0;1;1;0;0;0;0
"13/09/2023";"19:08:00";"117";"2 - Aciden";"125,5";"BR-116/PR";"Norte";"Engavetamento";3;0;0;0;0;0;0;0;0;0;3;1;0;0;0
"14/09/2023";"00:19:00";"10";"2 - Aciden";"125,76";"BR-116/PR";"Sul";"Choque - Defensa, barreira ou "submarino"";1;0;0;0;0;0;0;0;0;0;0;0;0;1;0
"14/09/2023";"19:06:00";"117";"2 - Aciden";"124,1";"BR-116/PR";"Sul";"Colisão Lateral";1;0;0;2;0;0;0;0;0;0;2;1;0;0;0
"14/09/2023";"19:55:00";"123";"2 - Aciden";"205,3";"BR-116/SC";"Sul";"Queda de Moto";0;0;0;1;0;0;0;0;0;0;0;1;0;0;0
"15/09/2023";"15:44:00";"106";"3 - Aciden";"115,1";"BR-116/PR";"Norte";"Engavetamento";2;0;1;0;0;0;0;0;0;0;3;0;0;0;0
"15/09/2023";"17:16:00";"113";"2 - Aciden";"116,1";"BR-116/PR";"Sul";"Queda de Moto";0;0;0;1;0;0;0;0;0;0;1;0;0;1;0
"15/09/2023";"18:43:00";"120";"2 - Aciden";"118,1";"BR-116/PR";"Sul";"Colisão Traseira";1;0;0;1;0;0;0;0;0;0;1;1;0;0;0
"16/09/2023";"02:54:00";"26";"3 - Aciden";"131,078";"BR-116/PR";"Sul";"Choque - Suporte de Sinalização";1;0;0;0;0;0;0;0;0;0;1;0;0;0;0
"16/09/2023";"06:10:00";"29";"2 - Aciden";"136,1";"BR-116/SC";"Sul";"Atropelamento de Animal";1;0;0;0;0;0;0;0;0;0;0;1;0;0;0
"16/09/2023";"07:31:00";"39";"3 - Aciden";"36,5";"BR-116/SC";"Sul";"Saida de Pista";1;0;0;0;0;0;0;0;0;0;1;0;0;0;0
"16/09/2023";"08:12:00";"63";"1 - Aciden";"161,525";"BR-116/PR";"Norte";"Atropelamento - Morador";1;0;0;0;0;0;0;0;0;0;1;0;0;1;1
"16/09/2023";"12:58:00";"114";"2 - Aciden";"129,732";"BR-116/PR";"Sul";"Queda de Moto";0;0;0;1;0;0;0;0;0;0;0;0;1;0;0
"16/09/2023";"16:23:00";"132";"2 - Aciden";"150,55";"BR-116/PR";"Sul";"Colisão Traseira";2;0;1;0;0;0;0;0;0;0;2;1;0;0;0
"16/09/2023";"17:46:00";"136";"2 - Aciden";"244,35";"BR-116/SC";"Norte";"Colisão Transversal";2;0;0;0;0;0;0;0;0;0;3;1;0;0;0
"16/09/2023";"18:06:00";"140";"2 - Aciden";"54,1";"BR-116/SC";"Sul";"Queda de Moto";0;0;0;1;0;0;0;0;0;0;0;1;0;0;0
"16/09/2023";"19:23:00";"145";"3 - Aciden";"125,981";"BR-116/PR";"Norte";"Colisão Traseira";2;0;0;0;0;0;0;0;0;0;2;0;0;0;0
"17/09/2023";"00:39:00";"15";"2 - Aciden";"169,8";"BR-116/SC";"Sul";"Colisão Transversal";2;0;0;0;0;0;0;0;0;0;1;0;1;1;0
"17/09/2023";"02:04:00";"17";"3 - Aciden";"165,1";"BR-116/SC";"Norte";"Saida de Pista";1;0;0;0;0;0;0;0;0;0;3;0;0;0;0
"17/09/2023";"17:45:00";"82";"3 - Aciden";"1,5";"BR-116/SC";"Norte";"Choque - Outros";1;0;0;0;0;0;0;0;0;0;1;0;0;0;0
"17/09/2023";"19:12:00";"94";"2 - Aciden";"211,6";"BR-116/PR";"Norte";"Colisão Transversal";1;0;0;1;0;0;0;0;0;0;1;1;0;0;0
"18/09/2023";"07:55:00";"50";"2 - Aciden";"115,1";"BR-116/PR";"Norte";"Atropelamento - Andarilho";0;0;0;1;0;0;0;0;0;0;1;1;0;0;0