data;horario;n_da_ocorrencia;tipo_de_ocorrencia;km;trecho;sentido;tipo_de_acidente;automovel;bicicleta;caminhao;moto;onibus;outros;tracao_animal;transporte_de_cargas_especiais;trator_maquinas;utilitarios;ilesos;levemente_feridos;moderadamente_feridos;gravemente_feridos;mortos
"18/09/2023";"13:48:00";"90";"2 - Aciden";"117,32";"BR-116/PR";"Sul";"Saida de Pista";1;0;0;0;0;0;0;0;0;0;0;1;0;0;0
"18/09/2023";"18:41:00";"129";"3 - Aciden";"128,1";"BR-116/SC";"Sul";"Saida de Pista";0;0;1;0;0;0;0;0;0;0;1;0;0;0;0
"18/09/2023";"23:36:00";"147";"3 - Aciden";"121,605";"BR-116/SC";"Norte";"Tombamento";0;0;1;0;0;0;0;0;0;0;1;0;0;0;0
"19/09/2023";"06:02:00";"22";"2 - Aciden";"201,1";"BR-116/SC";"Sul";"Colisão Frontal";0;0;2;0;0;0;0;0;0;0;1;0;0;1;0
"19/09/2023";"10:12:00";"72";"2 - Aciden";"206,1";"BR-116/SC";"Norte";"Choque - Outros";0;0;0;1;0;0;0;0;0;0;0;1;0;0;0
"19/09/2023";"11:06:00";"77";"3 - Aciden";"133,9";"BR-116/SC";"Sul";"Colisão Traseira";0;0;2;0;0;0;0;0;0;0;2;0;0;0;0
"19/09/2023";"19:02:00";"119";"2 - Aciden";"145,3";"BR-116/PR";"Norte";"Colisão Frontal";1;0;1;0;0;0;0;0;0;0;1;3;0;1;0
"20/09/2023";"06:05:00";"22";"2 - Aciden";"122,7";"BR-116/PR";"Norte";"Colisão Lateral";1;0;0;1;0;1;0;0;0;0;2;1;0;0;0
"20/09/2023";"08:50:00";"69";"2 - Aciden";"133,1";"BR-116/SC";"Sul";"Tombamento";0;0;1;0;0;0;0;0;0;0;1;1;0;0;0
"20/09/2023";"18:28:00";"120";"2 - Aciden";"252,1";"BR-116/SC";"Sul";"Colisão Transversal";2;0;0;0;0;0;0;0;0;0;2;3;0;0;0
"20/09/2023";"20:08:00";"125";"3 - Aciden";"120,95";"BR-116/PR";"Sul";"Engavetamento";0;0;1;0;1;0;0;0;0;1;3;0;0;0;0
"21/09/2023";"07:22:00";"36";"2 - Aciden";"125,1";"BR-116/PR";"Norte";"Queda de Moto";0;0;0;1;0;0;0;0;0;0;0;1;0;0;0
"21/09/2023";"08:30:00";"70";"2 - Aciden";"211,1";"BR-116/PR";"Sul";"Colisão Frontal";0;0;0;2;0;0;0;0;0;0;1;1;0;0;0
"21/09/2023";"16:56:00";"128";"2 - Aciden";"1,5";"BR-116/SC";"Sul";"Queda de Moto";0;0;0;1;0;0;0;0;0;0;0;1;0;0;0
"21/09/2023";"22:19:00";"148";"2 - Aciden";"107,8";"BR-116/SC";"Norte";"Tombamento";0;0;1;0;0;0;0;0;0;0;0;0;1;0;0
"22/09/2023";"01:59:00";"11";"3 - Aciden";"139,5";"BR-116/SC";"Norte";"Colisão Traseira";2;0;0;0;0;0;0;0;0;0;2;0;0;0;0
"22/09/2023";"14:28:00";"82";"2 - Aciden";"5,1";"BR-116/SC";"Sul";"Colisão Traseira";0;0;1;0;0;0;0;0;0;1;1;1;0;0;0
"22/09/2023";"16:38:00";"103";"3 - Aciden";"160,7";"BR-116/PR";"Norte";"Saida de Pista";0;0;0;0;0;0;0;0;0;1;1;0;0;0;0
"22/09/2023";"21:00:00";"121";"2 - Aciden";"132,4";"BR-116/PR";"Norte";"Saida de Pista";1;0;0;0;0;0;0;0;0;0;0;1;0;0;0
"23/09/2023";"01:15:00";"4";"3 - Aciden";"115,1";"BR-116/PR";"Sul";"Colisão Traseira";0;0;2;0;0;0;0;0;0;0;2;0;0;0;0
"23/09/2023";"05:07:00";"12";"2 - Aciden";"262,8";"BR-116/SC";"Norte";"Colisão Frontal";0;0;1;1;0;0;0;0;0;0;2;0;0;1;0
"23/09/2023";"05:26:00";"14";"3 - Aciden";"120,077";"BR-116/PR";"Norte";"Choque - Defensa, barreira ou "submarino"";1;0;0;0;0;0;0;0;0;0;1;0;0;0;0
"23/09/2023";"11:12:00";"60";"3 - Aciden";"126,35";"BR-116/PR";"Norte";"Colisão Traseira";0;0;2;0;0;0;0;0;0;0;2;0;0;0;0
"24/09/2023";"00:19:00";"1";"3 - Aciden";"208,1";"BR-116/PR";"Sul";"Saida de Pista";1;0;0;0;0;0;0;0;0;0;1;0;0;0;0
"24/09/2023";"02:03:00";"5";"2 - Aciden";"134,573";"BR-116/PR";"Sul";"Queda de Moto";0;0;0;1;0;0;0;0;0;0;1;1;0;0;0
"24/09/2023";"11:13:00";"40";"3 - Aciden";"140,5";"BR-116/PR";"Sul";"Colisão Traseira";1;0;0;0;0;1;0;0;0;0;5;0;0;0;0
"24/09/2023";"18:43:00";"74";"2 - Aciden";"151,822";"BR-116/PR";"Sul";"Colisão Traseira";1;0;1;0;0;0;0;0;0;0;1;1;0;0;0
"24/09/2023";"19:38:00";"78";"3 - Aciden";"171,3";"BR-116/SC";"Sul";"Choque - Elemento de Drenagem";1;0;0;0;0;0;0;0;0;0;1;0;0;0;0
"24/09/2023";"19:45:00";"82";"2 - Aciden";"126,198";"BR-116/PR";"Norte";"Queda de Moto";0;0;0;1;0;0;0;0;0;0;0;1;0;0;0
"26/09/2023";"11:50:00";"71";"3 - Aciden";"121,1";"BR-116/PR";"Sul";"Colisão Lateral";1;0;1;0;0;0;0;0;0;0;2;0;0;0;0
"26/09/2023";"19:04:00";"113";"2 - Aciden";"112,1";"BR-116/SC";"Norte";"Capotamento";1;0;0;0;0;0;0;0;0;0;0;1;0;0;0
"27/09/2023";"15:28:00";"86";"2 - Aciden";"180,3";"BR-116/PR";"Norte";"Colisão Lateral";0;0;3;0;0;0;0;0;0;0;2;1;0;0;0
"27/09/2023";"16:36:00";"91";"3 - Aciden";"126,35";"BR-116/SC";"Norte";"Colisão Traseira";1;0;0;1;0;0;0;0;0;0;2;0;0;0;0
"28/09/2023";"02:23:00";"9";"3 - Aciden";"30,971";"BR-116/SC";"Norte";"Choque - Arvore";1;0;0;0;0;0;0;0;0;0;1;0;0;0;0
"28/09/2023";"11:30:00";"72";"3 - Aciden";"152,1";"BR-116/SC";"Sul";"Colisão Lateral";0;0;2;0;0;0;0;0;0;0;2;0;0;0;0
"28/09/2023";"19:36:00";"116";"2 - Aciden";"125,1";"BR-116/PR";"Sul";"Colisão Traseira";1;0;0;1;0;0;0;0;0;0;1;1;0;0;0
"29/09/2023";"00:29:00";"2";"3 - Aciden";"183,6";"BR-116/PR";"Sul";"Saida de Pista";1;0;0;0;0;0;0;0;0;0;1;0;0;0;0
"29/09/2023";"04:26:00";"9";"3 - Aciden";"182,7";"BR-116/SC";"Sul";"Saida de Pista";0;0;1;0;0;0;0;0;0;0;2;0;0;0;0
"29/09/2023";"06:07:00";"11";"3 - Aciden";"174,1";"BR-116/PR";"Sul";"Saida de Pista";0;0;1;0;0;0;0;0;0;0;1;0;0;0;0
"29/09/2023";"12:10:00";"56";"2 - Aciden";"14,4";"BR-116/SC";"Norte";"Colisão Traseira";1;0;1;0;0;0;0;0;0;0;1;1;0;0;0
"29/09/2023";"19:48:00";"82";"3 - Aciden";"119,1";"BR-116/PR";"Sul";"Colisão Traseira";2;0;0;0;0;0;0;0;0;0;2;0;0;0;0
"29/09/2023";"20:25:00";"84";"3 - Aciden";"121,1";"BR-116/PR";"Sul";"Choque - Defensa, barreira ou "submarino"";1;0;0;0;0;0;0;0;0;0;1;0;0;0;0
"29/09/2023";"22:33:00";"93";"3 - Aciden";"115,2";"BR-116/PR";"Norte";"Engavetamento";2;0;1;0;0;0;0;0;0;0;3;0;0;0;0
"30/09/2023";"07:49:00";"13";"2 - Aciden";"260,201";"BR-116/SC";"Sul";"Colisão Traseira";1;0;0;1;0;0;0;0;0;0;1;0;1;0;0
"30/09/2023";"08:32:00";"22";"2 - Aciden";"140,924";"BR-116/SC";"Sul";"Colisão Transversal";1;0;1;0;0;0;0;0;0;1;1;2;0;0;0
"30/09/2023";"09:57:00";"31";"3 - Aciden";"198,7";"BR-116/PR";"Sul";"Colisão Lateral";1;0;1;0;0;0;0;0;0;0;3;0;0;0;0
"30/09/2023";"14:38:00";"49";"3 - Aciden";"275,75";"BR-116/SC";"Norte";"Colisão Traseira";1;0;1;0;0;0;0;0;0;0;2;0;0;0;0
"01/10/2023";"22:52:00";"83";"3 - Aciden";"228,75";"BR-116/SC";"Norte";"Saida de Pista";1;0;0;0;0;0;0;0;0;0;1;0;0;0;0
"02/10/2023";"01:09:00";"3";"2 - Aciden";"155,1";"BR-116/PR";"Sul";"Saida de Pista";1;0;0;0;0;0;0;0;0;0;0;0;0;1;0
"02/10/2023";"08:01:00";"39";"3 - Aciden";"125,1";"BR-116/PR";"Norte";"Colisão Lateral";0;0;0;1;0;1;0;0;0;0;2;0;0;0;0
"02/10/2023";"14:59:00";"79";"3 - Aciden";"118,903";"BR-116/PR";"Norte";"Choque - Defensa, barreira ou "submarino"";1;0;0;0;0;0;0;0;0;0;1;0;0;0;0
"02/10/2023";"18:37:00";"103";"2 - Aciden";"127,35";"BR-116/PR";"Sul";"Colisão Traseira";0;0;0;1;0;1;0;0;0;0;1;1;0;0;0
"02/10/2023";"20:25:00";"107";"2 - Aciden";"126,3";"BR-116/PR";"Norte";"Colisão Transversal";1;0;0;1;0;0;0;0;0;0;2;1;0;0;0
"03/10/2023";"05:42:00";"10";"2 - Aciden";"284,6";"BR-116/SC";"Sul";"Choque - Defensa, barreira ou "submarino"";0;0;0;1;0;0;0;0;0;0;0;0;1;0;0
"03/10/2023";"10:53:00";"73";"3 - Aciden";"247,1";"BR-116/SC";"Sul";"Saida de Pista";1;0;0;0;0;0;0;0;0;0;1;0;0;0;0
"03/10/2023";"15:51:00";"100";"2 - Aciden";"217,434";"BR-116/SC";"Sul";"Colisão Transversal";1;0;0;0;0;0;0;0;0;1;1;1;0;0;0
"03/10/2023";"19:51:00";"121";"3 - Aciden";"121,631";"BR-116/PR";"Sul";"Colisão Lateral";1;0;1;0;0;0;0;0;0;0;2;0;0;0;0
"04/10/2023";"01:58:00";"5";"3 - Aciden";"185,2";"BR-116/SC";"Norte";"Saida de Pista";1;0;0;0;0;0;0;0;0;0;2;0;0;0;0
"04/10/2023";"08:04:00";"53";"3 - Aciden";"120,1";"BR-116/PR";"Sul";"Saida de Pista";1;0;0;0;0;0;0;0;0;0;1;0;0;0;0
"04/10/2023";"11:29:00";"87";"3 - Aciden";"137,1";"BR-116/PR";"Norte";"Saida de Pista";0;0;0;0;0;0;0;0;0;1;1;0;0;0;0
"04/10/2023";"13:42:00";"96";"3 - Aciden";"25,1";"BR-116/SC";"Sul";"Colisão Traseira";1;0;1;0;0;0;0;0;0;0;2;0;0;0;0
"04/10/2023";"13:57:00";"101";"3 - Aciden";"10,1";"BR-116/SC";"Sul";"Saida de Pista";1;0;0;0;0;0;0;0;0;0;1;0;0;0;0
"04/10/2023";"16:39:00";"119";"3 - Aciden";"87,1";"BR-116/SC";"Sul";"Saida de Pista";1;0;0;0;0;0;0;0;0;0;1;0;0;0;0
"04/10/2023";"18:52:00";"127";"2 - Aciden";"119,2";"BR-116/PR";"Sul";"Engavetamento";2;0;0;2;0;0;0;0;0;0;3;1;0;0;0
"05/10/2023";"02:40:00";"20";"3 - Aciden";"116,8";"BR-116/PR";"Norte";"Capotamento";1;0;0;0;0;0;0;0;0;0;1;0;0;0;0
"05/10/2023";"06:41:00";"34";"2 - Aciden";"124,1";"BR-116/PR";"Norte";"Colisão Traseira";1;0;0;1;0;0;0;0;0;0;0;2;0;0;0
"05/10/2023";"18:16:00";"115";"3 - Aciden";"121,5";"BR-116/PR";"Sul";"Colisão Traseira";1;0;0;0;0;1;0;0;0;1;3;0;0;0;0
"05/10/2023";"22:38:00";"126";"3 - Aciden";"185,375";"BR-116/PR";"Sul";"Colisão Lateral";1;0;1;0;0;0;0;0;0;1;3;0;0;0;0
"06/10/2023";"07:11:00";"24";"2 - Aciden";"121,1";"BR-116/PR";"Norte";"Choque - Poste";1;0;0;0;0;0;0;0;0;0;0;0;2;0;0
"06/10/2023";"07:29:00";"34";"3 - Aciden";"124,1";"BR-116/PR";"Sul";"Colisão Traseira";1;0;0;1;0;0;0;0;0;0;5;0;0;0;0
"06/10/2023";"12:41:00";"82";"2 - Aciden";"119,1";"BR-116/PR";"Norte";"Queda de Moto";0;0;0;1;0;0;0;0;0;0;0;1;0;0;0
"06/10/2023";"16:44:00";"97";"2 - Aciden";"268,1";"BR-116/SC";"Norte";"Colisão Lateral";1;0;0;0;0;0;0;0;0;1;1;1;0;0;0
"06/10/2023";"20:25:00";"114";"3 - Aciden";"218,1";"BR-116/SC";"Sul";"Colisão Transversal";2;0;0;0;0;0;0;0;0;0;3;0;0;0;0
"06/10/2023";"23:43:00";"121";"2 - Aciden";"1,1";"BR-116/SC";"Norte";"Colisão Frontal";0;0;0;2;0;0;0;0;0;0;0;3;0;0;0
"07/10/2023";"10:25:00";"67";"2 - Aciden";"245,1";"BR-116/SC";"Sul";"Colisão Traseira";2;0;0;0;0;0;0;0;0;0;0;1;1;0;0
"07/10/2023";"16:11:00";"93";"3 - Aciden";"149,1";"BR-116/SC";"Sul";"Saida de Pista";1;0;0;0;0;0;0;0;0;0;2;0;0;0;0
"07/10/2023";"18:24:00";"99";"3 - Aciden";"126,1";"BR-116/PR";"Sul";"Colisão Traseira";2;0;0;0;0;0;0;0;0;0;2;0;0;0;0
"07/10/2023";"20:16:00";"111";"3 - Aciden";"244,9";"BR-116/SC";"Norte";"Saida de Pista";0;0;0;0;0;0;0;0;0;1;1;0;0;0;0
"07/10/2023";"20:28:00";"112";"2 - Aciden";"118,1";"BR-116/PR";"Sul";"Capotamento";1;0;0;0;0;0;0;0;0;0;1;1;0;0;0
"07/10/2023";"22:45:00";"120";"3 - Aciden";"132,8";"BR-116/PR";"Norte";"Choque - Defensa, barreira ou "submarino"";1;0;0;0;0;0;0;0;0;0;1;0;0;0;0
"08/10/2023";"03:15:00";"45";"3 - Aciden";"184,1";"BR-116/PR";"Norte";"Saida de Pista";1;0;0;0;0;0;0;0;0;0;2;0;0;0;0
"08/10/2023";"03:29:00";"46";"3 - Aciden";"238,95";"BR-116/SC";"Norte";"Saida de Pista";1;0;0;0;0;0;0;0;0;0;1;0;0;0;0
"08/10/2023";"04:36:00";"48";"3 - Aciden";"235,8";"BR-116/SC";"Norte";"Saida de Pista";1;0;0;0;0;0;0;0;0;0;1;0;0;0;0
"08/10/2023";"06:37:00";"54";"3 - Aciden";"249,35";"BR-116/SC";"Sul";"Saida de Pista";1;0;0;0;0;0;0;0;0;0;1;0;0;0;0
"08/10/2023";"18:26:00";"116";"3 - Aciden";"121,1";"BR-116/PR";"Sul";"Colisão Traseira";1;0;1;0;0;0;0;0;0;0;2;0;0;0;0
"08/10/2023";"19:04:00";"119";"3 - Aciden";"130,5";"BR-116/PR";"Norte";"Choque - Defensa, barreira ou "submarino"";1;0;0;0;0;0;0;0;0;0;1;0;0;0;0
"08/10/2023";"22:56:00";"129";"2 - Aciden";"155,1";"BR-116/PR";"Sul";"Choque - Talude";1;0;0;0;0;0;0;0;0;0;0;0;1;0;0
"09/10/2023";"01:38:00";"52";"3 - Aciden";"210,9";"BR-116/SC";"Sul";"Capotamento";1;0;0;0;0;0;0;0;0;0;1;0;0;0;0
"10/10/2023";"07:23:00";"60";"3 - Aciden";"107,8";"BR-116/SC";"Norte";"Saida de Pista";1;0;0;0;0;0;0;0;0;0;1;0;0;0;0
"10/10/2023";"09:35:00";"101";"3 - Aciden";"243,3";"BR-116/SC";"Sul";"Colisão Lateral";1;0;1;0;0;0;0;0;0;0;2;0;0;0;0
"11/10/2023";"07:48:00";"69";"2 - Aciden";"120,1";"BR-116/PR";"Norte";"Colisão Lateral";0;0;0;2;0;0;0;0;0;0;1;1;1;0;0
"11/10/2023";"10:29:00";"106";"3 - Aciden";"23,1";"BR-116/SC";"Sul";"Colisão Transversal";2;0;0;0;0;0;0;0;0;0;2;0;0;0;0
"11/10/2023";"12:01:00";"111";"2 - Aciden";"131,1";"BR-116/PR";"Sul";"Colisão Traseira";1;0;0;1;0;0;0;0;0;0;1;1;0;0;0
"11/10/2023";"13:11:00";"120";"2 - Aciden";"51,454";"BR-116/SC";"Sul";"Capotamento";1;0;1;0;0;0;0;0;0;0;2;0;1;0;0
"11/10/2023";"19:51:00";"166";"3 - Aciden";"3,888";"BR-116/SC";"Norte";"Colisão Transversal";2;0;0;0;0;0;0;0;0;0;2;0;0;0;0
"11/10/2023";"19:55:00";"167";"3 - Aciden";"225,01";"BR-116/SC";"Sul";"Saida de Pista";1;0;0;0;0;0;0;0;0;0;1;0;0;0;0
"11/10/2023";"22:23:00";"177";"3 - Aciden";"149,8";"BR-116/PR";"Norte";"Colisão Traseira";0;0;2;0;0;0;0;0;0;0;2;0;0;0;0
"12/10/2023";"02:24:00";"41";"2 - Aciden";"126,2";"BR-116/PR";"Sul";"Colisão Transversal";0;0;0;2;0;0;0;0;0;0;1;1;0;0;0
"12/10/2023";"04:55:00";"45";"2 - Aciden";"197,5";"BR-116/PR";"Norte";"Choque - Defensa, barreira ou "submarino"";0;0;1;0;0;0;0;0;0;0;0;0;1;0;0
"12/10/2023";"05:16:00";"47";"3 - Aciden";"115,2";"BR-116/PR";"Sul";"Choque - Defensa, barreira ou "submarino"";1;0;0;0;0;0;0;0;0;0;1;0;0;0;0
"12/10/2023";"13:52:00";"99";"3 - Aciden";"117,1";"BR-116/PR";"Sul";"Colisão Traseira";1;0;0;0;0;1;0;0;0;0;2;0;0;0;0
"12/10/2023";"14:39:00";"104";"3 - Aciden";"245,5";"BR-116/SC";"Sul";"Colisão Traseira";2;0;0;0;0;0;0;0;0;0;2;0;0;0;0
"12/10/2023";"17:29:00";"125";"3 - Aciden";"118,1";"BR-116/PR";"Sul";"Colisão Lateral";1;0;1;0;0;0;0;0;0;0;2;0;0;0;0
"12/10/2023";"20:16:00";"137";"3 - Aciden";"7,5";"BR-116/SC";"Sul";"Colisão Transversal";2;0;0;0;0;0;0;0;0;0;4;0;0;0;0
"12/10/2023";"23:07:00";"147";"3 - Aciden";"94,6";"BR-116/SC";"Norte";"Choque - Arvore";1;0;0;0;0;0;0;0;0;0;2;0;0;0;0
"13/10/2023";"18:20:00";"134";"3 - Aciden";"117,1";"BR-116/PR";"Sul";"Saida de Pista";1;0;0;0;0;0;0;0;0;0;1;0;0;0;0
"14/10/2023";"02:15:00";"29";"2 - Aciden";"138,1";"BR-116/PR";"Sul";"Saida de Pista";1;0;0;0;0;0;0;0;0;0;0;1;0;0;0
"14/10/2023";"04:06:00";"47";"3 - Aciden";"184,5";"BR-116/SC";"Norte";"Saida de Pista";1;0;0;0;0;0;0;0;0;0;1;0;0;0;0
"14/10/2023";"16:32:00";"116";"2 - Aciden";"107,6";"BR-116/SC";"Norte";"Choque - Talude";0;0;1;0;0;0;0;0;0;0;2;1;0;0;0
"14/10/2023";"17:29:00";"118";"2 - Aciden";"152,1";"BR-116/PR";"Norte";"Colisão Frontal";0;0;0;1;0;0;0;0;0;1;1;0;2;0;0
"15/10/2023";"03:10:00";"41";"3 - Aciden";"188,5";"BR-116/PR";"Sul";"Colisão Lateral";1;0;1;0;0;0;0;0;0;0;3;0;0;0;0
"15/10/2023";"20:51:00";"108";"3 - Aciden";"105,1";"BR-116/SC";"Sul";"Choque - Talude";1;0;0;0;0;0;0;0;0;0;1;0;0;0;0
"16/10/2023";"08:26:00";"79";"2 - Aciden";"117,5";"BR-116/PR";"Norte";"Colisão Lateral";0;0;0;2;0;0;0;0;0;0;1;1;0;0;0
"17/10/2023";"07:22:00";"41";"2 - Aciden";"105,8";"BR-116/SC";"Sul";"Colisão Lateral";0;0;2;0;0;0;0;0;0;0;1;0;1;0;0
"17/10/2023";"09:39:00";"80";"2 - Aciden";"72,01";"BR-116/SC";"Sul";"Engavetamento";1;0;2;0;0;0;0;0;0;0;4;1;0;0;0
"17/10/2023";"10:39:00";"88";"2 - Aciden";"126,1";"BR-116/PR";"Sul";"Colisão Transversal";1;0;0;1;0;0;0;0;0;0;2;0;1;0;0
"17/10/2023";"11:07:00";"90";"3 - Aciden";"74,6";"BR-116/SC";"Norte";"Colisão Traseira";0;0;2;0;0;0;0;0;0;0;2;0;0;0;0
"17/10/2023";"18:36:00";"134";"3 - Aciden";"193,1";"BR-116/PR";"Norte";"Saida de Pista";0;0;1;0;0;0;0;0;0;0;1;0;0;0;0
"17/10/2023";"21:47:00";"144";"3 - Aciden";"179,1";"BR-116/PR";"Sul";"Saida de Pista";1;0;0;0;0;0;0;0;0;0;1;0;0;0;0
"17/10/2023";"22:35:00";"146";"3 - Aciden";"139,7";"BR-116/SC";"Sul";"Colisão Transversal";1;0;1;0;0;0;0;0;0;0;2;0;0;0;0
"17/10/2023";"22:47:00";"147";"2 - Aciden";"271,2";"BR-116/SC";"Sul";"Colisão Frontal";1;0;1;0;0;0;0;0;0;0;2;0;0;1;0
"18/10/2023";"11:36:00";"86";"3 - Aciden";"19,1";"BR-116/SC";"Norte";"Colisão Traseira";0;0;2;0;0;0;0;0;0;0;2;0;0;0;0
"19/10/2023";"02:00:00";"142";"2 - Aciden";"126,1";"BR-116/PR";"Sul";"Colisão Lateral";2;0;0;0;0;0;0;0;0;0;2;2;0;0;0
"19/10/2023";"09:30:00";"109";"3 - Aciden";"152,1";"BR-116/SC";"Norte";"Colisão Lateral";0;0;2;0;0;0;0;0;0;0;2;0;0;0;0
"19/10/2023";"18:17:00";"174";"2 - Aciden";"115,2";"BR-116/PR";"Norte";"Engavetamento";1;0;1;1;0;0;0;0;0;0;3;1;0;0;0
"19/10/2023";"19:17:00";"179";"3 - Aciden";"126,012";"BR-116/PR";"Sul";"Colisão Traseira";1;0;0;0;0;1;0;0;0;0;2;0;0;0;0
"19/10/2023";"22:40:00";"191";"2 - Aciden";"124,5";"BR-116/PR";"Sul";"Colisão Traseira";2;0;0;0;0;0;0;0;0;0;1;2;0;0;0
"20/10/2023";"00:09:00";"25";"3 - Aciden";"125,7";"BR-116/PR";"Sul";"Colisão Traseira";2;0;0;0;0;0;0;0;0;0;2;0;0;0;0
"20/10/2023";"11:25:00";"93";"3 - Aciden";"64,1";"BR-116/SC";"Sul";"Saida de Pista";1;0;0;0;0;0;0;0;0;0;2;0;0;0;0
"20/10/2023";"15:08:00";"120";"3 - Aciden";"294,4";"BR-116/SC";"Sul";"Colisão Traseira";1;0;1;0;0;0;0;0;0;0;2;0;0;0;0
"20/10/2023";"16:15:00";"132";"3 - Aciden";"129,1";"BR-116/PR";"Sul";"Colisão Traseira";1;0;1;0;0;0;0;0;0;0;2;0;0;0;0
"21/10/2023";"07:02:00";"54";"3 - Aciden";"120,1";"BR-116/PR";"Norte";"Colisão Lateral";2;0;0;0;0;0;0;0;0;0;2;0;0;0;0
"23/10/2023";"07:08:00";"37";"3 - Aciden";"203,1";"BR-116/SC";"Norte";"Colisão Traseira";2;0;0;0;0;0;0;0;0;0;2;0;0;0;0
"23/10/2023";"07:55:00";"45";"2 - Aciden";"116,1";"BR-116/PR";"Sul";"Colisão Traseira";1;0;0;1;0;0;0;0;0;0;1;1;0;0;0
"23/10/2023";"09:45:00";"77";"3 - Aciden";"126,35";"BR-116/PR";"Sul";"Colisão Lateral";1;0;0;1;0;0;0;0;0;0;2;0;0;0;0
"24/10/2023";"01:28:00";"21";"3 - Aciden";"135,1";"BR-116/SC";"Sul";"Saida de Pista";1;0;0;0;0;0;0;0;0;0;1;0;0;0;0
"24/10/2023";"15:42:00";"109";"3 - Aciden";"50,5";"BR-116/SC";"Sul";"Colisão Traseira";0;0;2;0;0;0;0;0;0;0;2;0;0;0;0
"24/10/2023";"16:51:00";"115";"2 - Aciden";"119,7";"BR-116/PR";"Sul";"Saida de Pista";1;0;0;0;0;0;0;0;0;0;0;1;0;0;0
"24/10/2023";"20:02:00";"134";"1 - Aciden";"127,202";"BR-116/PR";"Sul";"Atropelamento - Morador";4;0;0;0;0;0;0;0;0;0;7;0;0;0;1
"25/10/2023";"10:31:00";"72";"2 - Aciden";"125,866";"BR-116/PR";"Norte";"Queda de Moto";0;0;0;1;0;0;0;0;0;0;0;1;1;0;0
"25/10/2023";"15:16:00";"92";"3 - Aciden";"29,1";"BR-116/SC";"Sul";"Colisão Lateral";1;0;1;0;0;0;0;0;0;0;2;0;0;0;0
"25/10/2023";"17:29:00";"109";"2 - Aciden";"125,4";"BR-116/PR";"Norte";"Queda de Moto";1;0;0;1;0;0;0;0;0;0;1;1;0;0;0
"26/10/2023";"03:54:00";"10";"2 - Aciden";"153,2";"BR-116/PR";"Norte";"Colisão Traseira";0;0;2;0;0;0;0;0;0;0;1;1;0;0;0
"26/10/2023";"15:57:00";"114";"3 - Aciden";"152,4";"BR-116/PR";"Sul";"Colisão Transversal";2;0;0;0;0;0;0;0;0;0;2;0;0;0;0
"26/10/2023";"19:00:00";"134";"1 - Aciden";"210,35";"BR-116/PR";"Norte";"Atropelamento - Ciclista";1;1;0;0;0;0;0;0;0;0;3;0;0;0;1
"27/10/2023";"00:07:00";"11";"3 - Aciden";"153,3";"BR-116/PR";"Sul";"Colisão Traseira";2;0;0;0;0;0;0;0;0;0;2;0;0;0;0
"27/10/2023";"00:36:00";"12";"3 - Aciden";"126,3";"BR-116/PR";"Sul";"Colisão Transversal";2;0;0;0;0;0;0;0;0;0;2;0;0;0;0
"27/10/2023";"06:35:00";"23";"3 - Aciden";"5,5";"BR-116/SC";"Norte";"Colisão Frontal";2;0;0;0;0;0;0;0;0;0;2;0;0;0;0
"27/10/2023";"07:47:00";"42";"2 - Aciden";"126,1";"BR-116/PR";"Norte";"Queda de Moto";0;0;0;1;0;0;0;0;0;0;0;1;0;0;0
"27/10/2023";"14:58:00";"85";"3 - Aciden";"180,1";"BR-116/PR";"Sul";"Colisão Traseira";1;0;0;0;0;1;0;0;0;0;2;0;0;0;0
"27/10/2023";"15:24:00";"88";"3 - Aciden";"121,1";"BR-116/PR";"Sul";"Colisão Traseira";1;0;0;1;0;0;0;0;0;0;3;0;0;0;0
"27/10/2023";"15:41:00";"90";"3 - Aciden";"120,1";"BR-116/PR";"Sul";"Colisão Traseira";0;0;1;0;0;1;0;0;0;0;2;0;0;0;0
"27/10/2023";"17:44:00";"105";"3 - Aciden";"83,1";"BR-116/SC";"Sul";"Colisão Lateral";1;0;1;0;0;0;0;0;0;0;2;0;0;0;0
"27/10/2023";"22:11:00";"119";"2 - Aciden";"128,662";"BR-116/PR";"Sul";"Colisão Frontal";1;0;0;1;0;0;0;0;0;0;1;1;0;0;0
"28/10/2023";"04:43:00";"18";"3 - Aciden";"241,5";"BR-116/SC";"Norte";"Choque - Defensa, barreira ou "submarino"";1;0;0;0;0;0;0;0;0;0;1;0;0;0;0
"28/10/2023";"06:19:00";"21";"2 - Aciden";"225,1";"BR-116/SC";"Sul";"Saida de Pista";1;0;0;0;0;0;0;0;0;0;0;0;0;1;0
"29/10/2023";"06:10:00";"35";"3 - Aciden";"202,8";"BR-116/SC";"Norte";"Saida de Pista";0;0;1;0;0;0;0;0;0;0;1;0;0;0;0
"29/10/2023";"10:36:00";"64";"3 - Aciden";"203,65";"BR-116/PR";"Sul";"Colisão Lateral";1;0;1;0;0;0;0;0;0;0;2;0;0;0;0
"29/10/2023";"13:13:00";"75";"3 - Aciden";"237,5";"BR-116/SC";"Norte";"Saida de Pista";1;0;0;0;0;0;0;0;0;0;1;0;0;0;0
"30/10/2023";"06:38:00";"42";"3 - Aciden";"262,1";"BR-116/SC";"Norte";"Saida de Pista";1;0;0;0;0;0;0;0;0;0;1;0;0;0;0
"30/10/2023";"13:35:00";"101";"3 - Aciden";"128,1";"BR-116/PR";"Norte";"Colisão Traseira";2;0;0;0;0;0;0;0;0;0;4;0;0;0;0
"30/10/2023";"15:11:00";"112";"3 - Aciden";"153,5";"BR-116/PR";"Norte";"Choque - Defensa, barreira ou "submarino"";0;0;1;0;0;0;0;0;0;0;1;0;0;0;0
"31/10/2023";"03:27:00";"30";"3 - Aciden";"115,1";"BR-116/PR";"Sul";"Choque - Defensa, barreira ou "submarino"";1;0;0;0;0;0;0;0;0;0;1;0;0;0;0
"31/10/2023";"06:29:00";"40";"3 - Aciden";"141,1";"BR-116/SC";"Sul";"Colisão Transversal";2;0;0;0;0;0;0;0;0;0;4;0;0;0;0
"31/10/2023";"07:33:00";"54";"3 - Aciden";"115,4";"BR-116/PR";"Norte";"Colisão Traseira";1;0;0;0;0;0;0;0;0;0;1;0;0;0;0
"31/10/2023";"10:38:00";"112";"3 - Aciden";"244,1";"BR-116/SC";"Sul";"Saida de Pista";0;0;0;0;0;1;0;0;0;0;1;0;0;0;0
"31/10/2023";"11:25:00";"114";"3 - Aciden";"115,6";"BR-116/PR";"Norte";"Saida de Pista";0;0;1;0;0;0;0;0;0;0;1;0;0;0;0