data;horario;n_da_ocorrencia;tipo_de_ocorrencia;km;trecho;sentido;tipo_de_acidente;automovel;bicicleta;caminhao;moto;onibus;outros;tracao_animal;transporte_de_cargas_especiais;trator_maquinas;utilitarios;ilesos;levemente_feridos;moderadamente_feridos;gravemente_feridos;mortos
"05/02/2024";"14:38:03";"81";"Sem vítima";"192,100";"BR-116/SC";"Decrescente";"Saída de pista";1;0;0;0;0;0;0;0;0;0;1;0;0;0;0
"05/02/2024";"18:14:26";"104";"Com vítima";"246,100";"BR-116/SC";"Crescente";"Colisão transversal";1;0;0;1;0;0;0;0;0;0;1;1;0;0;0
"05/02/2024";"18:14:56";"105";"Sem vítima";"207,100";"BR-116/SC";"Decrescente";"Saída de pista";1;0;0;0;0;0;0;0;0;0;2;0;0;0;0
"05/02/2024";"18:24:01";"106";"Sem vítima";"116,100";"BR-116/PR";"Decrescente";"Engavetamento";0;0;1;2;0;0;0;0;0;0;3;0;0;0;0
"05/02/2024";"20:10:41";"119";"Com vítima";"175,200";"BR-116/SC";"Decrescente";"Saída de pista";1;0;0;0;0;0;0;0;0;0;0;1;0;0;0
"05/02/2024";"20:16:50";"120";"Com vítima";"166,100";"BR-116/SC";"Crescente";"Tombamento";0;0;1;0;0;0;0;0;0;0;0;1;0;0;0
"05/02/2024";"22:46:41";"129";"Com vítima";"152,100";"BR-116/PR";"Crescente";"Colisão transversal";1;0;0;1;0;0;0;0;0;0;1;0;0;1;0
"06/02/2024";"07:51:39";"29";"Com vítima";"115,276";"BR-116/PR";"Crescente";"Colisão traseira";0;0;0;1;0;0;0;0;0;0;0;1;0;0;0
"06/02/2024";"12:17:34";"77";"Com vítima";"246,116";"BR-116/SC";"Decrescente";"Colisão transversal";1;0;0;1;0;0;0;0;0;0;1;0;2;0;0
"06/02/2024";"16:51:19";"107";"Com vítima";"248,100";"BR-116/SC";"Crescente";"Colisão frontal";2;0;0;0;0;0;0;0;0;0;0;0;1;1;0
"06/02/2024";"17:22:20";"114";"Sem vítima";"165,044";"BR-116/PR";"Crescente";"Choque";1;0;0;0;0;0;0;0;0;0;1;0;0;0;0
"07/02/2024";"07:47:48";"29";"Com vítima";"122,010";"BR-116/PR";"Crescente";"Colisão transversal";0;0;0;1;0;0;0;0;0;0;0;1;0;0;0
"07/02/2024";"09:50:33";"57";"Sem vítima";"121,100";"BR-116/PR";"Crescente";"Colisão traseira";3;0;0;1;0;0;0;0;0;0;3;0;0;0;0
"07/02/2024";"12:10:12";"76";"Com vítima";"116,721";"BR-116/PR";"Crescente";"Engavetamento";1;0;1;0;0;0;0;0;0;0;3;1;0;0;0
"07/02/2024";"16:18:24";"110";"Sem vítima";"142,742";"BR-116/PR";"Crescente";"Colisão lateral no mesmo sentido";1;0;1;0;0;0;0;0;0;0;2;0;0;0;0
"08/02/2024";"08:19:42";"58";"Com vítima";"116,200";"BR-116/PR";"Crescente";"Colisão lateral no mesmo sentido";1;0;0;1;0;0;0;0;0;0;1;0;1;0;0
"08/02/2024";"09:15:29";"65";"Com vítima";"117,800";"BR-116/PR";"Decrescente";"Colisão traseira";0;0;0;2;0;0;0;0;0;0;1;1;0;0;0
"08/02/2024";"16:53:38";"118";"Com vítima";"136,835";"BR-116/PR";"Crescente";"Capotamento";1;0;0;0;0;0;0;0;0;0;0;2;2;0;0
"08/02/2024";"17:55:01";"125";"Com vítima";"116,260";"BR-116/PR";"Crescente";"Colisão traseira";1;0;0;1;0;0;0;0;0;0;1;0;1;0;0
"08/02/2024";"20:43:29";"141";"Sem vítima";"4,584";"BR-116/SC";"Crescente";"Colisão lateral no mesmo sentido";1;0;1;0;0;0;0;0;0;0;2;0;0;0;0
"08/02/2024";"21:20:55";"143";"Com vítima";"212,500";"BR-116/SC";"Decrescente";"Colisão lateral no mesmo sentido";1;0;0;0;0;0;0;0;0;0;2;1;0;0;0
"09/02/2024";"09:40:34";"64";"Com vítima";"142,010";"BR-116/SC";"Decrescente";"Colisão frontal";1;0;0;0;0;0;0;0;0;0;0;3;0;0;0
"09/02/2024";"14:32:45";"87";"Com vítima";"4,100";"BR-116/SC";"Decrescente";"Queda de moto";0;0;0;1;0;0;0;0;0;2;1;1;0;0;0
"09/02/2024";"20:54:23";"122";"Sem vítima";"134,400";"BR-116/PR";"Decrescente";"Colisão traseira";1;0;0;0;0;0;0;0;0;1;2;0;0;0;0
"09/02/2024";"21:19:45";"124";"Sem vítima";"118,200";"BR-116/PR";"Decrescente";"Colisão lateral no mesmo sentido";1;0;1;0;0;0;0;0;0;0;2;0;0;0;0
"10/02/2024";"04:59:48";"18";"Sem vítima";"286,900";"BR-116/SC";"Crescente";"Colisão traseira";2;0;0;0;0;0;0;0;0;0;0;0;0;0;0
"10/02/2024";"07:58:52";"33";"Sem vítima";"134,400";"BR-116/PR";"Decrescente";"Colisão traseira";1;0;0;1;0;0;0;0;0;0;0;0;0;0;0
"10/02/2024";"11:06:21";"47";"Com vítima";"228,800";"BR-116/SC";"Decrescente";"Colisão transversal";1;0;0;0;1;0;0;0;0;0;65;0;0;2;1
"10/02/2024";"12:41:10";"52";"Sem vítima";"130,100";"BR-116/PR";"Decrescente";"Colisão traseira";1;0;1;0;0;0;0;0;0;0;2;0;0;0;0
"10/02/2024";"17:20:57";"80";"Com vítima";"118,100";"BR-116/PR";"Decrescente";"Colisão lateral no mesmo sentido";1;0;0;1;0;0;0;0;0;0;0;1;0;0;0
"11/02/2024";"00:18:26";"11";"Sem vítima";"124,532";"BR-116/PR";"Decrescente";"Engavetamento";3;0;0;0;0;0;0;0;0;0;4;0;0;0;0
"11/02/2024";"06:20:23";"23";"Com vítima";"116,900";"BR-116/PR";"Decrescente";"Capotamento";1;0;0;0;0;0;0;0;0;0;0;0;0;1;0
"11/02/2024";"14:29:18";"63";"Com vítima";"74,100";"BR-116/SC";"Decrescente";"Choque";1;0;0;0;0;0;0;0;0;0;2;1;0;0;0
"11/02/2024";"17:22:01";"78";"Com vítima";"128,250";"BR-116/PR";"Decrescente";"Choque";1;0;0;1;0;0;0;0;0;0;3;0;1;0;0
"11/02/2024";"21:24:22";"102";"Sem vítima";"84,100";"BR-116/SC";"Crescente";"Colisão lateral no mesmo sentido";2;0;0;0;0;0;0;0;0;0;1;0;0;0;0
"12/02/2024";"12:45:02";"65";"Com vítima";"124,100";"BR-116/PR";"Crescente";"Queda de moto";0;0;0;1;0;0;0;0;0;0;0;1;0;0;0
"12/02/2024";"14:39:41";"72";"Sem vítima";"283,100";"BR-116/SC";"Decrescente";"Colisão traseira";2;0;0;0;0;0;0;0;0;0;5;0;0;0;0
"12/02/2024";"18:23:26";"99";"Com vítima";"53,900";"BR-116/SC";"Decrescente";"Choque";1;0;0;0;0;0;0;0;0;0;0;1;0;0;0
"13/02/2024";"20:32:54";"85";"Com vítima";"116,100";"BR-116/PR";"Crescente";"Queda de moto";0;0;0;1;0;0;0;0;0;0;0;1;0;0;0
"13/02/2024";"21:48:59";"91";"Sem vítima";"180,010";"BR-116/SC";"Crescente";"Colisão transversal";1;0;1;0;0;0;0;0;0;0;2;0;0;0;0
"14/02/2024";"08:40:43";"45";"Sem vítima";"73,200";"BR-116/SC";"Decrescente";"Choque";1;0;0;0;0;0;0;0;0;0;0;0;0;0;0
"14/02/2024";"15:40:15";"75";"Com vítima";"165,100";"BR-116/PR";"Crescente";"Saída de pista";1;0;0;0;0;0;0;0;0;0;0;1;0;0;0
"14/02/2024";"15:53:20";"76";"Sem vítima";"150,100";"BR-116/PR";"Decrescente";"Engavetamento";3;0;0;0;0;0;0;0;0;0;3;0;0;0;0
"14/02/2024";"16:26:07";"79";"Sem vítima";"86,100";"BR-116/SC";"Decrescente";"Colisão frontal";1;0;0;0;0;0;0;0;0;1;2;0;0;0;0
"14/02/2024";"18:06:43";"80";"Com vítima";"8,100";"BR-116/SC";"Crescente";"Saída de pista";2;0;0;0;0;0;0;0;0;0;2;1;0;0;0
"15/02/2024";"15:14:37";"91";"Com vítima";"120,566";"BR-116/PR";"Crescente";"Engavetamento";0;0;1;0;1;0;0;0;0;2;2;2;0;0;0
"15/02/2024";"18:07:38";"102";"Sem vítima";"133,099";"BR-116/SC";"Crescente";"Colisão traseira";1;0;0;0;0;0;0;0;0;1;2;0;0;0;0
"16/02/2024";"02:51:44";"17";"Sem vítima";"189,050";"BR-116/SC";"Decrescente";"Tombamento";0;0;1;0;0;0;0;0;0;0;1;0;0;0;0
"16/02/2024";"07:37:59";"36";"Com vítima";"57,900";"BR-116/SC";"Decrescente";"Colisão transversal";1;0;0;0;0;0;0;0;0;1;4;1;0;0;0
"16/02/2024";"19:13:23";"123";"Com vítima";"141,543";"BR-116/PR";"Decrescente";"Colisão transversal";0;0;0;1;0;0;0;0;0;0;0;0;0;0;1
"16/02/2024";"19:33:58";"124";"Com vítima";"124,691";"BR-116/PR";"Decrescente";"Colisão lateral no mesmo sentido";1;0;0;1;0;0;0;0;0;0;1;1;0;0;0
"17/02/2024";"00:47:47";"16";"Com vítima";"117,045";"BR-116/PR";"Decrescente";"Atropelamento de pedestre";1;0;0;0;0;0;0;0;0;0;1;0;0;0;0
"18/02/2024";"10:37:36";"43";"Sem vítima";"265,800";"BR-116/SC";"Decrescente";"Colisão traseira";2;0;0;0;0;0;0;0;0;0;4;0;0;0;0
"18/02/2024";"11:42:52";"49";"Com vítima";"152,500";"BR-116/PR";"Decrescente";"Colisão transversal";2;0;0;0;0;0;0;0;0;0;0;4;1;0;0
"18/02/2024";"13:04:32";"54";"Com vítima";"205,900";"BR-116/PR";"Decrescente";"Tombamento";0;0;1;0;0;0;0;0;0;0;0;1;0;0;0
"19/02/2024";"17:51:41";"112";"Com vítima";"86,100";"BR-116/SC";"Decrescente";"Colisão frontal";0;0;1;0;0;0;0;0;0;0;0;0;1;0;2
"19/02/2024";"19:33:18";"123";"Sem vítima";"119,100";"BR-116/PR";"Decrescente";"Colisão traseira";2;0;0;0;0;0;0;0;0;0;2;0;0;0;0
"19/02/2024";"21:34:05";"128";"Com vítima";"34,100";"BR-116/SC";"Decrescente";"Colisão traseira";1;0;0;0;0;0;0;0;0;0;1;1;0;0;0
"19/02/2024";"23:14:14";"136";"Sem vítima";"197,300";"BR-116/PR";"Decrescente";"Choque";0;0;0;0;0;0;0;0;0;1;1;0;0;0;0
"20/02/2024";"05:54:50";"25";"Com vítima";"177,100";"BR-116/SC";"Crescente";"Saída de pista";0;0;1;0;0;0;0;0;0;0;0;1;0;0;0
"20/02/2024";"08:51:43";"63";"Com vítima";"5,500";"BR-116/SC";"Crescente";"Colisão transversal";1;0;0;1;0;0;0;0;0;0;2;1;0;0;0
"20/02/2024";"11:15:27";"76";"Sem vítima";"26,200";"BR-116/SC";"Decrescente";"Tombamento";0;0;1;0;0;0;0;0;0;0;1;0;0;0;0
"20/02/2024";"12:31:31";"82";"Sem vítima";"25,800";"BR-116/SC";"Decrescente";"Colisão traseira";1;0;1;0;0;0;0;0;0;0;2;0;0;0;0
"20/02/2024";"13:27:48";"87";"Com vítima";"245,100";"BR-116/SC";"Decrescente";"Tombamento";0;0;1;0;0;0;0;0;0;0;0;1;0;0;0
"20/02/2024";"19:38:06";"132";"Com vítima";"115,100";"BR-116/PR";"Crescente";"Colisão traseira";1;0;0;1;0;0;0;0;0;0;1;1;0;0;0
"21/02/2024";"00:28:22";"18";"Sem vítima";"245,000";"BR-116/SC";"Decrescente";"Choque";1;0;0;0;0;0;0;0;0;0;0;0;0;0;0
"22/02/2024";"07:54:06";"50";"Sem vítima";"69,088";"BR-116/SC";"Crescente";"Tombamento";0;0;1;0;0;0;0;0;0;0;1;0;0;0;0
"23/02/2024";"06:45:58";"30";"Sem vítima";"184,800";"BR-116/SC";"Crescente";"Tombamento";0;0;1;0;0;0;0;0;0;0;1;0;0;0;0
"23/02/2024";"07:54:06";"37";"Sem vítima";"308,700";"BR-116/SC";"Crescente";"Tombamento";0;0;1;0;0;0;0;0;0;0;1;0;0;0;0
"24/02/2024";"07:06:07";"29";"Sem vítima";"153,100";"BR-116/PR";"Decrescente";"Colisão transversal";1;0;0;0;0;0;0;0;0;1;2;0;0;0;0
"24/02/2024";"11:34:55";"68";"Sem vítima";"168,200";"BR-116/PR";"Decrescente";"Colisão frontal";1;0;1;0;0;0;0;0;0;0;2;0;0;0;0
"24/02/2024";"19:49:00";"105";"Sem vítima";"171,854";"BR-116/SC";"Decrescente";"Colisão lateral no mesmo sentido";1;0;1;0;0;0;0;0;0;0;1;0;0;0;0
"24/02/2024";"21:23:38";"116";"Sem vítima";"124,010";"BR-116/PR";"Decrescente";"Colisão traseira";1;0;0;0;0;0;0;0;0;0;1;0;0;0;0
"25/02/2024";"02:21:28";"16";"Com vítima";"148,010";"BR-116/PR";"Crescente";"Choque";1;0;0;0;0;0;0;0;0;0;0;2;0;0;0
"25/02/2024";"21:27:22";"86";"Sem vítima";"119,226";"BR-116/PR";"Crescente";"Choque";1;0;0;0;0;0;0;0;0;0;1;0;0;0;0
"26/02/2024";"07:28:18";"32";"Sem vítima";"119,300";"BR-116/PR";"Crescente";"Colisão traseira";0;0;0;1;0;0;0;0;0;1;2;0;0;0;0
"26/02/2024";"07:42:59";"33";"Sem vítima";"185,700";"BR-116/PR";"Decrescente";"Colisão traseira";1;0;1;0;0;0;0;0;0;0;2;0;0;0;0
"26/02/2024";"12:56:16";"67";"Sem vítima";"152,100";"BR-116/SC";"Crescente";"Choque";0;0;1;0;0;0;0;0;0;0;1;0;0;0;0
"26/02/2024";"18:34:09";"109";"Com vítima";"132,100";"BR-116/PR";"Decrescente";"Colisão lateral no mesmo sentido";1;0;0;1;0;0;0;0;0;0;1;1;0;0;0
"27/02/2024";"05:42:43";"20";"Sem vítima";"138,100";"BR-116/SC";"Decrescente";"Colisão traseira";0;0;3;0;0;0;0;0;0;1;4;0;0;0;0
"27/02/2024";"10:31:01";"60";"Sem vítima";"253,200";"BR-116/SC";"Crescente";"Colisão traseira";0;0;2;0;0;0;0;0;0;0;2;0;0;0;0
"27/02/2024";"10:54:12";"62";"Sem vítima";"252,800";"BR-116/SC";"Crescente";"Colisão traseira";0;0;1;0;0;0;0;0;0;0;1;0;0;0;0
"27/02/2024";"13:31:40";"73";"Com vítima";"70,100";"BR-116/SC";"Crescente";"Colisão traseira";1;0;1;0;0;0;0;0;0;0;1;2;0;0;0
"27/02/2024";"16:56:01";"91";"Sem vítima";"227,100";"BR-116/SC";"Crescente";"Saída de pista";1;0;0;0;0;0;0;0;0;0;3;0;0;0;0
"28/02/2024";"00:49:36";"15";"Com vítima";"125,418";"BR-116/PR";"Crescente";"Choque";1;0;0;0;0;0;0;0;0;0;1;0;1;0;0
"28/02/2024";"08:58:00";"56";"Sem vítima";"237,100";"BR-116/SC";"Decrescente";"Saída de pista";1;0;0;0;0;0;0;0;0;0;2;0;0;0;0
"28/02/2024";"15:58:45";"92";"Sem vítima";"191,500";"BR-116/PR";"Crescente";"Colisão traseira";0;0;2;0;0;0;0;0;0;0;2;0;0;0;0
"28/02/2024";"17:08:11";"95";"Sem vítima";"131,800";"BR-116/PR";"Decrescente";"Colisão lateral no mesmo sentido";1;0;1;0;0;0;0;0;0;0;3;0;0;0;0
"28/02/2024";"22:50:31";"114";"Com vítima";"107,800";"BR-116/SC";"Crescente";"Tombamento";0;0;1;0;0;0;0;0;0;0;0;1;0;0;0
"29/02/2024";"13:32:21";"85";"Sem vítima";"245,001";"BR-116/SC";"Decrescente";"Colisão transversal";0;0;1;0;0;0;0;0;0;1;5;0;0;0;0
"29/02/2024";"15:53:17";"104";"Sem vítima";"127,100";"BR-116/PR";"Decrescente";"Colisão lateral no mesmo sentido";1;0;1;0;0;0;0;0;0;0;2;0;0;0;0
"01/03/2024";"10:42:09";"77";"Sem vítima";"283,099";"BR-116/SC";"Decrescente";"Colisão traseira";2;0;0;0;0;0;0;0;0;0;2;0;0;0;0
"01/03/2024";"11:19:35";"81";"Sem vítima";"115,536";"BR-116/PR";"Crescente";"Colisão lateral no mesmo sentido";1;0;0;1;0;0;0;0;0;0;2;0;0;0;0
"01/03/2024";"15:24:33";"107";"Sem vítima";"5,300";"BR-116/SC";"Decrescente";"Colisão traseira";1;0;1;0;0;0;0;0;0;0;2;0;0;0;0
"01/03/2024";"17:26:19";"119";"Sem vítima";"133,100";"BR-116/PR";"Decrescente";"Saída de pista";1;0;0;0;0;0;0;0;0;0;1;0;0;0;0
"02/03/2024";"09:38:58";"56";"Sem vítima";"169,100";"BR-116/SC";"Decrescente";"Colisão frontal";1;0;0;0;0;0;1;0;0;0;4;0;0;0;0
"02/03/2024";"12:28:11";"66";"Com vítima";"122,806";"BR-116/PR";"Crescente";"Choque";1;0;0;0;0;0;0;0;0;0;0;0;1;0;0
"02/03/2024";"15:27:08";"77";"Sem vítima";"172,030";"BR-116/SC";"Decrescente";"Choque";1;0;0;0;0;0;0;0;0;0;1;0;0;0;0
"03/03/2024";"00:46:17";"14";"Sem vítima";"154,500";"BR-116/PR";"Decrescente";"Colisão frontal";1;0;1;0;0;0;0;0;0;0;2;0;0;0;0
"03/03/2024";"16:25:14";"58";"Com vítima";"283,900";"BR-116/SC";"Decrescente";"Queda de moto";0;0;0;1;0;0;0;0;0;0;0;1;1;0;0
"03/03/2024";"18:30:22";"72";"Sem vítima";"140,400";"BR-116/SC";"Decrescente";"Choque";1;0;0;0;0;0;0;0;0;0;1;0;0;0;0
"04/03/2024";"07:09:54";"29";"Com vítima";"125,100";"BR-116/PR";"Crescente";"Colisão traseira";1;0;0;1;0;0;0;0;0;0;1;1;0;0;0
"04/03/2024";"17:00:08";"94";"Sem vítima";"135,100";"BR-116/SC";"Decrescente";"Tombamento";0;0;2;0;0;0;0;0;0;0;2;0;0;0;0
"04/03/2024";"18:42:36";"102";"Com vítima";"149,900";"BR-116/PR";"Crescente";"Colisão lateral no mesmo sentido";1;0;0;0;0;0;0;0;0;1;0;2;1;1;0
"05/03/2024";"06:57:32";"23";"Com vítima";"177,800";"BR-116/PR";"Crescente";"Tombamento";0;0;1;0;0;0;0;0;0;0;0;1;0;0;0
"05/03/2024";"14:49:36";"83";"Sem vítima";"113,500";"BR-116/SC";"Decrescente";"Choque";1;0;0;0;0;0;0;0;0;0;1;0;0;0;0
"05/03/2024";"18:22:44";"102";"Sem vítima";"116,100";"BR-116/PR";"Crescente";"Colisão traseira";2;0;0;0;0;0;0;0;0;0;2;0;0;0;0
"05/03/2024";"19:10:01";"108";"Com vítima";"123,160";"BR-116/PR";"Decrescente";"Colisão traseira";0;0;1;1;0;0;0;0;0;0;2;0;0;1;0
"05/03/2024";"20:55:01";"116";"Sem vítima";"126,100";"BR-116/PR";"Decrescente";"Engavetamento";2;0;1;0;0;0;0;0;0;0;3;0;0;0;0
"06/03/2024";"04:35:34";"17";"Sem vítima";"126,300";"BR-116/PR";"Decrescente";"Choque";0;0;1;0;0;0;0;0;0;0;1;0;0;0;0
"06/03/2024";"08:52:56";"58";"Com vítima";"116,100";"BR-116/PR";"Crescente";"Colisão traseira";1;0;0;1;0;0;0;0;0;0;1;0;1;0;0
"06/03/2024";"12:28:24";"83";"Com vítima";"126,100";"BR-116/PR";"Decrescente";"Colisão traseira";0;0;0;1;0;0;0;0;0;0;0;1;0;0;0
"06/03/2024";"21:07:41";"128";"Sem vítima";"172,100";"BR-116/SC";"Decrescente";"Saída de pista";1;0;0;0;0;0;0;0;0;0;1;0;0;0;0
"07/03/2024";"18:09:49";"117";"Com vítima";"201,700";"BR-116/PR";"Crescente";"Colisão frontal";1;0;0;0;0;0;0;0;0;0;0;0;2;1;0
"07/03/2024";"19:14:58";"121";"Com vítima";"115,100";"BR-116/PR";"Decrescente";"Atropelamento de ciclista";0;1;0;0;0;0;0;0;0;0;0;0;0;0;0
"07/03/2024";"19:25:42";"123";"Sem vítima";"115,100";"BR-116/PR";"Crescente";"Engavetamento";3;0;0;0;0;0;0;0;0;0;3;0;0;0;0
"08/03/2024";"07:28:56";"15";"Sem vítima";"23,500";"BR-116/SC";"Crescente";"Colisão transversal";0;0;2;0;0;0;0;0;0;0;2;0;0;0;0
"08/03/2024";"08:29:33";"30";"Sem vítima";"134,400";"BR-116/PR";"Decrescente";"Colisão traseira";2;0;0;0;0;0;0;0;0;0;2;0;0;0;0
"08/03/2024";"14:40:29";"69";"Sem vítima";"143,580";"BR-116/PR";"Decrescente";"Colisão lateral no mesmo sentido";2;0;0;0;0;0;0;0;0;0;2;0;0;0;0
"08/03/2024";"17:20:02";"91";"Com vítima";"53,500";"BR-116/SC";"Decrescente";"Queda de moto";0;0;0;1;0;0;0;0;0;0;0;2;0;0;0
"08/03/2024";"18:01:24";"95";"Sem vítima";"204,100";"BR-116/PR";"Decrescente";"Choque";1;0;0;0;0;0;0;0;0;0;1;0;0;0;0
"08/03/2024";"21:26:18";"107";"Sem vítima";"206,100";"BR-116/SC";"Decrescente";"Saída de pista";1;0;0;0;0;0;0;0;0;0;1;0;0;0;0
"08/03/2024";"23:26:15";"109";"Sem vítima";"75,900";"BR-116/SC";"Crescente";"Saída de pista";1;0;0;0;0;0;0;0;0;0;2;0;0;0;0
"09/03/2024";"13:45:46";"65";"Sem vítima";"63,800";"BR-116/SC";"Crescente";"Saída de pista";0;0;1;0;0;0;0;0;0;0;1;0;0;0;0
"10/03/2024";"05:35:30";"13";"Sem vítima";"198,100";"BR-116/SC";"Decrescente";"Capotamento";1;0;0;0;0;0;0;0;0;0;0;0;0;0;0
"10/03/2024";"09:04:31";"32";"Com vítima";"171,770";"BR-116/PR";"Decrescente";"Saída de pista";1;0;0;0;0;0;0;0;0;0;0;0;0;0;1
"10/03/2024";"19:03:11";"99";"Com vítima";"269,150";"BR-116/SC";"Decrescente";"Capotamento";1;0;0;0;0;0;0;0;0;0;0;2;1;0;0
"11/03/2024";"05:41:53";"12";"Sem vítima";"4,500";"BR-116/SC";"Decrescente";"Colisão traseira";1;0;1;0;0;0;0;0;0;0;2;0;0;0;0
"11/03/2024";"09:11:49";"49";"Sem vítima";"201,100";"BR-116/SC";"Crescente";"Colisão traseira";0;0;3;0;0;0;0;0;0;0;3;0;0;0;0
"11/03/2024";"10:30:08";"58";"Sem vítima";"129,200";"BR-116/PR";"Crescente";"Colisão lateral no mesmo sentido";2;0;0;0;0;0;0;0;0;0;2;0;0;0;0
"11/03/2024";"16:18:55";"91";"Com vítima";"68,219";"BR-116/SC";"Decrescente";"Colisão transversal";1;0;0;1;0;0;0;0;0;0;0;1;0;1;0
"11/03/2024";"17:13:46";"97";"Com vítima";"115,766";"BR-116/PR";"Crescente";"Colisão lateral no mesmo sentido";2;0;0;1;0;0;0;0;0;0;2;1;0;0;0
"11/03/2024";"18:53:27";"107";"Sem vítima";"12,400";"BR-116/SC";"Decrescente";"Colisão transversal";1;0;1;0;0;0;0;0;0;0;2;0;0;0;0
"12/03/2024";"06:39:25";"12";"Sem vítima";"170,100";"BR-116/SC";"Crescente";"Tombamento";0;0;1;0;0;0;0;0;0;0;1;0;0;0;0
"12/03/2024";"13:32:23";"74";"Com vítima";"143,117";"BR-116/PR";"Crescente";"Saída de pista";0;0;0;0;1;0;0;0;0;0;0;12;6;0;0
"12/03/2024";"19:00:41";"105";"Com vítima";"155,023";"BR-116/PR";"Decrescente";"Colisão transversal";0;0;1;1;0;0;0;0;0;0;1;0;0;0;1
"13/03/2024";"07:12:59";"22";"Com vítima";"122,100";"BR-116/PR";"Crescente";"Colisão lateral no mesmo sentido";1;0;0;1;0;0;0;0;0;0;1;0;2;0;0
"13/03/2024";"11:13:47";"53";"Com vítima";"141,000";"BR-116/PR";"Crescente";"Colisão lateral no mesmo sentido";0;0;0;0;0;0;0;0;0;0;0;1;0;0;0
"13/03/2024";"16:09:01";"112";"Sem vítima";"128,460";"BR-116/PR";"Decrescente";"Colisão transversal";1;0;1;0;0;0;0;0;0;0;0;0;0;0;0
"13/03/2024";"16:31:36";"114";"Com vítima";"145,897";"BR-116/PR";"Decrescente";"Colisão traseira";2;0;1;0;0;0;0;0;0;0;3;2;1;0;0
"13/03/2024";"17:19:23";"123";"Sem vítima";"211,157";"BR-116/SC";"Crescente";"Tombamento";0;0;1;0;0;0;0;0;0;0;1;0;0;0;0
"13/03/2024";"17:31:06";"125";"Sem vítima";"307,600";"BR-116/SC";"Decrescente";"Colisão traseira";0;0;2;0;0;0;0;0;0;0;1;0;0;0;0
"14/03/2024";"11:00:10";"73";"Sem vítima";"152,010";"BR-116/SC";"Crescente";"Colisão traseira";2;0;0;0;0;0;0;0;0;0;2;0;0;0;0
"14/03/2024";"21:08:13";"130";"Com vítima";"169,100";"BR-116/PR";"Decrescente";"Colisão transversal";1;0;0;1;0;0;0;0;0;0;1;1;0;0;0
"15/03/2024";"07:30:00";"24";"Sem vítima";"131,900";"BR-116/PR";"Crescente";"Colisão traseira";1;0;0;1;0;0;0;0;0;0;2;0;0;0;0
"15/03/2024";"14:58:33";"101";"Com vítima";"11,900";"BR-116/SC";"Crescente";"Colisão traseira";1;0;0;0;0;0;0;0;0;0;2;1;0;0;0
"15/03/2024";"18:31:52";"130";"Sem vítima";"125,012";"BR-116/PR";"Decrescente";"Colisão traseira";1;0;1;0;0;0;0;0;0;0;2;0;0;0;0
"16/03/2024";"13:36:22";"70";"Sem vítima";"222,100";"BR-116/SC";"Crescente";"Colisão traseira";2;0;0;0;0;0;0;0;0;0;3;0;0;0;0
"16/03/2024";"14:05:50";"72";"Com vítima";"123,100";"BR-116/PR";"Crescente";"Colisão lateral no mesmo sentido";2;0;0;1;0;0;0;0;0;0;3;1;0;0;0
"16/03/2024";"16:14:44";"86";"Sem vítima";"119,100";"BR-116/PR";"Decrescente";"Colisão transversal";0;0;2;0;0;0;0;0;0;0;1;0;0;0;0
"16/03/2024";"19:10:49";"109";"Sem vítima";"296,500";"BR-116/SC";"Crescente";"Saída de pista";0;0;0;0;0;0;0;0;0;1;1;0;0;0;0
"16/03/2024";"19:42:31";"111";"Sem vítima";"233,100";"BR-116/SC";"Decrescente";"Colisão traseira";2;0;0;0;0;0;0;0;0;0;1;0;0;0;0
"16/03/2024";"22:36:17";"124";"Sem vítima";"255,100";"BR-116/SC";"Decrescente";"Colisão frontal";1;0;1;0;0;0;0;0;0;0;1;0;0;0;0
"17/03/2024";"12:25:29";"45";"Sem vítima";"84,800";"BR-116/SC";"Decrescente";"Colisão lateral no mesmo sentido";1;0;1;0;0;0;0;0;0;0;4;0;0;0;0
"17/03/2024";"18:40:17";"72";"Sem vítima";"186,030";"BR-116/SC";"Crescente";"Colisão traseira";1;0;1;0;0;0;0;0;0;0;2;0;0;0;0
"18/03/2024";"11:49:49";"73";"Sem vítima";"122,010";"BR-116/PR";"Crescente";"Colisão traseira";2;0;0;0;0;0;0;0;0;0;2;0;0;0;0
"18/03/2024";"13:38:13";"77";"Com vítima";"141,724";"BR-116/PR";"Decrescente";"Tombamento";0;0;1;0;0;0;0;0;0;0;0;1;0;0;0