data;horario;n_da_ocorrencia;tipo_de_ocorrencia;km;trecho;sentido;tipo_de_acidente;automovel;bicicleta;caminhao;moto;onibus;outros;tracao_animal;transporte_de_cargas_especiais;trator_maquinas;utilitarios;ilesos;levemente_feridos;moderadamente_feridos;gravemente_feridos;mortos
"30/04/2024";"14:16:58";"90";"Com vítima";"118,300";"BR-116/PR";"Crescente";"Colisão lateral no mesmo sentido";1;0;0;1;0;0;0;0;0;0;1;1;0;0;0
"30/04/2024";"17:05:04";"110";"Sem vítima";"124,450";"BR-116/SC";"Decrescente";"Tombamento";0;0;1;0;0;0;0;0;0;0;1;0;0;0;0
"30/04/2024";"17:07:25";"111";"Sem vítima";"203,500";"BR-116/SC";"Crescente";"Tombamento";0;0;1;0;0;0;0;0;0;0;1;0;0;0;0
"30/04/2024";"18:43:55";"120";"Com vítima";"5,300";"BR-116/SC";"Crescente";"Atropelamento de ciclista";1;0;0;0;0;0;0;0;0;0;1;1;0;0;0
"30/04/2024";"22:48:37";"133";"Com vítima";"128,474";"BR-116/PR";"Decrescente";"Choque";1;0;0;0;0;0;0;0;0;0;0;1;0;0;0
"01/05/2024";"00:24:02";"7";"Sem vítima";"126,158";"BR-116/PR";"Decrescente";"Colisão traseira";0;0;2;0;0;0;0;0;0;0;2;0;0;0;0
"01/05/2024";"02:55:50";"13";"Sem vítima";"121,076";"BR-116/PR";"Crescente";"Choque";1;0;0;0;0;0;0;0;0;0;1;0;0;0;0
"02/05/2024";"12:33:41";"85";"Sem vítima";"175,100";"BR-116/SC";"Decrescente";"Saída de pista";0;0;0;0;0;1;0;0;0;0;1;0;0;0;0
"02/05/2024";"21:06:03";"124";"Sem vítima";"116,200";"BR-116/PR";"Decrescente";"Colisão lateral no mesmo sentido";1;0;0;0;0;0;0;0;0;0;1;0;0;0;0
"03/05/2024";"10:58:09";"67";"Sem vítima";"12,005";"BR-116/SC";"Crescente";"Tombamento";0;0;1;0;0;0;0;0;0;0;0;0;0;0;0
"03/05/2024";"15:49:46";"92";"Sem vítima";"151,500";"BR-116/PR";"Decrescente";"Engavetamento";2;0;0;0;0;0;0;0;0;0;2;0;0;0;0
"03/05/2024";"17:21:04";"103";"Com vítima";"116,707";"BR-116/PR";"Decrescente";"Colisão traseira";1;0;0;1;0;0;0;0;0;0;1;1;0;0;0
"04/05/2024";"12:41:44";"56";"Com vítima";"146,100";"BR-116/PR";"Decrescente";"Colisão lateral no mesmo sentido";0;0;0;2;0;0;0;0;0;0;0;2;0;0;0
"04/05/2024";"17:27:54";"80";"Sem vítima";"233,160";"BR-116/SC";"Crescente";"Colisão lateral no mesmo sentido";2;0;0;0;0;0;0;0;0;0;2;0;0;0;0
"05/05/2024";"12:22:01";"36";"Com vítima";"169,171";"BR-116/SC";"Decrescente";"Colisão lateral no mesmo sentido";2;0;1;0;0;0;0;0;0;0;0;2;1;1;0
"05/05/2024";"15:53:27";"55";"Com vítima";"235,200";"BR-116/SC";"Decrescente";"Colisão transversal";0;0;0;2;0;0;0;0;0;0;0;1;1;0;0
"05/05/2024";"19:32:36";"83";"Sem vítima";"152,530";"BR-116/PR";"Decrescente";"Colisão transversal";2;0;0;0;0;0;0;0;0;0;2;0;0;0;0
"05/05/2024";"22:15:29";"97";"Com vítima";"143,860";"BR-116/PR";"Crescente";"Colisão frontal";1;0;1;0;0;0;0;0;0;0;0;0;0;1;1
"06/05/2024";"20:05:57";"116";"Com vítima";"210,037";"BR-116/PR";"Crescente";"Colisão transversal";1;0;0;1;0;0;0;0;0;0;1;0;1;0;0
"07/05/2024";"16:25:25";"112";"Com vítima";"120,100";"BR-116/PR";"Decrescente";"Queda de moto";0;0;0;1;0;0;0;0;0;0;0;1;0;0;0
"07/05/2024";"17:02:15";"119";"Sem vítima";"167,200";"BR-116/PR";"Decrescente";"Colisão transversal";1;0;1;0;0;0;0;0;0;0;3;0;0;0;0
"07/05/2024";"19:02:07";"128";"Sem vítima";"116,200";"BR-116/PR";"Decrescente";"Colisão traseira";2;0;0;0;0;0;0;0;0;0;2;0;0;0;0
"07/05/2024";"19:58:18";"130";"Sem vítima";"302,336";"BR-116/SC";"Decrescente";"Saída de pista";0;0;1;0;0;0;0;0;0;0;1;0;0;0;0
"07/05/2024";"20:01:41";"131";"Sem vítima";"120,559";"BR-116/PR";"Crescente";"Colisão lateral no mesmo sentido";1;0;1;0;0;0;0;0;0;0;2;0;0;0;0
"08/05/2024";"08:57:00";"43";"Com vítima";"271,800";"BR-116/SC";"Decrescente";"Colisão frontal";3;0;0;0;0;0;0;0;0;0;1;2;0;2;0
"08/05/2024";"09:14:34";"47";"Sem vítima";"120,800";"BR-116/PR";"Crescente";"Colisão traseira";1;0;1;0;0;0;0;0;0;0;2;0;0;0;0
"08/05/2024";"15:12:03";"102";"Com vítima";"131,800";"BR-116/PR";"Decrescente";"Queda de moto";0;0;0;1;0;0;0;0;0;0;0;2;0;0;0
"09/05/2024";"00:14:55";"3";"Com vítima";"123,108";"BR-116/PR";"Crescente";"Choque";1;0;0;0;0;0;0;0;0;0;0;1;0;0;0
"09/05/2024";"07:37:36";"28";"Com vítima";"117,400";"BR-116/PR";"Crescente";"Colisão traseira";0;0;0;1;0;0;0;0;0;0;0;0;1;0;0
"09/05/2024";"18:21:19";"114";"Com vítima";"153,600";"BR-116/PR";"Decrescente";"Colisão lateral no mesmo sentido";1;0;0;1;0;0;0;0;0;0;1;1;0;0;0
"09/05/2024";"21:11:04";"120";"Sem vítima";"134,300";"BR-116/PR";"Crescente";"Saída de pista";1;0;0;0;0;0;0;0;0;0;1;0;0;0;0
"10/05/2024";"12:18:04";"64";"Sem vítima";"129,100";"BR-116/PR";"Decrescente";"Colisão traseira";1;0;1;0;0;0;0;0;0;0;2;0;0;0;0
"10/05/2024";"12:34:36";"66";"Sem vítima";"218,100";"BR-116/SC";"Decrescente";"Saída de pista";0;0;1;0;0;0;0;0;0;0;1;0;0;0;0
"10/05/2024";"16:25:51";"84";"Com vítima";"239,150";"BR-116/SC";"Crescente";"Tombamento";0;0;1;0;0;0;0;0;0;0;0;1;0;0;0
"11/05/2024";"01:21:12";"8";"Sem vítima";"139,800";"BR-116/SC";"Crescente";"Choque";1;0;0;0;0;0;0;0;0;0;1;0;0;0;0
"11/05/2024";"12:14:19";"53";"Sem vítima";"23,833";"BR-116/SC";"Decrescente";"Colisão transversal";2;0;0;0;0;0;0;0;0;0;2;0;0;0;0
"11/05/2024";"16:21:37";"77";"Com vítima";"134,900";"BR-116/PR";"Crescente";"Colisão traseira";0;0;0;2;0;0;0;0;0;0;1;1;0;0;0
"11/05/2024";"18:02:08";"84";"Sem vítima";"121,154";"BR-116/PR";"Crescente";"Colisão traseira";2;0;0;0;0;0;0;0;0;0;2;0;0;0;0
"12/05/2024";"04:37:29";"9";"Com vítima";"121,213";"BR-116/PR";"Decrescente";"Colisão traseira";1;0;0;1;0;0;0;0;0;0;1;1;0;0;0
"12/05/2024";"11:33:53";"31";"Sem vítima";"126,456";"BR-116/PR";"Crescente";"Colisão traseira";2;0;0;0;0;0;0;0;0;0;2;0;0;0;0
"12/05/2024";"11:49:17";"33";"Sem vítima";"121,843";"BR-116/PR";"Crescente";"Engavetamento";4;0;0;0;0;0;0;0;0;0;5;0;0;0;0
"12/05/2024";"12:22:59";"35";"Sem vítima";"127,310";"BR-116/PR";"Crescente";"Engavetamento";3;0;0;0;0;0;0;0;0;0;3;0;0;0;0
"12/05/2024";"12:24:02";"36";"Com vítima";"115,400";"BR-116/PR";"Crescente";"Queda de moto";0;0;0;1;0;0;0;0;0;0;0;1;1;0;0
"12/05/2024";"13:11:47";"38";"Com vítima";"121,185";"BR-116/PR";"Decrescente";"Colisão traseira";0;0;0;1;0;0;0;0;0;0;0;2;0;0;0
"12/05/2024";"17:16:31";"66";"Sem vítima";"119,200";"BR-116/PR";"Decrescente";"Colisão lateral no mesmo sentido";1;0;1;0;0;0;0;0;0;0;2;0;0;0;0
"12/05/2024";"19:52:49";"84";"Sem vítima";"125,200";"BR-116/PR";"Decrescente";"Choque";1;0;0;0;0;0;0;0;0;0;1;0;0;0;0
"13/05/2024";"06:41:25";"11";"Sem vítima";"140,100";"BR-116/SC";"Crescente";"Colisão traseira";2;0;0;0;0;0;0;0;0;0;2;0;0;0;0
"13/05/2024";"13:27:20";"66";"Com vítima";"128,500";"BR-116/PR";"Crescente";"Choque";1;0;0;1;0;0;0;0;0;0;1;1;0;0;0
"13/05/2024";"13:42:21";"67";"Com vítima";"116,702";"BR-116/PR";"Crescente";"Engavetamento";2;0;0;0;0;0;0;0;0;0;4;2;0;0;0
"13/05/2024";"17:13:00";"83";"Sem vítima";"128,500";"BR-116/PR";"Decrescente";"Colisão traseira";1;0;0;1;0;0;0;0;0;0;2;0;0;0;0
"13/05/2024";"17:45:05";"85";"Com vítima";"119,162";"BR-116/PR";"Decrescente";"Colisão traseira";1;0;0;1;0;0;0;0;0;0;1;1;0;0;0
"14/05/2024";"07:48:01";"32";"Sem vítima";"120,100";"BR-116/PR";"Crescente";"Colisão traseira";1;0;0;0;0;0;0;0;0;0;1;0;0;0;0
"14/05/2024";"08:03:42";"35";"Sem vítima";"135,100";"BR-116/PR";"Decrescente";"Saída de pista";1;0;0;0;0;0;0;0;0;0;1;0;0;0;0
"14/05/2024";"13:48:29";"83";"Com vítima";"10,300";"BR-116/SC";"Crescente";"Choque";1;0;0;0;0;0;0;0;0;0;2;1;0;0;0
"14/05/2024";"22:09:54";"129";"Sem vítima";"178,100";"BR-116/PR";"Decrescente";"Saída de pista";1;0;0;0;0;0;0;0;0;0;0;0;0;0;0
"15/05/2024";"04:25:25";"9";"Com vítima";"123,500";"BR-116/PR";"Crescente";"Colisão traseira";3;0;0;0;0;0;0;0;0;0;1;3;0;0;0
"15/05/2024";"06:26:06";"12";"Com vítima";"204,400";"BR-116/SC";"Crescente";"Colisão lateral no mesmo sentido";0;0;0;1;0;0;0;0;0;0;2;0;1;0;0
"15/05/2024";"07:20:34";"17";"Com vítima";"124,100";"BR-116/PR";"Crescente";"Colisão lateral no mesmo sentido";1;0;0;1;0;0;0;0;0;0;2;1;0;0;0
"15/05/2024";"17:35:52";"120";"Sem vítima";"119,100";"BR-116/PR";"Decrescente";"Colisão traseira";2;0;0;0;0;0;0;0;0;0;2;0;0;0;0
"15/05/2024";"20:43:10";"138";"Sem vítima";"295,151";"BR-116/SC";"Decrescente";"Tombamento";0;0;1;0;0;0;0;0;0;0;1;0;0;0;0
"16/05/2024";"14:56:21";"84";"Sem vítima";"125,200";"BR-116/PR";"Decrescente";"Colisão lateral no mesmo sentido";1;0;0;0;0;0;0;0;0;1;2;0;0;0;0
"16/05/2024";"18:27:35";"104";"Com vítima";"116,911";"BR-116/PR";"Decrescente";"Colisão traseira";1;0;0;1;0;0;0;0;0;0;1;1;0;0;0
"17/05/2024";"07:04:36";"12";"Com vítima";"121,100";"BR-116/SC";"Crescente";"Queda de moto";0;0;0;1;0;0;0;0;0;0;0;1;0;0;0
"17/05/2024";"21:56:00";"103";"Sem vítima";"307,300";"BR-116/SC";"Crescente";"Choque";0;0;0;0;0;0;0;0;0;1;1;0;0;0;0
"18/05/2024";"08:32:59";"18";"Sem vítima";"0,900";"BR-116/SC";"Crescente";"Saída de pista";1;0;0;0;0;0;0;0;0;0;2;0;0;0;0
"19/05/2024";"00:21:54";"7";"Sem vítima";"153,200";"BR-116/SC";"Crescente";"Choque";1;0;0;0;0;0;0;0;0;0;1;0;0;0;0
"19/05/2024";"02:33:12";"12";"Sem vítima";"123,100";"BR-116/PR";"Decrescente";"Choque";1;0;0;0;0;0;0;0;0;0;0;0;0;0;0
"19/05/2024";"10:15:17";"41";"Sem vítima";"201,255";"BR-116/SC";"Crescente";"Choque";0;0;1;0;0;0;0;0;0;0;1;0;0;0;0
"20/05/2024";"07:15:02";"16";"Com vítima";"115,200";"BR-116/PR";"Decrescente";"Colisão lateral no mesmo sentido";1;0;0;1;0;0;0;0;0;0;2;1;0;0;0
"20/05/2024";"07:43:09";"18";"Com vítima";"116,470";"BR-116/PR";"Crescente";"Colisão traseira";1;0;0;1;0;0;0;0;0;0;1;1;0;0;0
"20/05/2024";"14:20:02";"90";"Sem vítima";"57,500";"BR-116/SC";"Decrescente";"Colisão lateral no mesmo sentido";1;0;1;0;0;0;0;0;0;0;2;0;0;0;0
"20/05/2024";"17:19:03";"105";"Com vítima";"251,245";"BR-116/SC";"Crescente";"Colisão frontal";1;0;1;0;0;0;0;0;0;0;1;0;0;0;1
"20/05/2024";"18:25:37";"110";"Com vítima";"118,299";"BR-116/PR";"Decrescente";"Atropelamento de pedestre";0;0;0;1;0;0;0;0;0;0;0;1;0;0;0
"20/05/2024";"18:42:03";"113";"Com vítima";"119,200";"BR-116/SC";"Crescente";"Colisão lateral no mesmo sentido";1;0;4;0;0;0;0;0;0;0;0;7;0;0;1
"20/05/2024";"19:47:16";"116";"Com vítima";"116,180";"BR-116/PR";"Decrescente";"Colisão lateral no mesmo sentido";1;0;0;1;0;0;0;0;0;0;1;1;0;0;0
"21/05/2024";"08:24:33";"51";"Com vítima";"116,100";"BR-116/PR";"Crescente";"Colisão lateral no mesmo sentido";1;0;0;1;0;0;0;0;0;0;1;0;1;0;0
"21/05/2024";"17:58:21";"123";"Com vítima";"140,875";"BR-116/SC";"Decrescente";"Colisão transversal";1;0;0;0;0;0;0;0;0;0;0;1;0;0;0
"21/05/2024";"18:47:19";"127";"Com vítima";"127,002";"BR-116/PR";"Decrescente";"Atropelamento de pedestre";1;0;0;0;0;0;0;0;0;0;1;0;1;0;0
"21/05/2024";"21:47:37";"139";"Com vítima";"148,736";"BR-116/PR";"Decrescente";"Colisão frontal";1;0;0;1;0;0;0;0;0;0;0;1;1;1;0
"21/05/2024";"22:37:45";"143";"Com vítima";"121,831";"BR-116/PR";"Decrescente";"Colisão lateral no mesmo sentido";1;0;0;1;0;0;0;0;0;0;1;1;1;0;0
"22/05/2024";"05:34:33";"12";"Sem vítima";"48,615";"BR-116/SC";"Crescente";"Atropelamento de animal";0;0;0;0;0;0;0;0;0;1;1;0;0;0;0
"22/05/2024";"08:08:53";"37";"Com vítima";"123,100";"BR-116/PR";"Crescente";"Colisão traseira";1;0;0;1;0;0;0;0;0;0;1;1;0;0;0
"22/05/2024";"13:31:56";"95";"Com vítima";"141,688";"BR-116/PR";"Crescente";"Colisão transversal";1;0;0;1;0;0;0;0;0;0;2;0;0;1;0
"22/05/2024";"17:37:52";"115";"Sem vítima";"53,002";"BR-116/SC";"Decrescente";"Colisão transversal";0;0;1;0;0;0;0;0;0;2;6;0;0;0;0
"22/05/2024";"19:24:51";"125";"Com vítima";"71,870";"BR-116/SC";"Crescente";"Colisão frontal";1;0;2;0;0;0;0;0;0;0;2;0;0;0;1
"22/05/2024";"20:23:38";"131";"Sem vítima";"210,136";"BR-116/PR";"Decrescente";"Colisão transversal";2;0;0;0;0;0;0;0;0;0;2;0;0;0;0
"23/05/2024";"06:36:01";"12";"Com vítima";"247,200";"BR-116/SC";"Crescente";"Colisão traseira";0;0;2;0;0;0;0;0;0;0;1;0;1;0;0
"23/05/2024";"07:06:50";"14";"Com vítima";"211,600";"BR-116/PR";"Crescente";"Atropelamento de pedestre";0;0;1;0;0;0;0;0;0;0;1;0;0;1;0
"23/05/2024";"07:12:16";"17";"Sem vítima";"21,500";"BR-116/SC";"Crescente";"Choque";0;0;1;0;0;0;0;0;0;0;1;0;0;0;0
"23/05/2024";"08:30:57";"25";"Sem vítima";"115,200";"BR-116/PR";"Crescente";"Colisão transversal";1;0;0;1;0;0;0;0;0;0;2;0;0;0;0
"23/05/2024";"09:36:38";"57";"Sem vítima";"49,100";"BR-116/SC";"Decrescente";"Colisão traseira";1;0;1;0;0;0;0;0;0;0;2;0;0;0;0
"23/05/2024";"11:51:52";"73";"Sem vítima";"141,100";"BR-116/PR";"Decrescente";"Engavetamento";4;0;0;0;0;0;0;0;0;0;4;0;0;0;0
"23/05/2024";"15:06:17";"93";"Com vítima";"6,100";"BR-116/SC";"Crescente";"Colisão traseira";1;0;1;0;0;0;0;0;0;0;2;1;0;0;0
"23/05/2024";"15:41:58";"98";"Sem vítima";"145,700";"BR-116/PR";"Crescente";"Colisão traseira";1;0;0;0;0;0;0;0;0;1;2;0;0;0;0
"23/05/2024";"16:50:29";"107";"Com vítima";"245,100";"BR-116/SC";"Decrescente";"Colisão lateral no mesmo sentido";2;0;0;0;0;0;0;0;0;0;2;1;0;0;0
"23/05/2024";"19:36:19";"120";"Sem vítima";"154,010";"BR-116/SC";"Crescente";"Choque";1;0;0;0;0;0;0;0;0;0;1;0;0;0;0
"23/05/2024";"20:00:33";"125";"Com vítima";"120,100";"BR-116/PR";"Crescente";"Engavetamento";1;0;0;1;0;0;0;0;0;0;1;1;0;0;0
"23/05/2024";"21:33:31";"126";"Com vítima";"152,260";"BR-116/PR";"Crescente";"Atropelamento de pedestre";0;0;1;0;0;0;0;0;0;0;1;0;0;0;0
"24/05/2024";"08:43:00";"35";"Sem vítima";"147,100";"BR-116/PR";"Decrescente";"Colisão lateral no mesmo sentido";1;0;1;0;0;0;0;0;0;0;2;0;0;0;0
"24/05/2024";"09:40:40";"36";"Sem vítima";"159,050";"BR-116/PR";"Crescente";"Tombamento";0;0;1;0;0;0;0;0;0;0;1;0;0;0;0
"24/05/2024";"19:27:34";"87";"Sem vítima";"63,100";"BR-116/SC";"Decrescente";"Atropelamento de animal";1;0;0;0;0;0;0;0;0;0;1;0;0;0;0
"24/05/2024";"20:10:11";"90";"Com vítima";"159,700";"BR-116/PR";"Decrescente";"Colisão lateral no mesmo sentido";2;0;0;0;0;0;0;0;0;0;1;0;1;0;0
"25/05/2024";"04:28:33";"10";"Com vítima";"206,800";"BR-116/PR";"Decrescente";"Tombamento";0;0;1;0;0;0;0;0;0;0;0;1;0;0;0
"25/05/2024";"07:47:10";"23";"Sem vítima";"34,100";"BR-116/SC";"Decrescente";"Colisão traseira";1;0;1;0;0;0;0;0;0;0;4;0;0;0;0
"25/05/2024";"10:58:39";"50";"Com vítima";"212,100";"BR-116/SC";"Crescente";"Capotamento";1;0;0;0;0;0;0;0;0;0;0;1;0;0;0
"25/05/2024";"17:01:15";"87";"Sem vítima";"245,787";"BR-116/SC";"Decrescente";"Choque";1;0;0;0;0;0;0;0;0;0;1;0;0;0;0
"25/05/2024";"18:01:44";"89";"Com vítima";"149,900";"BR-116/PR";"Decrescente";"Colisão transversal";2;0;0;0;0;0;0;0;0;0;1;1;0;0;0
"25/05/2024";"21:03:58";"105";"Sem vítima";"156,500";"BR-116/PR";"Crescente";"Choque";1;0;0;0;0;0;0;0;0;0;0;0;0;0;0
"26/05/2024";"20:14:51";"61";"Sem vítima";"221,100";"BR-116/SC";"Decrescente";"Saída de pista";1;0;0;0;0;0;0;0;0;0;2;0;0;0;0
"27/05/2024";"05:30:03";"8";"Com vítima";"174,800";"BR-116/SC";"Crescente";"Choque";0;0;1;0;0;0;0;0;0;0;0;0;1;0;0
"27/05/2024";"08:22:08";"17";"Sem vítima";"208,900";"BR-116/SC";"Decrescente";"Saída de pista";1;0;0;0;0;0;0;0;0;0;1;0;0;0;0
"27/05/2024";"17:38:36";"80";"Sem vítima";"116,700";"BR-116/PR";"Crescente";"Engavetamento";3;0;0;0;0;0;0;0;0;0;3;0;0;0;0
"27/05/2024";"19:55:53";"92";"Sem vítima";"166,200";"BR-116/SC";"Crescente";"Colisão traseira";1;0;1;0;0;0;0;0;0;0;3;0;0;0;0
"27/05/2024";"21:12:07";"95";"Sem vítima";"135,200";"BR-116/SC";"Decrescente";"Colisão frontal";1;0;1;0;0;0;0;0;0;0;1;0;0;0;0
"27/05/2024";"21:54:25";"97";"Com vítima";"141,100";"BR-116/SC";"Decrescente";"Colisão traseira";0;0;2;0;0;0;0;0;0;0;1;0;1;0;0
"27/05/2024";"22:56:36";"103";"Sem vítima";"78,500";"BR-116/SC";"Crescente";"Colisão traseira";1;0;1;0;0;0;0;0;0;0;2;0;0;0;0
"27/05/2024";"23:13:35";"104";"Sem vítima";"174,643";"BR-116/PR";"Crescente";"Colisão lateral no mesmo sentido";1;0;1;0;0;0;0;0;0;0;2;0;0;0;0
"28/05/2024";"09:50:46";"70";"Sem vítima";"66,600";"BR-116/SC";"Decrescente";"Colisão transversal";2;0;0;0;0;0;0;0;0;0;2;0;0;0;0
"28/05/2024";"10:32:58";"74";"Sem vítima";"42,200";"BR-116/SC";"Crescente";"Colisão traseira";1;0;1;0;0;0;0;0;0;0;2;0;0;0;0
"28/05/2024";"11:24:18";"84";"Sem vítima";"121,001";"BR-116/PR";"Decrescente";"Engavetamento";4;0;0;0;0;0;0;0;0;0;2;0;0;0;0
"28/05/2024";"12:18:25";"87";"Sem vítima";"121,195";"BR-116/PR";"Decrescente";"Colisão lateral no mesmo sentido";0;0;1;0;0;0;0;0;0;0;1;0;0;0;0
"28/05/2024";"12:41:19";"89";"Sem vítima";"119,800";"BR-116/PR";"Crescente";"Colisão traseira";2;0;0;0;0;0;0;0;0;0;2;0;0;0;0
"28/05/2024";"13:10:25";"95";"Sem vítima";"119,700";"BR-116/PR";"Crescente";"Colisão traseira";2;0;0;0;0;0;0;0;0;0;2;0;0;0;0
"28/05/2024";"13:22:14";"97";"Sem vítima";"118,200";"BR-116/SC";"Decrescente";"Saída de pista";1;0;0;0;0;0;0;0;0;0;1;0;0;0;0
"28/05/2024";"18:12:48";"131";"Sem vítima";"115,500";"BR-116/PR";"Decrescente";"Tombamento";0;0;1;0;0;0;0;0;0;0;2;0;0;0;0
"29/05/2024";"01:21:56";"5";"Com vítima";"37,237";"BR-116/SC";"Crescente";"Capotamento";1;0;0;0;0;0;0;0;0;0;0;3;0;0;0
"29/05/2024";"15:22:50";"79";"Sem vítima";"161,789";"BR-116/PR";"Decrescente";"Colisão traseira";1;0;1;0;0;0;0;0;0;0;2;0;0;0;0
"29/05/2024";"18:21:49";"98";"Com vítima";"120,469";"BR-116/PR";"Decrescente";"Engavetamento";3;0;0;0;0;0;0;0;0;1;3;1;0;0;0
"29/05/2024";"18:30:15";"100";"Sem vítima";"251,720";"BR-116/SC";"Crescente";"Colisão traseira";2;0;0;0;0;0;0;0;0;0;3;0;0;0;0
"29/05/2024";"19:44:58";"107";"Com vítima";"141,724";"BR-116/PR";"Decrescente";"Atropelamento de animal";0;0;0;1;0;0;0;0;0;0;0;1;0;0;0
"30/05/2024";"06:50:52";"13";"Com vítima";"122,100";"BR-116/PR";"Crescente";"Colisão traseira";1;0;1;0;0;0;0;0;0;0;1;1;0;0;0
"30/05/2024";"12:14:34";"50";"Sem vítima";"115,010";"BR-116/PR";"Decrescente";"Colisão lateral no mesmo sentido";1;0;0;0;0;0;0;0;0;0;1;0;0;0;0
"30/05/2024";"20:30:43";"99";"Com vítima";"289,850";"BR-116/SC";"Decrescente";"Tombamento";0;0;1;0;0;0;0;0;0;0;0;0;0;1;0
"30/05/2024";"22:25:29";"103";"Com vítima";"136,125";"BR-116/SC";"Decrescente";"Colisão frontal";1;0;1;0;0;0;0;0;0;0;1;0;0;1;1
"31/05/2024";"18:05:02";"90";"Sem vítima";"143,500";"BR-116/SC";"Decrescente";"Saída de pista";1;0;0;0;0;0;0;0;0;0;3;0;0;0;0
"31/05/2024";"19:57:45";"103";"Sem vítima";"245,200";"BR-116/SC";"Crescente";"Colisão lateral no mesmo sentido";0;0;1;0;0;0;0;0;0;1;2;0;0;0;0
"01/06/2024";"01:17:18";"6";"Sem vítima";"122,950";"BR-116/SC";"Decrescente";"Tombamento";0;0;1;0;0;0;0;0;0;0;1;0;0;0;0
"01/06/2024";"02:47:30";"14";"Sem vítima";"123,361";"BR-116/PR";"Decrescente";"Capotamento";0;0;0;0;0;0;0;0;0;1;1;0;0;0;0
"01/06/2024";"12:46:23";"53";"Com vítima";"122,100";"BR-116/PR";"Decrescente";"Colisão traseira";1;0;0;0;0;0;0;0;0;0;1;1;0;0;0
"01/06/2024";"14:30:21";"60";"Com vítima";"209,200";"BR-116/PR";"Crescente";"Colisão transversal";1;0;0;1;0;0;0;0;0;0;1;1;0;0;0
"01/06/2024";"21:39:41";"96";"Sem vítima";"208,300";"BR-116/SC";"Decrescente";"Colisão lateral no mesmo sentido";2;0;0;0;0;0;0;0;0;0;2;0;0;0;0
"02/06/2024";"12:47:29";"30";"Sem vítima";"126,400";"BR-116/PR";"Decrescente";"Colisão traseira";2;0;0;0;0;0;0;0;0;0;2;0;0;0;0
"02/06/2024";"14:56:15";"39";"Sem vítima";"123,010";"BR-116/PR";"Crescente";"Colisão lateral no mesmo sentido";1;0;0;0;0;0;0;0;0;0;1;0;0;0;0
"02/06/2024";"19:48:00";"71";"Sem vítima";"150,200";"BR-116/PR";"Crescente";"Colisão lateral no mesmo sentido";1;0;0;0;0;0;0;0;0;0;1;0;0;0;0
"03/06/2024";"07:03:31";"21";"Sem vítima";"116,100";"BR-116/PR";"Crescente";"Colisão lateral no mesmo sentido";1;0;1;0;0;0;0;0;0;0;2;0;0;0;0
"03/06/2024";"14:21:14";"88";"Sem vítima";"107,200";"BR-116/SC";"Decrescente";"Colisão lateral no mesmo sentido";2;0;0;0;0;0;0;0;0;0;2;0;0;0;0
"03/06/2024";"15:21:22";"94";"Sem vítima";"210,780";"BR-116/SC";"Decrescente";"Tombamento";0;0;1;0;0;0;0;0;0;0;1;0;0;0;0
"03/06/2024";"16:02:33";"99";"Sem vítima";"303,200";"BR-116/SC";"Decrescente";"Saída de pista";1;0;0;0;0;0;0;0;0;0;1;0;0;0;0
"03/06/2024";"19:50:39";"116";"Sem vítima";"52,100";"BR-116/SC";"Crescente";"Capotamento";1;0;0;0;0;0;0;0;0;0;1;0;0;0;0
"04/06/2024";"03:23:56";"14";"Com vítima";"254,289";"BR-116/SC";"Decrescente";"Tombamento";0;0;1;0;0;0;0;0;0;0;0;0;1;0;0
"04/06/2024";"14:39:54";"97";"Sem vítima";"78,200";"BR-116/SC";"Crescente";"Colisão lateral no mesmo sentido";0;0;2;0;0;0;0;0;0;0;2;0;0;0;0
"04/06/2024";"14:59:35";"99";"Com vítima";"145,500";"BR-116/PR";"Crescente";"Colisão traseira";0;0;1;0;0;0;0;0;0;1;1;2;0;0;0
"04/06/2024";"18:44:06";"124";"Com vítima";"122,200";"BR-116/PR";"Decrescente";"Engavetamento";2;0;1;0;0;0;0;0;0;0;1;2;0;0;0
"04/06/2024";"23:12:41";"131";"Com vítima";"295,547";"BR-116/SC";"Decrescente";"Colisão lateral no mesmo sentido";0;0;3;0;0;0;0;0;0;0;2;0;1;0;0
"04/06/2024";"23:51:39";"132";"Com vítima";"125,874";"BR-116/PR";"Crescente";"Colisão traseira";0;0;0;1;0;0;0;0;0;0;1;1;0;0;0