data;horario;n_da_ocorrencia;tipo_de_ocorrencia;km;trecho;sentido;tipo_de_acidente;automovel;bicicleta;caminhao;moto;onibus;outros;tracao_animal;transporte_de_cargas_especiais;trator_maquinas;utilitarios;ilesos;levemente_feridos;moderadamente_feridos;gravemente_feridos;mortos
"19/07/2024";"17:16:39";"104";"Sem vítima";"210,200";"BR-116/PR";"Decrescente";"Colisão transversal";2;0;0;0;0;0;0;0;0;0;2;0;0;0;0
"20/07/2024";"01:54:50";"10";"Sem vítima";"207,200";"BR-116/SC";"Decrescente";"Saída de pista";1;0;0;0;0;0;0;0;0;0;0;0;0;0;0
"20/07/2024";"07:11:47";"18";"Com vítima";"184,600";"BR-116/SC";"Crescente";"Tombamento";0;0;1;0;0;0;0;0;0;0;0;1;0;0;0
"20/07/2024";"10:55:21";"45";"Sem vítima";"0,100";"BR-116/SC";"Decrescente";"Colisão traseira";3;0;0;0;0;0;0;0;0;0;3;0;0;0;0
"20/07/2024";"13:29:46";"60";"Com vítima";"266,100";"BR-116/SC";"Decrescente";"Saída de pista";0;0;0;1;0;0;0;0;0;0;0;0;1;0;0
"20/07/2024";"18:38:11";"91";"Com vítima";"116,700";"BR-116/PR";"Decrescente";"Queda de moto";0;0;0;1;0;0;0;0;0;0;0;1;0;1;0
"21/07/2024";"19:58:10";"68";"Sem vítima";"177,950";"BR-116/PR";"Crescente";"Colisão transversal";2;0;0;0;0;0;0;0;0;0;2;0;0;0;0
"21/07/2024";"20:26:18";"72";"Sem vítima";"153,100";"BR-116/PR";"Decrescente";"Colisão frontal";2;0;0;0;0;0;0;0;0;0;1;0;0;0;0
"22/07/2024";"08:31:59";"47";"Sem vítima";"125,200";"BR-116/PR";"Decrescente";"Colisão traseira";1;0;0;0;0;0;0;0;0;0;1;0;0;0;0
"22/07/2024";"10:26:07";"58";"Com vítima";"107,010";"BR-116/SC";"Crescente";"Queda de moto";0;0;0;1;0;0;0;0;0;0;0;0;1;0;0
"22/07/2024";"13:09:23";"64";"Com vítima";"32,100";"BR-116/SC";"Crescente";"Choque";1;0;0;0;0;0;0;0;0;0;0;1;0;0;0
"22/07/2024";"13:46:01";"68";"Com vítima";"245,800";"BR-116/SC";"Decrescente";"Colisão transversal";2;0;0;0;0;0;0;0;0;0;4;1;0;0;0
"22/07/2024";"17:17:23";"89";"Sem vítima";"118,175";"BR-116/PR";"Decrescente";"Colisão traseira";2;0;0;0;0;0;0;0;0;0;2;0;0;0;0
"23/07/2024";"18:24:23";"102";"Sem vítima";"120,600";"BR-116/PR";"Crescente";"Colisão traseira";1;0;0;2;0;0;0;0;0;0;6;0;0;0;0
"24/07/2024";"06:47:23";"26";"Com vítima";"124,950";"BR-116/PR";"Crescente";"Colisão traseira";0;0;0;1;0;0;0;0;0;1;1;0;1;0;0
"24/07/2024";"07:43:31";"32";"Com vítima";"127,600";"BR-116/PR";"Crescente";"Colisão lateral no mesmo sentido";0;0;1;2;0;0;0;0;0;0;2;0;1;0;0
"24/07/2024";"19:29:00";"110";"Com vítima";"125,780";"BR-116/PR";"Decrescente";"Colisão transversal";0;0;1;0;0;0;0;0;0;1;1;2;0;0;0
"24/07/2024";"21:25:47";"117";"Sem vítima";"125,785";"BR-116/PR";"Crescente";"Colisão transversal";1;0;1;0;0;0;0;0;0;0;2;0;0;0;0
"25/07/2024";"11:12:08";"59";"Com vítima";"122,250";"BR-116/PR";"Crescente";"Colisão lateral no mesmo sentido";0;0;1;1;0;0;0;0;0;0;1;1;0;0;0
"25/07/2024";"14:22:32";"74";"Sem vítima";"126,631";"BR-116/PR";"Crescente";"Colisão traseira";1;0;0;0;0;0;0;0;0;0;1;0;0;0;0
"25/07/2024";"14:44:39";"77";"Sem vítima";"141,200";"BR-116/SC";"Decrescente";"Colisão transversal";2;0;0;0;0;0;0;0;0;0;2;0;0;0;0
"25/07/2024";"19:44:12";"105";"Com vítima";"139,620";"BR-116/PR";"Crescente";"Colisão frontal";2;0;0;0;0;0;0;0;0;0;0;0;0;2;1
"26/07/2024";"07:10:32";"25";"Sem vítima";"117,100";"BR-116/PR";"Crescente";"Colisão frontal";1;0;0;1;0;0;0;0;0;0;2;0;0;0;0
"26/07/2024";"13:53:08";"81";"Com vítima";"133,100";"BR-116/SC";"Decrescente";"Queda de moto";0;0;0;1;0;0;0;0;0;0;0;1;0;0;0
"26/07/2024";"17:12:37";"108";"Com vítima";"118,228";"BR-116/PR";"Decrescente";"Colisão traseira";1;0;0;1;0;0;0;0;0;0;1;0;2;0;0
"26/07/2024";"17:23:26";"110";"Sem vítima";"3,900";"BR-116/SC";"Crescente";"Colisão transversal";2;0;0;0;0;0;0;0;0;0;2;0;0;0;0
"26/07/2024";"17:51:16";"113";"Com vítima";"149,850";"BR-116/PR";"Decrescente";"Atropelamento de pedestre";0;0;0;0;0;0;0;0;0;0;0;1;0;0;0
"26/07/2024";"18:33:57";"118";"Com vítima";"117,091";"BR-116/PR";"Crescente";"Colisão lateral no mesmo sentido";1;0;0;1;0;0;0;0;0;0;1;0;1;0;0
"26/07/2024";"21:48:25";"140";"Com vítima";"206,800";"BR-116/PR";"Crescente";"Atropelamento de animal";0;0;0;1;0;0;0;0;0;0;0;1;0;0;0
"27/07/2024";"02:46:31";"4";"Sem vítima";"134,250";"BR-116/PR";"Decrescente";"Colisão traseira";0;0;0;2;0;0;0;0;0;0;3;0;0;0;0
"27/07/2024";"12:59:45";"48";"Sem vítima";"115,200";"BR-116/PR";"Decrescente";"Queda de moto";0;0;0;1;0;0;0;0;0;0;1;0;0;0;0
"27/07/2024";"15:16:40";"61";"Com vítima";"122,100";"BR-116/PR";"Decrescente";"Colisão traseira";1;0;0;1;0;0;0;0;0;0;1;0;1;0;0
"27/07/2024";"18:30:53";"83";"Sem vítima";"190,619";"BR-116/SC";"Crescente";"Atropelamento de animal";1;0;0;0;0;0;0;0;0;0;2;0;0;0;0
"27/07/2024";"19:59:14";"88";"Com vítima";"164,375";"BR-116/PR";"Decrescente";"Choque";1;0;0;0;0;0;0;0;0;0;0;0;0;1;0
"28/07/2024";"01:18:21";"5";"Sem vítima";"131,283";"BR-116/PR";"Decrescente";"Queda de moto";0;0;0;1;0;0;0;0;0;0;0;0;0;0;0
"28/07/2024";"07:38:01";"16";"Sem vítima";"244,111";"BR-116/SC";"Crescente";"Saída de pista";1;0;0;0;0;0;0;0;0;0;3;0;0;0;0
"28/07/2024";"08:44:03";"21";"Com vítima";"130,100";"BR-116/PR";"Crescente";"Colisão lateral no mesmo sentido";2;0;0;0;0;0;0;0;0;0;1;1;0;0;0
"28/07/2024";"14:26:21";"43";"Sem vítima";"68,015";"BR-116/SC";"Decrescente";"Colisão lateral no mesmo sentido";2;0;0;0;0;0;0;0;0;0;2;0;0;0;0
"28/07/2024";"15:32:58";"50";"Sem vítima";"116,900";"BR-116/PR";"Decrescente";"Choque";1;0;0;0;0;0;0;0;0;0;1;0;0;0;0
"28/07/2024";"16:11:41";"57";"Sem vítima";"63,100";"BR-116/SC";"Crescente";"Colisão traseira";1;0;0;0;0;0;0;0;0;0;1;0;0;0;0
"28/07/2024";"17:36:16";"66";"Com vítima";"271,300";"BR-116/SC";"Decrescente";"Atropelamento de pedestre";1;0;0;0;0;0;0;0;0;0;1;1;0;0;0
"28/07/2024";"22:13:02";"87";"Com vítima";"113,200";"BR-116/SC";"Decrescente";"Capotamento";1;0;0;0;0;0;0;0;0;0;0;2;0;0;0
"28/07/2024";"23:54:58";"93";"Sem vítima";"215,994";"BR-116/SC";"Crescente";"Choque";1;0;0;0;0;0;0;0;0;0;1;0;0;0;0
"29/07/2024";"07:02:26";"15";"Com vítima";"116,600";"BR-116/PR";"Crescente";"Colisão traseira";1;0;0;1;0;0;0;0;0;0;1;1;0;0;0
"29/07/2024";"07:52:57";"25";"Com vítima";"116,600";"BR-116/PR";"Crescente";"Queda de moto";0;0;0;1;0;0;0;0;0;0;0;1;0;0;0
"29/07/2024";"14:57:20";"59";"Com vítima";"211,500";"BR-116/SC";"Decrescente";"Tombamento";0;0;1;0;0;0;0;0;0;0;0;1;1;0;1
"30/07/2024";"07:54:29";"24";"Sem vítima";"57,100";"BR-116/SC";"Decrescente";"Capotamento";1;0;0;0;0;0;0;0;0;0;3;0;0;0;0
"30/07/2024";"17:39:58";"86";"Sem vítima";"121,300";"BR-116/PR";"Crescente";"Engavetamento";3;0;0;1;0;0;0;0;0;0;4;0;0;0;0
"31/07/2024";"06:59:44";"17";"Sem vítima";"209,100";"BR-116/SC";"Decrescente";"Choque";1;0;0;0;0;0;0;0;0;0;1;0;0;0;0
"31/07/2024";"16:50:09";"86";"Com vítima";"152,100";"BR-116/PR";"Decrescente";"Colisão transversal";1;0;0;0;0;0;0;0;0;0;1;1;0;0;0
"01/08/2024";"16:33:08";"82";"Sem vítima";"152,900";"BR-116/PR";"Decrescente";"Colisão lateral no mesmo sentido";1;0;1;0;0;0;0;0;0;1;3;0;0;0;0
"01/08/2024";"23:04:57";"119";"Com vítima";"251,023";"BR-116/SC";"Crescente";"Colisão frontal";1;0;1;0;0;0;0;0;0;0;1;1;0;0;0
"02/08/2024";"08:37:20";"45";"Com vítima";"139,900";"BR-116/SC";"Decrescente";"Colisão frontal";1;0;0;0;0;0;0;0;0;0;0;1;0;1;0
"02/08/2024";"12:10:00";"67";"Com vítima";"121,714";"BR-116/PR";"Crescente";"Colisão lateral no mesmo sentido";0;0;0;1;0;0;0;0;0;0;0;1;0;0;0
"02/08/2024";"14:42:04";"78";"Sem vítima";"267,700";"BR-116/SC";"Crescente";"Colisão transversal";0;0;1;0;0;0;0;0;0;1;2;0;0;0;0
"02/08/2024";"16:02:33";"86";"Com vítima";"246,100";"BR-116/SC";"Crescente";"Capotamento";1;0;0;0;0;0;0;0;0;0;0;1;0;0;0
"02/08/2024";"16:17:17";"88";"Sem vítima";"308,800";"BR-116/SC";"Crescente";"Colisão transversal";2;0;0;0;0;0;0;0;0;0;2;0;0;0;0
"02/08/2024";"17:15:07";"99";"Com vítima";"115,300";"BR-116/PR";"Decrescente";"Colisão transversal";1;0;0;1;0;0;0;0;0;0;1;1;0;0;0
"02/08/2024";"18:51:06";"105";"Sem vítima";"136,950";"BR-116/PR";"Crescente";"Saída de pista";1;0;0;0;0;0;0;0;0;0;1;0;0;0;0
"02/08/2024";"19:04:01";"106";"Sem vítima";"122,928";"BR-116/PR";"Crescente";"Colisão traseira";1;0;0;1;0;0;0;0;0;0;4;0;0;0;0
"03/08/2024";"03:25:25";"5";"Sem vítima";"201,046";"BR-116/SC";"Crescente";"Saída de pista";0;0;1;0;0;0;0;0;0;0;1;0;0;0;0
"03/08/2024";"08:01:31";"30";"Sem vítima";"91,500";"BR-116/SC";"Decrescente";"Colisão lateral no mesmo sentido";2;0;0;0;0;0;0;0;0;0;2;0;0;0;0
"03/08/2024";"18:52:56";"96";"Com vítima";"58,121";"BR-116/SC";"Decrescente";"Queda de moto";0;0;0;1;0;0;0;0;0;0;0;1;0;0;0
"03/08/2024";"19:53:54";"101";"Com vítima";"65,486";"BR-116/SC";"Crescente";"Saída de pista";1;0;0;0;0;0;0;0;0;0;0;2;0;0;0
"04/08/2024";"18:38:33";"52";"Com vítima";"73,726";"BR-116/SC";"Crescente";"Colisão transversal";2;0;0;0;0;0;0;0;0;0;0;3;0;0;0
"05/08/2024";"14:03:18";"54";"Com vítima";"139,100";"BR-116/SC";"Decrescente";"Colisão lateral no mesmo sentido";2;0;0;0;0;0;0;0;0;0;0;2;0;0;0
"05/08/2024";"18:47:42";"84";"Com vítima";"115,100";"BR-116/PR";"Crescente";"Colisão traseira";1;0;1;1;0;0;0;0;0;0;2;1;0;0;0
"06/08/2024";"03:50:41";"9";"Sem vítima";"122,800";"BR-116/PR";"Decrescente";"Choque";1;0;0;0;0;0;0;0;0;0;1;0;0;0;0
"06/08/2024";"11:52:59";"58";"Sem vítima";"12,300";"BR-116/SC";"Crescente";"Colisão transversal";2;0;0;0;0;0;0;0;0;0;2;0;0;0;0
"06/08/2024";"18:42:35";"84";"Sem vítima";"118,644";"BR-116/PR";"Decrescente";"Engavetamento";3;0;0;0;0;0;0;0;0;0;3;0;0;0;0
"07/08/2024";"11:42:14";"61";"Sem vítima";"123,300";"BR-116/PR";"Decrescente";"Engavetamento";3;0;0;0;0;0;0;0;0;0;3;0;0;0;0
"07/08/2024";"15:15:45";"86";"Com vítima";"121,180";"BR-116/PR";"Decrescente";"Queda de moto";0;0;0;1;0;0;0;0;0;0;0;1;0;0;0
"08/08/2024";"07:23:07";"26";"Com vítima";"116,300";"BR-116/PR";"Crescente";"Colisão lateral no mesmo sentido";1;0;0;1;0;0;0;0;0;0;1;1;0;0;0
"08/08/2024";"12:55:38";"62";"Sem vítima";"115,200";"BR-116/PR";"Crescente";"Colisão lateral no mesmo sentido";1;0;1;0;0;0;0;0;0;0;2;0;0;0;0
"08/08/2024";"13:26:55";"64";"Sem vítima";"130,011";"BR-116/PR";"Crescente";"Colisão lateral no mesmo sentido";1;0;0;1;0;0;0;0;0;0;2;0;0;0;0
"09/08/2024";"01:14:54";"4";"Com vítima";"245,393";"BR-116/SC";"Decrescente";"Queda de moto";0;0;0;1;0;0;0;0;0;0;0;0;0;1;0
"09/08/2024";"07:09:08";"17";"Sem vítima";"6,100";"BR-116/SC";"Crescente";"Colisão lateral no mesmo sentido";2;0;0;0;0;0;0;0;0;0;2;0;0;0;0
"09/08/2024";"11:18:29";"58";"Com vítima";"308,850";"BR-116/SC";"Crescente";"Tombamento";0;0;1;0;0;0;0;0;0;0;0;0;1;0;0
"09/08/2024";"14:35:39";"70";"Sem vítima";"134,850";"BR-116/PR";"Decrescente";"Colisão lateral no mesmo sentido";1;0;1;0;0;0;0;0;0;0;2;0;0;0;0
"09/08/2024";"17:56:00";"98";"Com vítima";"117,588";"BR-116/PR";"Decrescente";"Engavetamento";0;0;0;2;0;0;0;0;0;0;1;0;0;0;1
"09/08/2024";"17:56:18";"98";"Com vítima";"117,588";"BR-116/PR";"Crescente";"Engavetamento";0;0;0;2;0;0;0;0;0;0;2;0;0;0;1
"10/08/2024";"09:57:30";"24";"Sem vítima";"3,500";"BR-116/SC";"Decrescente";"Colisão transversal";2;0;0;0;0;0;0;0;0;0;2;0;0;0;0
"10/08/2024";"14:16:55";"40";"Com vítima";"56,200";"BR-116/SC";"Decrescente";"Queda de moto";0;0;0;1;0;0;0;0;0;0;0;1;0;0;0
"10/08/2024";"23:07:00";"74";"Sem vítima";"134,356";"BR-116/PR";"Decrescente";"Choque";2;0;0;0;0;0;0;0;0;0;6;0;0;0;0
"10/08/2024";"23:07:31";"74";"Sem vítima";"134,356";"BR-116/PR";"Crescente";"Choque";2;0;0;0;0;0;0;0;0;0;6;0;0;0;0
"11/08/2024";"06:25:26";"9";"Com vítima";"225,450";"BR-116/SC";"Decrescente";"Tombamento";0;0;1;0;0;0;0;0;0;0;0;0;0;1;0
"11/08/2024";"16:05:57";"46";"Com vítima";"116,500";"BR-116/PR";"Decrescente";"Queda de moto";0;0;0;1;0;0;0;0;0;0;1;1;0;0;0
"11/08/2024";"17:16:00";"53";"Com vítima";"7,500";"BR-116/SC";"Decrescente";"Colisão transversal";1;0;0;0;0;0;0;0;0;0;2;1;0;0;0
"11/08/2024";"17:16:45";"53";"Com vítima";"7,500";"BR-116/SC";"Crescente";"Colisão transversal";1;0;0;0;0;0;0;0;0;0;2;1;0;0;0
"11/08/2024";"17:29:23";"54";"Sem vítima";"166,137";"BR-116/PR";"Decrescente";"Colisão transversal";2;0;0;0;0;0;0;0;0;0;2;0;0;0;0
"11/08/2024";"18:11:59";"60";"Sem vítima";"115,125";"BR-116/PR";"Decrescente";"Colisão lateral no mesmo sentido";1;0;0;1;0;0;0;0;0;0;2;0;0;0;0
"11/08/2024";"18:37:13";"63";"Sem vítima";"164,697";"BR-116/PR";"Decrescente";"Colisão lateral no mesmo sentido";2;0;0;0;0;0;0;0;0;0;2;0;0;0;0
"11/08/2024";"18:38:00";"64";"Sem vítima";"152,400";"BR-116/PR";"Decrescente";"Colisão transversal";2;0;0;0;0;0;0;0;0;0;2;0;0;0;0
"11/08/2024";"18:38:10";"64";"Sem vítima";"152,400";"BR-116/PR";"Crescente";"Colisão transversal";2;0;0;0;0;0;0;0;0;0;2;0;0;0;0
"12/08/2024";"03:01:00";"6";"Com vítima";"254,817";"BR-116/SC";"Decrescente";"Colisão transversal";1;0;1;0;0;0;0;0;0;0;1;1;0;0;1
"12/08/2024";"03:01:06";"6";"Com vítima";"254,817";"BR-116/SC";"Crescente";"Colisão transversal";1;0;1;0;0;0;0;0;0;0;1;1;0;0;1
"12/08/2024";"03:01:06";"6";"Com vítima";"254,817";"BR-116/SC";"Decrescente";"Colisão transversal";1;0;1;0;0;0;0;0;0;0;1;1;0;0;1
"12/08/2024";"21:55:00";"122";"Sem vítima";"165,389";"BR-116/PR";"Decrescente";"Choque";1;0;0;0;0;0;0;0;0;0;1;0;0;0;0
"13/08/2024";"06:29:00";"10";"Sem vítima";"245,600";"BR-116/SC";"Crescente";"Colisão transversal";1;0;1;0;0;0;0;0;0;0;2;0;0;0;0
"13/08/2024";"06:29:07";"10";"Sem vítima";"245,600";"BR-116/SC";"Decrescente";"Colisão transversal";1;0;1;0;0;0;0;0;0;0;2;0;0;0;0
"13/08/2024";"06:47:20";"11";"Com vítima";"115,900";"BR-116/PR";"Decrescente";"Colisão lateral no mesmo sentido";2;0;0;1;0;0;0;0;0;0;2;0;1;0;0
"13/08/2024";"17:47:50";"100";"Com vítima";"17,099";"BR-116/SC";"Decrescente";"Acidentes de outra natureza";3;0;0;0;0;0;0;0;0;0;2;1;0;0;0
"13/08/2024";"21:57:42";"117";"Com vítima";"115,800";"BR-116/PR";"Decrescente";"Colisão traseira";0;0;0;1;0;0;0;0;0;0;0;1;0;0;0
"13/08/2024";"22:52:00";"120";"Sem vítima";"116,700";"BR-116/PR";"Decrescente";"Colisão traseira";1;0;0;1;0;0;0;0;0;0;2;0;0;0;0
"14/08/2024";"03:57:08";"7";"Com vítima";"199,800";"BR-116/PR";"Crescente";"Colisão frontal";1;0;0;0;0;0;0;0;0;1;1;1;0;0;0
"14/08/2024";"04:32:05";"9";"Sem vítima";"95,200";"BR-116/SC";"Decrescente";"Saída de pista";0;0;1;0;0;0;0;0;0;0;1;0;0;0;0
"14/08/2024";"06:16:37";"11";"Sem vítima";"91,500";"BR-116/SC";"Crescente";"Tombamento";0;0;1;0;0;0;0;0;0;0;1;0;0;0;0
"14/08/2024";"06:41:57";"13";"Sem vítima";"121,500";"BR-116/SC";"Crescente";"Saída de pista";0;0;1;0;0;0;0;0;0;0;1;0;0;0;0
"14/08/2024";"07:40:00";"19";"Com vítima";"127,551";"BR-116/PR";"Crescente";"Colisão traseira";1;0;0;1;0;0;0;0;0;0;1;1;0;0;0
"14/08/2024";"07:40:54";"19";"Com vítima";"127,551";"BR-116/PR";"Decrescente";"Colisão traseira";1;0;0;1;0;0;0;0;0;0;1;1;0;0;0
"14/08/2024";"08:22:45";"25";"Sem vítima";"126,349";"BR-116/PR";"Crescente";"Colisão traseira";1;0;0;1;0;0;0;0;0;0;2;0;0;0;0
"14/08/2024";"09:19:25";"35";"Sem vítima";"120,650";"BR-116/PR";"Crescente";"Colisão traseira";2;0;0;0;0;0;0;0;0;0;2;0;0;0;0
"14/08/2024";"09:26:00";"36";"Sem vítima";"126,350";"BR-116/PR";"Crescente";"Colisão traseira";2;0;0;0;0;0;0;0;0;0;2;0;0;0;0
"14/08/2024";"09:26:27";"36";"Sem vítima";"126,350";"BR-116/PR";"Decrescente";"Colisão traseira";2;0;0;0;0;0;0;0;0;0;2;0;0;0;0
"14/08/2024";"12:17:30";"80";"Com vítima";"247,900";"BR-116/SC";"Decrescente";"Colisão lateral no mesmo sentido";2;0;0;0;0;0;0;0;0;0;1;1;0;0;0
"14/08/2024";"17:44:01";"112";"Sem vítima";"145,200";"BR-116/PR";"Decrescente";"Colisão traseira";2;0;0;0;0;0;0;0;0;0;2;0;0;0;0
"14/08/2024";"18:57:00";"115";"Sem vítima";"211,880";"BR-116/SC";"Crescente";"Choque";0;0;1;0;0;0;0;0;0;0;1;0;0;0;0
"14/08/2024";"18:57:37";"115";"Sem vítima";"211,880";"BR-116/SC";"Decrescente";"Choque";0;0;1;0;0;0;0;0;0;0;1;0;0;0;0
"15/08/2024";"00:20:32";"4";"Sem vítima";"165,625";"BR-116/SC";"Crescente";"Colisão traseira";2;0;0;0;0;0;0;0;0;0;2;0;0;0;0
"15/08/2024";"13:20:00";"78";"Com vítima";"118,900";"BR-116/PR";"Decrescente";"Choque";0;0;1;1;0;0;0;0;0;0;1;1;0;0;0
"15/08/2024";"14:39:13";"84";"Sem vítima";"125,010";"BR-116/PR";"Crescente";"Colisão traseira";1;0;0;2;0;0;0;0;0;0;6;0;0;0;0
"15/08/2024";"17:17:14";"103";"Com vítima";"165,104";"BR-116/SC";"Decrescente";"Tombamento";0;0;1;0;0;0;0;0;0;0;0;1;0;0;0
"15/08/2024";"22:00:03";"127";"Com vítima";"126,150";"BR-116/PR";"Decrescente";"Engavetamento";1;0;1;0;0;0;0;0;0;1;3;1;0;0;0
"16/08/2024";"14:04:03";"75";"Sem vítima";"267,500";"BR-116/SC";"Decrescente";"Colisão lateral no mesmo sentido";1;0;0;0;0;0;0;0;0;0;1;0;0;0;0
"16/08/2024";"14:51:08";"80";"Sem vítima";"161,200";"BR-116/PR";"Crescente";"Colisão lateral no mesmo sentido";0;0;1;0;0;0;0;0;0;0;1;0;0;0;0
"16/08/2024";"21:40:58";"120";"Sem vítima";"200,675";"BR-116/PR";"Decrescente";"Atropelamento de animal";0;0;1;0;0;0;0;0;0;0;1;0;0;0;0
"16/08/2024";"23:18:37";"124";"Sem vítima";"84,769";"BR-116/SC";"Crescente";"Saída de pista";0;0;1;0;0;0;0;0;0;0;1;0;0;0;0
"16/08/2024";"23:52:45";"127";"Sem vítima";"142,300";"BR-116/SC";"Crescente";"Colisão traseira";1;0;0;0;0;0;0;0;0;0;2;0;0;0;0
"17/08/2024";"17:19:00";"81";"Sem vítima";"143,300";"BR-116/PR";"Decrescente";"Colisão traseira";1;0;0;0;0;0;0;0;0;0;2;0;0;0;0
"17/08/2024";"17:19:58";"81";"Sem vítima";"143,300";"BR-116/PR";"Crescente";"Colisão traseira";1;0;0;0;0;0;0;0;0;0;2;0;0;0;0
"18/08/2024";"08:48:54";"23";"Com vítima";"139,255";"BR-116/PR";"Decrescente";"Colisão traseira";1;0;0;1;0;0;0;0;0;0;1;1;0;0;0
"18/08/2024";"10:35:32";"31";"Com vítima";"116,700";"BR-116/PR";"Decrescente";"Colisão lateral no mesmo sentido";0;0;0;1;0;0;0;0;0;0;0;2;0;0;0
"18/08/2024";"17:18:26";"81";"Sem vítima";"152,431";"BR-116/PR";"Crescente";"Colisão lateral no mesmo sentido";2;0;0;0;0;0;0;0;0;0;2;0;0;0;0
"18/08/2024";"18:35:53";"88";"Sem vítima";"152,431";"BR-116/SC";"Decrescente";"Colisão traseira";2;0;0;0;0;0;0;0;0;0;2;0;0;0;0
"18/08/2024";"20:16:50";"96";"Sem vítima";"141,626";"BR-116/PR";"Decrescente";"Saída de pista";1;0;0;0;0;0;0;0;0;0;1;0;0;0;0
"19/08/2024";"00:58:20";"3";"Sem vítima";"118,942";"BR-116/SC";"Crescente";"Capotamento";1;0;0;0;0;0;0;0;0;0;2;0;0;0;0
"19/08/2024";"07:49:00";"29";"Com vítima";"116,276";"BR-116/PR";"Crescente";"Colisão lateral no mesmo sentido";0;0;0;1;0;0;0;0;0;0;0;1;0;0;0
"19/08/2024";"17:27:54";"115";"Com vítima";"241,526";"BR-116/SC";"Decrescente";"Capotamento";1;0;0;0;0;0;0;0;0;0;0;0;1;0;0
"20/08/2024";"07:32:45";"15";"Com vítima";"125,200";"BR-116/PR";"Crescente";"Colisão traseira";1;0;0;1;0;0;0;0;0;0;1;1;0;0;0
"20/08/2024";"08:32:57";"29";"Sem vítima";"193,800";"BR-116/SC";"Decrescente";"Saída de pista";1;0;0;0;0;0;0;0;0;0;1;0;0;0;0
"20/08/2024";"12:18:47";"64";"Com vítima";"155,200";"BR-116/SC";"Decrescente";"Colisão frontal";2;0;1;0;0;0;0;0;0;0;2;4;0;0;0
"20/08/2024";"18:57:26";"98";"Com vítima";"141,477";"BR-116/PR";"Decrescente";"Atropelamento de pedestre";0;0;0;0;0;0;0;0;0;1;1;0;0;0;1
"20/08/2024";"19:31:38";"101";"Com vítima";"141,100";"BR-116/SC";"Decrescente";"Colisão lateral no mesmo sentido";1;0;0;1;0;0;0;0;0;0;1;1;0;0;0
"21/08/2024";"06:52:27";"9";"Sem vítima";"169,400";"BR-116/SC";"Decrescente";"Saída de pista";0;0;1;0;0;0;0;0;0;0;1;0;0;0;0
"21/08/2024";"07:26:00";"13";"Com vítima";"142,002";"BR-116/PR";"Decrescente";"Colisão lateral no mesmo sentido";0;0;0;1;0;0;0;0;0;0;0;1;0;0;0
"21/08/2024";"15:42:36";"71";"Com vítima";"144,860";"BR-116/SC";"Decrescente";"Colisão transversal";1;0;1;0;0;0;0;0;0;0;1;1;0;0;0
"21/08/2024";"15:59:32";"73";"Sem vítima";"184,600";"BR-116/SC";"Crescente";"Tombamento";0;0;1;0;0;0;0;0;0;0;1;0;0;0;0
"22/08/2024";"19:35:00";"106";"Sem vítima";"245,100";"BR-116/SC";"Crescente";"Colisão lateral no mesmo sentido";1;0;1;0;0;0;0;0;0;0;2;0;0;0;0
"23/08/2024";"07:17:34";"20";"Com vítima";"241,300";"BR-116/SC";"Crescente";"Colisão lateral no mesmo sentido";1;0;1;0;0;0;0;0;0;0;1;1;0;0;0
"23/08/2024";"07:55:00";"24";"Com vítima";"78,558";"BR-116/SC";"Decrescente";"Tombamento";0;0;1;0;0;0;0;0;0;0;0;0;1;0;0
"23/08/2024";"08:16:36";"27";"Sem vítima";"134,900";"BR-116/PR";"Decrescente";"Saída de pista";1;0;0;0;0;0;0;0;0;0;1;0;0;0;0
"23/08/2024";"17:37:00";"87";"Sem vítima";"143,830";"BR-116/PR";"Crescente";"Saída de pista";1;0;0;0;0;0;0;0;0;0;1;0;0;0;0
"23/08/2024";"18:47:00";"93";"Com vítima";"247,700";"BR-116/SC";"Decrescente";"Colisão transversal";2;0;0;0;0;0;0;0;0;0;1;0;1;0;0
"24/08/2024";"03:31:00";"6";"Com vítima";"279,005";"BR-116/SC";"Decrescente";"Queda de moto";0;0;0;1;0;0;0;0;0;0;0;1;0;0;0
"24/08/2024";"04:29:03";"7";"Sem vítima";"246,999";"BR-116/SC";"Crescente";"Capotamento";1;0;0;0;0;0;0;0;0;0;16;0;0;0;0
"24/08/2024";"10:47:00";"26";"Sem vítima";"145,200";"BR-116/PR";"Decrescente";"Tombamento";0;0;1;0;0;0;0;0;0;0;2;0;0;0;0