data;horario;n_da_ocorrencia;tipo_de_ocorrencia;km;trecho;sentido;tipo_de_acidente;automovel;bicicleta;caminhao;moto;onibus;outros;tracao_animal;transporte_de_cargas_especiais;trator_maquinas;utilitarios;ilesos;levemente_feridos;moderadamente_feridos;gravemente_feridos;mortos
"01/10/2024";"15:20:39";"100";"Com vítima";"51,780";"BR-116/SC";"Decrescente";"Colisão lateral no mesmo sentido";1;0;1;0;0;0;0;0;0;0;1;1;0;0;0
"01/10/2024";"17:42:54";"115";"Sem vítima";"152,700";"BR-116/PR";"Decrescente";"Colisão transversal";2;0;0;0;0;0;0;0;0;0;2;0;0;0;0
"01/10/2024";"20:43:40";"126";"Sem vítima";"152,010";"BR-116/PR";"Decrescente";"Colisão transversal";1;0;0;1;0;0;0;0;0;0;2;0;0;0;0
"01/10/2024";"22:19:34";"128";"Com vítima";"251,615";"BR-116/SC";"Crescente";"Colisão transversal";0;0;0;0;1;0;0;0;0;0;21;1;0;1;0
"02/10/2024";"06:34:23";"14";"Com vítima";"5,500";"BR-116/SC";"Crescente";"Colisão transversal";1;0;0;0;0;0;0;0;0;0;1;1;0;0;0
"02/10/2024";"07:33:20";"18";"Com vítima";"11,800";"BR-116/SC";"Crescente";"Queda de moto";0;0;0;1;0;0;0;0;0;0;0;1;0;0;0
"02/10/2024";"14:13:52";"79";"Com vítima";"219,100";"BR-116/SC";"Crescente";"Colisão transversal";2;0;0;0;0;0;0;0;0;0;1;1;0;0;0
"02/10/2024";"18:05:08";"101";"Com vítima";"123,443";"BR-116/PR";"Decrescente";"Colisão traseira";1;0;0;1;0;0;0;0;0;0;1;1;0;0;0
"02/10/2024";"22:19:20";"120";"Com vítima";"232,600";"BR-116/SC";"Crescente";"Saída de pista";1;0;0;0;0;0;0;0;0;0;0;1;0;0;0
"03/10/2024";"07:51:05";"34";"Com vítima";"205,200";"BR-116/SC";"Crescente";"Colisão transversal";1;0;0;0;0;0;0;0;0;0;1;1;0;0;0
"03/10/2024";"11:08:29";"61";"Com vítima";"123,426";"BR-116/PR";"Decrescente";"Colisão lateral no mesmo sentido";0;0;0;2;0;0;0;0;0;0;1;1;0;0;0
"04/10/2024";"01:33:43";"2";"Sem vítima";"177,050";"BR-116/PR";"Decrescente";"Saída de pista";0;0;1;0;0;0;0;0;0;0;1;0;0;0;0
"04/10/2024";"16:19:39";"89";"Sem vítima";"143,500";"BR-116/PR";"Crescente";"Colisão lateral no mesmo sentido";0;0;0;0;0;0;0;0;0;1;2;0;0;0;0
"04/10/2024";"20:13:51";"106";"Sem vítima";"120,928";"BR-116/PR";"Decrescente";"Colisão traseira";1;0;1;0;0;0;0;0;0;0;2;0;0;0;0
"05/10/2024";"06:58:45";"23";"Sem vítima";"135,786";"BR-116/PR";"Decrescente";"Queda de moto";0;0;0;1;0;0;0;0;0;0;1;0;0;0;0
"05/10/2024";"07:39:53";"39";"Com vítima";"127,867";"BR-116/PR";"Decrescente";"Engavetamento";0;0;1;2;0;0;0;0;0;0;2;1;0;0;0
"05/10/2024";"14:35:49";"77";"Com vítima";"172,100";"BR-116/PR";"Crescente";"Colisão transversal";1;0;0;0;0;0;0;0;0;0;0;0;2;0;0
"05/10/2024";"16:34:17";"87";"Sem vítima";"143,300";"BR-116/PR";"Decrescente";"Colisão lateral no mesmo sentido";2;0;0;0;0;0;0;0;0;0;2;0;0;0;0
"05/10/2024";"19:03:10";"98";"Com vítima";"149,808";"BR-116/PR";"Crescente";"Colisão traseira";2;0;0;0;0;0;0;0;0;0;0;1;0;0;0
"06/10/2024";"00:58:43";"3";"Com vítima";"124,890";"BR-116/PR";"Decrescente";"Queda de moto";0;0;0;1;0;0;0;0;0;0;0;1;0;0;0
"06/10/2024";"16:01:12";"41";"Sem vítima";"125,800";"BR-116/PR";"Crescente";"Colisão traseira";2;0;0;0;0;0;0;0;0;0;2;0;0;0;0
"06/10/2024";"18:43:17";"52";"Com vítima";"126,513";"BR-116/PR";"Decrescente";"Colisão traseira";1;0;0;1;0;0;0;0;0;0;1;1;0;0;0
"06/10/2024";"19:02:45";"54";"Com vítima";"179,125";"BR-116/SC";"Decrescente";"Colisão frontal";2;0;0;0;0;0;0;0;0;0;1;0;1;0;0
"06/10/2024";"21:14:03";"63";"Sem vítima";"115,002";"BR-116/PR";"Crescente";"Saída de pista";1;0;0;0;0;0;0;0;0;0;1;0;0;0;0
"07/10/2024";"00:49:10";"6";"Com vítima";"118,984";"BR-116/PR";"Crescente";"Colisão traseira";2;0;0;0;0;0;0;0;0;0;2;1;0;0;0
"07/10/2024";"00:52:27";"7";"Com vítima";"118,984";"BR-116/PR";"Crescente";"Choque";1;0;0;1;0;0;0;0;0;0;1;0;1;0;0
"07/10/2024";"08:30:24";"46";"Sem vítima";"158,900";"BR-116/PR";"Crescente";"Saída de pista";1;0;0;0;0;0;0;0;0;0;1;0;0;0;0
"07/10/2024";"14:26:26";"72";"Sem vítima";"143,800";"BR-116/SC";"Crescente";"Choque";1;0;0;0;0;0;0;0;0;0;1;0;0;0;0
"07/10/2024";"20:35:48";"93";"Sem vítima";"128,100";"BR-116/PR";"Decrescente";"Colisão traseira";2;0;0;0;0;0;0;0;0;0;2;0;0;0;0
"08/10/2024";"10:52:33";"51";"Com vítima";"118,100";"BR-116/PR";"Decrescente";"Queda de moto";0;0;0;1;0;0;0;0;0;0;0;2;0;0;0
"08/10/2024";"15:33:37";"74";"Com vítima";"222,500";"BR-116/SC";"Crescente";"Atropelamento de animal";0;0;0;1;0;0;0;0;0;0;0;1;0;0;0
"08/10/2024";"18:47:09";"90";"Sem vítima";"262,005";"BR-116/SC";"Crescente";"Colisão lateral no mesmo sentido";0;0;1;0;0;0;0;0;0;0;1;0;0;0;0
"08/10/2024";"22:07:53";"100";"Sem vítima";"254,798";"BR-116/SC";"Decrescente";"Saída de pista";0;0;1;0;0;0;0;0;0;0;1;0;0;0;0
"09/10/2024";"09:17:26";"41";"Com vítima";"143,835";"BR-116/PR";"Crescente";"Colisão lateral no mesmo sentido";0;0;2;0;0;0;0;0;0;0;1;1;1;0;0
"09/10/2024";"09:30:31";"43";"Com vítima";"144,100";"BR-116/PR";"Decrescente";"Engavetamento";2;0;2;0;0;0;0;0;0;0;2;3;0;0;0
"09/10/2024";"14:11:03";"54";"Com vítima";"178,200";"BR-116/PR";"Decrescente";"Tombamento";0;0;1;0;0;0;0;0;0;0;0;1;0;0;0
"10/10/2024";"15:42:19";"69";"Com vítima";"125,900";"BR-116/PR";"Crescente";"Colisão lateral no mesmo sentido";0;0;1;1;0;0;0;0;0;0;0;2;0;0;0
"11/10/2024";"06:11:32";"14";"Sem vítima";"126,665";"BR-116/PR";"Decrescente";"Colisão traseira";1;0;0;1;0;0;0;0;0;0;2;0;0;0;0
"11/10/2024";"17:56:17";"89";"Sem vítima";"115,275";"BR-116/PR";"Crescente";"Tombamento";0;0;1;0;0;0;0;0;0;0;1;0;0;0;0
"11/10/2024";"18:37:45";"95";"Com vítima";"245,839";"BR-116/SC";"Crescente";"Colisão lateral no mesmo sentido";1;0;1;0;0;0;0;0;0;0;4;1;0;0;0
"11/10/2024";"23:19:32";"106";"Sem vítima";"72,728";"BR-116/SC";"Decrescente";"Saída de pista";1;0;0;0;0;0;0;0;0;0;1;0;0;0;0
"12/10/2024";"14:45:17";"56";"Com vítima";"152,500";"BR-116/PR";"Crescente";"Colisão transversal";1;0;0;0;0;0;0;0;0;0;0;2;0;0;0
"13/10/2024";"14:03:21";"46";"Com vítima";"25,200";"BR-116/SC";"Crescente";"Colisão lateral no mesmo sentido";1;0;1;0;0;0;0;0;0;0;2;2;0;0;0
"13/10/2024";"14:51:18";"49";"Com vítima";"213,200";"BR-116/SC";"Crescente";"Choque";1;0;0;0;0;0;0;0;0;0;0;1;0;0;0
"13/10/2024";"19:31:17";"78";"Sem vítima";"118,500";"BR-116/PR";"Crescente";"Colisão traseira";2;0;0;0;0;0;0;0;0;0;2;0;0;0;0
"14/10/2024";"08:45:49";"29";"Com vítima";"288,900";"BR-116/SC";"Crescente";"Capotamento";0;0;0;0;0;0;0;0;0;1;0;5;0;0;0
"14/10/2024";"17:53:36";"91";"Sem vítima";"155,099";"BR-116/SC";"Crescente";"Colisão traseira";1;0;1;0;0;0;0;0;0;0;3;0;0;0;0
"15/10/2024";"06:39:22";"8";"Sem vítima";"5,500";"BR-116/SC";"Decrescente";"Colisão transversal";2;0;0;0;0;0;0;0;0;0;2;0;0;0;0
"15/10/2024";"06:51:21";"9";"Com vítima";"117,100";"BR-116/PR";"Decrescente";"Colisão traseira";1;0;0;1;0;0;0;0;0;0;1;1;0;0;0
"15/10/2024";"09:14:16";"24";"Com vítima";"15,200";"BR-116/SC";"Crescente";"Colisão frontal";2;0;3;0;0;0;0;0;0;0;3;2;0;0;1
"15/10/2024";"11:07:27";"34";"Sem vítima";"117,020";"BR-116/PR";"Decrescente";"Colisão lateral no mesmo sentido";2;0;0;1;0;0;0;0;0;0;3;0;0;0;0
"15/10/2024";"12:22:57";"68";"Com vítima";"119,355";"BR-116/PR";"Decrescente";"Colisão traseira";1;0;0;1;0;0;0;0;0;0;1;0;1;0;0
"15/10/2024";"14:25:54";"79";"Com vítima";"120,489";"BR-116/PR";"Decrescente";"Colisão lateral no mesmo sentido";0;0;1;1;1;0;0;0;0;0;2;0;1;0;0
"15/10/2024";"15:57:27";"85";"Com vítima";"115,400";"BR-116/PR";"Crescente";"Colisão lateral no mesmo sentido";1;0;0;1;0;0;0;0;0;0;1;1;0;0;0
"15/10/2024";"19:37:27";"101";"Com vítima";"42,280";"BR-116/SC";"Crescente";"Choque";1;0;0;0;0;0;0;0;0;0;3;1;0;2;1
"16/10/2024";"07:12:17";"22";"Sem vítima";"125,100";"BR-116/PR";"Decrescente";"Colisão traseira";2;0;0;0;0;0;0;0;0;0;2;0;0;0;0
"17/10/2024";"06:53:37";"11";"Com vítima";"116,908";"BR-116/PR";"Decrescente";"Colisão lateral no mesmo sentido";1;0;0;1;0;0;0;0;0;0;1;1;0;0;0
"17/10/2024";"07:40:38";"31";"Sem vítima";"122,069";"BR-116/PR";"Decrescente";"Colisão traseira";2;0;0;0;0;0;0;0;0;0;2;0;0;0;0
"17/10/2024";"12:02:14";"70";"Com vítima";"305,010";"BR-116/SC";"Crescente";"Choque";0;0;0;1;0;0;0;0;0;0;0;1;0;0;0
"17/10/2024";"13:48:37";"78";"Sem vítima";"13,200";"BR-116/SC";"Decrescente";"Choque";1;0;0;0;0;0;0;0;0;0;1;0;0;0;0
"17/10/2024";"15:53:05";"88";"Com vítima";"126,170";"BR-116/PR";"Crescente";"Colisão traseira";1;0;0;1;0;0;0;0;0;0;1;1;0;0;0
"17/10/2024";"16:01:45";"89";"Sem vítima";"28,250";"BR-116/SC";"Crescente";"Choque";0;0;1;0;0;0;0;0;0;0;1;0;0;0;0
"17/10/2024";"17:18:06";"95";"Com vítima";"123,200";"BR-116/PR";"Crescente";"Colisão traseira";2;0;0;1;0;0;0;0;0;0;2;1;0;0;0
"17/10/2024";"23:28:18";"117";"Sem vítima";"131,317";"BR-116/SC";"Crescente";"Choque";1;0;1;0;0;0;0;0;0;0;2;0;0;0;0
"18/10/2024";"07:00:53";"14";"Com vítima";"116,100";"BR-116/PR";"Decrescente";"Colisão traseira";1;0;0;1;0;0;0;0;0;0;1;1;0;0;0
"18/10/2024";"08:54:47";"48";"Com vítima";"240,100";"BR-116/SC";"Decrescente";"Colisão traseira";2;0;0;0;0;0;0;0;0;0;3;3;0;0;0
"18/10/2024";"16:58:17";"83";"Com vítima";"57,750";"BR-116/SC";"Decrescente";"Colisão frontal";2;0;0;0;0;0;0;0;0;0;0;0;1;0;0
"18/10/2024";"19:16:14";"94";"Sem vítima";"119,337";"BR-116/PR";"Crescente";"Colisão traseira";1;0;0;1;0;0;0;0;0;0;2;0;0;0;0
"18/10/2024";"19:35:01";"96";"Sem vítima";"40,600";"BR-116/SC";"Crescente";"Colisão lateral no mesmo sentido";1;0;0;0;0;0;0;0;0;0;2;0;0;0;0
"18/10/2024";"20:18:58";"101";"Com vítima";"152,496";"BR-116/PR";"Crescente";"Colisão transversal";0;0;0;1;0;0;0;0;0;0;0;1;0;0;0
"19/10/2024";"08:22:17";"23";"Sem vítima";"122,807";"BR-116/PR";"Crescente";"Saída de pista";1;0;0;0;0;0;0;0;0;0;2;0;0;0;0
"20/10/2024";"15:51:43";"34";"Sem vítima";"128,100";"BR-116/PR";"Crescente";"Engavetamento";2;0;0;0;0;0;0;0;0;0;2;0;0;0;0
"20/10/2024";"15:55:45";"36";"Com vítima";"217,200";"BR-116/SC";"Decrescente";"Colisão transversal";2;0;0;0;0;0;0;0;0;0;1;1;0;0;0
"20/10/2024";"19:11:13";"51";"Com vítima";"57,200";"BR-116/SC";"Decrescente";"Colisão frontal";3;0;0;0;0;0;0;0;0;0;1;0;1;0;0
"20/10/2024";"19:22:45";"53";"Com vítima";"149,866";"BR-116/PR";"Decrescente";"Colisão transversal";1;0;0;1;0;0;0;0;0;0;1;0;1;0;0
"21/10/2024";"01:19:07";"3";"Sem vítima";"27,500";"BR-116/SC";"Crescente";"Choque";1;0;0;0;0;0;0;0;0;0;1;0;0;0;0
"22/10/2024";"02:29:11";"2";"Sem vítima";"78,100";"BR-116/SC";"Crescente";"Saída de pista";1;0;0;0;0;0;0;0;0;0;1;0;0;0;0
"22/10/2024";"18:24:05";"95";"Com vítima";"166,178";"BR-116/PR";"Crescente";"Colisão transversal";1;0;0;0;0;0;0;0;0;0;0;1;0;0;0
"23/10/2024";"09:30:56";"46";"Com vítima";"197,200";"BR-116/PR";"Decrescente";"Colisão frontal";1;0;1;0;0;0;0;0;0;0;1;0;1;1;0
"23/10/2024";"12:09:44";"68";"Com vítima";"166,329";"BR-116/SC";"Decrescente";"Colisão lateral no mesmo sentido";0;0;0;1;0;0;0;0;0;0;0;1;0;0;0
"24/10/2024";"08:39:23";"47";"Com vítima";"116,700";"BR-116/PR";"Decrescente";"Colisão lateral no mesmo sentido";1;0;0;1;0;0;0;0;0;0;2;1;0;0;0
"24/10/2024";"10:33:55";"56";"Com vítima";"119,100";"BR-116/PR";"Crescente";"Colisão lateral no mesmo sentido";0;0;1;1;0;0;0;0;0;0;1;0;1;0;0
"24/10/2024";"12:11:42";"67";"Sem vítima";"116,100";"BR-116/PR";"Crescente";"Colisão lateral no mesmo sentido";0;0;0;1;0;0;0;0;0;0;1;0;0;0;0
"24/10/2024";"19:55:40";"111";"Sem vítima";"128,798";"BR-116/PR";"Decrescente";"Choque";0;0;1;0;0;0;0;0;0;0;1;0;0;0;0
"24/10/2024";"20:07:44";"114";"Sem vítima";"152,500";"BR-116/PR";"Crescente";"Colisão transversal";1;0;1;0;0;0;0;0;0;0;2;0;0;0;0
"24/10/2024";"21:07:29";"119";"Sem vítima";"122,939";"BR-116/PR";"Crescente";"Colisão traseira";2;0;0;0;0;0;0;0;0;0;2;0;0;0;0
"25/10/2024";"00:47:32";"3";"Sem vítima";"197,500";"BR-116/PR";"Crescente";"Choque";1;0;0;0;0;0;0;0;0;0;1;0;0;0;0
"25/10/2024";"12:28:50";"62";"Com vítima";"22,100";"BR-116/SC";"Crescente";"Colisão lateral no mesmo sentido";1;0;1;0;0;0;0;0;0;0;2;2;0;0;0
"25/10/2024";"12:51:52";"65";"Com vítima";"117,773";"BR-116/PR";"Decrescente";"Choque";0;0;0;1;0;0;0;0;0;0;0;0;0;0;1
"25/10/2024";"16:24:15";"81";"Sem vítima";"125,100";"BR-116/PR";"Crescente";"Colisão lateral no mesmo sentido";2;0;0;0;0;0;0;0;0;0;2;0;0;0;0
"25/10/2024";"16:45:21";"83";"Com vítima";"7,600";"BR-116/SC";"Decrescente";"Colisão transversal";1;0;0;1;0;0;0;0;0;0;0;2;0;0;0
"25/10/2024";"20:26:51";"109";"Com vítima";"99,100";"BR-116/SC";"Crescente";"Colisão transversal";0;0;1;1;0;0;0;0;0;0;1;0;1;0;0
"25/10/2024";"21:09:18";"111";"Sem vítima";"119,300";"BR-116/PR";"Crescente";"Colisão traseira";1;0;0;1;0;0;0;0;0;0;2;0;0;0;0
"26/10/2024";"06:55:28";"10";"Com vítima";"124,883";"BR-116/PR";"Crescente";"Colisão traseira";0;0;0;1;0;0;0;0;0;0;0;0;0;1;0
"26/10/2024";"22:39:58";"95";"Com vítima";"145,600";"BR-116/PR";"Crescente";"Atropelamento de pedestre";1;0;0;0;0;0;0;0;0;0;1;0;0;0;1
"27/10/2024";"02:33:47";"5";"Sem vítima";"133,200";"BR-116/SC";"Crescente";"Choque";1;0;0;0;0;0;0;0;0;0;2;0;0;0;0
"27/10/2024";"03:07:50";"6";"Sem vítima";"170,500";"BR-116/SC";"Crescente";"Choque";1;0;0;0;0;0;0;0;0;0;1;0;0;0;0
"27/10/2024";"11:54:19";"26";"Sem vítima";"149,100";"BR-116/PR";"Crescente";"Colisão lateral no mesmo sentido";2;0;0;0;0;0;0;0;0;0;7;0;0;0;0
"27/10/2024";"19:15:46";"54";"Com vítima";"12,250";"BR-116/SC";"Crescente";"Colisão transversal";1;0;0;1;0;0;0;0;0;0;1;2;0;0;0
"27/10/2024";"19:24:08";"56";"Com vítima";"126,072";"BR-116/PR";"Crescente";"Colisão traseira";0;0;1;2;0;0;0;0;0;0;1;0;1;0;0
"27/10/2024";"20:25:15";"58";"Com vítima";"229,188";"BR-116/SC";"Decrescente";"Colisão transversal";1;0;0;1;0;0;0;0;0;0;0;0;0;1;0
"28/10/2024";"18:19:25";"83";"Com vítima";"140,177";"BR-116/PR";"Decrescente";"Colisão traseira";1;0;0;1;0;0;0;0;0;0;1;1;0;0;0
"28/10/2024";"21:44:56";"93";"Com vítima";"154,100";"BR-116/SC";"Decrescente";"Tombamento";0;0;1;0;0;0;0;0;0;0;0;1;0;0;0
"29/10/2024";"13:40:55";"67";"Sem vítima";"152,700";"BR-116/PR";"Crescente";"Colisão lateral no mesmo sentido";1;0;1;0;0;0;0;0;0;0;2;0;0;0;0
"29/10/2024";"15:50:03";"76";"Sem vítima";"40,100";"BR-116/SC";"Decrescente";"Colisão transversal";1;0;0;0;0;0;0;0;0;0;1;0;0;0;0
"29/10/2024";"16:57:33";"83";"Sem vítima";"114,100";"BR-116/SC";"Crescente";"Engavetamento";0;0;3;0;0;0;0;0;0;0;3;0;0;0;0
"30/10/2024";"06:48:23";"15";"Com vítima";"123,132";"BR-116/SC";"Crescente";"Saída de pista";1;0;0;0;0;0;0;0;0;0;0;1;0;0;0
"31/10/2024";"09:18:33";"58";"Sem vítima";"127,301";"BR-116/PR";"Decrescente";"Colisão lateral no mesmo sentido";0;0;1;1;0;0;0;0;0;0;2;0;0;0;0
"01/11/2024";"06:34:21";"12";"Com vítima";"124,100";"BR-116/PR";"Decrescente";"Colisão lateral no mesmo sentido";1;0;0;1;0;0;0;0;0;0;0;1;0;0;0
"01/11/2024";"08:35:19";"47";"Com vítima";"211,100";"BR-116/SC";"Crescente";"Capotamento";1;0;0;0;0;0;0;0;0;0;0;1;0;0;0
"01/11/2024";"10:26:54";"64";"Sem vítima";"126,100";"BR-116/PR";"Decrescente";"Engavetamento";2;0;1;0;0;0;0;0;0;0;3;0;0;0;0
"01/11/2024";"10:55:45";"67";"Com vítima";"126,110";"BR-116/PR";"Crescente";"Atropelamento de pedestre";1;0;0;0;0;0;0;0;0;0;0;0;1;0;0
"01/11/2024";"18:48:53";"104";"Sem vítima";"140,366";"BR-116/PR";"Decrescente";"Choque";1;0;0;0;0;0;0;0;0;0;1;0;0;0;0
"01/11/2024";"23:38:38";"125";"Sem vítima";"116,266";"BR-116/PR";"Decrescente";"Atropelamento de animal";0;0;0;1;0;0;0;0;0;0;1;0;0;0;0
"02/11/2024";"01:14:13";"6";"Com vítima";"90,050";"BR-116/SC";"Decrescente";"Atropelamento de pedestre";0;0;0;0;0;0;0;0;0;0;0;0;0;0;1
"02/11/2024";"10:57:34";"28";"Com vítima";"197,965";"BR-116/PR";"Decrescente";"Choque";1;0;0;0;0;0;0;0;0;0;0;1;0;0;0
"02/11/2024";"11:46:43";"29";"Com vítima";"139,870";"BR-116/SC";"Decrescente";"Colisão transversal";1;0;0;0;0;0;0;0;0;0;1;0;0;0;1
"02/11/2024";"11:48:08";"30";"Sem vítima";"61,100";"BR-116/SC";"Decrescente";"Saída de pista";1;0;0;0;0;0;0;0;0;0;1;0;0;0;0
"02/11/2024";"12:20:38";"34";"Sem vítima";"176,200";"BR-116/PR";"Decrescente";"Choque";2;0;1;0;0;0;0;0;0;0;3;0;0;0;0
"02/11/2024";"15:15:56";"44";"Sem vítima";"162,150";"BR-116/SC";"Crescente";"Saída de pista";0;0;0;0;0;0;0;0;0;1;1;0;0;0;0
"02/11/2024";"15:16:42";"45";"Sem vítima";"74,200";"BR-116/SC";"Decrescente";"Saída de pista";1;0;0;0;0;0;0;0;0;0;1;0;0;0;0
"02/11/2024";"16:33:47";"51";"Sem vítima";"181,354";"BR-116/SC";"Decrescente";"Capotamento";1;0;0;0;0;0;0;0;0;0;0;0;0;0;0
"02/11/2024";"16:54:22";"53";"Sem vítima";"182,600";"BR-116/PR";"Decrescente";"Saída de pista";1;0;0;0;0;0;0;0;0;0;3;0;0;0;0
"02/11/2024";"22:23:32";"68";"Com vítima";"127,980";"BR-116/PR";"Crescente";"Atropelamento de pedestre";1;0;0;0;0;0;0;0;0;0;1;0;1;0;0
"02/11/2024";"22:39:13";"71";"Com vítima";"115,100";"BR-116/PR";"Crescente";"Saída de pista";1;0;0;0;0;0;0;0;0;0;1;2;0;0;0
"03/11/2024";"04:53:30";"11";"Sem vítima";"248,785";"BR-116/SC";"Crescente";"Choque";1;0;0;0;0;0;0;0;0;0;2;0;0;0;0
"03/11/2024";"09:48:59";"26";"Com vítima";"96,100";"BR-116/SC";"Crescente";"Choque";1;0;0;0;0;0;0;0;0;0;2;1;0;0;0
"03/11/2024";"10:38:21";"27";"Com vítima";"126,100";"BR-116/PR";"Decrescente";"Colisão traseira";1;0;0;1;0;0;0;0;0;0;1;1;0;0;0
"03/11/2024";"11:23:02";"31";"Com vítima";"284,100";"BR-116/SC";"Crescente";"Queda de moto";0;0;0;1;0;0;0;0;0;0;0;0;0;1;0
"03/11/2024";"18:07:48";"60";"Sem vítima";"156,300";"BR-116/PR";"Crescente";"Choque";1;0;0;0;0;0;0;0;0;0;1;0;0;0;0
"04/11/2024";"13:29:59";"64";"Com vítima";"134,120";"BR-116/SC";"Decrescente";"Choque";1;0;0;0;0;0;0;0;0;0;0;1;0;0;0
"04/11/2024";"14:13:23";"67";"Com vítima";"126,836";"BR-116/PR";"Decrescente";"Colisão traseira";1;0;1;0;0;0;0;0;0;0;1;1;0;0;0
"04/11/2024";"16:01:23";"73";"Sem vítima";"198,100";"BR-116/PR";"Decrescente";"Queda de moto";0;0;0;1;0;0;0;0;0;0;1;0;0;0;0
"04/11/2024";"19:17:58";"92";"Sem vítima";"125,753";"BR-116/PR";"Decrescente";"Colisão traseira";0;0;2;0;0;0;0;0;0;0;1;0;0;0;0
"05/11/2024";"05:37:05";"10";"Sem vítima";"121,627";"BR-116/PR";"Decrescente";"Choque";1;0;0;0;0;0;0;0;0;0;1;0;0;0;0
"05/11/2024";"06:37:37";"17";"Com vítima";"125,100";"BR-116/PR";"Decrescente";"Colisão lateral no mesmo sentido";1;0;0;1;0;0;0;0;0;0;1;1;0;0;0
"05/11/2024";"07:16:45";"24";"Sem vítima";"107,200";"BR-116/SC";"Decrescente";"Choque";0;0;1;0;0;0;0;0;0;0;1;0;0;0;0
"05/11/2024";"08:00:48";"29";"Sem vítima";"117,500";"BR-116/PR";"Crescente";"Colisão traseira";2;0;0;0;0;0;0;0;0;0;2;0;0;0;0
"05/11/2024";"08:10:09";"32";"Com vítima";"177,100";"BR-116/SC";"Crescente";"Choque";1;0;0;0;0;0;0;0;0;0;0;1;0;0;0
"06/11/2024";"05:41:58";"9";"Com vítima";"193,765";"BR-116/PR";"Crescente";"Choque";1;0;0;0;0;0;0;0;0;0;0;3;0;0;0
"06/11/2024";"19:23:44";"88";"Sem vítima";"81,600";"BR-116/SC";"Crescente";"Colisão traseira";1;0;1;0;0;0;0;0;0;0;2;0;0;0;0
"06/11/2024";"19:25:43";"89";"Com vítima";"219,100";"BR-116/SC";"Decrescente";"Colisão transversal";0;0;0;1;0;0;0;0;0;0;1;0;0;2;0
"06/11/2024";"21:53:03";"99";"Sem vítima";"139,100";"BR-116/SC";"Decrescente";"Colisão traseira";2;0;0;0;0;0;0;0;0;0;2;0;0;0;0
"07/11/2024";"08:14:12";"37";"Sem vítima";"124,700";"BR-116/PR";"Crescente";"Colisão traseira";1;0;0;0;0;0;0;0;0;0;3;0;0;0;0
"07/11/2024";"08:16:34";"38";"Sem vítima";"7,100";"BR-116/SC";"Decrescente";"Colisão traseira";1;0;0;0;0;0;0;0;0;0;2;0;0;0;0
"07/11/2024";"08:47:22";"44";"Sem vítima";"124,100";"BR-116/PR";"Decrescente";"Engavetamento";4;0;0;0;0;0;0;0;0;0;5;0;0;0;0
"07/11/2024";"10:51:53";"66";"Sem vítima";"135,100";"BR-116/PR";"Decrescente";"Choque";1;0;0;0;0;0;0;0;0;0;1;0;0;0;0
"07/11/2024";"13:10:42";"75";"Com vítima";"122,100";"BR-116/PR";"Decrescente";"Queda de moto";0;0;0;1;0;0;0;0;0;0;0;1;0;0;0
"07/11/2024";"14:56:26";"82";"Com vítima";"264,100";"BR-116/SC";"Crescente";"Choque";1;0;0;0;0;0;0;0;0;0;0;1;0;0;0
"08/11/2024";"07:39:23";"25";"Com vítima";"141,697";"BR-116/PR";"Crescente";"Colisão traseira";0;0;1;1;0;0;0;0;0;0;1;0;1;0;0
"08/11/2024";"16:47:11";"68";"Sem vítima";"124,500";"BR-116/PR";"Decrescente";"Colisão traseira";1;0;0;0;0;0;0;0;0;0;1;0;0;0;0
"08/11/2024";"20:58:44";"91";"Sem vítima";"123,500";"BR-116/PR";"Crescente";"Colisão traseira";2;0;0;0;0;0;0;0;0;1;3;0;0;0;0
"09/11/2024";"09:31:58";"36";"Sem vítima";"116,100";"BR-116/PR";"Decrescente";"Colisão traseira";2;0;0;0;0;0;0;0;0;0;2;0;0;0;0
"09/11/2024";"15:32:20";"66";"Sem vítima";"211,100";"BR-116/PR";"Decrescente";"Colisão transversal";1;0;1;0;0;0;0;0;0;0;2;0;0;0;0
"09/11/2024";"16:01:50";"68";"Sem vítima";"138,100";"BR-116/PR";"Crescente";"Choque";1;0;0;0;0;0;0;0;0;0;1;0;0;0;0
"09/11/2024";"17:58:34";"78";"Com vítima";"254,655";"BR-116/SC";"Decrescente";"Tombamento";0;0;1;0;0;0;0;0;0;0;0;1;0;0;0
"09/11/2024";"19:49:00";"89";"Sem vítima";"226,856";"BR-116/SC";"Decrescente";"Choque";1;0;0;0;0;0;0;0;0;0;1;0;0;0;0