data;horario;n_da_ocorrencia;tipo_de_ocorrencia;km;trecho;sentido;tipo_de_acidente;automovel;bicicleta;caminhao;moto;onibus;outros;tracao_animal;transporte_de_cargas_especiais;trator_maquinas;utilitarios;ilesos;levemente_feridos;moderadamente_feridos;gravemente_feridos;mortos
"17/12/2024";"17:11:02";"91";"Sem vítima";"12,300";"BR-116/SC";"Decrescente";"Colisão transversal";2;0;0;0;0;0;0;0;0;0;2;0;0;0;0
"17/12/2024";"17:44:35";"94";"Sem vítima";"116,800";"BR-116/PR";"Crescente";"Colisão traseira";1;0;0;0;1;0;0;0;0;0;2;0;0;0;0
"17/12/2024";"18:20:23";"98";"Sem vítima";"211,200";"BR-116/PR";"Decrescente";"Colisão transversal";1;0;0;0;0;0;0;0;0;0;2;0;0;0;0
"18/12/2024";"21:03:35";"94";"Com vítima";"60,677";"BR-116/SC";"Crescente";"Colisão traseira";0;0;0;1;0;0;0;0;0;0;0;0;0;1;0
"19/12/2024";"05:39:17";"16";"Com vítima";"284,200";"BR-116/SC";"Decrescente";"Saída de pista";1;0;0;0;0;0;0;0;0;0;0;1;0;0;0
"19/12/2024";"07:05:11";"24";"Sem vítima";"124,100";"BR-116/PR";"Decrescente";"Colisão traseira";1;0;0;1;0;0;0;0;0;0;2;0;0;0;0
"20/12/2024";"00:05:32";"9";"Sem vítima";"53,824";"BR-116/SC";"Decrescente";"Choque";1;0;0;0;0;0;0;0;0;0;1;0;0;0;0
"20/12/2024";"03:19:19";"16";"Sem vítima";"124,100";"BR-116/PR";"Crescente";"Tombamento";0;0;1;0;0;0;0;0;0;0;1;0;0;0;0
"20/12/2024";"20:04:52";"116";"Sem vítima";"157,200";"BR-116/PR";"Crescente";"Colisão lateral no mesmo sentido";1;0;0;0;0;0;0;0;0;0;2;0;0;0;0
"20/12/2024";"21:08:58";"124";"Com vítima";"180,250";"BR-116/SC";"Crescente";"Colisão frontal";2;0;0;0;0;0;0;0;0;0;0;2;0;1;0
"20/12/2024";"23:22:44";"132";"Com vítima";"31,700";"BR-116/SC";"Decrescente";"Colisão frontal";2;0;0;0;0;0;0;0;0;0;1;2;0;1;0
"21/12/2024";"01:52:34";"14";"Com vítima";"117,050";"BR-116/PR";"Crescente";"Queda de moto";0;0;0;1;0;0;0;0;0;0;0;1;0;0;0
"21/12/2024";"05:26:21";"18";"Com vítima";"171,455";"BR-116/SC";"Crescente";"Colisão traseira";1;0;1;0;0;0;0;0;0;0;2;1;0;0;0
"21/12/2024";"08:11:49";"38";"Com vítima";"140,100";"BR-116/SC";"Crescente";"Colisão transversal";1;0;1;0;0;0;0;0;0;0;3;1;0;0;0
"21/12/2024";"17:47:32";"75";"Sem vítima";"203,950";"BR-116/PR";"Decrescente";"Colisão lateral no mesmo sentido";1;0;1;0;0;0;0;0;0;0;2;0;0;0;0
"21/12/2024";"17:52:15";"76";"Sem vítima";"111,300";"BR-116/SC";"Crescente";"Colisão transversal";1;0;1;0;0;0;0;0;0;0;2;0;0;0;0
"21/12/2024";"20:09:26";"90";"Sem vítima";"166,093";"BR-116/PR";"Decrescente";"Colisão traseira";1;0;0;0;0;0;0;0;0;0;1;0;0;0;0
"22/12/2024";"03:19:19";"19";"Sem vítima";"139,200";"BR-116/PR";"Crescente";"Choque";1;0;0;0;0;0;0;0;0;0;1;0;0;0;0
"22/12/2024";"04:56:32";"21";"Sem vítima";"204,862";"BR-116/SC";"Decrescente";"Choque";1;0;0;0;0;0;0;0;0;0;1;0;0;0;0
"22/12/2024";"07:27:28";"31";"Sem vítima";"118,400";"BR-116/PR";"Crescente";"Colisão lateral no mesmo sentido";1;0;1;0;0;0;0;0;0;0;2;0;0;0;0
"22/12/2024";"09:48:06";"44";"Sem vítima";"88,200";"BR-116/SC";"Crescente";"Colisão frontal";1;0;1;0;0;0;0;0;0;0;2;0;0;0;0
"22/12/2024";"12:08:18";"47";"Sem vítima";"147,300";"BR-116/PR";"Crescente";"Colisão transversal";1;0;0;0;0;0;0;0;0;1;2;0;0;0;0
"23/12/2024";"20:30:16";"93";"Sem vítima";"125,456";"BR-116/PR";"Crescente";"Engavetamento";3;0;0;0;0;0;0;0;0;0;3;0;0;0;0
"24/12/2024";"09:04:02";"36";"Sem vítima";"211,200";"BR-116/PR";"Decrescente";"Colisão transversal";1;0;0;1;0;0;0;0;0;0;2;0;0;0;0
"24/12/2024";"09:27:40";"38";"Sem vítima";"127,010";"BR-116/PR";"Decrescente";"Choque";1;0;0;0;0;0;0;0;0;0;1;0;0;0;0
"24/12/2024";"09:47:41";"40";"Sem vítima";"127,300";"BR-116/PR";"Decrescente";"Colisão lateral no mesmo sentido";1;0;0;1;0;0;0;0;0;0;2;0;0;0;0
"24/12/2024";"10:20:28";"41";"Com vítima";"118,100";"BR-116/PR";"Decrescente";"Queda de moto";0;0;0;1;0;0;0;0;0;0;0;1;0;0;0
"25/12/2024";"02:42:53";"12";"Sem vítima";"202,800";"BR-116/PR";"Crescente";"Atropelamento de animal";1;0;0;0;0;0;0;0;0;0;1;0;0;0;0
"25/12/2024";"04:46:11";"18";"Sem vítima";"125,441";"BR-116/PR";"Crescente";"Choque";1;0;0;0;0;0;0;0;0;0;1;0;0;0;0
"25/12/2024";"16:01:43";"39";"Com vítima";"226,864";"BR-116/SC";"Crescente";"Atropelamento de pedestre";1;0;0;0;0;0;0;0;0;0;1;0;0;0;1
"25/12/2024";"17:44:21";"50";"Sem vítima";"108,200";"BR-116/SC";"Decrescente";"Colisão lateral no mesmo sentido";3;0;0;0;0;0;0;0;0;0;11;0;0;0;0
"25/12/2024";"19:36:19";"54";"Sem vítima";"134,400";"BR-116/PR";"Decrescente";"Choque";0;0;1;0;0;0;0;0;0;0;1;0;0;0;0
"26/12/2024";"06:31:56";"8";"Sem vítima";"144,010";"BR-116/PR";"Decrescente";"Engavetamento";1;0;1;0;0;0;0;0;0;1;3;0;0;0;0
"26/12/2024";"11:11:13";"49";"Sem vítima";"95,100";"BR-116/SC";"Crescente";"Colisão traseira";1;0;0;0;0;0;0;0;0;0;2;0;0;0;0
"26/12/2024";"15:30:20";"62";"Com vítima";"136,150";"BR-116/PR";"Crescente";"Queda de moto";0;0;0;0;0;0;0;0;0;0;0;1;0;0;0
"27/12/2024";"02:04:56";"7";"Com vítima";"115,855";"BR-116/PR";"Crescente";"Colisão lateral no mesmo sentido";1;0;0;1;0;0;0;0;0;0;1;1;0;0;0
"27/12/2024";"06:57:30";"14";"Com vítima";"104,010";"BR-116/SC";"Decrescente";"Capotamento";1;0;0;0;0;0;0;0;0;0;0;1;0;0;0
"27/12/2024";"10:25:11";"43";"Com vítima";"105,100";"BR-116/SC";"Decrescente";"Tombamento";0;0;1;0;0;0;0;0;0;0;0;1;0;0;0
"27/12/2024";"11:41:08";"49";"Sem vítima";"255,230";"BR-116/SC";"Crescente";"Colisão traseira";2;0;0;0;0;0;0;0;0;0;2;0;0;0;0
"27/12/2024";"18:34:12";"79";"Sem vítima";"129,418";"BR-116/PR";"Crescente";"Colisão frontal";1;0;0;0;0;0;0;0;0;0;1;0;0;0;0
"28/12/2024";"02:20:02";"9";"Com vítima";"209,708";"BR-116/PR";"Crescente";"Queda de moto";0;0;0;1;0;0;0;0;0;0;0;1;0;0;0
"28/12/2024";"08:19:32";"34";"Com vítima";"296,500";"BR-116/SC";"Crescente";"Colisão traseira";1;0;0;0;0;0;0;0;0;0;2;0;1;0;1
"28/12/2024";"13:37:00";"56";"Sem vítima";"121,800";"BR-116/PR";"Crescente";"Tombamento";0;0;1;0;0;0;0;0;0;0;1;0;0;0;0
"28/12/2024";"14:03:21";"58";"Sem vítima";"121,800";"BR-116/PR";"Crescente";"Colisão transversal";1;0;1;0;0;0;0;0;0;0;2;0;0;0;0
"28/12/2024";"15:40:35";"61";"Com vítima";"117,150";"BR-116/PR";"Decrescente";"Queda de moto";0;0;0;1;0;0;0;0;0;0;0;1;0;0;0
"28/12/2024";"18:43:33";"76";"Sem vítima";"220,800";"BR-116/SC";"Crescente";"Colisão lateral no mesmo sentido";1;0;0;0;0;0;0;0;0;0;1;0;0;0;0
"29/12/2024";"05:06:52";"12";"Sem vítima";"208,494";"BR-116/PR";"Decrescente";"Choque";1;0;0;0;0;0;0;0;0;0;1;0;0;0;0
"30/12/2024";"02:23:54";"9";"Com vítima";"220,750";"BR-116/SC";"Decrescente";"Capotamento";1;0;0;0;0;0;0;0;0;0;0;0;0;2;0
"30/12/2024";"07:01:37";"16";"Sem vítima";"155,010";"BR-116/SC";"Crescente";"Saída de pista";1;0;0;0;0;0;0;0;0;0;1;0;0;0;0
"30/12/2024";"08:08:09";"37";"Sem vítima";"161,010";"BR-116/SC";"Crescente";"Saída de pista";1;0;0;0;0;0;0;0;0;0;2;0;0;0;0
"30/12/2024";"18:14:22";"70";"Com vítima";"54,930";"BR-116/SC";"Crescente";"Saída de pista";0;0;1;0;0;0;0;0;0;0;1;1;0;0;0
"30/12/2024";"21:52:09";"80";"Sem vítima";"163,800";"BR-116/PR";"Decrescente";"Colisão traseira";2;0;0;0;0;0;0;0;0;0;2;0;0;0;0
"31/12/2024";"02:24:46";"9";"Sem vítima";"288,500";"BR-116/SC";"Crescente";"Atropelamento de animal";1;0;0;0;0;0;0;0;0;0;1;0;0;0;0
"01/01/2025";"12:18:15";"29";"Com vítima";"144,100";"BR-116/PR";"Crescente";"Colisão traseira";1;0;0;1;0;0;0;0;0;0;1;0;1;0;0
"02/01/2025";"00:15:50";"1";"Sem vítima";"107,800";"BR-116/SC";"Crescente";"Choque";1;0;0;0;0;0;0;0;0;0;1;0;0;0;0
"02/01/2025";"07:31:16";"27";"Com vítima";"125,676";"BR-116/PR";"Crescente";"Colisão traseira";0;0;1;1;0;0;0;0;0;0;1;0;1;0;0
"02/01/2025";"16:56:43";"80";"Sem vítima";"126,350";"BR-116/PR";"Crescente";"Colisão traseira";2;0;0;0;0;0;0;0;0;0;1;0;0;0;0
"03/01/2025";"10:00:17";"46";"Com vítima";"146,100";"BR-116/PR";"Decrescente";"Atropelamento de pedestre";0;0;0;0;0;0;0;0;0;1;1;0;0;0;1
"03/01/2025";"18:00:43";"76";"Com vítima";"126,500";"BR-116/PR";"Crescente";"Queda de moto";0;0;0;1;0;0;0;0;0;0;0;2;0;0;0
"04/01/2025";"02:59:08";"10";"Sem vítima";"129,500";"BR-116/SC";"Decrescente";"Choque";1;0;0;0;0;0;0;0;0;0;2;0;0;0;0
"04/01/2025";"03:56:28";"13";"Sem vítima";"125,349";"BR-116/PR";"Decrescente";"Choque";1;0;0;0;0;0;0;0;0;0;1;0;0;0;0
"04/01/2025";"21:28:36";"79";"Com vítima";"218,820";"BR-116/SC";"Decrescente";"Atropelamento de pedestre";1;0;0;0;0;0;0;0;0;0;2;0;0;1;0
"05/01/2025";"14:13:13";"30";"Com vítima";"64,150";"BR-116/SC";"Crescente";"Colisão traseira";1;0;0;1;0;0;0;0;0;0;2;1;0;0;0
"06/01/2025";"07:35:55";"13";"Com vítima";"129,001";"BR-116/PR";"Decrescente";"Queda de moto";1;0;0;1;0;0;0;0;0;0;2;1;0;0;0
"06/01/2025";"10:39:37";"55";"Sem vítima";"207,200";"BR-116/SC";"Crescente";"Colisão lateral no mesmo sentido";1;0;1;0;0;0;0;0;0;0;2;0;0;0;0
"06/01/2025";"17:26:43";"83";"Sem vítima";"119,200";"BR-116/PR";"Decrescente";"Colisão traseira";0;0;0;2;0;0;0;0;0;0;2;0;0;0;0
"08/01/2025";"04:38:15";"15";"Sem vítima";"116,315";"BR-116/PR";"Crescente";"Choque";1;0;0;0;0;0;0;0;0;0;1;0;0;0;0
"08/01/2025";"09:57:58";"60";"Sem vítima";"119,001";"BR-116/PR";"Crescente";"Capotamento";1;0;0;0;0;0;0;0;0;0;1;0;0;0;0
"08/01/2025";"18:08:50";"90";"Sem vítima";"184,548";"BR-116/SC";"Decrescente";"Tombamento";0;0;1;0;0;0;0;0;0;0;1;0;0;0;0
"09/01/2025";"11:36:07";"58";"Sem vítima";"168,120";"BR-116/SC";"Crescente";"Saída de pista";1;0;0;0;0;0;0;0;0;0;1;0;0;0;0
"09/01/2025";"13:37:22";"70";"Com vítima";"130,150";"BR-116/SC";"Crescente";"Atropelamento de ciclista";0;0;0;0;1;0;0;0;0;0;1;1;0;0;0
"09/01/2025";"18:07:38";"97";"Sem vítima";"120,934";"BR-116/PR";"Crescente";"Engavetamento";4;0;0;0;0;0;0;0;0;0;4;0;0;0;0
"09/01/2025";"19:55:47";"106";"Sem vítima";"124,317";"BR-116/PR";"Crescente";"Engavetamento";2;0;1;0;0;0;0;0;0;0;2;0;0;0;0
"10/01/2025";"06:21:50";"14";"Sem vítima";"126,300";"BR-116/PR";"Crescente";"Colisão lateral no mesmo sentido";1;0;0;0;0;0;0;0;0;0;2;0;0;0;0
"10/01/2025";"09:33:26";"50";"Com vítima";"254,800";"BR-116/SC";"Decrescente";"Colisão frontal";0;0;2;0;0;0;0;0;0;1;1;1;0;0;1
"10/01/2025";"15:57:03";"76";"Sem vítima";"4,500";"BR-116/SC";"Crescente";"Colisão traseira";1;0;0;0;0;0;0;0;0;1;2;0;0;0;0
"10/01/2025";"17:15:02";"82";"Sem vítima";"1,500";"BR-116/SC";"Crescente";"Colisão traseira";2;0;0;0;0;0;0;0;0;0;2;0;0;0;0
"10/01/2025";"17:33:56";"83";"Sem vítima";"118,575";"BR-116/PR";"Crescente";"Engavetamento";4;0;0;0;0;0;0;0;0;0;4;0;0;0;0
"10/01/2025";"17:44:55";"85";"Com vítima";"115,180";"BR-116/SC";"Decrescente";"Tombamento";0;0;1;0;0;0;0;0;0;0;0;0;1;0;0
"10/01/2025";"18:33:14";"90";"Sem vítima";"160,673";"BR-116/PR";"Decrescente";"Colisão lateral no mesmo sentido";1;0;0;0;0;0;0;0;0;0;1;0;0;0;0
"10/01/2025";"19:52:56";"95";"Com vítima";"54,930";"BR-116/SC";"Decrescente";"Colisão transversal";1;0;1;0;0;0;0;0;0;0;2;1;0;0;0
"10/01/2025";"22:24:57";"104";"Com vítima";"126,149";"BR-116/PR";"Decrescente";"Colisão lateral no mesmo sentido";0;0;0;1;0;0;0;0;0;0;0;1;0;0;0
"11/01/2025";"04:11:45";"13";"Com vítima";"220,833";"BR-116/SC";"Decrescente";"Colisão traseira";1;0;1;0;0;0;0;0;0;0;1;0;1;0;0
"11/01/2025";"16:25:24";"57";"Com vítima";"118,800";"BR-116/SC";"Crescente";"Colisão traseira";1;0;0;0;0;0;0;0;0;0;2;3;0;0;0
"12/01/2025";"05:22:53";"9";"Sem vítima";"151,100";"BR-116/PR";"Crescente";"Choque";1;0;0;0;0;0;0;0;0;0;1;0;0;0;0
"12/01/2025";"09:25:28";"22";"Sem vítima";"126,100";"BR-116/PR";"Decrescente";"Colisão traseira";2;0;0;0;0;0;0;0;0;0;2;0;0;0;0
"12/01/2025";"18:58:48";"55";"Com vítima";"118,240";"BR-116/PR";"Decrescente";"Tombamento";0;0;1;0;0;0;0;0;0;0;0;0;0;0;1
"12/01/2025";"19:36:35";"57";"Com vítima";"119,772";"BR-116/PR";"Decrescente";"Engavetamento";0;0;0;1;0;0;0;0;0;0;0;2;0;0;0
"13/01/2025";"06:48:34";"17";"Com vítima";"126,350";"BR-116/PR";"Decrescente";"Colisão transversal";1;0;0;2;0;0;0;0;0;0;3;1;0;0;0
"13/01/2025";"07:20:43";"22";"Com vítima";"118,500";"BR-116/PR";"Decrescente";"Queda de moto";0;0;0;1;0;0;0;0;0;0;0;1;0;0;0
"13/01/2025";"07:57:58";"29";"Sem vítima";"59,010";"BR-116/SC";"Decrescente";"Colisão lateral no mesmo sentido";1;0;1;0;0;0;0;0;0;0;2;0;0;0;0
"13/01/2025";"12:09:10";"64";"Sem vítima";"70,400";"BR-116/SC";"Decrescente";"Colisão lateral no mesmo sentido";1;0;1;0;0;0;0;0;0;0;2;0;0;0;0
"13/01/2025";"13:25:30";"69";"Sem vítima";"168,040";"BR-116/SC";"Crescente";"Colisão lateral no mesmo sentido";0;0;1;0;0;0;0;0;0;0;2;0;0;0;0
"13/01/2025";"14:24:44";"72";"Com vítima";"261,001";"BR-116/SC";"Crescente";"Choque";0;0;0;0;0;0;0;0;0;1;1;1;0;0;0
"13/01/2025";"18:07:11";"85";"Com vítima";"116,856";"BR-116/PR";"Crescente";"Colisão lateral no mesmo sentido";1;0;0;1;0;0;0;0;0;0;1;0;1;0;0
"14/01/2025";"11:56:06";"64";"Sem vítima";"126,300";"BR-116/PR";"Decrescente";"Colisão traseira";2;0;0;0;0;0;0;0;0;0;2;0;0;0;0
"14/01/2025";"15:54:52";"79";"Com vítima";"201,100";"BR-116/PR";"Decrescente";"Colisão traseira";1;0;0;1;0;0;0;0;0;0;0;1;0;0;0
"15/01/2025";"05:44:16";"13";"Sem vítima";"152,400";"BR-116/PR";"Decrescente";"Colisão transversal";0;0;0;0;0;0;0;0;0;1;1;0;0;0;0
"15/01/2025";"06:26:50";"15";"Com vítima";"308,120";"BR-116/SC";"Decrescente";"Choque";1;0;0;0;0;0;0;0;0;0;1;1;0;0;0
"15/01/2025";"22:49:35";"98";"Com vítima";"117,017";"BR-116/PR";"Crescente";"Colisão lateral no mesmo sentido";2;0;0;0;0;0;0;0;0;0;0;4;0;0;0
"16/01/2025";"07:50:13";"29";"Com vítima";"157,100";"BR-116/PR";"Crescente";"Colisão traseira";1;0;0;1;0;0;0;0;0;0;1;1;0;0;0
"17/01/2025";"09:16:14";"47";"Sem vítima";"245,600";"BR-116/SC";"Crescente";"Colisão transversal";1;0;1;0;0;0;0;0;0;0;2;0;0;0;0
"17/01/2025";"12:32:23";"62";"Sem vítima";"115,150";"BR-116/PR";"Decrescente";"Colisão traseira";1;0;0;0;0;0;0;0;0;0;1;0;0;0;0
"17/01/2025";"15:36:47";"79";"Sem vítima";"206,120";"BR-116/PR";"Decrescente";"Choque";1;0;0;0;0;0;0;0;0;0;1;0;0;0;0
"17/01/2025";"16:29:02";"85";"Sem vítima";"81,600";"BR-116/SC";"Crescente";"Colisão traseira";1;0;1;0;0;0;0;0;0;0;2;0;0;0;0
"17/01/2025";"18:02:55";"92";"Com vítima";"226,300";"BR-116/SC";"Decrescente";"Queda de moto";0;0;0;1;0;0;0;0;0;0;0;0;2;0;0
"17/01/2025";"18:11:15";"94";"Com vítima";"134,379";"BR-116/PR";"Crescente";"Colisão transversal";1;0;0;0;0;0;0;0;0;1;4;1;1;0;0
"18/01/2025";"17:08:13";"63";"Sem vítima";"120,100";"BR-116/PR";"Crescente";"Saída de pista";1;0;0;0;0;0;0;0;0;0;1;0;0;0;0
"19/01/2025";"04:37:24";"11";"Sem vítima";"177,625";"BR-116/SC";"Decrescente";"Saída de pista";1;0;0;0;0;0;0;0;0;0;1;0;0;0;0
"19/01/2025";"05:41:56";"13";"Sem vítima";"138,800";"BR-116/SC";"Crescente";"Choque";1;0;0;0;0;0;0;0;0;0;1;0;0;0;0
"19/01/2025";"05:55:39";"15";"Sem vítima";"116,800";"BR-116/PR";"Decrescente";"Choque";1;0;0;0;0;0;0;0;0;0;1;0;0;0;0
"19/01/2025";"07:00:32";"18";"Sem vítima";"120,300";"BR-116/SC";"Crescente";"Saída de pista";1;0;0;0;0;0;0;0;0;0;1;0;0;0;0
"19/01/2025";"09:29:06";"30";"Sem vítima";"116,700";"BR-116/PR";"Decrescente";"Choque";1;0;0;0;0;0;0;0;0;0;1;0;0;0;0
"19/01/2025";"11:01:58";"36";"Sem vítima";"126,200";"BR-116/PR";"Crescente";"Colisão transversal";2;0;0;0;0;0;0;0;0;0;2;0;0;0;0
"19/01/2025";"18:05:00";"70";"Sem vítima";"173,400";"BR-116/SC";"Crescente";"Choque";1;0;0;0;0;0;0;0;0;0;1;0;0;0;0
"19/01/2025";"21:08:22";"76";"Sem vítima";"24,714";"BR-116/SC";"Decrescente";"Saída de pista";0;0;1;0;0;0;0;0;0;0;1;0;0;0;0
"20/01/2025";"07:20:08";"17";"Sem vítima";"191,500";"BR-116/PR";"Decrescente";"Saída de pista";1;0;0;0;0;0;0;0;0;0;1;0;0;0;0
"20/01/2025";"07:33:06";"18";"Sem vítima";"199,500";"BR-116/SC";"Crescente";"Saída de pista";1;0;0;0;0;0;0;0;0;0;1;0;0;0;0
"20/01/2025";"17:51:31";"88";"Com vítima";"210,148";"BR-116/PR";"Crescente";"Colisão transversal";1;0;0;1;0;0;0;0;0;0;2;0;1;0;0
"20/01/2025";"19:40:08";"98";"Sem vítima";"126,227";"BR-116/PR";"Crescente";"Colisão lateral no mesmo sentido";1;0;1;0;0;0;0;0;0;0;1;0;0;0;0
"21/01/2025";"18:17:00";"69";"Com vítima";"116,853";"BR-116/PR";"Decrescente";"Colisão traseira";1;0;0;1;0;0;0;0;0;0;1;0;1;0;0
"21/01/2025";"22:32:59";"83";"Com vítima";"227,700";"BR-116/SC";"Decrescente";"Capotamento";1;0;0;0;0;0;0;0;0;0;0;0;0;1;0
"22/01/2025";"08:07:08";"37";"Com vítima";"23,500";"BR-116/SC";"Decrescente";"Queda de moto";0;0;0;1;0;0;0;0;0;0;0;1;0;0;0
"23/01/2025";"03:00:50";"12";"Sem vítima";"194,999";"BR-116/PR";"Crescente";"Choque";0;0;0;0;0;0;0;0;0;1;1;0;0;0;0
"23/01/2025";"05:19:40";"19";"Com vítima";"133,400";"BR-116/PR";"Crescente";"Colisão traseira";0;0;2;0;0;0;0;0;0;0;1;1;0;0;0
"23/01/2025";"13:22:52";"85";"Sem vítima";"55,800";"BR-116/SC";"Decrescente";"Saída de pista";1;0;0;0;0;0;0;0;0;0;2;0;0;0;0
"23/01/2025";"16:35:56";"105";"Com vítima";"147,500";"BR-116/PR";"Decrescente";"Colisão transversal";0;0;0;1;1;0;0;0;0;0;1;1;0;0;0
"24/01/2025";"02:36:20";"6";"Sem vítima";"173,762";"BR-116/PR";"Decrescente";"Saída de pista";1;0;0;0;0;0;0;0;0;0;2;0;0;0;0
"24/01/2025";"06:41:27";"10";"Sem vítima";"130,010";"BR-116/PR";"Decrescente";"Choque";0;0;0;0;0;0;0;0;0;1;1;0;0;0;0
"24/01/2025";"18:50:55";"102";"Com vítima";"120,500";"BR-116/PR";"Crescente";"Colisão traseira";1;0;0;1;0;0;0;0;0;0;1;1;0;0;0
"25/01/2025";"05:38:05";"15";"Sem vítima";"179,625";"BR-116/SC";"Crescente";"Choque";0;0;1;0;0;0;0;0;0;0;1;0;0;0;0
"25/01/2025";"09:48:14";"38";"Sem vítima";"101,100";"BR-116/SC";"Decrescente";"Saída de pista";0;0;1;0;0;0;0;0;0;0;1;0;0;0;0
"26/01/2025";"14:57:20";"36";"Com vítima";"173,200";"BR-116/PR";"Decrescente";"Colisão lateral no mesmo sentido";0;0;0;1;0;0;0;0;0;0;0;0;0;1;0
"26/01/2025";"21:54:28";"69";"Sem vítima";"131,282";"BR-116/PR";"Decrescente";"Choque";1;0;0;0;0;0;0;0;0;0;1;0;0;0;0
"26/01/2025";"22:15:33";"70";"Sem vítima";"117,043";"BR-116/PR";"Crescente";"Choque";1;0;0;0;0;0;0;0;0;0;2;0;0;0;0
"26/01/2025";"22:54:45";"72";"Sem vítima";"135,072";"BR-116/SC";"Crescente";"Capotamento";1;0;0;0;0;0;0;0;0;0;2;0;0;0;0
"26/01/2025";"23:44:56";"74";"Sem vítima";"115,800";"BR-116/PR";"Crescente";"Choque";1;0;0;0;0;0;0;0;0;0;1;0;0;0;0
"27/01/2025";"11:23:49";"55";"Com vítima";"10,100";"BR-116/SC";"Crescente";"Queda de moto";0;0;0;1;0;0;0;0;0;0;1;1;0;0;0
"27/01/2025";"14:09:49";"63";"Com vítima";"211,213";"BR-116/SC";"Crescente";"Tombamento";0;0;1;0;0;0;0;0;0;0;0;1;0;0;0
"28/01/2025";"07:33:55";"23";"Com vítima";"118,400";"BR-116/PR";"Decrescente";"Engavetamento";3;0;0;1;0;0;0;0;0;0;3;1;0;0;0
"28/01/2025";"13:48:22";"75";"Sem vítima";"4,200";"BR-116/SC";"Decrescente";"Saída de pista";1;0;0;0;0;0;0;0;0;0;1;0;0;0;0
"30/01/2025";"02:37:12";"9";"Com vítima";"118,819";"BR-116/PR";"Crescente";"Capotamento";1;0;0;0;0;0;0;0;0;0;0;0;1;0;1
"30/01/2025";"08:48:25";"57";"Com vítima";"119,300";"BR-116/PR";"Decrescente";"Colisão frontal";0;0;1;1;0;0;0;0;0;0;1;1;0;0;0
"30/01/2025";"13:28:24";"78";"Sem vítima";"12,600";"BR-116/SC";"Crescente";"Colisão transversal";1;0;1;0;0;0;0;0;0;0;2;0;0;0;0
"30/01/2025";"18:49:54";"102";"Sem vítima";"124,268";"BR-116/PR";"Crescente";"Engavetamento";1;0;0;0;0;0;0;0;0;0;2;0;0;0;0
"31/01/2025";"22:35:37";"93";"Com vítima";"125,200";"BR-116/PR";"Decrescente";"Queda de moto";0;0;0;1;0;0;0;0;0;0;0;1;0;0;0
"01/02/2025";"02:59:47";"8";"Sem vítima";"267,900";"BR-116/SC";"Crescente";"Capotamento";1;0;0;0;0;0;0;0;0;0;0;0;0;0;0
"01/02/2025";"13:27:14";"47";"Com vítima";"119,010";"BR-116/PR";"Decrescente";"Queda de moto";0;0;0;1;0;0;0;0;0;0;0;1;0;0;0
"01/02/2025";"14:47:02";"57";"Com vítima";"144,001";"BR-116/PR";"Crescente";"Saída de pista";1;0;0;0;0;0;0;0;0;0;0;1;0;0;0
"02/02/2025";"00:48:36";"4";"Com vítima";"157,760";"BR-116/PR";"Crescente";"Colisão frontal";0;0;1;1;0;0;0;0;0;0;1;0;0;0;1
"02/02/2025";"01:56:02";"7";"Sem vítima";"141,817";"BR-116/SC";"Decrescente";"Choque";1;0;0;0;0;0;0;0;0;0;1;0;0;0;0
"02/02/2025";"06:53:02";"13";"Com vítima";"216,900";"BR-116/SC";"Decrescente";"Capotamento";1;0;0;0;0;0;0;0;0;0;0;1;0;0;0
"02/02/2025";"22:36:51";"69";"Com vítima";"115,276";"BR-116/PR";"Crescente";"Choque";1;0;0;0;0;0;0;0;0;0;0;1;0;0;0
"03/02/2025";"00:46:37";"3";"Sem vítima";"42,200";"BR-116/SC";"Crescente";"Choque";1;0;0;0;0;0;0;0;0;0;1;0;0;0;0
"03/02/2025";"09:43:24";"53";"Sem vítima";"14,010";"BR-116/SC";"Decrescente";"Colisão lateral no mesmo sentido";1;0;0;0;0;0;0;0;0;0;2;0;0;0;0
"03/02/2025";"17:42:50";"88";"Com vítima";"126,591";"BR-116/PR";"Crescente";"Colisão lateral no mesmo sentido";0;0;0;1;0;0;0;0;0;0;0;0;1;0;0
"04/02/2025";"02:14:19";"4";"Sem vítima";"207,951";"BR-116/SC";"Crescente";"Choque";0;0;1;0;0;0;0;0;0;0;1;0;0;0;0
"04/02/2025";"08:05:49";"27";"Sem vítima";"128,100";"BR-116/PR";"Decrescente";"Colisão lateral no mesmo sentido";1;0;0;1;0;0;0;0;0;0;2;0;0;0;0
"04/02/2025";"08:28:01";"31";"Sem vítima";"245,100";"BR-116/SC";"Crescente";"Colisão lateral no mesmo sentido";2;0;0;0;0;0;0;0;0;0;2;0;0;0;0