data;horario;n_da_ocorrencia;tipo_de_ocorrencia;km;trecho;sentido;tipo_de_acidente;automovel;bicicleta;caminhao;moto;onibus;outros;tracao_animal;transporte_de_cargas_especiais;trator_maquinas;utilitarios;ilesos;levemente_feridos;moderadamente_feridos;gravemente_feridos;mortos
"04/02/2025";"10:38:23";"61";"Com vítima";"140,135";"BR-116/SC";"Crescente";"Colisão transversal";1;0;0;0;0;0;0;0;0;0;0;1;0;0;0
"05/02/2025";"15:33:11";"85";"Com vítima";"118,400";"BR-116/PR";"Crescente";"Queda de moto";0;0;0;1;0;0;0;0;0;0;0;1;0;0;0
"05/02/2025";"15:49:20";"88";"Sem vítima";"186,232";"BR-116/PR";"Decrescente";"Colisão traseira";0;0;2;0;0;0;0;0;0;0;3;0;0;0;0
"05/02/2025";"19:37:16";"102";"Com vítima";"120,291";"BR-116/PR";"Crescente";"Colisão traseira";0;0;0;1;0;0;0;0;0;1;1;1;0;0;0
"06/02/2025";"11:19:16";"64";"Com vítima";"181,145";"BR-116/SC";"Crescente";"Tombamento";0;0;1;0;0;0;0;0;0;0;0;0;1;0;0
"06/02/2025";"15:51:38";"84";"Sem vítima";"205,100";"BR-116/PR";"Decrescente";"Colisão lateral no mesmo sentido";0;0;2;0;0;0;0;0;0;0;2;0;0;0;0
"06/02/2025";"16:48:19";"90";"Com vítima";"17,100";"BR-116/SC";"Decrescente";"Colisão transversal";1;0;0;1;0;0;0;0;0;0;3;0;0;0;1
"07/02/2025";"02:16:48";"5";"Com vítima";"109,020";"BR-116/SC";"Crescente";"Colisão traseira";0;0;2;0;0;0;0;0;0;0;1;0;1;0;0
"07/02/2025";"14:07:40";"85";"Sem vítima";"129,200";"BR-116/SC";"Decrescente";"Colisão lateral no mesmo sentido";1;0;1;0;0;0;0;0;0;0;2;0;0;0;0
"07/02/2025";"21:22:09";"114";"Sem vítima";"143,420";"BR-116/PR";"Decrescente";"Colisão transversal";0;0;0;0;0;0;0;0;0;2;3;0;0;0;0
"08/02/2025";"10:38:57";"37";"Sem vítima";"174,414";"BR-116/SC";"Crescente";"Colisão lateral no mesmo sentido";1;0;1;0;0;0;0;0;0;0;2;0;0;0;0
"08/02/2025";"21:48:51";"74";"Sem vítima";"149,100";"BR-116/SC";"Decrescente";"Saída de pista";1;0;0;0;0;0;0;0;0;0;1;0;0;0;0
"08/02/2025";"23:05:34";"77";"Com vítima";"115,858";"BR-116/PR";"Crescente";"Colisão lateral no mesmo sentido";2;0;0;0;0;0;0;0;0;0;0;1;0;0;0
"09/02/2025";"05:24:43";"15";"Com vítima";"198,100";"BR-116/PR";"Crescente";"Colisão traseira";0;0;0;0;0;0;0;0;0;1;1;1;0;0;0
"09/02/2025";"16:27:01";"58";"Com vítima";"225,010";"BR-116/SC";"Decrescente";"Saída de pista";1;0;0;0;0;0;0;0;0;0;0;2;0;0;0
"09/02/2025";"18:54:10";"80";"Sem vítima";"119,529";"BR-116/PR";"Crescente";"Choque";1;0;0;0;0;0;0;0;0;0;1;0;0;0;0
"09/02/2025";"23:08:09";"97";"Com vítima";"58,602";"BR-116/SC";"Decrescente";"Choque";1;0;0;0;0;0;0;0;0;0;0;0;1;0;0
"10/02/2025";"18:43:56";"97";"Sem vítima";"94,900";"BR-116/SC";"Decrescente";"Engavetamento";1;0;2;0;0;0;0;0;0;0;3;0;0;0;0
"10/02/2025";"18:46:26";"98";"Com vítima";"122,625";"BR-116/PR";"Crescente";"Atropelamento de ciclista";0;1;1;0;0;0;0;0;0;0;0;0;0;0;0
"10/02/2025";"20:03:48";"105";"Com vítima";"125,839";"BR-116/PR";"Crescente";"Colisão lateral no mesmo sentido";1;0;0;1;0;0;0;0;0;0;1;0;1;0;0
"11/02/2025";"16:35:36";"96";"Com vítima";"122,100";"BR-116/PR";"Crescente";"Colisão lateral no mesmo sentido";0;0;1;1;0;0;0;0;0;0;0;2;0;0;0
"11/02/2025";"17:20:33";"99";"Com vítima";"199,200";"BR-116/SC";"Crescente";"Choque";0;0;0;0;0;0;0;0;0;1;0;1;0;0;0
"12/02/2025";"13:30:40";"60";"Sem vítima";"111,200";"BR-116/SC";"Crescente";"Colisão lateral no mesmo sentido";0;0;2;0;0;0;0;0;0;0;2;0;0;0;0
"12/02/2025";"19:26:02";"106";"Com vítima";"163,869";"BR-116/PR";"Decrescente";"Colisão lateral no mesmo sentido";0;0;1;0;0;0;0;0;0;1;1;2;0;0;0
"13/02/2025";"10:03:36";"60";"Com vítima";"57,500";"BR-116/SC";"Decrescente";"Colisão transversal";1;0;0;0;0;0;0;0;0;0;0;1;1;0;0
"13/02/2025";"11:28:50";"65";"Sem vítima";"166,001";"BR-116/SC";"Crescente";"Colisão traseira";0;0;2;0;0;0;0;0;0;0;2;0;0;0;0
"14/02/2025";"06:53:18";"23";"Com vítima";"120,800";"BR-116/SC";"Decrescente";"Colisão frontal";0;0;1;1;0;0;0;0;0;0;1;0;0;1;0
"14/02/2025";"08:44:01";"48";"Sem vítima";"116,600";"BR-116/PR";"Decrescente";"Colisão traseira";1;0;0;0;0;0;0;0;0;0;1;0;0;0;0
"14/02/2025";"09:37:55";"56";"Sem vítima";"116,100";"BR-116/PR";"Decrescente";"Colisão traseira";1;0;0;0;0;0;0;0;0;0;1;0;0;0;0
"14/02/2025";"20:29:14";"117";"Com vítima";"148,150";"BR-116/PR";"Crescente";"Colisão lateral no mesmo sentido";1;0;0;1;0;0;0;0;0;0;1;0;0;1;0
"16/02/2025";"02:12:58";"6";"Sem vítima";"222,170";"BR-116/SC";"Crescente";"Colisão frontal";2;0;0;0;0;0;0;0;0;0;2;0;0;0;0
"16/02/2025";"13:15:34";"34";"Sem vítima";"154,100";"BR-116/PR";"Decrescente";"Capotamento";2;0;0;0;0;0;0;0;0;0;2;0;0;0;0
"17/02/2025";"04:45:44";"10";"Sem vítima";"141,865";"BR-116/SC";"Crescente";"Colisão frontal";1;0;1;0;0;0;0;0;0;0;1;0;0;0;0
"17/02/2025";"14:39:28";"76";"Sem vítima";"120,650";"BR-116/PR";"Crescente";"Colisão traseira";1;0;1;0;0;0;0;0;0;0;2;0;0;0;0
"17/02/2025";"14:56:33";"79";"Sem vítima";"227,010";"BR-116/SC";"Crescente";"Saída de pista";1;0;0;0;0;0;0;0;0;0;1;0;0;0;0
"17/02/2025";"16:25:47";"87";"Com vítima";"120,122";"BR-116/PR";"Decrescente";"Queda de moto";0;0;0;1;0;0;0;0;0;0;0;1;1;0;0
"17/02/2025";"16:26:02";"88";"Com vítima";"217,410";"BR-116/SC";"Decrescente";"Colisão lateral no mesmo sentido";1;0;1;0;0;0;0;0;0;0;2;1;0;0;0
"17/02/2025";"18:00:42";"96";"Com vítima";"170,375";"BR-116/PR";"Decrescente";"Engavetamento";2;0;2;1;0;0;0;0;0;0;3;2;0;0;0
"18/02/2025";"00:30:01";"6";"Sem vítima";"129,629";"BR-116/PR";"Decrescente";"Colisão lateral no mesmo sentido";1;0;0;0;0;0;0;0;0;0;1;0;0;0;0
"18/02/2025";"06:47:28";"16";"Sem vítima";"166,250";"BR-116/SC";"Decrescente";"Colisão traseira";2;0;0;0;0;0;0;0;0;0;5;0;0;0;0
"18/02/2025";"12:19:31";"77";"Sem vítima";"118,496";"BR-116/PR";"Crescente";"Colisão traseira";1;0;0;0;0;0;0;0;0;0;1;0;0;0;0
"18/02/2025";"15:42:00";"91";"Com vítima";"152,800";"BR-116/PR";"Decrescente";"Colisão lateral no mesmo sentido";0;0;1;1;0;0;0;0;0;0;1;0;0;1;0
"18/02/2025";"15:46:01";"92";"Com vítima";"105,230";"BR-116/SC";"Decrescente";"Engavetamento";0;0;2;0;0;0;0;0;0;1;2;1;0;0;0
"18/02/2025";"17:52:49";"100";"Sem vítima";"123,193";"BR-116/PR";"Crescente";"Colisão traseira";2;0;0;0;0;0;0;0;0;0;1;0;0;0;0
"19/02/2025";"00:40:02";"6";"Com vítima";"115,462";"BR-116/PR";"Crescente";"Colisão traseira";0;0;1;1;0;0;0;0;0;0;1;0;0;1;0
"19/02/2025";"17:53:03";"117";"Com vítima";"10,800";"BR-116/SC";"Decrescente";"Engavetamento";3;0;1;0;0;0;0;0;0;1;3;0;1;0;1
"20/02/2025";"03:34:02";"13";"Sem vítima";"134,400";"BR-116/PR";"Decrescente";"Colisão traseira";0;0;2;0;0;0;0;0;0;0;2;0;0;0;0
"20/02/2025";"17:49:18";"115";"Sem vítima";"148,700";"BR-116/PR";"Crescente";"Colisão traseira";2;0;0;0;0;0;0;0;0;0;2;0;0;0;0
"21/02/2025";"07:14:25";"29";"Com vítima";"131,010";"BR-116/PR";"Decrescente";"Colisão traseira";1;0;0;1;0;0;0;0;0;0;1;1;0;0;0
"21/02/2025";"12:41:32";"80";"Sem vítima";"124,500";"BR-116/SC";"Crescente";"Tombamento";0;0;1;0;0;0;0;0;0;0;1;0;0;0;0
"21/02/2025";"22:35:45";"129";"Sem vítima";"32,850";"BR-116/SC";"Decrescente";"Colisão traseira";1;0;1;0;0;0;0;0;0;0;2;0;0;0;0
"22/02/2025";"02:38:43";"10";"Sem vítima";"251,601";"BR-116/SC";"Crescente";"Colisão traseira";1;0;0;0;0;0;0;0;0;1;2;0;0;0;0
"22/02/2025";"03:37:45";"13";"Sem vítima";"117,674";"BR-116/PR";"Crescente";"Colisão traseira";1;0;1;0;0;0;0;0;0;0;2;0;0;0;0
"22/02/2025";"04:22:00";"15";"Sem vítima";"67,848";"BR-116/SC";"Crescente";"Choque";1;0;0;0;0;0;0;0;0;0;1;0;0;0;0
"22/02/2025";"10:50:03";"52";"Sem vítima";"104,500";"BR-116/SC";"Decrescente";"Colisão lateral no mesmo sentido";0;0;1;0;0;0;0;0;0;0;2;0;0;0;0
"22/02/2025";"14:16:18";"65";"Com vítima";"146,500";"BR-116/PR";"Crescente";"Colisão transversal";2;0;0;0;0;0;0;0;0;0;0;0;0;3;0
"22/02/2025";"20:58:54";"88";"Com vítima";"251,282";"BR-116/SC";"Crescente";"Capotamento";1;0;0;0;0;0;0;0;0;0;0;1;0;1;0
"23/02/2025";"01:32:39";"4";"Com vítima";"69,101";"BR-116/SC";"Decrescente";"Tombamento";0;0;1;0;0;0;0;0;0;0;0;1;0;0;0
"23/02/2025";"08:08:20";"21";"Sem vítima";"132,857";"BR-116/PR";"Decrescente";"Saída de pista";0;0;0;0;0;0;0;0;0;1;1;0;0;0;0
"23/02/2025";"09:57:25";"33";"Sem vítima";"197,010";"BR-116/SC";"Crescente";"Saída de pista";1;0;0;0;0;0;0;0;0;0;1;0;0;0;0
"23/02/2025";"19:08:51";"76";"Sem vítima";"134,350";"BR-116/PR";"Decrescente";"Colisão lateral no mesmo sentido";1;0;0;0;0;0;0;0;0;0;1;0;0;0;0
"24/02/2025";"05:33:52";"18";"Sem vítima";"125,805";"BR-116/PR";"Decrescente";"Colisão traseira";2;0;0;0;0;0;0;0;0;0;3;0;0;0;0
"24/02/2025";"19:35:11";"136";"Com vítima";"187,192";"BR-116/SC";"Decrescente";"Colisão frontal";1;0;1;0;0;0;0;0;0;0;0;3;0;0;2
"25/02/2025";"07:05:42";"17";"Com vítima";"116,001";"BR-116/PR";"Decrescente";"Engavetamento";1;0;1;2;0;0;0;0;0;0;2;1;1;0;0
"25/02/2025";"09:13:20";"30";"Com vítima";"125,200";"BR-116/PR";"Decrescente";"Colisão lateral no mesmo sentido";1;0;0;1;0;0;0;0;0;0;1;1;0;0;0
"25/02/2025";"11:50:15";"76";"Sem vítima";"246,900";"BR-116/SC";"Crescente";"Colisão lateral no mesmo sentido";1;0;1;0;0;0;0;0;0;0;2;0;0;0;0
"25/02/2025";"12:47:18";"82";"Com vítima";"141,700";"BR-116/PR";"Crescente";"Colisão transversal";1;0;1;0;0;0;0;0;0;0;1;1;0;0;0
"25/02/2025";"16:17:17";"109";"Sem vítima";"175,001";"BR-116/PR";"Decrescente";"Colisão lateral no mesmo sentido";1;0;1;0;0;0;0;0;0;0;2;0;0;0;0
"25/02/2025";"22:16:22";"138";"Com vítima";"117,500";"BR-116/SC";"Decrescente";"Tombamento";0;0;1;0;0;0;0;0;0;0;0;2;0;0;0
"26/02/2025";"07:14:48";"33";"Com vítima";"116,700";"BR-116/PR";"Decrescente";"Colisão lateral no mesmo sentido";1;0;0;1;0;0;0;0;0;0;1;1;0;0;0
"26/02/2025";"08:20:25";"53";"Sem vítima";"116,100";"BR-116/PR";"Decrescente";"Colisão lateral no mesmo sentido";1;0;0;1;0;0;0;0;0;0;2;0;0;0;0
"26/02/2025";"09:37:06";"73";"Sem vítima";"115,100";"BR-116/PR";"Decrescente";"Colisão traseira";1;0;1;0;0;0;0;0;0;0;2;0;0;0;0
"26/02/2025";"18:14:15";"127";"Sem vítima";"121,502";"BR-116/PR";"Crescente";"Engavetamento";2;0;1;0;0;0;0;0;0;0;3;0;0;0;0
"26/02/2025";"20:27:02";"139";"Sem vítima";"128,746";"BR-116/PR";"Crescente";"Colisão traseira";3;0;0;0;0;0;0;0;0;0;3;0;0;0;0
"26/02/2025";"22:17:03";"147";"Sem vítima";"234,500";"BR-116/SC";"Decrescente";"Colisão lateral no mesmo sentido";0;0;2;0;0;0;0;0;0;0;2;0;0;0;0
"27/02/2025";"00:09:59";"8";"Com vítima";"140,625";"BR-116/SC";"Decrescente";"Choque";1;0;0;0;0;0;0;0;0;0;0;1;0;0;0
"27/02/2025";"01:11:10";"12";"Sem vítima";"125,793";"BR-116/PR";"Crescente";"Colisão traseira";2;0;0;0;0;0;0;0;0;0;3;0;0;0;0
"27/02/2025";"03:40:09";"13";"Com vítima";"24,123";"BR-116/SC";"Decrescente";"Colisão traseira";1;0;1;0;0;0;0;0;0;0;1;1;0;0;0
"27/02/2025";"11:17:36";"77";"Com vítima";"205,001";"BR-116/SC";"Crescente";"Colisão lateral no mesmo sentido";0;0;2;0;0;0;0;0;0;0;0;2;0;0;0
"27/02/2025";"16:07:35";"108";"Sem vítima";"95,200";"BR-116/SC";"Crescente";"Colisão traseira";0;0;2;0;0;0;0;0;0;0;2;0;0;0;0
"27/02/2025";"17:30:07";"120";"Sem vítima";"186,190";"BR-116/PR";"Crescente";"Colisão traseira";2;0;0;0;0;0;0;0;0;0;2;0;0;0;0
"27/02/2025";"18:17:04";"125";"Com vítima";"123,030";"BR-116/PR";"Crescente";"Queda de moto";0;0;0;1;0;0;0;0;0;0;0;0;1;0;0
"27/02/2025";"18:51:52";"126";"Sem vítima";"123,900";"BR-116/PR";"Crescente";"Colisão traseira";2;0;0;0;0;0;0;0;0;0;2;0;0;0;0
"27/02/2025";"22:51:32";"135";"Sem vítima";"124,119";"BR-116/PR";"Crescente";"Colisão traseira";1;0;0;0;0;0;0;0;0;0;2;0;0;0;0
"28/02/2025";"05:47:57";"12";"Sem vítima";"144,860";"BR-116/SC";"Crescente";"Tombamento";0;0;1;0;0;0;0;0;0;0;1;0;0;0;0
"28/02/2025";"07:40:11";"25";"Com vítima";"124,150";"BR-116/PR";"Decrescente";"Queda de moto";0;0;0;1;0;0;0;0;0;0;0;1;0;0;0
"28/02/2025";"10:50:06";"67";"Sem vítima";"0,900";"BR-116/SC";"Decrescente";"Saída de pista";0;0;1;0;0;0;0;0;0;0;1;0;0;0;0
"28/02/2025";"17:11:44";"99";"Sem vítima";"140,250";"BR-116/PR";"Decrescente";"Capotamento";1;0;0;0;0;0;0;0;0;0;4;0;0;0;0
"28/02/2025";"18:12:11";"107";"Com vítima";"127,120";"BR-116/PR";"Crescente";"Colisão traseira";1;0;0;1;0;0;0;0;0;0;1;1;0;0;0
"28/02/2025";"20:26:59";"124";"Com vítima";"134,030";"BR-116/PR";"Crescente";"Atropelamento de pedestre";0;0;0;1;0;0;0;0;0;0;0;2;1;0;0
"28/02/2025";"20:33:29";"125";"Com vítima";"115,000";"BR-116/SC";"Decrescente";"Tombamento";0;0;1;0;0;0;0;0;0;0;0;1;0;0;0
"28/02/2025";"22:08:17";"129";"Sem vítima";"121,176";"BR-116/PR";"Crescente";"Choque";2;0;0;0;0;0;0;0;0;0;1;0;0;0;0
"28/02/2025";"23:19:40";"134";"Com vítima";"140,250";"BR-116/SC";"Crescente";"Choque";1;0;0;0;0;0;0;0;0;0;0;0;1;0;0
"01/03/2025";"08:09:52";"25";"Sem vítima";"247,500";"BR-116/SC";"Crescente";"Colisão frontal";1;0;1;0;0;0;0;0;0;0;2;0;0;0;0
"02/03/2025";"03:07:22";"12";"Com vítima";"154,100";"BR-116/PR";"Decrescente";"Atropelamento de pedestre";1;0;0;0;0;0;0;0;0;0;1;1;0;0;0
"02/03/2025";"15:31:16";"51";"Com vítima";"152,400";"BR-116/PR";"Decrescente";"Colisão transversal";1;0;0;0;0;0;0;0;0;1;2;5;0;0;0
"02/03/2025";"20:05:48";"76";"Com vítima";"106,100";"BR-116/SC";"Decrescente";"Queda de moto";0;0;0;1;0;0;0;0;0;0;0;1;0;0;0
"02/03/2025";"20:38:00";"77";"Sem vítima";"152,600";"BR-116/PR";"Decrescente";"Colisão traseira";2;0;0;0;0;0;0;0;0;0;2;0;0;0;0
"03/03/2025";"12:39:20";"62";"Com vítima";"210,600";"BR-116/PR";"Decrescente";"Colisão lateral no mesmo sentido";1;0;0;1;0;0;0;0;0;0;1;1;0;0;0
"03/03/2025";"18:28:30";"99";"Sem vítima";"146,631";"BR-116/PR";"Crescente";"Choque";1;0;0;0;0;0;0;0;0;0;1;0;0;0;0
"04/03/2025";"09:57:12";"43";"Sem vítima";"30,200";"BR-116/SC";"Crescente";"Queda de moto";0;0;0;1;0;0;0;0;0;0;1;0;0;0;0
"04/03/2025";"12:59:10";"55";"Sem vítima";"226,520";"BR-116/SC";"Crescente";"Queda de moto";0;0;0;1;0;0;0;0;0;0;1;0;0;0;0
"04/03/2025";"17:13:13";"77";"Sem vítima";"245,600";"BR-116/SC";"Crescente";"Colisão lateral no mesmo sentido";0;0;2;0;0;0;0;0;0;0;2;0;0;0;0
"05/03/2025";"11:39:17";"59";"Com vítima";"116,700";"BR-116/PR";"Decrescente";"Queda de moto";0;0;0;1;0;0;0;0;0;0;0;2;0;0;0
"06/03/2025";"08:20:01";"39";"Sem vítima";"132,800";"BR-116/PR";"Crescente";"Colisão lateral no mesmo sentido";0;1;0;1;0;0;0;0;0;0;2;0;0;0;0
"06/03/2025";"10:06:14";"51";"Com vítima";"7,250";"BR-116/SC";"Decrescente";"Colisão transversal";2;0;0;0;0;0;0;0;0;0;1;1;0;0;0
"06/03/2025";"12:43:53";"73";"Sem vítima";"127,660";"BR-116/PR";"Decrescente";"Colisão traseira";2;0;0;0;0;0;0;0;0;0;2;0;0;0;0
"07/03/2025";"06:08:47";"19";"Sem vítima";"115,751";"BR-116/PR";"Crescente";"Choque";1;0;0;0;0;0;0;0;0;0;1;0;0;0;0
"07/03/2025";"19:50:54";"104";"Com vítima";"146,800";"BR-116/PR";"Crescente";"Colisão frontal";2;0;2;0;1;0;0;0;0;0;2;4;1;0;0
"07/03/2025";"21:27:50";"109";"Sem vítima";"115,500";"BR-116/PR";"Crescente";"Choque";1;0;0;0;0;0;0;0;0;0;1;0;0;0;0
"08/03/2025";"01:41:59";"8";"Sem vítima";"125,811";"BR-116/PR";"Decrescente";"Colisão traseira";2;0;0;0;0;0;0;0;0;0;2;0;0;0;0
"08/03/2025";"01:55:43";"10";"Com vítima";"125,811";"BR-116/PR";"Decrescente";"Colisão traseira";1;0;0;1;0;0;0;0;0;0;1;1;0;0;0
"08/03/2025";"17:42:49";"82";"Com vítima";"250,400";"BR-116/SC";"Crescente";"Colisão traseira";1;0;0;1;0;0;0;0;0;0;3;1;0;0;0
"08/03/2025";"19:32:24";"93";"Com vítima";"140,080";"BR-116/SC";"Crescente";"Colisão frontal";1;0;1;0;0;0;0;0;0;0;0;1;0;1;0
"08/03/2025";"19:48:29";"94";"Sem vítima";"289,100";"BR-116/SC";"Decrescente";"Colisão lateral no mesmo sentido";1;0;1;0;0;0;0;0;0;0;1;0;0;0;0
"09/03/2025";"19:49:18";"78";"Com vítima";"158,650";"BR-116/PR";"Decrescente";"Colisão frontal";1;0;0;1;0;0;0;0;0;0;3;0;0;1;0
"10/03/2025";"17:49:43";"69";"Sem vítima";"245,600";"BR-116/SC";"Crescente";"Colisão transversal";2;0;0;0;0;0;0;0;0;0;2;0;0;0;0
"10/03/2025";"17:51:59";"70";"Sem vítima";"52,400";"BR-116/SC";"Decrescente";"Colisão transversal";2;0;0;0;0;0;0;0;0;0;2;0;0;0;0
"11/03/2025";"11:45:32";"63";"Com vítima";"141,200";"BR-116/SC";"Decrescente";"Colisão traseira";2;0;0;0;0;0;0;0;0;0;0;2;0;0;0
"11/03/2025";"21:51:56";"111";"Com vítima";"209,896";"BR-116/SC";"Decrescente";"Capotamento";1;0;0;0;0;0;0;0;0;0;0;1;0;0;0
"12/03/2025";"08:10:42";"32";"Sem vítima";"117,200";"BR-116/PR";"Decrescente";"Colisão lateral no mesmo sentido";1;0;0;1;0;0;0;0;0;0;2;0;0;0;0
"12/03/2025";"09:43:39";"52";"Com vítima";"115,200";"BR-116/PR";"Decrescente";"Colisão traseira";1;0;0;1;0;0;0;0;0;0;1;1;0;0;0
"12/03/2025";"14:40:17";"72";"Com vítima";"132,700";"BR-116/SC";"Crescente";"Colisão transversal";1;0;1;0;0;0;0;0;0;0;1;1;0;0;0
"13/03/2025";"12:12:08";"63";"Com vítima";"260,001";"BR-116/SC";"Decrescente";"Saída de pista";1;0;0;0;0;0;0;0;0;0;0;1;0;0;0
"13/03/2025";"19:11:15";"109";"Com vítima";"126,131";"BR-116/PR";"Decrescente";"Colisão traseira";2;0;0;0;0;0;0;0;0;0;1;1;0;0;0
"14/03/2025";"17:56:56";"82";"Sem vítima";"115,100";"BR-116/PR";"Decrescente";"Colisão lateral no mesmo sentido";1;0;1;0;0;0;0;0;0;0;5;0;0;0;0
"14/03/2025";"20:48:47";"93";"Com vítima";"125,400";"BR-116/PR";"Crescente";"Colisão traseira";1;0;0;1;0;0;0;0;0;0;1;0;1;0;0
"14/03/2025";"22:37:21";"96";"Com vítima";"1,434";"BR-116/SC";"Decrescente";"Queda de moto";0;0;0;1;0;0;0;0;0;0;0;1;0;0;0
"15/03/2025";"11:43:00";"42";"Sem vítima";"280,900";"BR-116/SC";"Decrescente";"Colisão traseira";1;0;0;1;0;0;0;0;0;0;2;0;0;0;0
"15/03/2025";"16:32:20";"65";"Sem vítima";"134,500";"BR-116/PR";"Crescente";"Colisão traseira";1;0;1;0;0;0;0;0;0;0;2;0;0;0;0
"15/03/2025";"19:57:49";"80";"Sem vítima";"210,000";"BR-116/SC";"Crescente";"Colisão traseira";2;0;0;0;0;0;0;0;0;0;3;0;0;0;0
"16/03/2025";"05:19:09";"13";"Com vítima";"120,500";"BR-116/PR";"Crescente";"Queda de moto";0;0;0;1;0;0;0;0;0;0;0;2;0;0;0
"16/03/2025";"13:16:29";"33";"Com vítima";"0,800";"BR-116/SC";"Decrescente";"Colisão lateral no mesmo sentido";0;0;0;1;0;0;0;0;0;1;1;1;0;0;0
"16/03/2025";"19:33:29";"61";"Sem vítima";"116,004";"BR-116/PR";"Crescente";"Saída de pista";1;0;0;0;0;0;0;0;0;0;1;0;0;0;0
"17/03/2025";"00:43:26";"4";"Sem vítima";"155,010";"BR-116/SC";"Crescente";"Choque";1;0;0;0;0;0;0;0;0;0;2;0;0;0;0
"17/03/2025";"03:11:22";"8";"Sem vítima";"260,100";"BR-116/SC";"Decrescente";"Choque";1;0;0;0;0;0;0;0;0;0;0;0;0;0;0
"17/03/2025";"06:33:58";"16";"Sem vítima";"116,900";"BR-116/PR";"Decrescente";"Colisão lateral no mesmo sentido";0;0;0;1;0;0;0;0;0;0;1;0;0;0;0
"17/03/2025";"07:11:40";"24";"Sem vítima";"198,100";"BR-116/PR";"Decrescente";"Saída de pista";1;0;0;0;0;0;0;0;0;0;1;0;0;0;0
"17/03/2025";"08:04:21";"28";"Sem vítima";"304,100";"BR-116/SC";"Decrescente";"Colisão traseira";2;0;0;0;0;0;0;0;0;0;2;0;0;0;0
"17/03/2025";"10:07:37";"59";"Com vítima";"125,379";"BR-116/PR";"Crescente";"Choque";1;0;0;0;0;0;0;0;0;0;2;1;0;0;0
"17/03/2025";"18:42:20";"110";"Sem vítima";"206,309";"BR-116/SC";"Crescente";"Saída de pista";1;0;0;0;0;0;0;0;0;0;1;0;0;0;0
"17/03/2025";"20:24:07";"117";"Sem vítima";"125,401";"BR-116/SC";"Crescente";"Colisão lateral no mesmo sentido";1;0;0;1;0;0;0;0;0;0;3;0;0;0;0
"18/03/2025";"09:41:43";"46";"Sem vítima";"133,300";"BR-116/SC";"Decrescente";"Colisão traseira";1;0;0;0;0;0;0;0;0;0;2;0;0;0;0
"19/03/2025";"08:23:09";"43";"Com vítima";"107,500";"BR-116/SC";"Decrescente";"Tombamento";0;0;1;0;0;0;0;0;0;0;0;1;0;0;0
"19/03/2025";"14:01:29";"68";"Com vítima";"82,100";"BR-116/SC";"Crescente";"Colisão frontal";2;0;0;0;0;0;0;0;0;0;1;1;0;0;0
"19/03/2025";"18:09:06";"99";"Sem vítima";"115,200";"BR-116/PR";"Decrescente";"Colisão lateral no mesmo sentido";1;0;1;0;0;0;0;0;0;0;2;0;0;0;0
"19/03/2025";"18:44:19";"104";"Sem vítima";"118,800";"BR-116/PR";"Crescente";"Colisão traseira";1;0;0;0;0;0;0;0;0;1;2;0;0;0;0
"20/03/2025";"10:07:59";"59";"Com vítima";"210,700";"BR-116/PR";"Crescente";"Colisão transversal";0;0;0;1;1;0;0;0;0;0;1;1;0;0;0
"21/03/2025";"00:16:45";"3";"Sem vítima";"62,900";"BR-116/SC";"Crescente";"Atropelamento de animal";0;0;1;0;0;0;0;0;0;0;1;0;0;0;0
"21/03/2025";"10:26:37";"63";"Com vítima";"181,100";"BR-116/PR";"Crescente";"Capotamento";0;0;1;0;0;0;0;0;0;0;1;1;0;0;0
"21/03/2025";"17:10:18";"101";"Sem vítima";"5,001";"BR-116/SC";"Crescente";"Colisão traseira";2;0;0;0;0;0;0;0;0;0;2;0;0;0;0
"21/03/2025";"18:44:34";"107";"Sem vítima";"154,050";"BR-116/PR";"Decrescente";"Colisão traseira";1;0;0;0;0;0;0;0;0;0;2;0;0;0;0
"21/03/2025";"19:09:49";"111";"Com vítima";"123,317";"BR-116/PR";"Crescente";"Colisão lateral no mesmo sentido";1;0;0;1;0;0;0;0;0;0;1;0;1;0;0
"21/03/2025";"19:44:03";"116";"Sem vítima";"205,900";"BR-116/PR";"Decrescente";"Colisão traseira";0;0;1;0;0;0;0;0;0;1;2;0;0;0;0
"21/03/2025";"20:14:43";"121";"Com vítima";"245,200";"BR-116/SC";"Decrescente";"Colisão transversal";2;0;0;0;0;0;0;0;0;0;1;1;0;0;0