data;horario;n_da_ocorrencia;tipo_de_ocorrencia;km;trecho;sentido;tipo_de_acidente;automovel;bicicleta;caminhao;moto;onibus;outros;tracao_animal;transporte_de_cargas_especiais;trator_maquinas;utilitarios;ilesos;levemente_feridos;moderadamente_feridos;gravemente_feridos;mortos
"22/03/2025";"08:55:36";"18";"Sem vítima";"121,300";"BR-116/PR";"Decrescente";"Colisão lateral no mesmo sentido";1;0;1;0;0;0;0;0;0;0;2;0;0;0;0
"22/03/2025";"19:50:12";"61";"Sem vítima";"118,500";"BR-116/PR";"Crescente";"Colisão traseira";2;0;0;0;0;0;0;0;0;0;2;0;0;0;0
"22/03/2025";"21:51:27";"66";"Com vítima";"131,583";"BR-116/PR";"Decrescente";"Colisão lateral no mesmo sentido";2;0;0;0;0;0;0;0;0;0;1;2;0;0;0
"23/03/2025";"10:05:27";"26";"Com vítima";"267,700";"BR-116/SC";"Decrescente";"Colisão transversal";1;0;1;0;0;0;0;0;0;0;1;0;1;0;0
"23/03/2025";"13:40:02";"38";"Sem vítima";"149,200";"BR-116/PR";"Decrescente";"Colisão lateral no mesmo sentido";2;0;0;0;0;0;0;0;0;0;2;0;0;0;0
"23/03/2025";"14:25:10";"39";"Sem vítima";"147,200";"BR-116/PR";"Crescente";"Saída de pista";1;0;0;0;0;0;0;0;0;0;1;0;0;0;0
"23/03/2025";"14:44:29";"41";"Sem vítima";"147,200";"BR-116/PR";"Crescente";"Saída de pista";1;0;0;0;0;0;0;0;0;0;1;0;0;0;0
"23/03/2025";"19:01:21";"63";"Com vítima";"86,200";"BR-116/SC";"Decrescente";"Colisão frontal";1;0;1;0;0;0;0;0;0;0;1;0;0;0;1
"23/03/2025";"21:36:37";"69";"Sem vítima";"196,400";"BR-116/PR";"Crescente";"Choque";1;0;0;0;0;0;0;0;0;0;2;0;0;0;0
"24/03/2025";"16:42:54";"78";"Sem vítima";"146,800";"BR-116/PR";"Decrescente";"Choque";0;0;1;0;0;0;0;0;0;0;2;0;0;0;0
"24/03/2025";"17:50:29";"83";"Com vítima";"121,497";"BR-116/PR";"Crescente";"Colisão lateral no mesmo sentido";1;0;0;1;0;0;0;0;0;0;1;1;0;0;0
"24/03/2025";"18:14:37";"86";"Sem vítima";"125,100";"BR-116/PR";"Decrescente";"Colisão traseira";2;0;0;0;0;0;0;0;0;0;2;0;0;0;0
"25/03/2025";"00:25:42";"3";"Com vítima";"130,552";"BR-116/PR";"Crescente";"Queda de moto";0;0;0;1;0;0;0;0;0;0;0;1;1;0;0
"25/03/2025";"05:40:07";"14";"Sem vítima";"135,030";"BR-116/PR";"Decrescente";"Choque";1;0;0;0;0;0;0;0;0;0;1;0;0;0;0
"25/03/2025";"06:23:14";"16";"Sem vítima";"121,500";"BR-116/PR";"Decrescente";"Queda de moto";0;0;0;1;0;0;0;0;0;0;1;0;0;0;0
"25/03/2025";"07:12:39";"22";"Com vítima";"125,100";"BR-116/PR";"Decrescente";"Colisão lateral no mesmo sentido";1;0;0;1;0;0;0;0;0;0;1;0;1;0;0
"25/03/2025";"13:23:54";"75";"Sem vítima";"201,700";"BR-116/PR";"Crescente";"Colisão traseira";0;0;1;1;0;0;0;0;0;0;2;0;0;0;0
"25/03/2025";"21:24:24";"119";"Sem vítima";"157,400";"BR-116/PR";"Decrescente";"Colisão frontal";1;0;1;0;0;0;0;0;0;0;2;0;0;0;0
"26/03/2025";"02:38:39";"6";"Sem vítima";"142,100";"BR-116/SC";"Decrescente";"Saída de pista";1;0;0;0;0;0;0;0;0;0;3;0;0;0;0
"26/03/2025";"07:58:25";"30";"Com vítima";"48,200";"BR-116/SC";"Decrescente";"Tombamento";0;0;1;0;0;0;0;0;0;0;0;1;0;0;0
"27/03/2025";"18:22:19";"107";"Sem vítima";"4,005";"BR-116/SC";"Decrescente";"Colisão lateral no mesmo sentido";1;0;1;0;0;0;0;0;0;0;5;0;0;0;0
"27/03/2025";"18:25:32";"108";"Sem vítima";"136,403";"BR-116/SC";"Crescente";"Colisão lateral no mesmo sentido";1;0;0;0;0;0;0;0;0;0;1;0;0;0;0
"27/03/2025";"23:10:06";"117";"Sem vítima";"195,400";"BR-116/PR";"Decrescente";"Tombamento";0;0;1;0;0;0;0;0;0;0;1;0;0;0;0
"28/03/2025";"03:26:42";"6";"Com vítima";"120,200";"BR-116/SC";"Decrescente";"Colisão lateral no mesmo sentido";1;0;1;0;0;0;0;0;0;0;1;2;0;0;0
"28/03/2025";"07:31:47";"28";"Com vítima";"120,100";"BR-116/PR";"Decrescente";"Engavetamento";1;0;0;1;0;0;0;0;0;0;1;0;0;1;0
"28/03/2025";"09:07:24";"46";"Com vítima";"115,199";"BR-116/PR";"Decrescente";"Colisão traseira";1;0;0;1;0;0;0;0;0;0;1;1;0;0;0
"28/03/2025";"09:56:04";"49";"Sem vítima";"115,200";"BR-116/PR";"Decrescente";"Colisão lateral no mesmo sentido";1;0;0;0;0;0;0;0;0;1;2;0;0;0;0
"28/03/2025";"09:57:54";"50";"Sem vítima";"195,250";"BR-116/PR";"Crescente";"Choque";0;0;1;0;0;0;0;0;0;0;1;0;0;0;0
"28/03/2025";"14:43:16";"73";"Com vítima";"267,700";"BR-116/SC";"Decrescente";"Tombamento";0;0;1;0;0;0;0;0;0;0;0;1;0;0;0
"28/03/2025";"18:31:56";"93";"Com vítima";"5,200";"BR-116/SC";"Crescente";"Colisão traseira";2;0;0;0;0;0;0;0;0;0;2;1;0;0;0
"28/03/2025";"20:54:51";"105";"Com vítima";"105,650";"BR-116/SC";"Decrescente";"Tombamento";0;0;1;0;0;0;0;0;0;0;0;1;0;0;0
"29/03/2025";"03:51:48";"11";"Sem vítima";"128,253";"BR-116/PR";"Crescente";"Colisão traseira";2;0;0;0;0;0;0;0;0;0;2;0;0;0;0
"29/03/2025";"17:59:15";"71";"Com vítima";"126,500";"BR-116/PR";"Decrescente";"Engavetamento";1;0;0;1;0;0;0;0;0;1;2;0;0;1;1
"29/03/2025";"23:16:42";"87";"Sem vítima";"283,700";"BR-116/SC";"Decrescente";"Choque";0;0;0;0;0;0;0;0;0;1;1;0;0;0;0
"30/03/2025";"15:29:58";"35";"Sem vítima";"245,600";"BR-116/SC";"Crescente";"Colisão lateral no mesmo sentido";0;0;1;0;0;0;0;0;0;1;3;0;0;0;0
"30/03/2025";"19:17:58";"50";"Sem vítima";"126,600";"BR-116/PR";"Decrescente";"Engavetamento";3;0;0;0;0;0;0;0;0;0;5;0;0;0;0
"30/03/2025";"19:35:25";"51";"Sem vítima";"197,030";"BR-116/PR";"Crescente";"Colisão lateral no mesmo sentido";0;0;0;0;0;0;0;0;0;2;2;0;0;0;0
"31/03/2025";"15:12:32";"70";"Sem vítima";"220,400";"BR-116/SC";"Decrescente";"Colisão lateral no mesmo sentido";1;0;1;0;0;0;0;0;0;0;3;0;0;0;0
"01/04/2025";"05:57:14";"13";"Com vítima";"116,100";"BR-116/PR";"Decrescente";"Colisão lateral no mesmo sentido";1;1;0;0;0;0;0;0;0;0;1;0;0;0;0
"01/04/2025";"15:27:53";"75";"Com vítima";"163,500";"BR-116/PR";"Decrescente";"Engavetamento";2;0;1;0;0;0;0;0;0;0;2;1;0;0;0
"01/04/2025";"18:56:13";"90";"Sem vítima";"124,500";"BR-116/PR";"Decrescente";"Engavetamento";3;0;0;0;0;0;0;0;0;0;2;0;0;0;0
"02/04/2025";"07:35:43";"15";"Com vítima";"122,075";"BR-116/PR";"Decrescente";"Colisão lateral no mesmo sentido";1;0;0;1;0;0;0;0;0;0;1;0;1;0;0
"02/04/2025";"12:02:08";"64";"Sem vítima";"166,150";"BR-116/PR";"Decrescente";"Colisão transversal";0;0;0;0;0;0;0;0;0;1;2;0;0;0;0
"02/04/2025";"13:54:01";"67";"Sem vítima";"128,500";"BR-116/SC";"Crescente";"Colisão lateral no mesmo sentido";3;0;0;0;0;0;0;0;0;0;3;0;0;0;0
"03/04/2025";"13:57:13";"65";"Com vítima";"124,200";"BR-116/SC";"Crescente";"Capotamento";1;0;0;0;0;0;0;0;0;0;0;4;0;0;0
"03/04/2025";"18:14:12";"82";"Com vítima";"207,100";"BR-116/SC";"Crescente";"Colisão transversal";2;0;0;0;0;0;0;0;0;0;0;3;0;0;0
"03/04/2025";"20:21:57";"92";"Com vítima";"143,120";"BR-116/PR";"Decrescente";"Colisão transversal";0;0;0;1;0;0;0;0;0;0;1;0;0;1;0
"04/04/2025";"02:58:51";"5";"Sem vítima";"126,990";"BR-116/PR";"Crescente";"Choque";1;0;0;0;0;0;0;0;0;0;1;0;0;0;0
"04/04/2025";"05:42:00";"9";"Sem vítima";"81,600";"BR-116/SC";"Crescente";"Colisão lateral no mesmo sentido";0;0;2;0;0;0;0;0;0;0;2;0;0;0;0
"04/04/2025";"11:26:28";"59";"Sem vítima";"203,950";"BR-116/PR";"Crescente";"Colisão traseira";0;0;1;0;0;0;0;0;0;1;2;0;0;0;0
"04/04/2025";"12:34:19";"64";"Sem vítima";"246,010";"BR-116/SC";"Decrescente";"Colisão frontal";1;0;0;0;0;0;0;0;0;1;2;0;0;0;0
"04/04/2025";"20:45:05";"99";"Sem vítima";"90,900";"BR-116/SC";"Crescente";"Atropelamento de animal";1;0;0;0;0;0;0;0;0;0;1;0;0;0;0
"05/04/2025";"07:34:22";"17";"Com vítima";"209,100";"BR-116/PR";"Crescente";"Saída de pista";1;0;0;0;0;0;0;0;0;0;0;2;0;0;0
"05/04/2025";"11:37:45";"31";"Com vítima";"247,100";"BR-116/SC";"Crescente";"Colisão lateral no mesmo sentido";0;0;0;1;1;0;0;0;0;0;1;1;0;0;0
"06/04/2025";"16:34:38";"51";"Sem vítima";"86,200";"BR-116/SC";"Crescente";"Saída de pista";1;0;0;0;0;0;0;0;0;0;1;0;0;0;0
"06/04/2025";"19:01:17";"61";"Sem vítima";"145,900";"BR-116/PR";"Decrescente";"Colisão lateral no mesmo sentido";1;0;1;0;0;0;0;0;0;0;2;0;0;0;0
"07/04/2025";"08:54:47";"38";"Sem vítima";"197,300";"BR-116/PR";"Decrescente";"Choque";1;0;0;0;0;0;0;0;0;0;1;0;0;0;0
"07/04/2025";"13:31:48";"54";"Com vítima";"129,400";"BR-116/PR";"Crescente";"Engavetamento";2;0;0;1;0;0;0;0;0;1;3;0;0;1;0
"07/04/2025";"17:21:58";"74";"Sem vítima";"167,250";"BR-116/SC";"Decrescente";"Saída de pista";1;0;0;0;0;0;0;0;0;0;1;0;0;0;0
"07/04/2025";"17:49:26";"75";"Sem vítima";"306,300";"BR-116/SC";"Crescente";"Choque";0;0;1;0;0;0;0;0;0;0;1;0;0;0;0
"08/04/2025";"15:04:26";"77";"Com vítima";"21,900";"BR-116/SC";"Crescente";"Engavetamento";3;0;3;0;0;0;0;0;0;1;2;3;0;5;3
"08/04/2025";"17:27:39";"89";"Com vítima";"144,200";"BR-116/PR";"Decrescente";"Colisão frontal";1;0;0;0;0;0;0;0;0;0;1;1;0;0;0
"08/04/2025";"18:48:19";"96";"Com vítima";"116,950";"BR-116/PR";"Decrescente";"Colisão traseira";2;0;0;0;0;0;0;0;0;0;2;1;0;0;0
"08/04/2025";"20:05:12";"104";"Sem vítima";"9,400";"BR-116/SC";"Crescente";"Engavetamento";1;0;2;0;0;0;0;0;0;0;3;0;0;0;0
"09/04/2025";"07:20:52";"13";"Com vítima";"5,100";"BR-116/SC";"Crescente";"Colisão lateral no mesmo sentido";1;0;0;1;0;0;0;0;0;0;1;1;0;0;0
"09/04/2025";"07:54:39";"16";"Sem vítima";"299,150";"BR-116/SC";"Decrescente";"Colisão lateral no mesmo sentido";0;0;2;0;0;0;0;0;0;0;2;0;0;0;0
"09/04/2025";"10:33:26";"61";"Com vítima";"120,200";"BR-116/PR";"Decrescente";"Colisão traseira";1;0;0;1;0;0;0;0;0;0;1;1;0;0;0
"09/04/2025";"13:33:32";"80";"Sem vítima";"106,200";"BR-116/SC";"Decrescente";"Choque";0;0;1;0;0;0;0;0;0;0;1;0;0;0;0
"10/04/2025";"16:51:15";"94";"Com vítima";"122,010";"BR-116/PR";"Crescente";"Colisão traseira";1;0;0;1;0;0;0;0;0;0;1;1;0;0;0
"10/04/2025";"17:08:47";"100";"Sem vítima";"121,900";"BR-116/PR";"Crescente";"Engavetamento";4;0;0;0;0;0;0;0;0;0;4;0;0;0;0
"11/04/2025";"09:53:38";"72";"Sem vítima";"7,300";"BR-116/SC";"Crescente";"Colisão transversal";1;0;1;0;0;0;0;0;0;0;2;0;0;0;0
"11/04/2025";"19:54:06";"109";"Com vítima";"220,200";"BR-116/SC";"Decrescente";"Colisão traseira";0;0;0;1;0;0;0;0;0;0;0;2;0;0;0
"12/04/2025";"09:08:10";"25";"Sem vítima";"126,100";"BR-116/PR";"Decrescente";"Colisão traseira";2;0;0;0;0;0;0;0;0;0;2;0;0;0;0
"12/04/2025";"11:44:11";"37";"Sem vítima";"152,100";"BR-116/PR";"Decrescente";"Colisão traseira";1;0;0;0;0;0;0;0;0;0;2;0;0;0;0
"12/04/2025";"19:23:17";"79";"Com vítima";"207,500";"BR-116/PR";"Crescente";"Colisão traseira";1;0;0;1;0;0;0;0;0;0;1;1;0;0;0
"13/04/2025";"05:19:55";"16";"Sem vítima";"5,800";"BR-116/SC";"Decrescente";"Colisão lateral no mesmo sentido";1;0;0;0;0;0;0;0;0;0;1;0;0;0;0
"13/04/2025";"15:17:03";"47";"Sem vítima";"152,600";"BR-116/PR";"Decrescente";"Colisão lateral no mesmo sentido";0;0;0;0;0;0;0;0;0;2;2;0;0;0;0
"13/04/2025";"18:16:20";"61";"Com vítima";"125,600";"BR-116/PR";"Crescente";"Colisão traseira";2;0;0;0;0;0;0;0;0;0;0;2;1;0;0
"13/04/2025";"18:32:59";"62";"Sem vítima";"5,500";"BR-116/SC";"Decrescente";"Colisão transversal";2;0;0;0;0;0;0;0;0;0;2;0;0;0;0
"13/04/2025";"20:41:53";"74";"Sem vítima";"117,900";"BR-116/PR";"Crescente";"Choque";0;0;0;0;0;0;0;0;0;1;1;0;0;0;0
"14/04/2025";"08:54:27";"42";"Com vítima";"107,700";"BR-116/SC";"Decrescente";"Queda de moto";0;0;0;1;0;0;0;0;0;0;0;1;0;0;0
"14/04/2025";"18:35:08";"114";"Com vítima";"125,100";"BR-116/PR";"Crescente";"Colisão lateral no mesmo sentido";1;0;0;1;0;0;0;0;0;0;0;2;0;0;0
"14/04/2025";"18:54:54";"118";"Com vítima";"181,300";"BR-116/SC";"Decrescente";"Colisão frontal";0;0;1;1;0;0;0;0;0;0;1;1;0;0;1
"15/04/2025";"09:43:29";"68";"Sem vítima";"116,700";"BR-116/PR";"Decrescente";"Colisão lateral no mesmo sentido";2;0;0;0;0;0;0;0;0;0;2;0;0;0;0
"15/04/2025";"13:53:21";"95";"Com vítima";"142,150";"BR-116/PR";"Crescente";"Colisão traseira";1;0;0;1;0;0;0;0;0;0;1;1;0;0;0
"15/04/2025";"17:15:23";"110";"Com vítima";"167,200";"BR-116/PR";"Crescente";"Colisão traseira";1;0;0;1;0;0;0;0;0;0;1;0;0;1;0
"15/04/2025";"17:16:47";"111";"Com vítima";"153,700";"BR-116/PR";"Crescente";"Queda de moto";0;0;0;1;0;0;0;0;0;0;0;1;0;0;0
"16/04/2025";"09:27:43";"52";"Sem vítima";"244,600";"BR-116/SC";"Decrescente";"Choque";0;0;0;0;0;0;0;0;0;1;1;0;0;0;0
"16/04/2025";"13:25:57";"78";"Com vítima";"186,900";"BR-116/PR";"Decrescente";"Queda de moto";0;0;0;1;0;0;0;0;0;0;0;1;0;0;0
"16/04/2025";"15:05:55";"87";"Com vítima";"125,100";"BR-116/PR";"Crescente";"Colisão traseira";0;0;0;1;0;0;0;0;0;0;0;1;0;0;0
"16/04/2025";"18:15:48";"107";"Sem vítima";"149,999";"BR-116/PR";"Decrescente";"Colisão transversal";0;0;0;0;0;0;0;0;0;2;2;0;0;0;0
"17/04/2025";"10:10:10";"50";"Sem vítima";"42,200";"BR-116/SC";"Crescente";"Colisão lateral no mesmo sentido";1;0;1;0;0;0;0;0;0;0;2;0;0;0;0
"17/04/2025";"14:43:55";"64";"Com vítima";"63,500";"BR-116/SC";"Crescente";"Choque";1;0;0;0;0;0;0;0;0;0;0;0;0;1;0
"18/04/2025";"00:02:46";"2";"Com vítima";"140,500";"BR-116/SC";"Crescente";"Colisão transversal";1;0;0;1;0;0;0;0;0;0;1;1;0;0;0
"18/04/2025";"05:44:17";"14";"Sem vítima";"110,300";"BR-116/SC";"Crescente";"Choque";0;0;1;0;0;0;0;0;0;0;1;0;0;0;0
"18/04/2025";"09:08:54";"30";"Com vítima";"7,500";"BR-116/SC";"Crescente";"Colisão transversal";5;0;1;0;0;0;0;0;0;0;4;0;1;1;0
"18/04/2025";"09:57:54";"34";"Sem vítima";"149,500";"BR-116/PR";"Crescente";"Colisão traseira";3;0;0;0;0;0;0;0;0;0;3;0;0;0;0
"18/04/2025";"12:55:09";"54";"Com vítima";"0,100";"BR-116/SC";"Crescente";"Colisão traseira";2;0;0;0;0;0;0;0;0;0;2;1;0;0;0
"18/04/2025";"15:21:23";"63";"Com vítima";"305,350";"BR-116/SC";"Crescente";"Tombamento";0;0;1;0;0;0;0;0;0;0;1;1;0;0;0
"19/04/2025";"13:41:27";"39";"Sem vítima";"184,300";"BR-116/SC";"Crescente";"Queda de moto";0;0;0;1;0;0;0;0;0;0;1;0;0;0;0
"19/04/2025";"14:47:44";"43";"Sem vítima";"51,100";"BR-116/SC";"Crescente";"Saída de pista";1;0;0;0;0;0;0;0;0;0;1;0;0;0;0
"19/04/2025";"19:23:20";"56";"Sem vítima";"1,010";"BR-116/SC";"Crescente";"Colisão traseira";1;0;0;1;0;0;0;0;0;0;2;0;0;0;0
"20/04/2025";"00:42:15";"1";"Com vítima";"131,700";"BR-116/PR";"Decrescente";"Colisão traseira";2;0;0;0;0;0;0;0;0;0;1;1;0;0;0
"20/04/2025";"04:52:44";"6";"Sem vítima";"138,500";"BR-116/SC";"Decrescente";"Choque";1;0;0;0;0;0;0;0;0;0;1;0;0;0;0
"20/04/2025";"08:53:11";"17";"Com vítima";"17,050";"BR-116/SC";"Decrescente";"Queda de moto";0;0;0;1;0;0;0;0;0;0;0;1;0;0;0
"20/04/2025";"14:44:47";"31";"Com vítima";"188,900";"BR-116/PR";"Crescente";"Colisão transversal";2;0;0;0;0;0;0;0;0;0;2;2;0;0;0
"20/04/2025";"16:51:41";"41";"Sem vítima";"126,350";"BR-116/PR";"Crescente";"Colisão traseira";2;0;0;0;0;0;0;0;0;0;2;0;0;0;0
"20/04/2025";"18:27:40";"52";"Com vítima";"122,500";"BR-116/PR";"Decrescente";"Engavetamento";4;0;0;0;0;0;0;0;0;0;4;0;1;1;0
"20/04/2025";"19:56:42";"62";"Com vítima";"126,900";"BR-116/PR";"Decrescente";"Engavetamento";3;0;0;0;0;0;0;0;0;0;2;0;1;0;0
"21/04/2025";"10:17:15";"21";"Sem vítima";"1,200";"BR-116/SC";"Crescente";"Colisão lateral no mesmo sentido";2;0;0;0;0;0;0;0;0;0;2;0;0;0;0
"21/04/2025";"13:54:03";"36";"Sem vítima";"8,500";"BR-116/SC";"Crescente";"Engavetamento";2;0;0;0;0;0;0;0;0;0;2;0;0;0;0
"21/04/2025";"14:54:49";"43";"Sem vítima";"8,600";"BR-116/SC";"Crescente";"Colisão traseira";2;0;0;0;0;0;0;0;0;0;2;0;0;0;0
"21/04/2025";"16:49:32";"53";"Com vítima";"134,100";"BR-116/PR";"Crescente";"Queda de moto";0;0;0;1;0;0;0;0;0;0;0;1;0;0;0
"21/04/2025";"19:25:38";"66";"Com vítima";"152,200";"BR-116/PR";"Crescente";"Colisão lateral no mesmo sentido";1;0;0;0;0;0;0;0;0;0;1;1;0;0;0
"21/04/2025";"20:12:49";"71";"Com vítima";"194,500";"BR-116/PR";"Decrescente";"Queda de moto";0;0;0;1;0;0;0;0;0;0;1;0;1;0;0
"21/04/2025";"20:31:05";"73";"Com vítima";"167,700";"BR-116/PR";"Crescente";"Colisão frontal";0;0;0;1;0;0;0;0;0;0;1;0;0;0;1
"21/04/2025";"22:15:09";"85";"Sem vítima";"165,400";"BR-116/PR";"Decrescente";"Colisão frontal";2;0;0;0;0;0;0;0;0;0;1;0;0;0;0
"22/04/2025";"05:55:01";"8";"Sem vítima";"1,300";"BR-116/SC";"Crescente";"Colisão transversal";2;0;0;0;0;0;0;0;0;0;2;0;0;0;0
"22/04/2025";"06:17:54";"9";"Sem vítima";"125,900";"BR-116/SC";"Decrescente";"Colisão traseira";3;0;0;0;0;0;0;0;0;0;3;0;0;0;0
"22/04/2025";"19:53:29";"101";"Sem vítima";"309,080";"BR-116/SC";"Crescente";"Atropelamento de animal";0;0;1;0;0;0;0;0;0;0;1;0;0;0;0
"22/04/2025";"23:42:46";"111";"Com vítima";"159,100";"BR-116/SC";"Crescente";"Choque";0;0;1;0;0;0;0;0;0;0;0;0;1;0;0
"23/04/2025";"06:20:12";"10";"Sem vítima";"138,200";"BR-116/PR";"Decrescente";"Tombamento";0;0;1;0;0;0;0;0;0;0;1;0;0;0;0
"23/04/2025";"07:03:29";"15";"Com vítima";"124,100";"BR-116/PR";"Decrescente";"Colisão traseira";1;0;0;1;0;0;0;0;0;0;1;1;0;0;0
"23/04/2025";"11:14:00";"62";"Sem vítima";"239,100";"BR-116/SC";"Crescente";"Colisão traseira";2;0;0;0;0;0;0;0;0;0;2;0;0;0;0
"23/04/2025";"12:27:31";"70";"Sem vítima";"121,400";"BR-116/SC";"Decrescente";"Colisão traseira";2;0;0;0;0;0;0;0;0;0;6;0;0;0;0
"23/04/2025";"13:56:55";"73";"Sem vítima";"117,300";"BR-116/PR";"Crescente";"Colisão lateral no mesmo sentido";1;1;0;0;0;0;0;0;0;0;1;0;0;0;0
"23/04/2025";"16:38:26";"96";"Sem vítima";"167,700";"BR-116/PR";"Decrescente";"Colisão transversal";1;0;0;0;0;0;0;0;0;0;2;0;0;0;0
"23/04/2025";"17:31:00";"103";"Com vítima";"246,360";"BR-116/SC";"Crescente";"Colisão transversal";2;0;0;0;0;0;0;0;0;0;0;2;0;0;0
"23/04/2025";"22:02:10";"126";"Sem vítima";"262,100";"BR-116/SC";"Crescente";"Atropelamento de animal";1;0;1;0;0;0;0;0;0;1;3;0;0;0;0
"23/04/2025";"23:56:05";"134";"Com vítima";"128,100";"BR-116/PR";"Crescente";"Capotamento";1;0;0;0;0;0;0;0;0;0;2;1;0;0;0
"24/04/2025";"06:38:04";"20";"Com vítima";"6,900";"BR-116/SC";"Crescente";"Colisão traseira";2;0;0;0;0;0;0;0;0;0;1;1;0;0;0
"24/04/2025";"10:57:53";"55";"Sem vítima";"124,020";"BR-116/SC";"Crescente";"Colisão traseira";0;0;2;0;0;0;0;0;0;0;2;0;0;0;0
"24/04/2025";"12:20:15";"74";"Com vítima";"54,010";"BR-116/SC";"Crescente";"Colisão lateral no mesmo sentido";0;0;1;1;0;0;0;0;0;0;1;1;0;0;0
"24/04/2025";"14:09:45";"82";"Sem vítima";"158,900";"BR-116/PR";"Crescente";"Choque";1;0;0;0;0;0;0;0;0;0;1;0;0;0;0
"24/04/2025";"18:10:16";"105";"Com vítima";"4,500";"BR-116/SC";"Crescente";"Colisão transversal";0;0;0;0;0;0;0;0;0;2;1;1;0;0;0
"24/04/2025";"18:17:07";"106";"Sem vítima";"120,200";"BR-116/PR";"Crescente";"Colisão traseira";1;0;0;1;0;0;0;0;0;0;4;0;0;0;0
"25/04/2025";"06:28:51";"11";"Com vítima";"121,250";"BR-116/PR";"Decrescente";"Colisão traseira";1;0;0;1;0;0;0;0;0;0;1;1;0;0;0
"25/04/2025";"09:28:58";"54";"Sem vítima";"152,500";"BR-116/PR";"Crescente";"Colisão transversal";2;0;0;0;0;0;0;0;0;0;2;0;0;0;0
"25/04/2025";"15:47:31";"89";"Sem vítima";"272,600";"BR-116/SC";"Crescente";"Colisão transversal";1;0;1;0;0;0;0;0;0;0;2;0;0;0;0
"25/04/2025";"17:25:09";"102";"Sem vítima";"107,600";"BR-116/SC";"Crescente";"Colisão traseira";2;0;0;0;0;0;0;0;0;0;2;0;0;0;0
"25/04/2025";"17:56:36";"108";"Sem vítima";"122,140";"BR-116/PR";"Crescente";"Colisão traseira";1;0;0;1;0;0;0;0;0;0;2;0;0;0;0
"25/04/2025";"19:02:49";"112";"Com vítima";"116,252";"BR-116/PR";"Crescente";"Colisão lateral no mesmo sentido";1;0;0;1;0;0;0;0;0;0;1;1;0;0;0
"25/04/2025";"21:39:14";"121";"Sem vítima";"7,050";"BR-116/SC";"Decrescente";"Colisão transversal";1;0;1;0;0;0;0;0;0;0;2;0;0;0;0
"26/04/2025";"02:45:55";"8";"Sem vítima";"118,600";"BR-116/PR";"Crescente";"Choque";1;0;0;0;0;0;0;0;0;0;0;0;0;0;0
"26/04/2025";"05:25:46";"14";"Sem vítima";"226,950";"BR-116/SC";"Crescente";"Saída de pista";1;0;0;0;0;0;0;0;0;0;1;0;0;0;0
"26/04/2025";"12:57:27";"50";"Sem vítima";"2,300";"BR-116/SC";"Decrescente";"Colisão traseira";2;0;0;0;0;0;0;0;0;0;3;0;0;0;0
"26/04/2025";"14:33:11";"54";"Sem vítima";"54,200";"BR-116/SC";"Crescente";"Tombamento";0;0;1;0;0;0;0;0;0;0;1;0;0;0;0
"27/04/2025";"08:39:17";"29";"Sem vítima";"42,200";"BR-116/SC";"Crescente";"Choque";1;0;0;0;0;0;0;0;0;0;1;0;0;0;0
"27/04/2025";"21:17:12";"81";"Sem vítima";"170,375";"BR-116/PR";"Crescente";"Colisão traseira";1;0;0;1;0;0;0;0;0;0;2;0;0;0;0
"29/04/2025";"07:52:23";"26";"Sem vítima";"167,500";"BR-116/PR";"Decrescente";"Colisão traseira";1;0;1;0;0;0;0;0;0;0;2;0;0;0;0
"29/04/2025";"08:02:07";"29";"Com vítima";"122,290";"BR-116/PR";"Decrescente";"Colisão lateral no mesmo sentido";1;0;0;1;0;0;0;0;0;0;0;2;0;0;0
"30/04/2025";"00:16:27";"1";"Sem vítima";"157,500";"BR-116/PR";"Crescente";"Tombamento";0;0;1;0;0;0;0;0;0;0;1;0;0;0;0
"30/04/2025";"07:19:05";"31";"Sem vítima";"168,300";"BR-116/PR";"Decrescente";"Colisão traseira";2;0;0;0;0;0;0;0;0;0;2;0;0;0;0
"30/04/2025";"07:49:40";"34";"Com vítima";"12,050";"BR-116/SC";"Decrescente";"Colisão transversal";1;0;1;0;0;0;0;0;0;0;2;1;0;0;0
"30/04/2025";"12:35:04";"76";"Com vítima";"251,100";"BR-116/SC";"Crescente";"Colisão frontal";0;0;1;1;0;0;0;0;0;0;1;0;0;1;0
"30/04/2025";"16:55:40";"94";"Com vítima";"117,200";"BR-116/SC";"Crescente";"Engavetamento";2;0;0;1;0;0;0;0;0;0;2;1;0;0;0