data;horario;n_da_ocorrencia;tipo_de_ocorrencia;km;trecho;sentido;tipo_de_acidente;automovel;bicicleta;caminhao;moto;onibus;outros;tracao_animal;transporte_de_cargas_especiais;trator_maquinas;utilitarios;ilesos;levemente_feridos;moderadamente_feridos;gravemente_feridos;mortos
"06/06/2025";"15:51:01";"74";"Sem vítima";"172,100";"BR-116/SC";"Decrescente";"Colisão traseira";0;0;2;0;0;0;0;0;0;0;2;0;0;0;0
"06/06/2025";"16:04:50";"77";"Sem vítima";"118,597";"BR-116/PR";"Crescente";"Tombamento";0;0;1;0;0;0;0;0;0;0;1;0;0;0;0
"07/06/2025";"00:17:05";"3";"Com vítima";"126,500";"BR-116/PR";"Decrescente";"Colisão traseira";0;0;0;1;0;0;0;0;0;0;0;1;0;0;0
"07/06/2025";"12:49:42";"35";"Sem vítima";"117,120";"BR-116/PR";"Decrescente";"Choque";1;0;0;0;0;0;0;0;0;0;1;0;0;0;0
"07/06/2025";"14:09:13";"42";"Sem vítima";"100,100";"BR-116/SC";"Decrescente";"Colisão traseira";0;0;2;0;0;0;0;0;0;0;2;0;0;0;0
"07/06/2025";"17:57:36";"62";"Sem vítima";"233,160";"BR-116/SC";"Crescente";"Colisão lateral no mesmo sentido";2;0;0;0;0;0;0;0;0;0;2;0;0;0;0
"07/06/2025";"19:08:35";"66";"Com vítima";"177,100";"BR-116/PR";"Decrescente";"Choque";0;0;1;0;0;0;0;0;0;0;0;0;1;0;0
"07/06/2025";"20:28:36";"72";"Com vítima";"202,500";"BR-116/SC";"Crescente";"Colisão traseira";2;0;0;0;0;0;0;0;0;0;1;1;0;0;0
"07/06/2025";"20:58:16";"74";"Sem vítima";"192,122";"BR-116/PR";"Decrescente";"Capotamento";0;0;0;0;0;0;0;0;0;1;1;0;0;0;0
"07/06/2025";"21:00:30";"75";"Sem vítima";"152,391";"BR-116/PR";"Decrescente";"Colisão frontal";2;0;0;0;0;0;0;0;0;0;2;0;0;0;0
"08/06/2025";"00:14:14";"2";"Com vítima";"116,500";"BR-116/PR";"Crescente";"Queda de moto";0;0;0;1;0;0;0;0;0;0;0;1;0;0;0
"08/06/2025";"06:21:22";"8";"Sem vítima";"148,800";"BR-116/SC";"Decrescente";"Colisão lateral no mesmo sentido";1;0;1;0;0;0;0;0;0;0;2;0;0;0;0
"08/06/2025";"11:42:27";"24";"Com vítima";"122,100";"BR-116/PR";"Decrescente";"Capotamento";1;0;0;0;0;0;0;0;0;0;0;0;1;0;0
"08/06/2025";"14:35:24";"37";"Com vítima";"219,100";"BR-116/SC";"Decrescente";"Colisão lateral no mesmo sentido";2;0;0;0;0;0;0;0;0;0;1;0;1;0;0
"08/06/2025";"17:05:55";"48";"Com vítima";"74,100";"BR-116/SC";"Decrescente";"Colisão traseira";0;0;0;1;0;0;0;0;0;0;1;1;0;0;0
"09/06/2025";"01:30:10";"6";"Sem vítima";"131,702";"BR-116/PR";"Decrescente";"Choque";1;0;0;0;0;0;0;0;0;0;1;0;0;0;0
"09/06/2025";"02:45:00";"7";"Sem vítima";"72,701";"BR-116/SC";"Decrescente";"Choque";1;0;0;0;0;0;0;0;0;0;1;0;0;0;0
"09/06/2025";"03:34:53";"8";"Sem vítima";"125,303";"BR-116/PR";"Decrescente";"Choque";1;0;0;0;0;0;0;0;0;0;1;0;0;0;0
"09/06/2025";"14:59:23";"70";"Com vítima";"301,100";"BR-116/SC";"Decrescente";"Colisão lateral no mesmo sentido";1;0;1;0;0;0;0;0;0;0;1;1;0;0;0
"09/06/2025";"15:47:55";"74";"Com vítima";"179,800";"BR-116/SC";"Decrescente";"Tombamento";0;0;1;0;0;0;0;0;0;0;0;1;0;0;0
"09/06/2025";"16:37:05";"79";"Sem vítima";"120,010";"BR-116/PR";"Crescente";"Colisão traseira";1;0;1;0;0;0;0;0;0;0;2;0;0;0;0
"09/06/2025";"16:43:02";"81";"Sem vítima";"181,100";"BR-116/SC";"Crescente";"Tombamento";0;0;1;0;0;0;0;0;0;0;1;0;0;0;0
"09/06/2025";"18:46:50";"87";"Com vítima";"115,600";"BR-116/PR";"Crescente";"Colisão lateral no mesmo sentido";1;0;0;1;0;0;0;0;0;0;1;1;0;0;0
"10/06/2025";"06:34:06";"7";"Com vítima";"126,100";"BR-116/PR";"Decrescente";"Colisão lateral no mesmo sentido";1;0;0;1;0;0;0;0;0;0;1;1;0;0;0
"10/06/2025";"18:46:18";"99";"Com vítima";"127,500";"BR-116/SC";"Decrescente";"Engavetamento";1;0;2;0;0;0;0;0;0;0;3;1;0;0;0
"10/06/2025";"21:28:31";"109";"Sem vítima";"149,100";"BR-116/PR";"Decrescente";"Saída de pista";1;0;0;0;0;0;0;0;0;0;1;0;0;0;0
"11/06/2025";"07:33:51";"19";"Sem vítima";"116,700";"BR-116/PR";"Decrescente";"Colisão traseira";1;0;0;1;0;0;0;0;0;0;2;0;0;0;0
"11/06/2025";"17:19:40";"98";"Com vítima";"144,142";"BR-116/SC";"Decrescente";"Colisão frontal";0;0;2;0;0;0;0;0;0;0;0;1;1;0;0
"11/06/2025";"17:36:54";"100";"Sem vítima";"35,200";"BR-116/SC";"Decrescente";"Colisão lateral no mesmo sentido";2;0;0;0;0;0;0;0;0;0;3;0;0;0;0
"11/06/2025";"19:13:06";"106";"Sem vítima";"240,144";"BR-116/SC";"Decrescente";"Tombamento";0;0;1;0;0;0;0;0;0;0;1;0;0;0;0
"12/06/2025";"02:06:06";"8";"Sem vítima";"162,300";"BR-116/SC";"Crescente";"Colisão lateral no mesmo sentido";0;0;1;0;0;0;0;0;0;0;1;0;0;0;0
"12/06/2025";"06:31:15";"16";"Com vítima";"219,100";"BR-116/SC";"Decrescente";"Colisão lateral no mesmo sentido";1;0;0;1;0;0;0;0;0;0;1;0;1;0;0
"13/06/2025";"07:48:09";"22";"Sem vítima";"205,300";"BR-116/PR";"Decrescente";"Colisão traseira";2;0;0;0;0;0;0;0;0;0;2;0;0;0;0
"13/06/2025";"10:42:00";"54";"Sem vítima";"209,900";"BR-116/PR";"Crescente";"Colisão transversal";1;0;1;0;0;0;0;0;0;0;1;0;0;0;0
"13/06/2025";"12:35:00";"68";"Sem vítima";"203,750";"BR-116/SC";"Crescente";"Colisão traseira";0;0;2;0;0;0;0;0;0;0;1;0;0;0;0
"14/06/2025";"04:46:00";"7";"Sem vítima";"228,378";"BR-116/SC";"Crescente";"Choque";0;0;1;0;0;0;0;0;0;0;0;0;0;0;0
"14/06/2025";"10:13:00";"27";"Com vítima";"13,150";"BR-116/SC";"Crescente";"Choque";1;0;0;0;0;0;0;0;0;0;0;2;0;0;0
"14/06/2025";"12:42:00";"40";"Sem vítima";"150,195";"BR-116/PR";"Crescente";"Colisão transversal";1;0;0;0;0;0;0;0;0;0;1;0;0;0;0
"14/06/2025";"15:40:00";"52";"Com vítima";"134,400";"BR-116/PR";"Crescente";"Colisão transversal";1;0;1;0;0;0;0;0;0;0;0;1;0;0;0
"14/06/2025";"16:17:00";"55";"Com vítima";"1,100";"BR-116/SC";"Crescente";"Colisão transversal";1;0;1;0;0;0;0;0;0;0;1;2;0;0;0
"14/06/2025";"20:17:00";"71";"Com vítima";"214,721";"BR-116/SC";"Decrescente";"Saída de pista";1;0;0;0;0;0;0;0;0;0;0;1;0;0;0
"15/06/2025";"03:40:00";"4";"Sem vítima";"229,285";"BR-116/SC";"Crescente";"Saída de pista";0;0;0;0;0;0;0;0;0;1;1;0;0;0;0
"15/06/2025";"10:23:00";"21";"Sem vítima";"0,400";"BR-116/SC";"Decrescente";"Capotamento";1;0;0;0;0;0;0;0;0;0;1;0;0;0;0
"15/06/2025";"16:09:00";"37";"Com vítima";"126,200";"BR-116/PR";"Decrescente";"Colisão lateral no mesmo sentido";1;0;0;1;0;0;0;0;0;0;0;2;0;0;0
"17/06/2025";"04:36:00";"5";"Com vítima";"125,774";"BR-116/PR";"Crescente";"Colisão lateral no mesmo sentido";2;0;0;0;0;0;0;0;0;0;0;1;0;0;0
"17/06/2025";"09:34:00";"49";"Sem vítima";"10,150";"BR-116/SC";"Decrescente";"Colisão traseira";1;0;0;0;0;0;0;0;0;0;0;0;0;0;0
"17/06/2025";"13:09:00";"61";"Sem vítima";"152,006";"BR-116/PR";"Crescente";"Colisão transversal";1;0;1;0;0;0;0;0;0;0;1;0;0;0;0
"17/06/2025";"18:40:00";"101";"Com vítima";"130,144";"BR-116/PR";"Crescente";"Colisão lateral no mesmo sentido";2;0;0;1;0;0;0;0;0;0;0;0;0;1;0
"17/06/2025";"19:28:00";"103";"Com vítima";"128,443";"BR-116/PR";"Crescente";"Engavetamento";3;0;0;0;0;0;0;0;0;0;0;1;0;0;0
"17/06/2025";"19:58:00";"104";"Sem vítima";"116,332";"BR-116/SC";"Crescente";"Choque";0;0;1;0;0;0;0;0;0;0;1;0;0;0;0
"18/06/2025";"06:56:00";"16";"Com vítima";"64,700";"BR-116/SC";"Crescente";"Colisão frontal";1;0;2;0;0;0;0;0;0;0;0;0;0;1;0
"18/06/2025";"08:26:00";"23";"Com vítima";"141,200";"BR-116/PR";"Crescente";"Colisão lateral no mesmo sentido";1;0;0;1;0;0;0;0;0;0;0;1;0;0;0
"18/06/2025";"10:43:00";"29";"Sem vítima";"128,100";"BR-116/PR";"Decrescente";"Colisão traseira";2;0;0;0;0;0;0;0;0;0;1;0;0;0;0
"18/06/2025";"18:42:00";"93";"Com vítima";"263,700";"BR-116/SC";"Decrescente";"Atropelamento de animal";0;0;0;1;0;0;0;0;0;0;0;1;0;0;0
"18/06/2025";"19:49:00";"96";"Com vítima";"120,172";"BR-116/PR";"Crescente";"Colisão traseira";1;0;0;1;0;0;0;0;0;0;0;1;0;0;0
"18/06/2025";"21:26:00";"103";"Com vítima";"32,100";"BR-116/SC";"Crescente";"Saída de pista";1;0;0;0;0;0;0;0;0;0;1;1;0;0;0
"19/06/2025";"05:15:00";"9";"Sem vítima";"208,195";"BR-116/PR";"Decrescente";"Colisão frontal";1;0;1;0;0;0;0;0;0;0;1;0;0;0;0
"19/06/2025";"12:47:00";"40";"Sem vítima";"217,100";"BR-116/SC";"Decrescente";"Choque";1;0;0;0;0;0;0;0;0;0;2;0;0;0;0
"19/06/2025";"18:55:00";"69";"Sem vítima";"163,800";"BR-116/PR";"Crescente";"Colisão traseira";2;0;0;0;0;0;0;0;0;0;1;0;0;0;0
"20/06/2025";"10:58:00";"41";"Sem vítima";"107,100";"BR-116/SC";"Crescente";"Saída de pista";1;0;0;0;0;0;0;0;0;0;1;0;0;0;0
"20/06/2025";"14:14:00";"53";"Sem vítima";"127,350";"BR-116/SC";"Decrescente";"Tombamento";0;0;1;0;0;0;0;0;0;0;1;0;0;0;0
"20/06/2025";"18:30:00";"70";"Com vítima";"119,750";"BR-116/PR";"Crescente";"Engavetamento";1;0;0;2;0;0;0;0;0;0;0;2;0;0;0
"20/06/2025";"19:49:00";"72";"Sem vítima";"73,100";"BR-116/SC";"Decrescente";"Choque";1;0;0;0;0;0;0;0;0;0;0;0;0;0;0
"20/06/2025";"21:09:00";"78";"Sem vítima";"174,910";"BR-116/SC";"Decrescente";"Tombamento";0;0;1;0;0;0;0;0;0;0;1;0;0;0;0
"21/06/2025";"01:08:00";"6";"Com vítima";"115,288";"BR-116/PR";"Crescente";"Choque";1;0;0;0;0;0;0;0;0;0;0;1;0;0;0
"21/06/2025";"07:20:00";"19";"Sem vítima";"121,200";"BR-116/PR";"Decrescente";"Colisão traseira";2;0;0;0;0;0;0;0;0;0;1;0;0;0;0
"22/06/2025";"02:08:00";"7";"Sem vítima";"150,500";"BR-116/PR";"Decrescente";"Saída de pista";1;0;0;0;0;0;0;0;0;0;1;0;0;0;0
"22/06/2025";"13:17:00";"34";"Com vítima";"116,600";"BR-116/PR";"Crescente";"Colisão lateral no mesmo sentido";1;0;0;1;0;0;0;0;0;0;0;1;0;0;0
"22/06/2025";"15:10:00";"43";"Sem vítima";"133,200";"BR-116/SC";"Crescente";"Colisão traseira";2;0;0;0;0;0;0;0;0;0;1;0;0;0;0
"22/06/2025";"17:57:00";"57";"Sem vítima";"86,250";"BR-116/SC";"Crescente";"Colisão lateral no mesmo sentido";1;0;0;0;0;0;0;0;0;0;2;0;0;0;0
"22/06/2025";"23:45:00";"64";"Sem vítima";"122,933";"BR-116/PR";"Crescente";"Colisão lateral no mesmo sentido";1;0;1;0;0;0;0;0;0;0;1;0;0;0;0
"23/06/2025";"01:43:00";"6";"Sem vítima";"172,500";"BR-116/PR";"Crescente";"Colisão traseira";0;0;1;0;0;0;0;0;0;1;1;0;0;0;0
"23/06/2025";"05:57:00";"18";"Sem vítima";"197,100";"BR-116/PR";"Decrescente";"Saída de pista";1;0;0;0;0;0;0;0;0;0;1;0;0;0;0
"23/06/2025";"09:48:00";"50";"Sem vítima";"167,000";"BR-116/SC";"Crescente";"Colisão traseira";1;0;0;0;0;0;0;0;0;1;4;0;0;0;0
"23/06/2025";"13:39:00";"72";"Com vítima";"139,100";"BR-116/PR";"Crescente";"Choque";1;0;0;0;0;0;0;0;0;0;0;1;0;0;0
"24/06/2025";"05:57:00";"14";"Sem vítima";"246,200";"BR-116/SC";"Crescente";"Colisão traseira";1;0;0;0;0;0;0;0;0;0;1;0;0;0;0
"24/06/2025";"07:44:00";"29";"Sem vítima";"267,200";"BR-116/SC";"Crescente";"Saída de pista";1;0;0;0;0;0;0;0;0;0;1;0;0;0;0
"24/06/2025";"13:34:00";"71";"Com vítima";"4,700";"BR-116/SC";"Crescente";"Colisão transversal";2;0;0;0;0;0;0;0;0;0;1;1;0;0;0
"24/06/2025";"20:03:00";"112";"Com vítima";"135,125";"BR-116/SC";"Decrescente";"Tombamento";0;0;1;0;0;0;0;0;0;0;0;1;0;0;0
"25/06/2025";"12:26:00";"81";"Sem vítima";"12,015";"BR-116/SC";"Decrescente";"Colisão lateral no mesmo sentido";1;0;1;0;0;0;0;0;0;0;1;0;0;0;0
"25/06/2025";"14:47:00";"99";"Sem vítima";"34,015";"BR-116/SC";"Crescente";"Colisão traseira";0;0;2;0;0;0;0;0;0;0;1;0;0;0;0
"25/06/2025";"15:40:00";"104";"Sem vítima";"206,000";"BR-116/PR";"Decrescente";"Saída de pista";1;0;0;0;0;0;0;0;0;0;1;0;0;0;0
"25/06/2025";"16:42:00";"109";"Sem vítima";"191,300";"BR-116/PR";"Decrescente";"Colisão lateral no mesmo sentido";2;0;0;0;0;0;0;0;0;0;0;0;0;0;0
"25/06/2025";"17:28:00";"115";"Sem vítima";"138,900";"BR-116/SC";"Crescente";"Colisão lateral no mesmo sentido";2;0;0;0;0;0;0;0;0;0;1;0;0;0;0
"25/06/2025";"21:06:00";"135";"Com vítima";"140,600";"BR-116/PR";"Crescente";"Colisão traseira";1;0;1;0;0;0;0;0;0;0;1;1;0;0;0
"26/06/2025";"08:31:00";"16";"Com vítima";"163,550";"BR-116/SC";"Crescente";"Colisão transversal";0;0;2;0;0;0;0;0;0;0;0;0;1;0;0
"26/06/2025";"09:32:00";"35";"Com vítima";"91,200";"BR-116/SC";"Crescente";"Capotamento";0;0;0;0;0;0;0;0;0;1;2;1;1;0;0
"26/06/2025";"19:34:00";"83";"Sem vítima";"123,171";"BR-116/PR";"Decrescente";"Choque";1;0;0;0;0;0;0;0;0;0;1;0;0;0;0
"26/06/2025";"22:52:00";"92";"Sem vítima";"116,794";"BR-116/PR";"Decrescente";"Choque";1;0;0;0;0;0;0;0;0;0;1;0;0;0;0
"27/06/2025";"05:17:00";"12";"Sem vítima";"188,024";"BR-116/PR";"Crescente";"Saída de pista";0;0;1;0;0;0;0;0;0;0;0;0;0;0;0
"27/06/2025";"13:32:00";"67";"Sem vítima";"179,030";"BR-116/SC";"Decrescente";"Colisão lateral no mesmo sentido";2;0;0;0;0;0;0;0;0;0;1;0;0;0;0
"27/06/2025";"16:55:00";"88";"Sem vítima";"126,300";"BR-116/PR";"Crescente";"Colisão traseira";0;0;2;0;0;0;0;0;0;0;1;0;0;0;0
"27/06/2025";"20:03:00";"103";"Com vítima";"219,400";"BR-116/SC";"Crescente";"Colisão traseira";1;0;0;0;0;0;0;0;0;1;0;1;0;0;0
"28/06/2025";"09:55:00";"21";"Sem vítima";"197,400";"BR-116/PR";"Crescente";"Choque";1;0;0;0;0;0;0;0;0;0;1;0;0;0;0
"28/06/2025";"19:41:00";"63";"Sem vítima";"184,878";"BR-116/SC";"Crescente";"Colisão traseira";1;0;0;0;0;0;0;0;0;1;1;0;0;0;0
"28/06/2025";"21:10:00";"70";"Sem vítima";"137,417";"BR-116/SC";"Crescente";"Saída de pista";1;0;0;0;0;0;0;0;0;0;1;0;0;0;0
"28/06/2025";"22:08:00";"74";"Sem vítima";"132,100";"BR-116/PR";"Crescente";"Queda de moto";0;0;0;1;0;0;0;0;0;0;1;0;0;0;0
"29/06/2025";"15:03:00";"34";"Sem vítima";"152,016";"BR-116/PR";"Crescente";"Colisão lateral no mesmo sentido";1;0;0;0;0;0;0;0;0;1;1;0;0;0;0
"30/06/2025";"04:49:00";"11";"Sem vítima";"281,350";"BR-116/SC";"Crescente";"Choque";0;0;1;0;0;0;0;0;0;0;1;0;0;0;0
"30/06/2025";"16:07:00";"68";"Sem vítima";"263,149";"BR-116/SC";"Decrescente";"Saída de pista";1;0;0;0;0;0;0;0;0;0;1;0;0;0;0
"30/06/2025";"16:35:00";"70";"Sem vítima";"116,906";"BR-116/PR";"Crescente";"Colisão traseira";1;0;1;0;0;0;0;0;0;0;1;0;0;0;0
"30/06/2025";"18:56:00";"82";"Sem vítima";"116,746";"BR-116/PR";"Decrescente";"Engavetamento";3;0;0;0;0;0;0;0;0;0;1;0;0;0;0
"30/06/2025";"20:21:00";"86";"Com vítima";"122,083";"BR-116/PR";"Crescente";"Colisão lateral no mesmo sentido";1;0;0;1;0;0;0;0;0;0;0;1;0;0;0
"01/07/2025";"06:36:00";"10";"Sem vítima";"246,000";"BR-116/SC";"Decrescente";"Choque";0;0;0;0;0;0;0;0;0;1;1;0;0;0;0
"01/07/2025";"07:43:00";"18";"Com vítima";"208,200";"BR-116/SC";"Crescente";"Choque";0;0;0;0;0;0;0;0;0;1;3;1;0;0;0
"01/07/2025";"07:44:00";"19";"Com vítima";"194,000";"BR-116/PR";"Decrescente";"Colisão frontal";3;0;0;0;0;0;0;0;0;0;0;1;0;0;0
"01/07/2025";"12:53:00";"66";"Sem vítima";"122,075";"BR-116/PR";"Decrescente";"Tombamento";0;0;1;0;0;0;0;0;0;0;1;0;0;0;0
"01/07/2025";"21:57:00";"110";"Sem vítima";"185,100";"BR-116/PR";"Decrescente";"Saída de pista";0;0;1;0;0;0;0;0;0;0;1;0;0;0;0
"02/07/2025";"06:56:00";"20";"Sem vítima";"122,625";"BR-116/PR";"Decrescente";"Colisão traseira";1;0;1;0;0;0;0;0;0;0;1;0;0;0;0
"02/07/2025";"18:43:00";"109";"Sem vítima";"121,153";"BR-116/PR";"Decrescente";"Engavetamento";2;0;0;0;1;0;0;0;0;1;1;0;0;0;0
"03/07/2025";"10:01:00";"47";"Com vítima";"152,500";"BR-116/PR";"Decrescente";"Colisão transversal";1;0;1;0;0;0;0;0;0;0;0;2;0;0;0
"03/07/2025";"12:26:00";"59";"Sem vítima";"194,500";"BR-116/PR";"Decrescente";"Tombamento";0;0;2;0;0;0;0;0;0;0;1;0;0;0;0
"03/07/2025";"14:54:00";"75";"Sem vítima";"34,200";"BR-116/SC";"Crescente";"Queda de moto";0;0;0;1;0;0;0;0;0;0;2;0;0;0;0
"03/07/2025";"17:00:00";"109";"Com vítima";"220,200";"BR-116/SC";"Decrescente";"Colisão frontal";1;0;0;1;0;0;0;0;0;0;0;1;0;0;0
"03/07/2025";"19:28:00";"125";"Sem vítima";"265,400";"BR-116/SC";"Crescente";"Atropelamento de animal";1;0;0;0;0;0;0;0;0;0;0;0;0;0;0
"03/07/2025";"19:29:00";"126";"Sem vítima";"84,600";"BR-116/SC";"Crescente";"Atropelamento de animal";1;0;1;0;0;0;0;0;0;0;1;0;0;0;0
"04/07/2025";"06:30:00";"14";"Com vítima";"116,752";"BR-116/PR";"Decrescente";"Queda de moto";0;0;0;1;0;0;0;0;0;0;0;1;0;0;0
"04/07/2025";"07:08:00";"17";"Com vítima";"122,430";"BR-116/PR";"Decrescente";"Queda de moto";0;0;0;1;0;0;0;0;0;0;0;1;0;0;0
"04/07/2025";"11:25:00";"64";"Com vítima";"180,698";"BR-116/PR";"Crescente";"Queda de moto";0;0;0;1;0;0;0;0;0;0;0;1;0;0;0
"04/07/2025";"18:17:00";"90";"Com vítima";"218,250";"BR-116/SC";"Decrescente";"Colisão lateral no mesmo sentido";1;0;0;0;0;0;0;0;0;1;0;2;0;0;0
"04/07/2025";"18:26:00";"91";"Sem vítima";"124,135";"BR-116/PR";"Crescente";"Engavetamento";2;0;0;0;0;0;0;0;0;0;1;0;0;0;0
"04/07/2025";"22:39:00";"106";"Sem vítima";"75,500";"BR-116/SC";"Decrescente";"Tombamento";0;0;1;0;0;0;0;0;0;0;1;0;0;0;0
"05/07/2025";"02:24:00";"18";"Com vítima";"99,100";"BR-116/SC";"Crescente";"Choque";1;0;0;0;0;0;0;0;0;0;0;1;0;0;0
"05/07/2025";"18:31:00";"79";"Sem vítima";"55,100";"BR-116/SC";"Crescente";"Colisão traseira";2;0;0;0;0;0;0;0;0;0;1;0;0;0;0
"06/07/2025";"11:55:00";"33";"Com vítima";"150,200";"BR-116/PR";"Decrescente";"Colisão traseira";2;0;0;0;0;0;0;0;0;0;1;1;0;0;0
"06/07/2025";"13:17:00";"35";"Sem vítima";"150,100";"BR-116/PR";"Crescente";"Colisão traseira";2;0;0;0;0;0;0;0;0;0;1;0;0;0;0
"06/07/2025";"18:40:00";"54";"Com vítima";"137,208";"BR-116/SC";"Crescente";"Colisão lateral no mesmo sentido";1;0;0;0;0;0;0;0;0;0;0;0;0;0;0
"06/07/2025";"18:53:00";"58";"Sem vítima";"121,149";"BR-116/PR";"Decrescente";"Engavetamento";4;0;0;0;0;0;0;0;0;0;1;0;0;0;0
"06/07/2025";"21:04:00";"72";"Sem vítima";"167,916";"BR-116/SC";"Crescente";"Saída de pista";1;0;0;0;0;0;0;0;0;0;1;0;0;0;0
"06/07/2025";"22:46:00";"80";"Sem vítima";"115,500";"BR-116/PR";"Crescente";"Choque";1;0;0;0;0;0;0;0;0;0;1;0;0;0;0
"07/07/2025";"14:05:00";"60";"Sem vítima";"118,200";"BR-116/SC";"Crescente";"Acidentes de outra natureza";1;0;1;0;0;0;0;0;0;0;4;0;0;0;0
"07/07/2025";"18:44:00";"81";"Com vítima";"60,100";"BR-116/SC";"Crescente";"Colisão transversal";1;0;0;1;0;0;0;0;0;0;0;1;0;0;0
"07/07/2025";"19:03:00";"83";"Com vítima";"138,400";"BR-116/PR";"Crescente";"Queda de moto";0;0;0;1;0;0;0;0;0;0;0;1;0;0;0
"08/07/2025";"04:39:00";"12";"Sem vítima";"136,122";"BR-116/SC";"Crescente";"Saída de pista";0;0;1;0;0;0;0;0;0;0;1;0;0;0;0
"08/07/2025";"08:16:00";"31";"Sem vítima";"207,300";"BR-116/SC";"Decrescente";"Colisão transversal";2;0;0;0;0;1;0;0;0;0;1;0;0;0;0
"08/07/2025";"17:36:00";"90";"Com vítima";"250,146";"BR-116/SC";"Decrescente";"Choque";1;0;0;0;0;0;0;0;0;0;0;1;0;0;0
"08/07/2025";"21:13:00";"106";"Com vítima";"148,100";"BR-116/PR";"Crescente";"Saída de pista";1;0;0;0;0;0;0;0;0;0;0;1;0;0;0
"08/07/2025";"21:46:00";"108";"Sem vítima";"130,388";"BR-116/PR";"Decrescente";"Saída de pista";1;0;0;0;0;0;0;0;0;0;1;0;0;0;0
"09/07/2025";"21:43:00";"109";"Com vítima";"117,100";"BR-116/PR";"Crescente";"Choque";1;0;0;0;0;0;0;0;0;0;1;1;0;0;0
"10/07/2025";"04:45:00";"12";"Sem vítima";"98,100";"BR-116/SC";"Decrescente";"Capotamento";1;0;0;0;0;0;0;0;0;0;1;0;0;0;0
"10/07/2025";"10:48:00";"51";"Sem vítima";"183,600";"BR-116/PR";"Crescente";"Choque";0;0;1;0;0;0;0;0;0;0;0;0;0;0;0
"10/07/2025";"18:32:00";"84";"Com vítima";"222,174";"BR-116/SC";"Crescente";"Colisão lateral no mesmo sentido";1;0;1;0;0;0;0;0;0;0;1;1;0;0;0
"11/07/2025";"08:55:00";"31";"Sem vítima";"119,100";"BR-116/PR";"Decrescente";"Colisão traseira";1;0;1;0;0;0;0;0;0;0;1;0;0;0;0
"11/07/2025";"20:51:00";"97";"Sem vítima";"130,100";"BR-116/PR";"Crescente";"Colisão traseira";0;0;1;0;0;0;0;0;0;1;1;0;0;0;0
"12/07/2025";"08:18:00";"23";"Sem vítima";"238,938";"BR-116/SC";"Decrescente";"Colisão traseira";2;0;0;0;0;0;0;0;0;0;1;0;0;0;0
"12/07/2025";"11:12:00";"39";"Sem vítima";"118,250";"BR-116/PR";"Decrescente";"Choque";1;0;0;0;0;0;0;0;0;0;1;0;0;0;0
"12/07/2025";"12:34:00";"44";"Sem vítima";"124,150";"BR-116/SC";"Decrescente";"Colisão traseira";2;0;0;0;0;0;0;0;0;0;1;0;0;0;0
"13/07/2025";"00:06:00";"1";"Com vítima";"122,951";"BR-116/PR";"Crescente";"Colisão traseira";0;0;0;1;0;0;0;0;0;0;1;0;0;1;0
"13/07/2025";"00:38:00";"3";"Com vítima";"140,183";"BR-116/SC";"Crescente";"Colisão frontal";1;0;0;1;0;0;0;0;0;0;0;0;0;0;0
"13/07/2025";"14:15:00";"38";"Com vítima";"193,500";"BR-116/PR";"Decrescente";"Choque";0;0;0;1;0;0;0;0;0;0;0;1;0;0;0
"13/07/2025";"16:50:00";"54";"Com vítima";"220,150";"BR-116/SC";"Decrescente";"Colisão transversal";1;0;1;0;0;0;0;0;0;0;0;1;0;0;0
"13/07/2025";"20:49:00";"65";"Sem vítima";"139,200";"BR-116/SC";"Decrescente";"Colisão traseira";0;0;1;0;0;0;0;0;0;1;1;0;0;0;0
"14/07/2025";"06:36:00";"13";"Com vítima";"119,561";"BR-116/PR";"Decrescente";"Colisão traseira";1;0;0;1;0;0;0;0;0;0;0;1;0;0;0
"14/07/2025";"08:31:00";"23";"Sem vítima";"233,600";"BR-116/SC";"Crescente";"Colisão traseira";0;0;2;0;0;0;0;0;0;0;1;0;0;0;0
"14/07/2025";"15:25:00";"72";"Sem vítima";"207,197";"BR-116/PR";"Crescente";"Choque";1;0;0;0;0;0;0;0;0;0;1;0;0;0;0
"14/07/2025";"17:58:00";"90";"Sem vítima";"121,513";"BR-116/PR";"Crescente";"Colisão traseira";2;0;0;0;0;0;0;0;0;0;1;0;0;0;0
"14/07/2025";"21:21:00";"99";"Sem vítima";"125,302";"BR-116/PR";"Decrescente";"Choque";1;0;0;0;0;0;0;0;0;0;1;0;0;0;0
"15/07/2025";"11:54:00";"56";"Sem vítima";"45,200";"BR-116/SC";"Decrescente";"Colisão lateral no mesmo sentido";0;0;2;0;0;0;0;0;0;0;0;0;0;0;0