data;horario;n_da_ocorrencia;tipo_de_ocorrencia;km;trecho;sentido;tipo_de_acidente;automovel;bicicleta;caminhao;moto;onibus;outros;tracao_animal;transporte_de_cargas_especiais;trator_maquinas;utilitarios;ilesos;levemente_feridos;moderadamente_feridos;gravemente_feridos;mortos
"15/07/2025";"12:47:00";"62";"Sem vítima";"195,200";"BR-116/PR";"Crescente";"Colisão traseira";2;0;0;0;0;0;0;0;0;0;2;0;0;0;0
"16/07/2025";"06:42:00";"11";"Com vítima";"60,100";"BR-116/SC";"Crescente";"Colisão lateral no mesmo sentido";1;0;1;0;0;0;0;0;0;0;0;1;0;0;0
"16/07/2025";"14:22:00";"58";"Com vítima";"154,880";"BR-116/PR";"Crescente";"Saída de pista";0;0;0;0;0;0;0;0;1;0;0;0;0;0;0
"16/07/2025";"19:54:00";"84";"Sem vítima";"116,250";"BR-116/PR";"Crescente";"Colisão traseira";2;0;0;0;0;0;0;0;0;0;1;0;0;0;0
"18/07/2025";"17:24:00";"88";"Sem vítima";"152,800";"BR-116/PR";"Crescente";"Colisão lateral no mesmo sentido";0;0;0;1;0;0;0;0;0;0;1;0;0;0;0
"18/07/2025";"19:52:00";"97";"Sem vítima";"150,504";"BR-116/PR";"Crescente";"Colisão lateral no mesmo sentido";2;0;0;0;0;0;0;0;0;0;1;0;0;0;0
"19/07/2025";"07:52:00";"12";"Com vítima";"9,500";"BR-116/SC";"Crescente";"Colisão lateral no mesmo sentido";2;0;0;0;0;0;0;0;0;0;1;2;0;0;0
"20/07/2025";"04:03:00";"7";"Sem vítima";"247,100";"BR-116/SC";"Crescente";"Capotamento";1;0;0;0;0;0;0;0;0;0;0;0;0;0;0
"20/07/2025";"16:29:00";"38";"Sem vítima";"177,321";"BR-116/SC";"Decrescente";"Choque";1;0;0;0;0;0;0;0;0;0;1;0;0;0;0
"20/07/2025";"17:15:00";"44";"Com vítima";"152,213";"BR-116/PR";"Crescente";"Colisão transversal";1;0;1;0;0;0;0;0;0;0;0;1;0;0;0
"20/07/2025";"17:24:00";"45";"Sem vítima";"122,123";"BR-116/PR";"Crescente";"Choque";2;0;0;0;0;0;0;0;0;0;1;0;0;0;0
"21/07/2025";"07:19:00";"11";"Sem vítima";"231,150";"BR-116/SC";"Crescente";"Colisão traseira";1;0;1;0;0;0;0;0;0;0;1;0;0;0;0
"21/07/2025";"07:59:00";"18";"Com vítima";"206,015";"BR-116/SC";"Decrescente";"Colisão lateral no mesmo sentido";2;0;0;0;0;0;0;0;0;0;0;1;0;0;0
"21/07/2025";"09:13:00";"28";"Sem vítima";"139,025";"BR-116/SC";"Decrescente";"Colisão transversal";2;0;0;0;0;0;0;0;0;0;2;0;0;0;0
"21/07/2025";"10:11:00";"31";"Sem vítima";"108,100";"BR-116/SC";"Decrescente";"Colisão frontal";1;0;1;0;0;0;0;0;0;0;1;0;0;0;0
"21/07/2025";"12:35:00";"56";"Sem vítima";"203,150";"BR-116/SC";"Decrescente";"Choque";0;0;1;0;0;0;0;0;0;0;1;0;0;0;0
"21/07/2025";"16:43:00";"71";"Com vítima";"119,200";"BR-116/PR";"Decrescente";"Choque";1;0;0;1;0;0;0;0;0;0;1;0;0;0;0
"21/07/2025";"20:42:00";"82";"Com vítima";"126,400";"BR-116/PR";"Crescente";"Colisão traseira";1;0;0;1;0;0;0;0;0;0;1;0;0;0;0
"22/07/2025";"07:16:00";"11";"Sem vítima";"119,100";"BR-116/PR";"Decrescente";"Choque";1;0;0;0;0;0;0;0;0;0;1;0;0;0;0
"22/07/2025";"13:53:00";"68";"Sem vítima";"5,148";"BR-116/SC";"Decrescente";"Colisão traseira";1;0;1;0;0;0;0;0;0;0;1;0;0;0;0
"23/07/2025";"16:47:00";"85";"Sem vítima";"5,500";"BR-116/SC";"Decrescente";"Colisão traseira";1;0;0;0;0;0;0;0;0;1;1;0;0;0;0
"23/07/2025";"17:58:00";"92";"Sem vítima";"7,122";"BR-116/SC";"Crescente";"Colisão transversal";1;0;1;0;0;0;0;0;0;0;1;0;0;0;0
"24/07/2025";"07:09:00";"15";"Sem vítima";"119,200";"BR-116/PR";"Crescente";"Colisão lateral no mesmo sentido";0;0;0;1;0;0;0;0;0;0;1;0;0;0;0
"24/07/2025";"11:07:00";"68";"Sem vítima";"107,300";"BR-116/SC";"Decrescente";"Tombamento";1;0;1;0;0;0;0;0;0;0;1;0;0;0;0
"24/07/2025";"16:51:00";"95";"Sem vítima";"219,300";"BR-116/SC";"Crescente";"Colisão transversal";1;0;0;0;0;0;0;0;0;1;1;0;0;0;0
"24/07/2025";"19:06:00";"103";"Com vítima";"119,604";"BR-116/PR";"Crescente";"Colisão lateral no mesmo sentido";0;0;0;1;0;0;0;0;0;0;0;0;0;0;0
"25/07/2025";"05:58:00";"11";"Com vítima";"0,500";"BR-116/SC";"Crescente";"Capotamento";1;0;0;0;0;0;0;0;0;0;0;1;0;0;0
"25/07/2025";"13:43:00";"62";"Sem vítima";"217,200";"BR-116/SC";"Decrescente";"Colisão lateral no mesmo sentido";2;0;0;0;0;0;0;0;0;0;1;0;0;0;0
"25/07/2025";"14:32:00";"66";"Sem vítima";"139,200";"BR-116/SC";"Crescente";"Colisão traseira";2;0;0;0;0;0;0;0;0;0;1;0;0;0;0
"25/07/2025";"22:03:00";"99";"Sem vítima";"183,122";"BR-116/SC";"Decrescente";"Atropelamento de animal";0;0;0;0;0;0;0;0;0;1;1;0;0;0;0
"27/07/2025";"06:28:00";"4";"Com vítima";"126,400";"BR-116/PR";"Crescente";"Colisão lateral no mesmo sentido";1;0;1;0;0;0;0;0;0;0;1;1;0;0;0
"27/07/2025";"17:31:00";"62";"Com vítima";"144,100";"BR-116/PR";"Decrescente";"Colisão traseira";0;0;0;2;0;0;0;0;0;0;1;1;0;0;0
"27/07/2025";"20:23:00";"77";"Sem vítima";"196,900";"BR-116/PR";"Crescente";"Choque";1;0;0;0;0;0;0;0;0;0;1;0;0;0;0
"27/07/2025";"21:24:00";"83";"Sem vítima";"123,500";"BR-116/PR";"Crescente";"Choque";1;0;0;0;0;0;0;0;0;0;0;0;0;0;0
"28/07/2025";"07:05:00";"16";"Sem vítima";"209,393";"BR-116/PR";"Crescente";"Atropelamento de animal";1;0;0;0;0;0;0;0;0;0;1;0;0;0;0
"28/07/2025";"11:47:00";"74";"Sem vítima";"117,748";"BR-116/PR";"Decrescente";"Colisão lateral no mesmo sentido";0;0;1;0;0;0;0;0;0;1;1;0;0;0;0
"28/07/2025";"17:47:00";"119";"Sem vítima";"118,611";"BR-116/PR";"Crescente";"Engavetamento";2;0;0;0;0;0;0;0;0;0;1;0;0;0;0
"30/07/2025";"00:04:00";"1";"Sem vítima";"126,100";"BR-116/PR";"Crescente";"Engavetamento";2;0;0;0;0;0;0;0;0;0;1;0;0;0;0
"30/07/2025";"08:32:00";"42";"Sem vítima";"211,500";"BR-116/PR";"Crescente";"Colisão transversal";1;0;1;0;0;0;0;0;0;0;1;0;0;0;0
"30/07/2025";"18:53:00";"99";"Com vítima";"247,923";"BR-116/SC";"Crescente";"Colisão transversal";1;0;1;0;0;0;0;0;0;0;0;0;0;1;0
"30/07/2025";"19:06:00";"101";"Com vítima";"140,822";"BR-116/PR";"Decrescente";"Queda de moto";0;0;0;1;0;0;0;0;0;0;0;1;0;0;0
"31/07/2025";"02:40:00";"7";"Sem vítima";"143,506";"BR-116/PR";"Decrescente";"Colisão traseira";1;0;0;0;0;0;0;0;0;0;0;0;0;0;0
"31/07/2025";"07:30:00";"21";"Sem vítima";"1,015";"BR-116/SC";"Decrescente";"Colisão lateral no mesmo sentido";2;0;0;0;0;0;0;0;0;0;1;0;0;0;0
"31/07/2025";"08:11:00";"25";"Com vítima";"123,015";"BR-116/PR";"Decrescente";"Colisão traseira";1;0;0;1;0;0;0;0;0;0;1;0;1;0;0
"31/07/2025";"08:44:00";"29";"Sem vítima";"124,010";"BR-116/PR";"Decrescente";"Colisão traseira";1;0;0;0;0;0;0;0;0;1;1;0;0;0;0
"31/07/2025";"12:52:00";"60";"Sem vítima";"118,300";"BR-116/PR";"Crescente";"Colisão traseira";1;0;0;0;0;0;0;0;0;1;1;0;0;0;0
"31/07/2025";"17:53:00";"94";"Sem vítima";"117,400";"BR-116/PR";"Decrescente";"Colisão frontal";1;0;0;1;0;0;0;0;0;0;1;0;0;0;0
"01/08/2025";"07:02:00";"19";"Com vítima";"123,203";"BR-116/PR";"Decrescente";"Queda de moto";0;0;0;1;0;0;0;0;0;0;0;1;0;0;0
"01/08/2025";"09:56:00";"55";"Sem vítima";"153,100";"BR-116/PR";"Decrescente";"Tombamento";0;0;1;0;0;0;0;0;0;0;1;0;0;0;0
"01/08/2025";"16:22:00";"102";"Sem vítima";"221,200";"BR-116/SC";"Decrescente";"Colisão lateral no mesmo sentido";2;0;0;0;0;0;0;0;0;0;1;0;0;0;0
"01/08/2025";"18:05:00";"113";"Com vítima";"5,100";"BR-116/SC";"Crescente";"Colisão transversal";1;0;0;1;0;0;0;0;0;0;1;1;0;0;0
"01/08/2025";"18:25:03";"118";"Sem vítima";"183,364";"BR-116/SC";"Crescente";"Atropelamento de animal";1;0;0;0;0;0;0;0;0;0;1;0;0;0;0
"02/08/2025";"22:19:00";"96";"Sem vítima";"122,100";"BR-116/PR";"Decrescente";"Engavetamento";3;0;0;0;0;0;0;0;0;0;1;0;0;0;0
"03/08/2025";"16:24:00";"57";"Com vítima";"131,006";"BR-116/PR";"Crescente";"Choque";1;0;0;0;0;0;0;0;0;0;0;0;1;0;0
"03/08/2025";"19:03:00";"73";"Com vítima";"153,300";"BR-116/SC";"Decrescente";"Colisão frontal";1;0;1;0;0;0;0;0;0;0;0;0;1;1;0
"04/08/2025";"17:55:00";"71";"Com vítima";"112,144";"BR-116/SC";"Crescente";"Saída de pista";1;0;0;0;0;0;0;0;0;0;1;0;2;0;0
"04/08/2025";"22:39:00";"91";"Sem vítima";"243,500";"BR-116/SC";"Crescente";"Saída de pista";0;0;1;0;0;0;0;0;0;0;1;0;0;0;0
"05/08/2025";"00:34:00";"1";"Com vítima";"116,500";"BR-116/PR";"Decrescente";"Saída de pista";1;0;0;0;0;0;0;0;0;0;0;0;1;0;0
"05/08/2025";"22:57:00";"103";"Sem vítima";"118,313";"BR-116/PR";"Crescente";"Colisão traseira";1;0;0;0;0;0;0;0;0;0;1;0;0;0;0
"06/08/2025";"08:15:00";"35";"Sem vítima";"122,194";"BR-116/PR";"Decrescente";"Engavetamento";3;0;0;0;0;0;0;0;0;0;1;0;0;0;0
"06/08/2025";"13:30:00";"57";"Sem vítima";"115,200";"BR-116/PR";"Crescente";"Colisão traseira";0;0;1;0;0;0;0;0;0;1;1;0;0;0;0
"06/08/2025";"18:47:00";"81";"Com vítima";"190,452";"BR-116/SC";"Decrescente";"Colisão traseira";3;0;1;0;0;0;0;0;0;0;0;1;0;0;0
"07/08/2025";"21:52:00";"97";"Com vítima";"126,216";"BR-116/PR";"Decrescente";"Colisão transversal";1;0;1;0;0;0;0;0;0;0;1;1;3;0;2
"08/08/2025";"09:17:00";"24";"Sem vítima";"115,200";"BR-116/PR";"Decrescente";"Colisão lateral no mesmo sentido";1;0;0;1;0;0;0;0;0;0;1;0;0;0;0
"08/08/2025";"13:46:00";"42";"Sem vítima";"239,010";"BR-116/SC";"Decrescente";"Colisão lateral no mesmo sentido";1;0;1;0;0;0;0;0;0;0;1;0;0;0;0
"09/08/2025";"01:10:00";"4";"Sem vítima";"217,400";"BR-116/SC";"Decrescente";"Choque";0;0;0;0;0;0;0;0;0;1;1;0;0;0;0
"09/08/2025";"11:19:00";"38";"Sem vítima";"124,250";"BR-116/PR";"Crescente";"Engavetamento";3;0;0;0;0;0;0;0;0;0;1;0;0;0;0
"09/08/2025";"19:39:00";"73";"Sem vítima";"134,350";"BR-116/PR";"Crescente";"Colisão traseira";1;0;1;0;0;0;0;0;0;0;1;0;0;0;0
"09/08/2025";"21:55:00";"79";"Com vítima";"19,100";"BR-116/SC";"Crescente";"Colisão frontal";1;0;0;0;0;0;0;0;0;1;1;1;0;0;0
"10/08/2025";"06:22:00";"10";"Com vítima";"211,500";"BR-116/PR";"Decrescente";"Colisão lateral no mesmo sentido";1;0;1;0;0;0;0;0;0;0;0;1;0;0;0
"10/08/2025";"15:44:00";"50";"Sem vítima";"139,006";"BR-116/PR";"Decrescente";"Colisão traseira";1;0;0;0;0;0;0;0;0;0;1;0;0;0;0
"10/08/2025";"17:09:00";"55";"Sem vítima";"54,800";"BR-116/SC";"Crescente";"Colisão traseira";2;0;0;0;0;0;0;0;0;0;1;0;0;0;0
"10/08/2025";"19:04:00";"65";"Com vítima";"146,200";"BR-116/PR";"Crescente";"Colisão frontal";1;0;0;1;0;0;0;0;0;0;0;0;1;0;0
"10/08/2025";"20:02:00";"68";"Com vítima";"175,400";"BR-116/PR";"Decrescente";"Colisão frontal";1;0;1;0;0;0;0;0;0;0;0;0;0;1;0
"11/08/2025";"06:58:00";"11";"Sem vítima";"135,012";"BR-116/PR";"Decrescente";"Choque";0;0;1;0;0;0;0;0;0;0;1;0;0;0;0
"11/08/2025";"13:24:00";"65";"Com vítima";"122,200";"BR-116/PR";"Crescente";"Queda de moto";0;0;0;1;0;0;0;0;0;1;0;0;1;0;0
"11/08/2025";"16:22:00";"79";"Com vítima";"122,550";"BR-116/PR";"Crescente";"Saída de pista";1;0;0;0;0;0;0;0;0;0;0;1;0;0;0
"11/08/2025";"21:29:00";"98";"Sem vítima";"145,100";"BR-116/SC";"Crescente";"Colisão transversal";2;0;0;0;0;0;0;0;0;0;1;0;0;0;0
"12/08/2025";"13:42:00";"84";"Sem vítima";"126,350";"BR-116/PR";"Crescente";"Colisão traseira";0;0;2;0;0;0;0;0;0;0;1;0;0;0;0
"13/08/2025";"05:36:00";"5";"Sem vítima";"139,230";"BR-116/SC";"Crescente";"Colisão traseira";1;0;1;0;0;0;0;0;0;0;1;0;0;0;0
"13/08/2025";"07:34:00";"16";"Sem vítima";"115,200";"BR-116/PR";"Decrescente";"Colisão traseira";1;0;1;0;0;0;0;0;0;0;1;0;0;0;0
"13/08/2025";"07:49:00";"17";"Sem vítima";"7,100";"BR-116/SC";"Decrescente";"Colisão lateral no mesmo sentido";2;0;0;0;0;0;0;0;0;0;1;0;0;0;0
"13/08/2025";"08:44:00";"22";"Sem vítima";"49,200";"BR-116/SC";"Decrescente";"Engavetamento";1;0;1;0;0;0;0;0;0;1;1;0;0;0;0
"13/08/2025";"10:05:00";"37";"Sem vítima";"125,791";"BR-116/PR";"Crescente";"Colisão traseira";1;0;0;0;0;0;0;0;0;1;1;0;0;0;0
"13/08/2025";"13:45:00";"66";"Sem vítima";"126,226";"BR-116/PR";"Decrescente";"Colisão lateral no mesmo sentido";1;0;1;0;0;0;0;0;0;0;1;0;0;0;0
"13/08/2025";"17:07:00";"89";"Com vítima";"152,200";"BR-116/PR";"Decrescente";"Colisão transversal";1;0;0;1;0;0;0;0;0;0;0;0;1;0;0
"14/08/2025";"18:49:00";"93";"Com vítima";"228,150";"BR-116/SC";"Crescente";"Colisão traseira";2;0;0;0;0;0;0;0;0;0;2;1;0;0;0
"15/08/2025";"13:08:00";"50";"Sem vítima";"208,100";"BR-116/PR";"Crescente";"Colisão traseira";2;0;0;0;0;0;0;0;0;0;1;0;0;0;0
"15/08/2025";"13:16:00";"51";"Sem vítima";"191,500";"BR-116/PR";"Crescente";"Colisão traseira";1;0;0;0;0;0;0;0;0;0;1;0;0;0;0
"15/08/2025";"17:14:00";"71";"Sem vítima";"134,800";"BR-116/PR";"Decrescente";"Colisão traseira";1;0;1;0;0;0;0;0;0;0;1;0;0;0;0
"16/08/2025";"02:20:00";"6";"Sem vítima";"131,775";"BR-116/PR";"Crescente";"Choque";1;0;0;0;0;0;0;0;0;0;1;0;0;0;0
"16/08/2025";"05:16:00";"9";"Sem vítima";"246,220";"BR-116/SC";"Decrescente";"Choque";0;0;0;0;0;0;0;0;0;1;1;0;0;0;0
"16/08/2025";"11:12:00";"32";"Sem vítima";"179,100";"BR-116/SC";"Crescente";"Colisão frontal";1;0;0;0;0;0;0;0;0;1;1;0;0;0;0
"16/08/2025";"15:34:00";"49";"Sem vítima";"130,300";"BR-116/PR";"Crescente";"Colisão traseira";1;0;1;0;0;0;0;0;0;0;2;0;0;0;0
"16/08/2025";"18:26:00";"63";"Com vítima";"58,400";"BR-116/SC";"Crescente";"Colisão lateral no mesmo sentido";1;0;0;1;0;0;0;0;0;0;1;1;0;0;0
"17/08/2025";"08:56:00";"20";"Sem vítima";"126,400";"BR-116/PR";"Decrescente";"Colisão lateral no mesmo sentido";1;0;1;0;0;0;0;0;0;0;1;0;0;0;0
"17/08/2025";"09:35:00";"24";"Sem vítima";"126,400";"BR-116/PR";"Decrescente";"Colisão traseira";1;0;1;0;0;0;0;0;0;0;1;0;0;0;0
"17/08/2025";"14:07:00";"33";"Sem vítima";"182,600";"BR-116/PR";"Decrescente";"Colisão lateral no mesmo sentido";0;0;2;0;0;0;0;0;0;0;1;0;0;0;0
"17/08/2025";"19:31:00";"61";"Com vítima";"7,290";"BR-116/SC";"Crescente";"Colisão transversal";1;0;0;1;0;0;0;0;0;0;1;1;0;0;0
"18/08/2025";"04:27:00";"6";"Sem vítima";"117,465";"BR-116/PR";"Decrescente";"Colisão lateral no mesmo sentido";1;0;0;0;0;0;0;0;0;0;2;0;0;0;0
"18/08/2025";"15:30:00";"88";"Com vítima";"115,500";"BR-116/PR";"Decrescente";"Queda de moto";0;0;0;1;0;0;0;0;0;0;0;1;0;0;0
"18/08/2025";"17:07:00";"95";"Sem vítima";"245,600";"BR-116/SC";"Decrescente";"Colisão transversal";2;0;0;0;0;0;0;0;0;0;1;0;0;0;0
"19/08/2025";"03:36:00";"5";"Sem vítima";"121,200";"BR-116/PR";"Crescente";"Capotamento";0;0;0;0;0;0;0;0;0;1;1;0;0;0;0
"19/08/2025";"10:28:00";"60";"Com vítima";"259,205";"BR-116/SC";"Crescente";"Colisão lateral no mesmo sentido";1;0;0;1;0;0;0;0;0;0;0;1;0;0;0
"19/08/2025";"10:45:00";"64";"Com vítima";"152,700";"BR-116/PR";"Crescente";"Colisão lateral no mesmo sentido";1;0;1;0;0;0;0;0;0;0;0;0;1;0;2
"19/08/2025";"19:05:00";"96";"Com vítima";"122,034";"BR-116/PR";"Crescente";"Colisão transversal";1;0;0;1;0;0;0;0;0;0;0;1;0;0;0
"20/08/2025";"06:23:00";"10";"Com vítima";"120,650";"BR-116/PR";"Crescente";"Queda de moto";0;0;0;1;0;0;0;0;0;0;0;1;0;0;0
"20/08/2025";"07:20:00";"16";"Sem vítima";"118,300";"BR-116/PR";"Crescente";"Engavetamento";2;0;2;0;0;0;0;0;0;1;1;0;0;0;0
"20/08/2025";"19:21:00";"100";"Sem vítima";"260,952";"BR-116/SC";"Decrescente";"Colisão traseira";2;0;0;0;0;0;0;0;0;0;1;0;0;0;0
"21/08/2025";"08:45:00";"39";"Sem vítima";"9,800";"BR-116/SC";"Decrescente";"Colisão lateral no mesmo sentido";0;0;0;0;0;0;0;0;0;1;1;0;0;0;0
"21/08/2025";"17:00:00";"75";"Com vítima";"140,140";"BR-116/SC";"Crescente";"Colisão traseira";0;0;0;1;0;0;0;0;0;1;0;1;0;0;0
"21/08/2025";"20:54:00";"92";"Com vítima";"117,100";"BR-116/PR";"Crescente";"Colisão traseira";0;0;0;2;0;0;0;0;0;0;1;1;0;0;0
"21/08/2025";"22:51:00";"99";"Sem vítima";"188,495";"BR-116/PR";"Crescente";"Atropelamento de animal";0;0;0;0;0;0;0;0;0;1;1;0;0;0;0
"22/08/2025";"07:49:00";"22";"Sem vítima";"126,300";"BR-116/PR";"Decrescente";"Colisão traseira";1;0;0;1;0;0;0;0;0;0;1;0;0;0;0
"22/08/2025";"17:13:00";"88";"Sem vítima";"119,100";"BR-116/PR";"Crescente";"Colisão traseira";2;0;0;0;0;0;0;0;0;0;1;0;0;0;0
"23/08/2025";"01:05:00";"7";"Com vítima";"148,500";"BR-116/PR";"Decrescente";"Capotamento";1;0;0;0;0;0;0;0;0;0;0;1;0;0;0
"23/08/2025";"05:33:00";"14";"Com vítima";"160,650";"BR-116/PR";"Crescente";"Capotamento";1;0;0;0;0;0;0;0;0;0;0;1;0;0;0
"23/08/2025";"14:13:00";"47";"Sem vítima";"254,800";"BR-116/SC";"Decrescente";"Colisão transversal";1;0;0;1;0;0;0;0;0;0;1;0;0;0;0
"24/08/2025";"13:05:00";"29";"Sem vítima";"157,200";"BR-116/SC";"Crescente";"Capotamento";1;0;0;0;0;0;0;0;0;0;1;0;0;0;0
"24/08/2025";"19:16:00";"46";"Com vítima";"116,125";"BR-116/PR";"Decrescente";"Queda de moto";0;0;0;1;0;0;0;0;0;0;0;1;0;0;0
"24/08/2025";"19:33:00";"49";"Sem vítima";"121,478";"BR-116/PR";"Decrescente";"Engavetamento";4;0;0;0;0;0;0;0;0;0;1;0;0;0;0
"24/08/2025";"20:01:00";"53";"Com vítima";"141,917";"BR-116/PR";"Crescente";"Queda de moto";0;0;0;1;0;0;0;0;0;0;0;2;0;0;0
"25/08/2025";"06:06:00";"8";"Sem vítima";"126,640";"BR-116/PR";"Decrescente";"Colisão traseira";1;0;0;1;0;0;0;0;0;0;1;0;0;0;0
"25/08/2025";"08:54:00";"33";"Com vítima";"116,250";"BR-116/PR";"Decrescente";"Colisão lateral no mesmo sentido";1;0;0;1;0;0;0;0;0;0;1;1;0;0;0
"25/08/2025";"10:19:00";"46";"Sem vítima";"203,650";"BR-116/PR";"Decrescente";"Colisão traseira";1;0;0;0;0;0;0;0;0;0;0;0;0;0;0
"26/08/2025";"06:25:00";"7";"Com vítima";"116,400";"BR-116/PR";"Decrescente";"Queda de moto";0;0;0;1;0;0;0;0;0;0;0;1;0;0;0
"26/08/2025";"15:11:00";"65";"Sem vítima";"194,010";"BR-116/PR";"Decrescente";"Saída de pista";1;0;0;0;0;0;0;0;0;0;1;0;0;0;0
"26/08/2025";"17:53:00";"82";"Com vítima";"147,212";"BR-116/PR";"Decrescente";"Colisão transversal";2;0;0;0;0;0;0;0;0;0;0;1;1;0;0
"27/08/2025";"06:43:00";"19";"Com vítima";"239,300";"BR-116/SC";"Decrescente";"Choque";1;0;0;0;0;0;0;0;0;0;0;1;0;0;0
"27/08/2025";"08:24:00";"40";"Com vítima";"126,544";"BR-116/PR";"Decrescente";"Colisão lateral no mesmo sentido";1;0;0;1;0;0;0;0;0;0;0;1;0;0;0
"27/08/2025";"18:01:00";"80";"Com vítima";"116,270";"BR-116/PR";"Decrescente";"Colisão lateral no mesmo sentido";1;0;0;1;0;0;0;0;0;0;1;1;0;0;0
"28/08/2025";"07:44:00";"36";"Sem vítima";"121,800";"BR-116/PR";"Decrescente";"Colisão traseira";1;0;0;0;0;0;0;0;0;0;1;0;0;0;0
"28/08/2025";"22:33:00";"110";"Sem vítima";"145,225";"BR-116/SC";"Crescente";"Saída de pista";1;0;0;0;0;0;0;0;0;0;1;0;0;0;0
"29/08/2025";"11:31:00";"60";"Sem vítima";"120,100";"BR-116/PR";"Decrescente";"Engavetamento";2;0;0;0;0;0;0;0;0;0;1;0;0;0;0
"29/08/2025";"19:43:00";"98";"Sem vítima";"205,141";"BR-116/PR";"Crescente";"Saída de pista";1;0;0;0;0;0;0;0;0;0;1;0;0;0;0
"29/08/2025";"19:52:00";"99";"Com vítima";"118,500";"BR-116/PR";"Crescente";"Queda de moto";0;0;0;1;0;0;0;0;0;0;0;1;0;0;0
"30/08/2025";"01:45:00";"3";"Sem vítima";"116,100";"BR-116/PR";"Crescente";"Choque";1;0;0;0;0;0;0;0;0;0;0;0;0;0;0
"30/08/2025";"12:54:00";"31";"Sem vítima";"233,600";"BR-116/SC";"Decrescente";"Colisão traseira";1;0;0;1;0;0;0;0;0;0;2;0;0;0;0
"30/08/2025";"18:31:00";"60";"Com vítima";"4,800";"BR-116/SC";"Crescente";"Atropelamento de pedestre";1;1;0;0;0;0;0;0;0;0;0;0;0;0;0
"31/08/2025";"16:08:00";"41";"Sem vítima";"126,350";"BR-116/PR";"Decrescente";"Engavetamento";1;0;1;0;0;0;0;0;0;0;1;0;0;0;0
"01/09/2025";"06:39:00";"22";"Sem vítima";"248,700";"BR-116/SC";"Decrescente";"Choque";1;0;0;0;0;0;0;0;0;0;1;0;0;0;0
"01/09/2025";"23:24:00";"93";"Com vítima";"116,100";"BR-116/SC";"Decrescente";"Colisão traseira";1;0;0;1;0;0;0;0;0;0;0;1;0;0;0
"02/09/2025";"08:34:00";"20";"Sem vítima";"130,100";"BR-116/PR";"Crescente";"Colisão traseira";0;0;0;0;0;0;0;0;0;2;1;0;0;0;0
"03/09/2025";"03:00:00";"5";"Com vítima";"199,792";"BR-116/SC";"Decrescente";"Tombamento";0;0;1;0;0;0;0;0;0;0;1;1;0;0;0
"03/09/2025";"21:33:00";"103";"Sem vítima";"149,900";"BR-116/PR";"Crescente";"Colisão transversal";1;0;1;0;0;0;0;0;0;0;1;0;0;0;0
"04/09/2025";"23:15:00";"101";"Sem vítima";"226,222";"BR-116/SC";"Decrescente";"Saída de pista";0;0;0;0;0;0;0;0;0;1;1;0;0;0;0
"05/09/2025";"13:08:00";"55";"Sem vítima";"206,030";"BR-116/PR";"Crescente";"Saída de pista";1;0;0;0;0;0;0;0;0;0;1;0;0;0;0
"05/09/2025";"13:32:00";"61";"Sem vítima";"59,900";"BR-116/SC";"Decrescente";"Colisão transversal";2;0;0;0;0;0;0;0;0;0;2;0;0;0;0
"05/09/2025";"19:15:00";"78";"Sem vítima";"208,125";"BR-116/PR";"Decrescente";"Saída de pista";1;0;0;0;0;0;0;0;0;0;1;0;0;0;0
"05/09/2025";"21:35:00";"86";"Com vítima";"121,300";"BR-116/PR";"Crescente";"Colisão transversal";1;0;0;1;0;0;0;0;0;0;1;1;0;0;0
"06/09/2025";"06:37:00";"11";"Com vítima";"131,600";"BR-116/SC";"Crescente";"Capotamento";1;0;0;0;0;0;0;0;0;0;0;2;0;0;0
"06/09/2025";"07:45:00";"13";"Sem vítima";"199,100";"BR-116/PR";"Crescente";"Colisão frontal";1;0;1;0;0;0;0;0;0;0;1;0;0;0;0
"06/09/2025";"21:32:00";"58";"Sem vítima";"130,515";"BR-116/PR";"Decrescente";"Choque";1;0;0;0;0;0;0;0;0;0;1;0;0;0;0
"06/09/2025";"22:35:00";"60";"Sem vítima";"116,100";"BR-116/PR";"Crescente";"Queda de moto";0;0;0;1;0;0;0;0;0;0;1;0;0;0;0
"07/09/2025";"16:49:00";"41";"Sem vítima";"185,100";"BR-116/SC";"Crescente";"Colisão traseira";1;0;0;1;0;0;0;0;0;0;0;0;0;0;0
"07/09/2025";"18:57:00";"48";"Sem vítima";"245,719";"BR-116/SC";"Decrescente";"Colisão transversal";2;0;0;0;0;0;0;0;0;0;1;0;0;0;0