data;horario;n_da_ocorrencia;tipo_de_ocorrencia;km;trecho;sentido;tipo_de_acidente;automovel;bicicleta;caminhao;moto;onibus;outros;tracao_animal;transporte_de_cargas_especiais;trator_maquinas;utilitarios;ilesos;levemente_feridos;moderadamente_feridos;gravemente_feridos;mortos
"08/09/2025";"11:46:00";"35";"Sem vítima";"210,100";"BR-116/SC";"Decrescente";"Colisão transversal";1;0;1;0;0;0;0;0;0;0;1;0;0;0;0
"09/09/2025";"07:35:00";"30";"Sem vítima";"127,900";"BR-116/PR";"Decrescente";"Colisão lateral no mesmo sentido";2;0;0;0;0;0;0;0;0;0;1;0;0;0;0
"09/09/2025";"08:01:00";"33";"Com vítima";"180,100";"BR-116/SC";"Decrescente";"Colisão frontal";2;0;0;0;0;0;0;0;0;0;1;1;0;0;0
"09/09/2025";"16:33:00";"68";"Com vítima";"129,200";"BR-116/PR";"Crescente";"Colisão traseira";0;0;1;1;0;0;0;0;0;0;0;1;0;0;0
"10/09/2025";"18:17:00";"90";"Com vítima";"23,767";"BR-116/SC";"Decrescente";"Queda de moto";0;0;0;1;0;0;0;0;0;0;0;1;0;0;0
"11/09/2025";"12:24:00";"86";"Com vítima";"121,100";"BR-116/PR";"Crescente";"Colisão lateral no mesmo sentido";1;0;0;1;0;0;0;0;0;0;0;1;0;0;0
"11/09/2025";"18:20:00";"114";"Sem vítima";"133,500";"BR-116/SC";"Crescente";"Queda de moto";0;0;0;1;0;0;0;0;0;0;1;0;0;0;0
"12/09/2025";"06:35:00";"17";"Sem vítima";"120,100";"BR-116/PR";"Decrescente";"Colisão lateral no mesmo sentido";1;0;0;1;0;0;0;0;0;0;1;0;0;0;0
"12/09/2025";"07:15:00";"21";"Com vítima";"154,400";"BR-116/PR";"Decrescente";"Queda de moto";0;0;0;1;0;0;0;0;0;0;0;1;0;0;0
"12/09/2025";"08:52:00";"45";"Sem vítima";"115,100";"BR-116/PR";"Decrescente";"Colisão lateral no mesmo sentido";1;0;0;1;0;0;0;0;0;0;1;0;0;0;0
"12/09/2025";"14:35:00";"83";"Sem vítima";"259,100";"BR-116/SC";"Crescente";"Colisão traseira";2;0;0;0;0;0;0;0;0;0;1;0;0;0;0
"12/09/2025";"18:11:00";"96";"Sem vítima";"233,160";"BR-116/SC";"Crescente";"Colisão traseira";2;0;0;0;0;0;0;0;0;0;1;0;0;0;0
"12/09/2025";"18:46:00";"99";"Com vítima";"209,209";"BR-116/PR";"Decrescente";"Acidentes de outra natureza";0;1;0;0;0;0;0;0;0;0;0;0;0;0;0
"12/09/2025";"21:56:00";"108";"Com vítima";"196,150";"BR-116/SC";"Decrescente";"Queda de moto";0;0;0;1;0;0;0;0;0;0;0;1;0;0;0
"13/09/2025";"21:20:00";"85";"Sem vítima";"152,302";"BR-116/PR";"Decrescente";"Colisão lateral no mesmo sentido";1;0;1;0;0;0;0;0;0;0;1;0;0;0;0
"14/09/2025";"06:51:00";"16";"Sem vítima";"28,100";"BR-116/SC";"Decrescente";"Saída de pista";1;0;0;0;0;0;0;0;0;0;1;0;0;0;0
"14/09/2025";"09:17:00";"28";"Com vítima";"122,200";"BR-116/PR";"Crescente";"Saída de pista";1;0;0;0;0;0;0;0;0;0;0;1;0;0;0
"14/09/2025";"15:47:00";"54";"Sem vítima";"125,321";"BR-116/PR";"Decrescente";"Saída de pista";1;0;0;0;0;0;0;0;0;0;0;0;0;0;0
"14/09/2025";"17:07:00";"60";"Sem vítima";"119,100";"BR-116/PR";"Crescente";"Colisão traseira";2;0;0;0;0;0;0;0;0;0;1;0;0;0;0
"14/09/2025";"17:26:00";"63";"Sem vítima";"52,950";"BR-116/SC";"Crescente";"Colisão frontal";0;0;0;0;0;0;0;0;0;2;1;0;0;0;0
"14/09/2025";"19:43:00";"69";"Sem vítima";"134,400";"BR-116/PR";"Decrescente";"Colisão lateral no mesmo sentido";1;0;1;0;0;0;0;0;0;0;1;0;0;0;0
"15/09/2025";"05:36:00";"12";"Sem vítima";"298,200";"BR-116/SC";"Decrescente";"Saída de pista";1;0;0;0;0;0;0;0;0;0;0;0;0;0;0
"15/09/2025";"07:43:00";"35";"Com vítima";"119,100";"BR-116/PR";"Decrescente";"Colisão traseira";1;0;0;1;0;0;0;0;0;0;1;1;0;0;0
"15/09/2025";"16:43:00";"83";"Sem vítima";"220,500";"BR-116/SC";"Decrescente";"Colisão transversal";2;0;0;0;0;0;0;0;0;0;0;0;0;0;0
"16/09/2025";"18:40:00";"81";"Sem vítima";"137,047";"BR-116/SC";"Decrescente";"Choque";1;0;0;0;0;0;0;0;0;0;2;0;0;0;0
"17/09/2025";"09:56:00";"56";"Sem vítima";"71,700";"BR-116/SC";"Crescente";"Colisão traseira";1;0;1;0;0;0;0;0;0;0;1;0;0;0;0
"17/09/2025";"12:08:00";"67";"Sem vítima";"173,800";"BR-116/SC";"Decrescente";"Colisão lateral no mesmo sentido";0;0;2;0;0;0;0;0;0;0;1;0;0;0;0
"18/09/2025";"14:11:00";"58";"Com vítima";"118,132";"BR-116/PR";"Decrescente";"Queda de moto";0;0;0;1;0;0;0;0;0;0;0;1;0;0;0
"18/09/2025";"14:31:00";"59";"Sem vítima";"65,500";"BR-116/SC";"Crescente";"Colisão traseira";0;0;1;0;0;0;0;0;0;0;1;0;0;0;0
"18/09/2025";"17:45:00";"70";"Sem vítima";"121,856";"BR-116/PR";"Crescente";"Engavetamento";2;0;1;0;0;0;0;0;0;1;1;0;0;0;0
"18/09/2025";"19:08:00";"77";"Com vítima";"152,397";"BR-116/PR";"Crescente";"Colisão transversal";1;0;0;0;0;0;0;0;0;1;0;0;0;1;0
"19/09/2025";"00:38:00";"2";"Sem vítima";"152,500";"BR-116/SC";"Decrescente";"Atropelamento de animal";1;0;0;0;0;0;0;0;0;0;1;0;0;0;0
"19/09/2025";"14:03:00";"83";"Sem vítima";"203,650";"BR-116/PR";"Crescente";"Choque";1;0;0;0;0;0;0;0;0;0;1;0;0;0;0
"20/09/2025";"19:04:00";"68";"Com vítima";"130,620";"BR-116/PR";"Crescente";"Choque";1;0;0;0;0;0;0;0;0;0;0;2;0;0;0
"20/09/2025";"21:19:00";"81";"Sem vítima";"141,498";"BR-116/PR";"Crescente";"Colisão lateral no mesmo sentido";1;0;1;0;0;0;0;0;0;0;1;0;0;0;0
"21/09/2025";"05:26:00";"13";"Sem vítima";"225,188";"BR-116/SC";"Decrescente";"Saída de pista";1;0;0;0;0;0;0;0;0;0;1;0;0;0;0
"21/09/2025";"05:45:00";"14";"Sem vítima";"224,252";"BR-116/SC";"Crescente";"Choque";1;0;0;0;0;0;0;0;0;0;1;0;0;0;0
"21/09/2025";"16:36:00";"73";"Sem vítima";"122,075";"BR-116/PR";"Crescente";"Choque";1;0;0;0;0;0;0;0;0;0;1;0;0;0;0
"21/09/2025";"17:35:00";"76";"Sem vítima";"122,100";"BR-116/PR";"Decrescente";"Engavetamento";2;0;0;0;0;0;0;0;0;1;1;0;0;0;0
"22/09/2025";"07:24:00";"13";"Sem vítima";"116,100";"BR-116/PR";"Decrescente";"Colisão lateral no mesmo sentido";1;0;1;0;0;0;0;0;0;0;1;0;0;0;0
"22/09/2025";"10:58:00";"41";"Sem vítima";"115,122";"BR-116/PR";"Crescente";"Saída de pista";0;0;1;0;0;0;0;0;0;0;1;0;0;0;0
"22/09/2025";"12:38:00";"50";"Com vítima";"190,010";"BR-116/SC";"Decrescente";"Tombamento";0;0;1;0;0;0;0;0;0;0;0;1;0;0;0
"22/09/2025";"18:48:00";"83";"Sem vítima";"23,600";"BR-116/SC";"Decrescente";"Colisão transversal";2;0;0;0;0;0;0;0;0;0;4;0;0;0;0
"23/09/2025";"01:36:00";"7";"Com vítima";"201,104";"BR-116/SC";"Crescente";"Choque";0;0;1;0;0;0;0;0;0;0;0;1;0;0;0
"23/09/2025";"13:22:00";"72";"Sem vítima";"45,500";"BR-116/SC";"Crescente";"Choque";1;0;0;0;0;0;0;0;0;0;1;0;0;0;0
"23/09/2025";"19:03:00";"105";"Sem vítima";"116,294";"BR-116/PR";"Decrescente";"Colisão lateral no mesmo sentido";2;0;0;0;0;0;0;0;0;0;1;0;0;0;0
"24/09/2025";"07:11:00";"23";"Com vítima";"117,100";"BR-116/PR";"Decrescente";"Colisão traseira";0;0;0;1;0;0;0;0;0;0;0;1;0;0;0
"24/09/2025";"10:35:00";"55";"Sem vítima";"6,900";"BR-116/SC";"Decrescente";"Colisão traseira";2;0;0;0;0;0;0;0;0;0;1;0;0;0;0
"25/09/2025";"06:26:00";"14";"Sem vítima";"206,500";"BR-116/PR";"Crescente";"Colisão traseira";2;0;0;0;0;0;0;0;0;0;1;0;0;0;0
"25/09/2025";"08:09:00";"44";"Sem vítima";"130,100";"BR-116/PR";"Crescente";"Saída de pista";0;0;0;1;0;0;0;0;0;0;0;0;0;0;0
"25/09/2025";"15:21:00";"98";"Sem vítima";"132,100";"BR-116/PR";"Decrescente";"Capotamento";1;0;0;0;0;0;0;0;0;0;1;0;0;0;0
"26/09/2025";"11:29:00";"55";"Sem vítima";"12,300";"BR-116/SC";"Crescente";"Colisão transversal";1;0;0;0;0;0;0;0;0;0;1;0;0;0;0
"26/09/2025";"18:13:00";"88";"Com vítima";"115,705";"BR-116/PR";"Decrescente";"Choque";1;0;0;0;0;0;0;0;0;0;0;1;0;0;0
"26/09/2025";"23:13:00";"108";"Sem vítima";"125,100";"BR-116/SC";"Decrescente";"Choque";1;0;0;0;0;0;0;0;0;0;1;0;0;0;0
"27/09/2025";"00:12:00";"1";"Sem vítima";"176,196";"BR-116/SC";"Decrescente";"Capotamento";1;0;0;0;0;0;0;0;0;0;1;0;0;0;0
"27/09/2025";"09:50:00";"37";"Sem vítima";"4,500";"BR-116/SC";"Decrescente";"Colisão lateral no mesmo sentido";1;0;0;0;0;0;0;0;0;0;3;0;0;0;0
"27/09/2025";"14:31:00";"59";"Sem vítima";"125,500";"BR-116/PR";"Decrescente";"Colisão traseira";1;0;0;1;0;0;0;0;0;0;1;0;0;0;0
"28/09/2025";"02:06:00";"2";"Sem vítima";"206,125";"BR-116/PR";"Crescente";"Saída de pista";1;0;0;0;0;0;0;0;0;0;4;0;0;0;0
"28/09/2025";"11:00:00";"21";"Sem vítima";"197,100";"BR-116/PR";"Crescente";"Colisão lateral no mesmo sentido";1;0;1;0;0;0;0;0;0;0;1;0;0;0;0
"28/09/2025";"13:37:00";"25";"Sem vítima";"198,022";"BR-116/SC";"Crescente";"Saída de pista";1;0;0;0;0;0;0;0;0;0;1;0;0;0;0
"28/09/2025";"20:44:00";"48";"Sem vítima";"163,686";"BR-116/PR";"Decrescente";"Colisão traseira";0;0;1;0;0;0;0;0;0;0;1;0;0;0;0
"29/09/2025";"04:07:00";"8";"Sem vítima";"121,224";"BR-116/PR";"Decrescente";"Choque";0;0;0;0;0;0;0;0;0;1;1;0;0;0;0
"29/09/2025";"09:22:00";"57";"Com vítima";"116,100";"BR-116/PR";"Decrescente";"Colisão traseira";1;0;0;1;0;0;0;0;0;0;0;1;0;0;0
"29/09/2025";"19:38:00";"109";"Sem vítima";"283,400";"BR-116/SC";"Crescente";"Choque";1;0;0;0;0;0;0;0;0;0;4;0;0;0;0
"30/09/2025";"00:16:00";"2";"Sem vítima";"238,100";"BR-116/SC";"Decrescente";"Queda de moto";0;0;0;1;0;0;0;0;0;0;1;0;0;0;0
"30/09/2025";"06:13:00";"8";"Com vítima";"116,400";"BR-116/PR";"Crescente";"Choque";0;0;1;0;0;0;0;0;0;0;0;1;0;0;0
"30/09/2025";"12:09:00";"57";"Com vítima";"119,100";"BR-116/SC";"Crescente";"Colisão lateral no mesmo sentido";0;0;0;1;0;0;0;0;0;0;0;2;0;0;0
"30/09/2025";"19:26:00";"87";"Sem vítima";"197,400";"BR-116/PR";"Crescente";"Capotamento";1;0;0;0;0;0;0;0;0;0;1;0;0;0;0
"01/10/2025";"18:19:00";"83";"Sem vítima";"198,100";"BR-116/SC";"Crescente";"Colisão lateral no mesmo sentido";2;0;0;0;0;0;0;0;0;0;1;0;0;0;0
"02/10/2025";"08:37:00";"36";"Sem vítima";"126,100";"BR-116/PR";"Crescente";"Saída de pista";0;0;1;0;0;0;0;0;0;0;1;0;0;0;0
"02/10/2025";"09:50:00";"42";"Sem vítima";"116,100";"BR-116/PR";"Decrescente";"Engavetamento";3;0;0;0;0;0;0;0;0;0;1;0;0;0;0
"02/10/2025";"16:07:00";"73";"Sem vítima";"121,132";"BR-116/PR";"Crescente";"Queda de moto";0;0;0;1;0;0;0;0;0;0;1;0;0;0;0
"03/10/2025";"09:41:00";"44";"Sem vítima";"135,800";"BR-116/PR";"Crescente";"Colisão lateral no mesmo sentido";1;0;1;0;0;0;0;0;0;0;1;0;0;0;0
"03/10/2025";"10:15:00";"47";"Sem vítima";"162,200";"BR-116/PR";"Decrescente";"Colisão traseira";1;0;1;0;0;0;0;0;0;0;3;0;0;0;0
"03/10/2025";"13:11:00";"60";"Sem vítima";"155,100";"BR-116/SC";"Decrescente";"Queda de moto";0;0;0;1;0;0;0;0;0;0;2;0;0;0;0
"03/10/2025";"17:31:00";"77";"Com vítima";"209,100";"BR-116/PR";"Decrescente";"Colisão lateral no mesmo sentido";2;0;0;0;0;0;0;0;0;0;0;1;0;0;0
"04/10/2025";"01:30:00";"4";"Sem vítima";"126,350";"BR-116/PR";"Crescente";"Colisão traseira";1;0;1;0;0;0;0;0;0;0;0;0;0;0;0
"04/10/2025";"10:25:00";"31";"Com vítima";"115,500";"BR-116/PR";"Crescente";"Colisão lateral no mesmo sentido";1;0;1;0;0;0;0;0;0;0;1;1;0;0;0
"04/10/2025";"14:34:00";"50";"Sem vítima";"233,160";"BR-116/SC";"Decrescente";"Colisão traseira";1;0;1;0;0;0;0;0;0;0;1;0;0;0;0
"05/10/2025";"10:40:00";"30";"Sem vítima";"12,500";"BR-116/SC";"Decrescente";"Colisão transversal";1;0;1;0;0;0;0;0;0;0;1;0;0;0;0
"05/10/2025";"18:32:00";"77";"Sem vítima";"239,500";"BR-116/SC";"Crescente";"Saída de pista";0;0;1;0;0;0;0;0;0;0;1;0;0;0;0
"05/10/2025";"19:17:00";"81";"Sem vítima";"150,500";"BR-116/PR";"Crescente";"Colisão traseira";2;0;0;0;0;0;0;0;0;0;1;0;0;0;0
"06/10/2025";"03:07:00";"6";"Com vítima";"69,800";"BR-116/SC";"Crescente";"Colisão frontal";1;0;1;0;0;0;0;0;0;0;0;0;1;0;0
"06/10/2025";"07:08:00";"18";"Sem vítima";"209,100";"BR-116/PR";"Crescente";"Colisão lateral no mesmo sentido";2;0;0;0;0;0;0;0;0;0;1;0;0;0;0
"06/10/2025";"07:28:00";"22";"Sem vítima";"115,100";"BR-116/PR";"Decrescente";"Colisão traseira";1;0;0;0;0;0;0;0;0;0;1;0;0;0;0
"06/10/2025";"20:02:00";"105";"Sem vítima";"183,990";"BR-116/PR";"Decrescente";"Saída de pista";1;0;0;0;0;0;0;0;0;0;1;0;0;0;0
"06/10/2025";"20:47:00";"106";"Sem vítima";"148,200";"BR-116/PR";"Crescente";"Capotamento";1;0;0;0;0;0;0;0;0;0;1;0;0;0;0
"08/10/2025";"16:17:00";"84";"Sem vítima";"218,300";"BR-116/SC";"Decrescente";"Colisão traseira";1;0;1;0;0;0;0;0;0;0;1;0;0;0;0
"09/10/2025";"11:11:00";"68";"Com vítima";"59,900";"BR-116/SC";"Crescente";"Colisão lateral no mesmo sentido";1;0;1;0;0;0;0;0;0;0;1;1;0;0;0
"09/10/2025";"14:16:00";"77";"Com vítima";"206,400";"BR-116/SC";"Decrescente";"Colisão transversal";2;0;0;0;0;0;0;0;0;0;1;1;0;0;0
"09/10/2025";"17:21:00";"97";"Com vítima";"117,800";"BR-116/PR";"Decrescente";"Colisão transversal";0;0;1;1;0;0;0;0;0;0;0;1;0;0;0
"09/10/2025";"17:41:00";"98";"Com vítima";"251,200";"BR-116/SC";"Decrescente";"Colisão transversal";2;0;0;0;0;0;0;0;0;0;0;1;1;0;0
"09/10/2025";"23:49:00";"113";"Com vítima";"134,400";"BR-116/PR";"Crescente";"Tombamento";0;0;1;0;0;0;0;0;0;0;0;1;0;0;0
"10/10/2025";"06:36:00";"21";"Com vítima";"133,375";"BR-116/SC";"Crescente";"Tombamento";0;0;1;0;0;0;0;0;0;0;0;1;0;0;0
"10/10/2025";"19:30:00";"117";"Sem vítima";"121,800";"BR-116/PR";"Crescente";"Colisão traseira";1;0;0;0;0;0;0;0;0;0;1;0;0;0;0
"10/10/2025";"20:15:00";"118";"Sem vítima";"117,050";"BR-116/PR";"Crescente";"Colisão lateral no mesmo sentido";1;0;0;1;0;0;0;0;0;0;1;0;0;0;0
"10/10/2025";"21:05:00";"122";"Sem vítima";"121,582";"BR-116/PR";"Crescente";"Engavetamento";2;0;0;0;0;0;0;0;0;0;1;0;0;0;0
"11/10/2025";"10:46:00";"41";"Sem vítima";"71,300";"BR-116/SC";"Crescente";"Saída de pista";0;0;1;0;0;0;0;0;0;0;1;0;0;0;0
"11/10/2025";"14:54:00";"68";"Sem vítima";"185,200";"BR-116/SC";"Decrescente";"Saída de pista";0;0;0;0;0;0;0;0;0;1;2;0;0;0;0
"11/10/2025";"16:57:00";"80";"Sem vítima";"59,800";"BR-116/SC";"Decrescente";"Acidentes de outra natureza";1;0;0;0;0;0;0;0;0;0;0;0;0;0;0
"11/10/2025";"22:56:00";"99";"Sem vítima";"129,122";"BR-116/PR";"Decrescente";"Colisão traseira";2;0;0;0;0;0;0;0;0;0;1;0;0;0;0
"12/10/2025";"06:42:00";"13";"Com vítima";"123,111";"BR-116/PR";"Crescente";"Queda de moto";0;0;0;1;0;0;0;0;0;0;0;0;1;0;0
"12/10/2025";"12:40:00";"43";"Sem vítima";"202,100";"BR-116/SC";"Decrescente";"Capotamento";1;0;0;0;0;0;0;0;0;0;1;0;0;0;0
"12/10/2025";"13:47:00";"47";"Sem vítima";"202,100";"BR-116/SC";"Crescente";"Colisão traseira";0;0;1;0;0;0;0;0;0;1;1;0;0;0;0
"12/10/2025";"16:09:00";"59";"Sem vítima";"126,500";"BR-116/PR";"Decrescente";"Colisão traseira";2;0;0;0;0;0;0;0;0;0;1;0;0;0;0
"12/10/2025";"21:52:00";"82";"Sem vítima";"127,744";"BR-116/PR";"Crescente";"Colisão traseira";0;0;0;1;0;0;0;0;0;0;1;0;0;0;0
"13/10/2025";"11:53:00";"77";"Sem vítima";"115,100";"BR-116/PR";"Decrescente";"Queda de moto";0;0;0;1;0;0;0;0;0;0;1;0;0;0;0
"13/10/2025";"22:31:00";"130";"Com vítima";"156,800";"BR-116/PR";"Decrescente";"Tombamento";0;0;1;0;0;0;0;0;0;0;0;1;0;0;0
"14/10/2025";"07:26:00";"28";"Com vítima";"1,100";"BR-116/SC";"Crescente";"Queda de moto";0;0;0;1;0;0;0;0;0;0;0;1;0;0;0
"14/10/2025";"07:54:00";"33";"Sem vítima";"116,132";"BR-116/PR";"Decrescente";"Choque";1;0;0;0;0;0;0;0;0;0;1;0;0;0;0
"14/10/2025";"18:35:00";"98";"Com vítima";"69,168";"BR-116/SC";"Crescente";"Queda de moto";0;0;1;1;0;0;0;0;0;0;1;1;0;0;0
"14/10/2025";"22:55:00";"115";"Sem vítima";"289,300";"BR-116/SC";"Crescente";"Colisão traseira";1;0;1;0;0;0;0;0;0;0;1;0;0;0;0
"15/10/2025";"16:06:00";"95";"Sem vítima";"115,100";"BR-116/PR";"Decrescente";"Colisão traseira";1;0;0;0;0;0;0;0;0;0;1;0;0;0;0
"16/10/2025";"13:03:00";"74";"Sem vítima";"180,132";"BR-116/SC";"Crescente";"Colisão lateral no mesmo sentido";1;0;1;0;0;0;0;0;0;0;1;0;0;0;0
"16/10/2025";"18:37:00";"96";"Com vítima";"154,100";"BR-116/PR";"Decrescente";"Colisão transversal";0;0;0;1;0;0;0;0;0;0;0;1;0;0;0
"16/10/2025";"20:34:00";"104";"Sem vítima";"307,200";"BR-116/SC";"Decrescente";"Colisão traseira";0;0;2;0;0;0;0;0;0;0;1;0;0;0;0
"17/10/2025";"18:27:00";"87";"Sem vítima";"125,800";"BR-116/PR";"Decrescente";"Choque";0;0;0;0;0;0;0;0;0;1;1;0;0;0;0
"18/10/2025";"04:10:00";"6";"Sem vítima";"35,200";"BR-116/SC";"Decrescente";"Choque";1;0;0;0;0;0;0;0;0;0;1;0;0;0;0
"18/10/2025";"12:34:00";"38";"Com vítima";"127,900";"BR-116/PR";"Decrescente";"Capotamento";1;0;0;0;0;0;0;0;0;0;0;2;1;0;0
"18/10/2025";"20:37:00";"74";"Sem vítima";"242,717";"BR-116/SC";"Crescente";"Saída de pista";1;0;0;0;0;0;0;0;0;0;1;0;0;0;0
"18/10/2025";"22:57:00";"79";"Sem vítima";"126,509";"BR-116/PR";"Crescente";"Capotamento";1;0;0;0;0;0;0;0;0;0;5;0;0;0;0
"19/10/2025";"09:41:00";"38";"Sem vítima";"247,100";"BR-116/SC";"Decrescente";"Choque";1;0;0;0;0;0;0;0;0;0;1;0;0;0;0
"20/10/2025";"07:42:00";"22";"Sem vítima";"124,100";"BR-116/PR";"Decrescente";"Colisão traseira";1;0;0;1;0;0;0;0;0;0;1;0;0;0;0
"20/10/2025";"11:11:00";"64";"Sem vítima";"197,100";"BR-116/PR";"Decrescente";"Saída de pista";1;0;0;0;0;0;0;0;0;0;1;0;0;0;0
"20/10/2025";"18:23:00";"100";"Sem vítima";"129,500";"BR-116/PR";"Crescente";"Queda de moto";0;0;0;1;0;0;0;0;0;0;1;0;0;0;0
"20/10/2025";"18:38:00";"101";"Com vítima";"117,040";"BR-116/PR";"Crescente";"Colisão lateral no mesmo sentido";1;0;0;1;0;0;0;0;0;0;0;1;0;0;0
"20/10/2025";"22:13:00";"104";"Com vítima";"131,617";"BR-116/PR";"Crescente";"Choque";1;0;0;0;0;0;0;0;0;0;0;0;1;0;0
"22/10/2025";"21:23:00";"128";"Sem vítima";"140,567";"BR-116/PR";"Decrescente";"Choque";1;0;0;0;0;0;0;0;0;0;1;0;0;0;0
"23/10/2025";"05:46:00";"8";"Sem vítima";"123,010";"BR-116/PR";"Crescente";"Saída de pista";1;0;0;0;0;0;0;0;0;0;0;0;0;0;0
"23/10/2025";"14:50:00";"83";"Sem vítima";"116,600";"BR-116/PR";"Decrescente";"Engavetamento";3;0;0;0;0;0;0;0;0;1;1;0;0;0;0
"24/10/2025";"03:35:00";"7";"Sem vítima";"126,246";"BR-116/PR";"Decrescente";"Colisão traseira";2;0;0;0;0;0;0;0;0;0;1;0;0;0;0
"24/10/2025";"06:01:00";"8";"Sem vítima";"29,100";"BR-116/SC";"Crescente";"Choque";1;0;0;0;0;0;0;0;0;0;1;0;0;0;0
"24/10/2025";"07:59:00";"26";"Sem vítima";"10,700";"BR-116/SC";"Crescente";"Capotamento";1;0;0;0;0;0;0;0;0;0;1;0;0;0;0
"24/10/2025";"14:28:00";"99";"Com vítima";"11,300";"BR-116/SC";"Crescente";"Saída de pista";1;0;0;0;0;0;0;0;0;0;0;1;0;0;0
"24/10/2025";"23:18:00";"142";"Com vítima";"152,079";"BR-116/PR";"Crescente";"Atropelamento de ciclista";0;0;0;0;0;0;0;0;0;0;0;0;0;0;0
"25/10/2025";"15:20:00";"41";"Sem vítima";"159,001";"BR-116/PR";"Crescente";"Colisão traseira";2;0;0;0;0;0;0;0;0;0;1;0;0;0;0
"26/10/2025";"10:07:00";"22";"Com vítima";"53,300";"BR-116/SC";"Crescente";"Queda de moto";0;0;0;1;0;0;0;0;0;0;0;1;0;0;0
"26/10/2025";"13:39:00";"29";"Sem vítima";"148,600";"BR-116/PR";"Crescente";"Engavetamento";2;0;0;0;0;0;0;0;0;0;0;0;0;0;0
"26/10/2025";"15:18:00";"34";"Sem vítima";"124,100";"BR-116/SC";"Crescente";"Colisão lateral no mesmo sentido";1;0;1;0;0;0;0;0;0;0;3;0;0;0;0
"26/10/2025";"22:01:00";"59";"Com vítima";"0,758";"BR-116/SC";"Crescente";"Queda de moto";0;0;0;1;0;0;0;0;0;0;0;1;0;0;0
"27/10/2025";"06:26:00";"11";"Com vítima";"128,200";"BR-116/PR";"Decrescente";"Queda de moto";1;0;0;0;0;0;0;0;0;0;0;1;0;0;0
"27/10/2025";"16:44:00";"102";"Sem vítima";"117,100";"BR-116/PR";"Decrescente";"Choque";1;0;0;0;0;0;0;0;0;0;1;0;0;0;0
"27/10/2025";"19:16:00";"110";"Sem vítima";"128,800";"BR-116/PR";"Crescente";"Choque";1;0;0;0;0;0;0;0;0;0;1;0;0;0;0
"27/10/2025";"23:54:00";"121";"Com vítima";"272,070";"BR-116/SC";"Crescente";"Capotamento";1;0;0;0;0;0;0;0;0;0;0;2;0;0;0
"28/10/2025";"07:18:00";"19";"Sem vítima";"12,100";"BR-116/SC";"Decrescente";"Colisão lateral no mesmo sentido";2;0;0;0;0;0;0;0;0;0;1;0;0;0;0
"28/10/2025";"15:50:00";"82";"Sem vítima";"140,013";"BR-116/PR";"Crescente";"Colisão lateral no mesmo sentido";1;0;1;0;0;0;0;0;0;0;1;0;0;0;0
"28/10/2025";"16:04:00";"83";"Sem vítima";"125,500";"BR-116/PR";"Decrescente";"Colisão traseira";2;0;0;0;0;0;0;0;0;0;1;0;0;0;0
"28/10/2025";"23:40:00";"102";"Sem vítima";"121,500";"BR-116/PR";"Crescente";"Saída de pista";1;0;0;0;0;0;0;0;0;0;0;0;0;0;0
"30/10/2025";"08:48:00";"21";"Sem vítima";"145,100";"BR-116/PR";"Decrescente";"Colisão lateral no mesmo sentido";2;0;0;0;0;0;0;0;0;0;1;0;0;0;0
"30/10/2025";"10:58:00";"50";"Sem vítima";"209,100";"BR-116/PR";"Crescente";"Colisão transversal";1;0;1;0;0;0;0;0;0;0;1;0;0;0;0
"30/10/2025";"13:11:00";"61";"Sem vítima";"77,110";"BR-116/SC";"Crescente";"Saída de pista";0;0;1;0;0;0;0;0;0;0;0;0;0;0;0
"30/10/2025";"15:04:00";"70";"Com vítima";"119,100";"BR-116/PR";"Crescente";"Queda de moto";0;0;0;1;0;0;0;0;0;0;0;1;0;0;0
"30/10/2025";"15:15:00";"73";"Sem vítima";"261,100";"BR-116/SC";"Crescente";"Saída de pista";0;0;1;0;0;0;0;0;0;0;1;0;0;0;0
"31/10/2025";"05:58:00";"9";"Sem vítima";"197,500";"BR-116/PR";"Crescente";"Saída de pista";1;0;0;0;0;0;0;0;0;0;1;0;0;0;0
"31/10/2025";"07:42:00";"35";"Sem vítima";"126,000";"BR-116/PR";"Decrescente";"Colisão lateral no mesmo sentido";1;0;0;1;0;0;0;0;0;0;2;0;0;0;0
"31/10/2025";"15:51:00";"95";"Sem vítima";"21,500";"BR-116/SC";"Crescente";"Colisão lateral no mesmo sentido";0;0;1;1;0;0;0;0;0;0;2;0;0;0;0
"31/10/2025";"18:11:00";"110";"Sem vítima";"119,100";"BR-116/PR";"Crescente";"Queda de moto";0;0;0;1;0;0;0;0;0;0;1;0;0;0;0